"country_name","year","ka_open"
"United States",1970,1
"United States",1971,1
"United States",1972,1
"United States",1973,1
"United States",1974,1
"United States",1975,1
"United States",1976,1
"United States",1977,1
"United States",1978,1
"United States",1979,1
"United States",1980,1
"United States",1981,1
"United States",1982,1
"United States",1983,1
"United States",1984,1
"United States",1985,1
"United States",1986,1
"United States",1987,1
"United States",1988,1
"United States",1989,1
"United States",1990,1
"United States",1991,1
"United States",1992,1
"United States",1993,1
"United States",1994,1
"United States",1995,1
"United States",1996,1
"United States",1997,1
"United States",1998,1
"United States",1999,1
"United States",2000,1
"United States",2001,1
"United States",2002,1
"United States",2003,1
"United States",2004,1
"United States",2005,1
"United States",2006,1
"United States",2007,1
"United States",2008,1
"United States",2009,1
"United States",2010,1
"United States",2011,1
"United States",2012,1
"United States",2013,1
"United States",2014,1
"United States",2015,1
"United States",2016,1
"United States",2017,1
"United States",2018,1
"United States",2019,1
"United States",2020,1
"United States",2021,1
"United States",2022,1
"United States",2023,1
"United Kingdom",1970,0
"United Kingdom",1971,0.255701005458832
"United Kingdom",1972,0.255701005458832
"United Kingdom",1973,0.255701005458832
"United Kingdom",1974,0.255701005458832
"United Kingdom",1975,0.255701005458832
"United Kingdom",1976,0.255701005458832
"United Kingdom",1977,0.255701005458832
"United Kingdom",1978,0.255701005458832
"United Kingdom",1979,0.761364638805389
"United Kingdom",1980,0.821023464202881
"United Kingdom",1981,0.880682289600372
"United Kingdom",1982,0.940341174602509
"United Kingdom",1983,1
"United Kingdom",1984,1
"United Kingdom",1985,1
"United Kingdom",1986,1
"United Kingdom",1987,1
"United Kingdom",1988,1
"United Kingdom",1989,1
"United Kingdom",1990,1
"United Kingdom",1991,1
"United Kingdom",1992,1
"United Kingdom",1993,1
"United Kingdom",1994,1
"United Kingdom",1995,1
"United Kingdom",1996,1
"United Kingdom",1997,1
"United Kingdom",1998,1
"United Kingdom",1999,1
"United Kingdom",2000,1
"United Kingdom",2001,1
"United Kingdom",2002,1
"United Kingdom",2003,1
"United Kingdom",2004,1
"United Kingdom",2005,1
"United Kingdom",2006,1
"United Kingdom",2007,1
"United Kingdom",2008,1
"United Kingdom",2009,1
"United Kingdom",2010,1
"United Kingdom",2011,1
"United Kingdom",2012,1
"United Kingdom",2013,1
"United Kingdom",2014,1
"United Kingdom",2015,1
"United Kingdom",2016,1
"United Kingdom",2017,1
"United Kingdom",2018,1
"United Kingdom",2019,1
"United Kingdom",2020,1
"United Kingdom",2021,1
"United Kingdom",2022,1
"United Kingdom",2023,1
"Austria",1970,0.446004807949066
"Austria",1971,0.446004807949066
"Austria",1972,0.446004807949066
"Austria",1973,0.701705813407898
"Austria",1974,0.701705813407898
"Austria",1975,0.701705813407898
"Austria",1976,0.701705813407898
"Austria",1977,0.701705813407898
"Austria",1978,0.701705813407898
"Austria",1979,0.701705813407898
"Austria",1980,0.701705813407898
"Austria",1981,0.701705813407898
"Austria",1982,0.701705813407898
"Austria",1983,0.701705813407898
"Austria",1984,0.701705813407898
"Austria",1985,0.701705813407898
"Austria",1986,0.701705813407898
"Austria",1987,0.701705813407898
"Austria",1988,0.701705813407898
"Austria",1989,0.701705813407898
"Austria",1990,0.701705813407898
"Austria",1991,0.761364638805389
"Austria",1992,0.821023464202881
"Austria",1993,0.880682289600372
"Austria",1994,0.940341174602509
"Austria",1995,1
"Austria",1996,1
"Austria",1997,1
"Austria",1998,1
"Austria",1999,1
"Austria",2000,1
"Austria",2001,1
"Austria",2002,1
"Austria",2003,1
"Austria",2004,1
"Austria",2005,1
"Austria",2006,1
"Austria",2007,1
"Austria",2008,1
"Austria",2009,1
"Austria",2010,1
"Austria",2011,1
"Austria",2012,1
"Austria",2013,1
"Austria",2014,1
"Austria",2015,1
"Austria",2016,1
"Austria",2017,1
"Austria",2018,1
"Austria",2019,1
"Austria",2020,1
"Austria",2021,1
"Austria",2022,1
"Austria",2023,1
"Belgium",1970,0.837568044662476
"Belgium",1971,0.837568044662476
"Belgium",1972,0.837568044662476
"Belgium",1973,0.837568044662476
"Belgium",1974,0.837568044662476
"Belgium",1975,0.837568044662476
"Belgium",1976,0.837568044662476
"Belgium",1977,0.553995192050934
"Belgium",1978,0.553995192050934
"Belgium",1979,0.553995192050934
"Belgium",1980,0.553995192050934
"Belgium",1981,0.553995192050934
"Belgium",1982,0.553995192050934
"Belgium",1983,0.553995192050934
"Belgium",1984,0.553995192050934
"Belgium",1985,0.553995192050934
"Belgium",1986,0.553995192050934
"Belgium",1987,0.553995192050934
"Belgium",1988,0.553995192050934
"Belgium",1989,0.553995192050934
"Belgium",1990,1
"Belgium",1991,1
"Belgium",1992,1
"Belgium",1993,1
"Belgium",1994,1
"Belgium",1995,1
"Belgium",1996,0.940341174602509
"Belgium",1997,0.880682289600372
"Belgium",1998,0.821023464202881
"Belgium",1999,0.821023464202881
"Belgium",2000,0.821023464202881
"Belgium",2001,0.880682289600372
"Belgium",2002,0.940341174602509
"Belgium",2003,1
"Belgium",2004,1
"Belgium",2005,1
"Belgium",2006,1
"Belgium",2007,1
"Belgium",2008,1
"Belgium",2009,1
"Belgium",2010,1
"Belgium",2011,1
"Belgium",2012,1
"Belgium",2013,1
"Belgium",2014,1
"Belgium",2015,1
"Belgium",2016,1
"Belgium",2017,1
"Belgium",2018,1
"Belgium",2019,1
"Belgium",2020,1
"Belgium",2021,1
"Belgium",2022,1
"Belgium",2023,1
"Denmark",1970,0.418132960796356
"Denmark",1971,0.418132960796356
"Denmark",1972,0.418132960796356
"Denmark",1973,0.418132960796356
"Denmark",1974,0.418132960796356
"Denmark",1975,0.418132960796356
"Denmark",1976,0.418132960796356
"Denmark",1977,0.418132960796356
"Denmark",1978,0.418132960796356
"Denmark",1979,0.418132960796356
"Denmark",1980,0.418132960796356
"Denmark",1981,0.418132960796356
"Denmark",1982,0.418132960796356
"Denmark",1983,0.418132960796356
"Denmark",1984,0.418132960796356
"Denmark",1985,0.418132960796356
"Denmark",1986,0.418132960796356
"Denmark",1987,0.418132960796356
"Denmark",1988,0.761364638805389
"Denmark",1989,0.821023464202881
"Denmark",1990,0.880682289600372
"Denmark",1991,0.940341174602509
"Denmark",1992,1
"Denmark",1993,1
"Denmark",1994,1
"Denmark",1995,1
"Denmark",1996,1
"Denmark",1997,1
"Denmark",1998,1
"Denmark",1999,1
"Denmark",2000,1
"Denmark",2001,1
"Denmark",2002,1
"Denmark",2003,1
"Denmark",2004,1
"Denmark",2005,1
"Denmark",2006,1
"Denmark",2007,1
"Denmark",2008,1
"Denmark",2009,1
"Denmark",2010,1
"Denmark",2011,1
"Denmark",2012,1
"Denmark",2013,1
"Denmark",2014,1
"Denmark",2015,1
"Denmark",2016,1
"Denmark",2017,1
"Denmark",2018,1
"Denmark",2019,1
"Denmark",2020,1
"Denmark",2021,1
"Denmark",2022,1
"Denmark",2023,1
"France",1970,0.119317688047886
"France",1971,0.315359830856323
"France",1972,0.255701005458832
"France",1973,0.255701005458832
"France",1974,0.418132960796356
"France",1975,0.418132960796356
"France",1976,0.418132960796356
"France",1977,0.418132960796356
"France",1978,0.418132960796356
"France",1979,0.418132960796356
"France",1980,0.418132960796356
"France",1981,0.418132960796356
"France",1982,0.162431985139847
"France",1983,0.418132960796356
"France",1984,0.418132960796356
"France",1985,0.418132960796356
"France",1986,0.418132960796356
"France",1987,0.418132960796356
"France",1988,0.418132960796356
"France",1989,0.418132960796356
"France",1990,0.47779181599617
"France",1991,0.537450671195984
"France",1992,0.597109496593475
"France",1993,0.940341174602509
"France",1994,1
"France",1995,1
"France",1996,1
"France",1997,1
"France",1998,1
"France",1999,1
"France",2000,1
"France",2001,1
"France",2002,1
"France",2003,1
"France",2004,1
"France",2005,1
"France",2006,1
"France",2007,1
"France",2008,1
"France",2009,1
"France",2010,1
"France",2011,1
"France",2012,1
"France",2013,1
"France",2014,1
"France",2015,1
"France",2016,1
"France",2017,1
"France",2018,1
"France",2019,1
"France",2020,1
"France",2021,1
"France",2022,1
"France",2023,1
"Germany",1970,1
"Germany",1971,1
"Germany",1972,1
"Germany",1973,1
"Germany",1974,1
"Germany",1975,1
"Germany",1976,1
"Germany",1977,1
"Germany",1978,1
"Germany",1979,1
"Germany",1980,1
"Germany",1981,1
"Germany",1982,1
"Germany",1983,1
"Germany",1984,1
"Germany",1985,1
"Germany",1986,1
"Germany",1987,1
"Germany",1988,1
"Germany",1989,1
"Germany",1990,1
"Germany",1991,1
"Germany",1992,1
"Germany",1993,1
"Germany",1994,1
"Germany",1995,1
"Germany",1996,1
"Germany",1997,1
"Germany",1998,1
"Germany",1999,1
"Germany",2000,1
"Germany",2001,1
"Germany",2002,1
"Germany",2003,1
"Germany",2004,1
"Germany",2005,1
"Germany",2006,1
"Germany",2007,1
"Germany",2008,1
"Germany",2009,1
"Germany",2010,1
"Germany",2011,1
"Germany",2012,1
"Germany",2013,1
"Germany",2014,1
"Germany",2015,1
"Germany",2016,1
"Germany",2017,1
"Germany",2018,1
"Germany",2019,1
"Germany",2020,1
"Germany",2021,1
"Germany",2022,1
"Germany",2023,1
"San Marino",1970,NA
"San Marino",1971,NA
"San Marino",1972,NA
"San Marino",1973,NA
"San Marino",1974,NA
"San Marino",1975,NA
"San Marino",1976,NA
"San Marino",1977,NA
"San Marino",1978,NA
"San Marino",1979,NA
"San Marino",1980,NA
"San Marino",1981,NA
"San Marino",1982,NA
"San Marino",1983,NA
"San Marino",1984,NA
"San Marino",1985,NA
"San Marino",1986,NA
"San Marino",1987,NA
"San Marino",1988,NA
"San Marino",1989,NA
"San Marino",1990,NA
"San Marino",1991,NA
"San Marino",1992,NA
"San Marino",1993,NA
"San Marino",1994,NA
"San Marino",1995,NA
"San Marino",1996,1
"San Marino",1997,1
"San Marino",1998,0.940341174602509
"San Marino",1999,0.880682289600372
"San Marino",2000,0.821023464202881
"San Marino",2001,0.761364638805389
"San Marino",2002,0.701705813407898
"San Marino",2003,0.701705813407898
"San Marino",2004,0.701705813407898
"San Marino",2005,0.701705813407898
"San Marino",2006,0.701705813407898
"San Marino",2007,0.701705813407898
"San Marino",2008,0.701705813407898
"San Marino",2009,0.701705813407898
"San Marino",2010,0.701705813407898
"San Marino",2011,0.701705813407898
"San Marino",2012,0.701705813407898
"San Marino",2013,0.701705813407898
"San Marino",2014,0.701705813407898
"San Marino",2015,0.701705813407898
"San Marino",2016,0.701705813407898
"San Marino",2017,0.701705813407898
"San Marino",2018,0.701705813407898
"San Marino",2019,0.701705813407898
"San Marino",2020,0.701705813407898
"San Marino",2021,0.701705813407898
"San Marino",2022,0.701705813407898
"San Marino",2023,0.701705813407898
"Italy",1970,0.418132960796356
"Italy",1971,0.418132960796356
"Italy",1972,0.255701005458832
"Italy",1973,0.255701005458832
"Italy",1974,0.162431985139847
"Italy",1975,0
"Italy",1976,0
"Italy",1977,0
"Italy",1978,0
"Italy",1979,0
"Italy",1980,0
"Italy",1981,0
"Italy",1982,0.418132960796356
"Italy",1983,0.418132960796356
"Italy",1984,0.418132960796356
"Italy",1985,0.418132960796356
"Italy",1986,0.418132960796356
"Italy",1987,0.418132960796356
"Italy",1988,0.418132960796356
"Italy",1989,0.418132960796356
"Italy",1990,0.47779181599617
"Italy",1991,0.537450671195984
"Italy",1992,0.597109496593475
"Italy",1993,0.940341174602509
"Italy",1994,1
"Italy",1995,1
"Italy",1996,1
"Italy",1997,1
"Italy",1998,1
"Italy",1999,1
"Italy",2000,1
"Italy",2001,1
"Italy",2002,1
"Italy",2003,1
"Italy",2004,1
"Italy",2005,1
"Italy",2006,1
"Italy",2007,1
"Italy",2008,1
"Italy",2009,1
"Italy",2010,1
"Italy",2011,1
"Italy",2012,1
"Italy",2013,1
"Italy",2014,1
"Italy",2015,1
"Italy",2016,1
"Italy",2017,1
"Italy",2018,1
"Italy",2019,1
"Italy",2020,1
"Italy",2021,1
"Italy",2022,1
"Italy",2023,1
"Netherlands",1970,0.701705813407898
"Netherlands",1971,0.539273798465729
"Netherlands",1972,0.539273798465729
"Netherlands",1973,0.539273798465729
"Netherlands",1974,0.701705813407898
"Netherlands",1975,NA
"Netherlands",1976,NA
"Netherlands",1977,NA
"Netherlands",1978,NA
"Netherlands",1979,NA
"Netherlands",1980,NA
"Netherlands",1981,1
"Netherlands",1982,1
"Netherlands",1983,1
"Netherlands",1984,1
"Netherlands",1985,1
"Netherlands",1986,1
"Netherlands",1987,1
"Netherlands",1988,1
"Netherlands",1989,1
"Netherlands",1990,1
"Netherlands",1991,1
"Netherlands",1992,1
"Netherlands",1993,1
"Netherlands",1994,1
"Netherlands",1995,1
"Netherlands",1996,1
"Netherlands",1997,1
"Netherlands",1998,1
"Netherlands",1999,1
"Netherlands",2000,1
"Netherlands",2001,1
"Netherlands",2002,1
"Netherlands",2003,1
"Netherlands",2004,1
"Netherlands",2005,1
"Netherlands",2006,1
"Netherlands",2007,1
"Netherlands",2008,1
"Netherlands",2009,1
"Netherlands",2010,1
"Netherlands",2011,1
"Netherlands",2012,1
"Netherlands",2013,1
"Netherlands",2014,1
"Netherlands",2015,1
"Netherlands",2016,1
"Netherlands",2017,1
"Netherlands",2018,1
"Netherlands",2019,1
"Netherlands",2020,1
"Netherlands",2021,1
"Netherlands",2022,1
"Netherlands",2023,1
"Norway",1970,0.418132960796356
"Norway",1971,0.701705813407898
"Norway",1972,0.701705813407898
"Norway",1973,0.418132960796356
"Norway",1974,0.418132960796356
"Norway",1975,0.418132960796356
"Norway",1976,0.418132960796356
"Norway",1977,0.418132960796356
"Norway",1978,0.418132960796356
"Norway",1979,0.418132960796356
"Norway",1980,0.418132960796356
"Norway",1981,0.418132960796356
"Norway",1982,0.418132960796356
"Norway",1983,0.418132960796356
"Norway",1984,0.418132960796356
"Norway",1985,0.418132960796356
"Norway",1986,0.418132960796356
"Norway",1987,0.418132960796356
"Norway",1988,0.418132960796356
"Norway",1989,0.418132960796356
"Norway",1990,0.418132960796356
"Norway",1991,0.418132960796356
"Norway",1992,0.418132960796356
"Norway",1993,0.701705813407898
"Norway",1994,0.701705813407898
"Norway",1995,0.761364638805389
"Norway",1996,0.821023464202881
"Norway",1997,0.880682289600372
"Norway",1998,0.940341174602509
"Norway",1999,1
"Norway",2000,1
"Norway",2001,1
"Norway",2002,1
"Norway",2003,1
"Norway",2004,1
"Norway",2005,1
"Norway",2006,1
"Norway",2007,1
"Norway",2008,1
"Norway",2009,1
"Norway",2010,1
"Norway",2011,1
"Norway",2012,1
"Norway",2013,1
"Norway",2014,1
"Norway",2015,1
"Norway",2016,1
"Norway",2017,1
"Norway",2018,1
"Norway",2019,1
"Norway",2020,1
"Norway",2021,1
"Norway",2022,1
"Norway",2023,1
"Sweden",1970,0.701705813407898
"Sweden",1971,0.701705813407898
"Sweden",1972,0.701705813407898
"Sweden",1973,0.701705813407898
"Sweden",1974,0.701705813407898
"Sweden",1975,0.701705813407898
"Sweden",1976,0.701705813407898
"Sweden",1977,0.701705813407898
"Sweden",1978,0.701705813407898
"Sweden",1979,0.701705813407898
"Sweden",1980,0.701705813407898
"Sweden",1981,0.701705813407898
"Sweden",1982,0.701705813407898
"Sweden",1983,0.701705813407898
"Sweden",1984,0.701705813407898
"Sweden",1985,0.701705813407898
"Sweden",1986,0.701705813407898
"Sweden",1987,0.701705813407898
"Sweden",1988,0.701705813407898
"Sweden",1989,0.701705813407898
"Sweden",1990,0.701705813407898
"Sweden",1991,0.701705813407898
"Sweden",1992,0.701705813407898
"Sweden",1993,0.761364638805389
"Sweden",1994,0.821023464202881
"Sweden",1995,0.880682289600372
"Sweden",1996,0.940341174602509
"Sweden",1997,1
"Sweden",1998,1
"Sweden",1999,1
"Sweden",2000,1
"Sweden",2001,1
"Sweden",2002,1
"Sweden",2003,1
"Sweden",2004,1
"Sweden",2005,1
"Sweden",2006,1
"Sweden",2007,1
"Sweden",2008,1
"Sweden",2009,1
"Sweden",2010,1
"Sweden",2011,1
"Sweden",2012,1
"Sweden",2013,1
"Sweden",2014,1
"Sweden",2015,1
"Sweden",2016,1
"Sweden",2017,1
"Sweden",2018,1
"Sweden",2019,1
"Sweden",2020,1
"Sweden",2021,1
"Sweden",2022,1
"Sweden",2023,1
"Switzerland",1970,NA
"Switzerland",1971,NA
"Switzerland",1972,NA
"Switzerland",1973,NA
"Switzerland",1974,NA
"Switzerland",1975,NA
"Switzerland",1976,NA
"Switzerland",1977,NA
"Switzerland",1978,NA
"Switzerland",1979,NA
"Switzerland",1980,NA
"Switzerland",1981,NA
"Switzerland",1982,NA
"Switzerland",1983,NA
"Switzerland",1984,NA
"Switzerland",1985,NA
"Switzerland",1986,NA
"Switzerland",1987,NA
"Switzerland",1988,NA
"Switzerland",1989,NA
"Switzerland",1990,NA
"Switzerland",1991,NA
"Switzerland",1992,NA
"Switzerland",1993,NA
"Switzerland",1994,NA
"Switzerland",1995,NA
"Switzerland",1996,1
"Switzerland",1997,1
"Switzerland",1998,1
"Switzerland",1999,1
"Switzerland",2000,1
"Switzerland",2001,1
"Switzerland",2002,1
"Switzerland",2003,1
"Switzerland",2004,1
"Switzerland",2005,1
"Switzerland",2006,1
"Switzerland",2007,1
"Switzerland",2008,1
"Switzerland",2009,1
"Switzerland",2010,1
"Switzerland",2011,1
"Switzerland",2012,1
"Switzerland",2013,1
"Switzerland",2014,1
"Switzerland",2015,1
"Switzerland",2016,1
"Switzerland",2017,1
"Switzerland",2018,1
"Switzerland",2019,1
"Switzerland",2020,1
"Switzerland",2021,1
"Switzerland",2022,1
"Switzerland",2023,1
"Canada",1970,1
"Canada",1971,1
"Canada",1972,1
"Canada",1973,1
"Canada",1974,1
"Canada",1975,1
"Canada",1976,1
"Canada",1977,1
"Canada",1978,1
"Canada",1979,1
"Canada",1980,1
"Canada",1981,1
"Canada",1982,1
"Canada",1983,1
"Canada",1984,1
"Canada",1985,1
"Canada",1986,1
"Canada",1987,1
"Canada",1988,1
"Canada",1989,1
"Canada",1990,1
"Canada",1991,1
"Canada",1992,1
"Canada",1993,1
"Canada",1994,1
"Canada",1995,1
"Canada",1996,1
"Canada",1997,1
"Canada",1998,1
"Canada",1999,1
"Canada",2000,1
"Canada",2001,1
"Canada",2002,1
"Canada",2003,1
"Canada",2004,1
"Canada",2005,1
"Canada",2006,1
"Canada",2007,1
"Canada",2008,1
"Canada",2009,1
"Canada",2010,1
"Canada",2011,1
"Canada",2012,1
"Canada",2013,1
"Canada",2014,1
"Canada",2015,1
"Canada",2016,1
"Canada",2017,1
"Canada",2018,1
"Canada",2019,1
"Canada",2020,1
"Canada",2021,1
"Canada",2022,1
"Canada",2023,1
"Japan",1970,0.418132960796356
"Japan",1971,0.418132960796356
"Japan",1972,0.701705813407898
"Japan",1973,0.701705813407898
"Japan",1974,0.701705813407898
"Japan",1975,0.701705813407898
"Japan",1976,0.701705813407898
"Japan",1977,0.701705813407898
"Japan",1978,0.701705813407898
"Japan",1979,0.761364638805389
"Japan",1980,0.821023464202881
"Japan",1981,0.880682289600372
"Japan",1982,0.940341174602509
"Japan",1983,1
"Japan",1984,1
"Japan",1985,1
"Japan",1986,1
"Japan",1987,1
"Japan",1988,1
"Japan",1989,1
"Japan",1990,1
"Japan",1991,1
"Japan",1992,1
"Japan",1993,1
"Japan",1994,1
"Japan",1995,0.940341174602509
"Japan",1996,0.940341174602509
"Japan",1997,0.940341174602509
"Japan",1998,0.940341174602509
"Japan",1999,0.940341174602509
"Japan",2000,1
"Japan",2001,1
"Japan",2002,1
"Japan",2003,1
"Japan",2004,1
"Japan",2005,1
"Japan",2006,1
"Japan",2007,1
"Japan",2008,1
"Japan",2009,1
"Japan",2010,1
"Japan",2011,1
"Japan",2012,1
"Japan",2013,1
"Japan",2014,1
"Japan",2015,1
"Japan",2016,1
"Japan",2017,1
"Japan",2018,1
"Japan",2019,1
"Japan",2020,1
"Japan",2021,1
"Japan",2022,1
"Japan",2023,1
"Finland",1970,0.162431985139847
"Finland",1971,0.418132960796356
"Finland",1972,0.418132960796356
"Finland",1973,0.418132960796356
"Finland",1974,0.418132960796356
"Finland",1975,0.418132960796356
"Finland",1976,0.701705813407898
"Finland",1977,0.701705813407898
"Finland",1978,0.701705813407898
"Finland",1979,0.701705813407898
"Finland",1980,0.701705813407898
"Finland",1981,0.701705813407898
"Finland",1982,0.701705813407898
"Finland",1983,0.701705813407898
"Finland",1984,0.701705813407898
"Finland",1985,0.701705813407898
"Finland",1986,0.701705813407898
"Finland",1987,0.701705813407898
"Finland",1988,0.701705813407898
"Finland",1989,0.701705813407898
"Finland",1990,0.701705813407898
"Finland",1991,0.761364638805389
"Finland",1992,0.821023464202881
"Finland",1993,0.880682289600372
"Finland",1994,0.940341174602509
"Finland",1995,1
"Finland",1996,1
"Finland",1997,1
"Finland",1998,1
"Finland",1999,1
"Finland",2000,1
"Finland",2001,1
"Finland",2002,1
"Finland",2003,1
"Finland",2004,1
"Finland",2005,1
"Finland",2006,1
"Finland",2007,1
"Finland",2008,1
"Finland",2009,1
"Finland",2010,1
"Finland",2011,1
"Finland",2012,1
"Finland",2013,1
"Finland",2014,1
"Finland",2015,1
"Finland",2016,1
"Finland",2017,1
"Finland",2018,1
"Finland",2019,1
"Finland",2020,1
"Finland",2021,1
"Finland",2022,1
"Finland",2023,1
"Greece",1970,0.162431985139847
"Greece",1971,0.162431985139847
"Greece",1972,0.162431985139847
"Greece",1973,0.162431985139847
"Greece",1974,0.162431985139847
"Greece",1975,0.162431985139847
"Greece",1976,0.162431985139847
"Greece",1977,0.162431985139847
"Greece",1978,0.162431985139847
"Greece",1979,0.162431985139847
"Greece",1980,0.162431985139847
"Greece",1981,0.162431985139847
"Greece",1982,0.162431985139847
"Greece",1983,0.162431985139847
"Greece",1984,0.162431985139847
"Greece",1985,0.162431985139847
"Greece",1986,0.162431985139847
"Greece",1987,0.162431985139847
"Greece",1988,0.162431985139847
"Greece",1989,0.162431985139847
"Greece",1990,0.162431985139847
"Greece",1991,0.162431985139847
"Greece",1992,0.418132960796356
"Greece",1993,0.418132960796356
"Greece",1994,0.418132960796356
"Greece",1995,0.418132960796356
"Greece",1996,0.505663633346558
"Greece",1997,0.565322458744049
"Greece",1998,0.624981343746185
"Greece",1999,0.684640169143677
"Greece",2000,0.744298994541168
"Greece",2001,0.744298994541168
"Greece",2002,1
"Greece",2003,1
"Greece",2004,1
"Greece",2005,1
"Greece",2006,1
"Greece",2007,1
"Greece",2008,1
"Greece",2009,1
"Greece",2010,1
"Greece",2011,1
"Greece",2012,1
"Greece",2013,1
"Greece",2014,1
"Greece",2015,0.744298994541168
"Greece",2016,0.744298994541168
"Greece",2017,0.744298994541168
"Greece",2018,0.744298994541168
"Greece",2019,1
"Greece",2020,1
"Greece",2021,1
"Greece",2022,1
"Greece",2023,1
"Iceland",1970,0.162431985139847
"Iceland",1971,0.162431985139847
"Iceland",1972,0.162431985139847
"Iceland",1973,0.162431985139847
"Iceland",1974,0.162431985139847
"Iceland",1975,0.162431985139847
"Iceland",1976,0.162431985139847
"Iceland",1977,0.162431985139847
"Iceland",1978,0
"Iceland",1979,0
"Iceland",1980,0
"Iceland",1981,0
"Iceland",1982,0
"Iceland",1983,0.162431985139847
"Iceland",1984,0.162431985139847
"Iceland",1985,0.162431985139847
"Iceland",1986,0.162431985139847
"Iceland",1987,0.162431985139847
"Iceland",1988,0.162431985139847
"Iceland",1989,0.162431985139847
"Iceland",1990,0.162431985139847
"Iceland",1991,0.162431985139847
"Iceland",1992,0.418132960796356
"Iceland",1993,0.418132960796356
"Iceland",1994,0.701705813407898
"Iceland",1995,0.701705813407898
"Iceland",1996,0.701705813407898
"Iceland",1997,0.701705813407898
"Iceland",1998,0.701705813407898
"Iceland",1999,0.701705813407898
"Iceland",2000,0.701705813407898
"Iceland",2001,0.701705813407898
"Iceland",2002,0.701705813407898
"Iceland",2003,0.701705813407898
"Iceland",2004,0.701705813407898
"Iceland",2005,0.701705813407898
"Iceland",2006,0.701705813407898
"Iceland",2007,0.701705813407898
"Iceland",2008,0.162431985139847
"Iceland",2009,0.162431985139847
"Iceland",2010,0.162431985139847
"Iceland",2011,0.162431985139847
"Iceland",2012,0.162431985139847
"Iceland",2013,0.162431985139847
"Iceland",2014,0.162431985139847
"Iceland",2015,0.162431985139847
"Iceland",2016,0.446004807949066
"Iceland",2017,0.701705813407898
"Iceland",2018,0.701705813407898
"Iceland",2019,0.761364638805389
"Iceland",2020,0.821023464202881
"Iceland",2021,0.880682289600372
"Iceland",2022,0.940341174602509
"Iceland",2023,1
"Ireland",1970,0.255701005458832
"Ireland",1971,0.255701005458832
"Ireland",1972,0.255701005458832
"Ireland",1973,0.255701005458832
"Ireland",1974,0.255701005458832
"Ireland",1975,0.255701005458832
"Ireland",1976,0.255701005458832
"Ireland",1977,0.255701005458832
"Ireland",1978,0.418132960796356
"Ireland",1979,0.418132960796356
"Ireland",1980,0.418132960796356
"Ireland",1981,0.418132960796356
"Ireland",1982,0.418132960796356
"Ireland",1983,0.418132960796356
"Ireland",1984,0.418132960796356
"Ireland",1985,0.418132960796356
"Ireland",1986,0.418132960796356
"Ireland",1987,0.418132960796356
"Ireland",1988,0.418132960796356
"Ireland",1989,0.418132960796356
"Ireland",1990,0.418132960796356
"Ireland",1991,0.418132960796356
"Ireland",1992,0.47779181599617
"Ireland",1993,0.821023464202881
"Ireland",1994,0.880682289600372
"Ireland",1995,0.940341174602509
"Ireland",1996,1
"Ireland",1997,1
"Ireland",1998,1
"Ireland",1999,1
"Ireland",2000,1
"Ireland",2001,1
"Ireland",2002,1
"Ireland",2003,1
"Ireland",2004,1
"Ireland",2005,1
"Ireland",2006,1
"Ireland",2007,1
"Ireland",2008,1
"Ireland",2009,1
"Ireland",2010,1
"Ireland",2011,1
"Ireland",2012,1
"Ireland",2013,1
"Ireland",2014,1
"Ireland",2015,1
"Ireland",2016,1
"Ireland",2017,1
"Ireland",2018,1
"Ireland",2019,1
"Ireland",2020,1
"Ireland",2021,1
"Ireland",2022,1
"Ireland",2023,1
"Malta",1970,NA
"Malta",1971,NA
"Malta",1972,0.162431985139847
"Malta",1973,0.162431985139847
"Malta",1974,0.162431985139847
"Malta",1975,0.162431985139847
"Malta",1976,0.162431985139847
"Malta",1977,0.162431985139847
"Malta",1978,0.162431985139847
"Malta",1979,0.162431985139847
"Malta",1980,0.162431985139847
"Malta",1981,0.162431985139847
"Malta",1982,0.162431985139847
"Malta",1983,0.162431985139847
"Malta",1984,0.162431985139847
"Malta",1985,0.162431985139847
"Malta",1986,0.162431985139847
"Malta",1987,0.162431985139847
"Malta",1988,0.162431985139847
"Malta",1989,0.162431985139847
"Malta",1990,0.162431985139847
"Malta",1991,0.162431985139847
"Malta",1992,0.162431985139847
"Malta",1993,0.162431985139847
"Malta",1994,0.418132960796356
"Malta",1995,0.255701005458832
"Malta",1996,0.162431985139847
"Malta",1997,0.162431985139847
"Malta",1998,0.162431985139847
"Malta",1999,0.162431985139847
"Malta",2000,0.162431985139847
"Malta",2001,0.162431985139847
"Malta",2002,0.162431985139847
"Malta",2003,0.162431985139847
"Malta",2004,0.505663633346558
"Malta",2005,0.821023464202881
"Malta",2006,0.880682289600372
"Malta",2007,0.940341174602509
"Malta",2008,1
"Malta",2009,1
"Malta",2010,1
"Malta",2011,1
"Malta",2012,1
"Malta",2013,1
"Malta",2014,1
"Malta",2015,1
"Malta",2016,1
"Malta",2017,1
"Malta",2018,1
"Malta",2019,1
"Malta",2020,1
"Malta",2021,1
"Malta",2022,1
"Malta",2023,1
"Portugal",1970,0.162431985139847
"Portugal",1971,0.162431985139847
"Portugal",1972,0.162431985139847
"Portugal",1973,0.162431985139847
"Portugal",1974,0.162431985139847
"Portugal",1975,0.162431985139847
"Portugal",1976,0.162431985139847
"Portugal",1977,0.162431985139847
"Portugal",1978,0.162431985139847
"Portugal",1979,0.162431985139847
"Portugal",1980,0.162431985139847
"Portugal",1981,0.162431985139847
"Portugal",1982,0.162431985139847
"Portugal",1983,0.162431985139847
"Portugal",1984,0.162431985139847
"Portugal",1985,0.162431985139847
"Portugal",1986,0.162431985139847
"Portugal",1987,0.162431985139847
"Portugal",1988,0.418132960796356
"Portugal",1989,0.418132960796356
"Portugal",1990,0.418132960796356
"Portugal",1991,0.418132960796356
"Portugal",1992,0.418132960796356
"Portugal",1993,0.761364638805389
"Portugal",1994,0.821023464202881
"Portugal",1995,0.880682289600372
"Portugal",1996,0.940341174602509
"Portugal",1997,1
"Portugal",1998,1
"Portugal",1999,1
"Portugal",2000,1
"Portugal",2001,1
"Portugal",2002,1
"Portugal",2003,1
"Portugal",2004,1
"Portugal",2005,1
"Portugal",2006,1
"Portugal",2007,1
"Portugal",2008,1
"Portugal",2009,1
"Portugal",2010,1
"Portugal",2011,1
"Portugal",2012,1
"Portugal",2013,1
"Portugal",2014,1
"Portugal",2015,1
"Portugal",2016,1
"Portugal",2017,1
"Portugal",2018,1
"Portugal",2019,1
"Portugal",2020,1
"Portugal",2021,1
"Portugal",2022,1
"Portugal",2023,1
"Spain",1970,0.162431985139847
"Spain",1971,0.418132960796356
"Spain",1972,0.418132960796356
"Spain",1973,0.418132960796356
"Spain",1974,0.162431985139847
"Spain",1975,0.162431985139847
"Spain",1976,0.162431985139847
"Spain",1977,0.418132960796356
"Spain",1978,0.418132960796356
"Spain",1979,0.418132960796356
"Spain",1980,0.418132960796356
"Spain",1981,0.418132960796356
"Spain",1982,0.418132960796356
"Spain",1983,0.418132960796356
"Spain",1984,0.418132960796356
"Spain",1985,0.418132960796356
"Spain",1986,0.418132960796356
"Spain",1987,0.418132960796356
"Spain",1988,0.418132960796356
"Spain",1989,0.418132960796356
"Spain",1990,0.418132960796356
"Spain",1991,0.418132960796356
"Spain",1992,0.418132960796356
"Spain",1993,0.701705813407898
"Spain",1994,0.761364638805389
"Spain",1995,0.821023464202881
"Spain",1996,0.880682289600372
"Spain",1997,0.940341174602509
"Spain",1998,1
"Spain",1999,1
"Spain",2000,1
"Spain",2001,1
"Spain",2002,1
"Spain",2003,1
"Spain",2004,1
"Spain",2005,1
"Spain",2006,1
"Spain",2007,1
"Spain",2008,1
"Spain",2009,1
"Spain",2010,1
"Spain",2011,1
"Spain",2012,1
"Spain",2013,1
"Spain",2014,1
"Spain",2015,1
"Spain",2016,1
"Spain",2017,1
"Spain",2018,1
"Spain",2019,1
"Spain",2020,1
"Spain",2021,1
"Spain",2022,1
"Spain",2023,1
"Turkiye",1970,0.162431985139847
"Turkiye",1971,0.162431985139847
"Turkiye",1972,0.162431985139847
"Turkiye",1973,0
"Turkiye",1974,0.162431985139847
"Turkiye",1975,0.162431985139847
"Turkiye",1976,0.162431985139847
"Turkiye",1977,0
"Turkiye",1978,0
"Turkiye",1979,0
"Turkiye",1980,0
"Turkiye",1981,0
"Turkiye",1982,0.162431985139847
"Turkiye",1983,0.162431985139847
"Turkiye",1984,0.162431985139847
"Turkiye",1985,0.162431985139847
"Turkiye",1986,0.162431985139847
"Turkiye",1987,0.162431985139847
"Turkiye",1988,0.162431985139847
"Turkiye",1989,0.418132960796356
"Turkiye",1990,0.418132960796356
"Turkiye",1991,0.418132960796356
"Turkiye",1992,0.418132960796356
"Turkiye",1993,0.418132960796356
"Turkiye",1994,0.418132960796356
"Turkiye",1995,0.418132960796356
"Turkiye",1996,0.162431985139847
"Turkiye",1997,0.162431985139847
"Turkiye",1998,0.162431985139847
"Turkiye",1999,0.162431985139847
"Turkiye",2000,0.162431985139847
"Turkiye",2001,0.162431985139847
"Turkiye",2002,0.162431985139847
"Turkiye",2003,0.162431985139847
"Turkiye",2004,0.162431985139847
"Turkiye",2005,0.162431985139847
"Turkiye",2006,0.162431985139847
"Turkiye",2007,0.162431985139847
"Turkiye",2008,0.446004807949066
"Turkiye",2009,0.446004807949066
"Turkiye",2010,0.446004807949066
"Turkiye",2011,0.446004807949066
"Turkiye",2012,0.446004807949066
"Turkiye",2013,0.446004807949066
"Turkiye",2014,0.446004807949066
"Turkiye",2015,0.446004807949066
"Turkiye",2016,0.446004807949066
"Turkiye",2017,0.446004807949066
"Turkiye",2018,0.162431985139847
"Turkiye",2019,0.162431985139847
"Turkiye",2020,0.162431985139847
"Turkiye",2021,0.162431985139847
"Turkiye",2022,0.162431985139847
"Turkiye",2023,0.162431985139847
"Australia",1970,0.418132960796356
"Australia",1971,0.418132960796356
"Australia",1972,0.418132960796356
"Australia",1973,0.418132960796356
"Australia",1974,0.418132960796356
"Australia",1975,0.418132960796356
"Australia",1976,0.418132960796356
"Australia",1977,0.418132960796356
"Australia",1978,0.418132960796356
"Australia",1979,0.418132960796356
"Australia",1980,0.418132960796356
"Australia",1981,0.418132960796356
"Australia",1982,0.418132960796356
"Australia",1983,0.418132960796356
"Australia",1984,0.47779181599617
"Australia",1985,0.821023464202881
"Australia",1986,0.880682289600372
"Australia",1987,0.940341174602509
"Australia",1988,1
"Australia",1989,1
"Australia",1990,1
"Australia",1991,1
"Australia",1992,1
"Australia",1993,1
"Australia",1994,1
"Australia",1995,1
"Australia",1996,0.940341174602509
"Australia",1997,0.880682289600372
"Australia",1998,0.821023464202881
"Australia",1999,0.761364638805389
"Australia",2000,0.701705813407898
"Australia",2001,0.701705813407898
"Australia",2002,0.701705813407898
"Australia",2003,0.701705813407898
"Australia",2004,0.701705813407898
"Australia",2005,0.701705813407898
"Australia",2006,0.701705813407898
"Australia",2007,0.701705813407898
"Australia",2008,0.701705813407898
"Australia",2009,0.701705813407898
"Australia",2010,0.701705813407898
"Australia",2011,0.701705813407898
"Australia",2012,0.761364638805389
"Australia",2013,0.821023464202881
"Australia",2014,0.880682289600372
"Australia",2015,0.940341174602509
"Australia",2016,1
"Australia",2017,1
"Australia",2018,1
"Australia",2019,1
"Australia",2020,1
"Australia",2021,1
"Australia",2022,1
"Australia",2023,1
"New Zealand",1970,0.162431985139847
"New Zealand",1971,0.162431985139847
"New Zealand",1972,0.162431985139847
"New Zealand",1973,0.162431985139847
"New Zealand",1974,0.162431985139847
"New Zealand",1975,0.162431985139847
"New Zealand",1976,0.418132960796356
"New Zealand",1977,0.418132960796356
"New Zealand",1978,0.418132960796356
"New Zealand",1979,0.418132960796356
"New Zealand",1980,0.418132960796356
"New Zealand",1981,0.418132960796356
"New Zealand",1982,0.418132960796356
"New Zealand",1983,0.418132960796356
"New Zealand",1984,0.761364638805389
"New Zealand",1985,0.821023464202881
"New Zealand",1986,0.880682289600372
"New Zealand",1987,0.940341174602509
"New Zealand",1988,1
"New Zealand",1989,1
"New Zealand",1990,1
"New Zealand",1991,1
"New Zealand",1992,1
"New Zealand",1993,1
"New Zealand",1994,1
"New Zealand",1995,1
"New Zealand",1996,1
"New Zealand",1997,1
"New Zealand",1998,1
"New Zealand",1999,1
"New Zealand",2000,1
"New Zealand",2001,1
"New Zealand",2002,1
"New Zealand",2003,1
"New Zealand",2004,1
"New Zealand",2005,1
"New Zealand",2006,1
"New Zealand",2007,1
"New Zealand",2008,1
"New Zealand",2009,1
"New Zealand",2010,1
"New Zealand",2011,1
"New Zealand",2012,1
"New Zealand",2013,1
"New Zealand",2014,1
"New Zealand",2015,1
"New Zealand",2016,1
"New Zealand",2017,1
"New Zealand",2018,1
"New Zealand",2019,1
"New Zealand",2020,1
"New Zealand",2021,1
"New Zealand",2022,1
"New Zealand",2023,1
"South Africa",1970,0.162431985139847
"South Africa",1971,0.162431985139847
"South Africa",1972,0.418132960796356
"South Africa",1973,0.418132960796356
"South Africa",1974,0.418132960796356
"South Africa",1975,0.418132960796356
"South Africa",1976,0.255701005458832
"South Africa",1977,0.255701005458832
"South Africa",1978,0
"South Africa",1979,0
"South Africa",1980,0
"South Africa",1981,0
"South Africa",1982,0.162431985139847
"South Africa",1983,0.162431985139847
"South Africa",1984,0.162431985139847
"South Africa",1985,0
"South Africa",1986,0
"South Africa",1987,0
"South Africa",1988,0
"South Africa",1989,0
"South Africa",1990,0
"South Africa",1991,0
"South Africa",1992,0
"South Africa",1993,0.255701005458832
"South Africa",1994,0.418132960796356
"South Africa",1995,0.418132960796356
"South Africa",1996,0.162431985139847
"South Africa",1997,0.162431985139847
"South Africa",1998,0.162431985139847
"South Africa",1999,0.162431985139847
"South Africa",2000,0.162431985139847
"South Africa",2001,0.162431985139847
"South Africa",2002,0.162431985139847
"South Africa",2003,0.162431985139847
"South Africa",2004,0.162431985139847
"South Africa",2005,0.162431985139847
"South Africa",2006,0.162431985139847
"South Africa",2007,0.162431985139847
"South Africa",2008,0.162431985139847
"South Africa",2009,0.162431985139847
"South Africa",2010,0.162431985139847
"South Africa",2011,0.162431985139847
"South Africa",2012,0.162431985139847
"South Africa",2013,0.162431985139847
"South Africa",2014,0.162431985139847
"South Africa",2015,0.162431985139847
"South Africa",2016,0.162431985139847
"South Africa",2017,0.162431985139847
"South Africa",2018,0.162431985139847
"South Africa",2019,0.162431985139847
"South Africa",2020,0.162431985139847
"South Africa",2021,0.162431985139847
"South Africa",2022,0.162431985139847
"South Africa",2023,0.162431985139847
"Argentina",1970,0.597109496593475
"Argentina",1971,0.178976535797119
"Argentina",1972,0.119317688047886
"Argentina",1973,0.0596588440239429
"Argentina",1974,0
"Argentina",1975,0
"Argentina",1976,0
"Argentina",1977,0.418132960796356
"Argentina",1978,0.418132960796356
"Argentina",1979,0.418132960796356
"Argentina",1980,0.418132960796356
"Argentina",1981,0.418132960796356
"Argentina",1982,0.162431985139847
"Argentina",1983,0.162431985139847
"Argentina",1984,0.162431985139847
"Argentina",1985,0.162431985139847
"Argentina",1986,0.162431985139847
"Argentina",1987,0.162431985139847
"Argentina",1988,0.162431985139847
"Argentina",1989,0.162431985139847
"Argentina",1990,0.162431985139847
"Argentina",1991,0.162431985139847
"Argentina",1992,0.162431985139847
"Argentina",1993,0.761364638805389
"Argentina",1994,0.821023464202881
"Argentina",1995,0.880682289600372
"Argentina",1996,0.684640169143677
"Argentina",1997,0.940341174602509
"Argentina",1998,0.880682289600372
"Argentina",1999,0.821023464202881
"Argentina",2000,0.761364638805389
"Argentina",2001,0.162431985139847
"Argentina",2002,0.162431985139847
"Argentina",2003,0.418132960796356
"Argentina",2004,0.418132960796356
"Argentina",2005,0.418132960796356
"Argentina",2006,0.255701005458832
"Argentina",2007,0.255701005458832
"Argentina",2008,0.255701005458832
"Argentina",2009,0.255701005458832
"Argentina",2010,0.255701005458832
"Argentina",2011,0.255701005458832
"Argentina",2012,0
"Argentina",2013,0
"Argentina",2014,0
"Argentina",2015,0
"Argentina",2016,0.162431985139847
"Argentina",2017,0.761364638805389
"Argentina",2018,0.821023464202881
"Argentina",2019,0.281749665737152
"Argentina",2020,0.281749665737152
"Argentina",2021,0.281749665737152
"Argentina",2022,0.222090825438499
"Argentina",2023,0.162431985139847
"Bolivia",1970,0.716427206993103
"Bolivia",1971,0.716427206993103
"Bolivia",1972,0.716427206993103
"Bolivia",1973,0.716427206993103
"Bolivia",1974,0.716427206993103
"Bolivia",1975,0.716427206993103
"Bolivia",1976,0.716427206993103
"Bolivia",1977,0.716427206993103
"Bolivia",1978,0.716427206993103
"Bolivia",1979,0.716427206993103
"Bolivia",1980,0.716427206993103
"Bolivia",1981,0.401067346334457
"Bolivia",1982,0.178976535797119
"Bolivia",1983,0.281749665737152
"Bolivia",1984,0.0596588440239429
"Bolivia",1985,0
"Bolivia",1986,0.315359830856323
"Bolivia",1987,0.375018686056137
"Bolivia",1988,0.597109496593475
"Bolivia",1989,0.656768321990967
"Bolivia",1990,0.553995192050934
"Bolivia",1991,0.553995192050934
"Bolivia",1992,0.553995192050934
"Bolivia",1993,0.553995192050934
"Bolivia",1994,0.553995192050934
"Bolivia",1995,0.553995192050934
"Bolivia",1996,0.460726171731949
"Bolivia",1997,0.744298994541168
"Bolivia",1998,0.744298994541168
"Bolivia",1999,0.744298994541168
"Bolivia",2000,0.744298994541168
"Bolivia",2001,0.744298994541168
"Bolivia",2002,0.744298994541168
"Bolivia",2003,0.744298994541168
"Bolivia",2004,0.744298994541168
"Bolivia",2005,0.744298994541168
"Bolivia",2006,0.744298994541168
"Bolivia",2007,0.684640169143677
"Bolivia",2008,0.624981343746185
"Bolivia",2009,0.565322458744049
"Bolivia",2010,0.505663633346558
"Bolivia",2011,0.446004807949066
"Bolivia",2012,0.446004807949066
"Bolivia",2013,0.446004807949066
"Bolivia",2014,0.446004807949066
"Bolivia",2015,0.446004807949066
"Bolivia",2016,0.446004807949066
"Bolivia",2017,0.446004807949066
"Bolivia",2018,0.446004807949066
"Bolivia",2019,0.446004807949066
"Bolivia",2020,0.446004807949066
"Bolivia",2021,0.446004807949066
"Bolivia",2022,0.446004807949066
"Bolivia",2023,0.446004807949066
"Brazil",1970,0
"Brazil",1971,0
"Brazil",1972,0
"Brazil",1973,0
"Brazil",1974,0
"Brazil",1975,0
"Brazil",1976,0
"Brazil",1977,0
"Brazil",1978,0
"Brazil",1979,0
"Brazil",1980,0
"Brazil",1981,0
"Brazil",1982,0
"Brazil",1983,0
"Brazil",1984,0
"Brazil",1985,0
"Brazil",1986,0
"Brazil",1987,0
"Brazil",1988,0
"Brazil",1989,0
"Brazil",1990,0
"Brazil",1991,0
"Brazil",1992,0
"Brazil",1993,0
"Brazil",1994,0
"Brazil",1995,0
"Brazil",1996,0
"Brazil",1997,0
"Brazil",1998,0.162431985139847
"Brazil",1999,0.162431985139847
"Brazil",2000,0.162431985139847
"Brazil",2001,0.162431985139847
"Brazil",2002,0.418132960796356
"Brazil",2003,0.418132960796356
"Brazil",2004,0.418132960796356
"Brazil",2005,0.47779181599617
"Brazil",2006,0.537450671195984
"Brazil",2007,0.537450671195984
"Brazil",2008,0.537450671195984
"Brazil",2009,0.537450671195984
"Brazil",2010,0.47779181599617
"Brazil",2011,0.418132960796356
"Brazil",2012,0.418132960796356
"Brazil",2013,0.418132960796356
"Brazil",2014,0.418132960796356
"Brazil",2015,0.162431985139847
"Brazil",2016,0.162431985139847
"Brazil",2017,0.162431985139847
"Brazil",2018,0.162431985139847
"Brazil",2019,0.162431985139847
"Brazil",2020,0.162431985139847
"Brazil",2021,0.162431985139847
"Brazil",2022,0.162431985139847
"Brazil",2023,0.162431985139847
"Chile",1970,0
"Chile",1971,0
"Chile",1972,0
"Chile",1973,0
"Chile",1974,0
"Chile",1975,0
"Chile",1976,0.255701005458832
"Chile",1977,0.418132960796356
"Chile",1978,0.418132960796356
"Chile",1979,0.418132960796356
"Chile",1980,0.418132960796356
"Chile",1981,0.418132960796356
"Chile",1982,0
"Chile",1983,0
"Chile",1984,0
"Chile",1985,0
"Chile",1986,0
"Chile",1987,0
"Chile",1988,0
"Chile",1989,0
"Chile",1990,0
"Chile",1991,0
"Chile",1992,0
"Chile",1993,0
"Chile",1994,0
"Chile",1995,0.539273798465729
"Chile",1996,0
"Chile",1997,0
"Chile",1998,0
"Chile",1999,0.162431985139847
"Chile",2000,0.162431985139847
"Chile",2001,0.761364638805389
"Chile",2002,0.821023464202881
"Chile",2003,0.880682289600372
"Chile",2004,0.940341174602509
"Chile",2005,1
"Chile",2006,1
"Chile",2007,1
"Chile",2008,0.940341174602509
"Chile",2009,0.880682289600372
"Chile",2010,0.821023464202881
"Chile",2011,0.761364638805389
"Chile",2012,0.701705813407898
"Chile",2013,0.701705813407898
"Chile",2014,0.701705813407898
"Chile",2015,0.701705813407898
"Chile",2016,0.701705813407898
"Chile",2017,0.701705813407898
"Chile",2018,0.701705813407898
"Chile",2019,0.701705813407898
"Chile",2020,0.701705813407898
"Chile",2021,0.701705813407898
"Chile",2022,0.701705813407898
"Chile",2023,0.701705813407898
"Colombia",1970,0
"Colombia",1971,0
"Colombia",1972,0
"Colombia",1973,0
"Colombia",1974,0
"Colombia",1975,0
"Colombia",1976,0
"Colombia",1977,0
"Colombia",1978,0
"Colombia",1979,0
"Colombia",1980,0
"Colombia",1981,0
"Colombia",1982,0
"Colombia",1983,0
"Colombia",1984,0
"Colombia",1985,0
"Colombia",1986,0
"Colombia",1987,0
"Colombia",1988,0
"Colombia",1989,0
"Colombia",1990,0.162431985139847
"Colombia",1991,0.162431985139847
"Colombia",1992,0.162431985139847
"Colombia",1993,0
"Colombia",1994,0
"Colombia",1995,0
"Colombia",1996,0.162431985139847
"Colombia",1997,0.162431985139847
"Colombia",1998,0.162431985139847
"Colombia",1999,0.162431985139847
"Colombia",2000,0.162431985139847
"Colombia",2001,0.162431985139847
"Colombia",2002,0.162431985139847
"Colombia",2003,0.162431985139847
"Colombia",2004,0.418132960796356
"Colombia",2005,0.418132960796356
"Colombia",2006,0.418132960796356
"Colombia",2007,0.418132960796356
"Colombia",2008,0.701705813407898
"Colombia",2009,0.418132960796356
"Colombia",2010,0.418132960796356
"Colombia",2011,0.418132960796356
"Colombia",2012,0.418132960796356
"Colombia",2013,0.418132960796356
"Colombia",2014,0.418132960796356
"Colombia",2015,0.418132960796356
"Colombia",2016,0.418132960796356
"Colombia",2017,0.418132960796356
"Colombia",2018,0.418132960796356
"Colombia",2019,0.418132960796356
"Colombia",2020,0.418132960796356
"Colombia",2021,0.418132960796356
"Colombia",2022,0.418132960796356
"Colombia",2023,0.418132960796356
"Costa Rica",1970,0.716427206993103
"Costa Rica",1971,0.298294216394424
"Costa Rica",1972,0.298294216394424
"Costa Rica",1973,0.553995192050934
"Costa Rica",1974,0.238635376095772
"Costa Rica",1975,0.597109496593475
"Costa Rica",1976,0.375018686056137
"Costa Rica",1977,0.315359830856323
"Costa Rica",1978,0.255701005458832
"Costa Rica",1979,0.418132960796356
"Costa Rica",1980,0.315359830856323
"Costa Rica",1981,0.119317688047886
"Costa Rica",1982,0.119317688047886
"Costa Rica",1983,0.119317688047886
"Costa Rica",1984,0.119317688047886
"Costa Rica",1985,0.0596588440239429
"Costa Rica",1986,0
"Costa Rica",1987,0
"Costa Rica",1988,0
"Costa Rica",1989,0
"Costa Rica",1990,0
"Costa Rica",1991,0.162431985139847
"Costa Rica",1992,0.162431985139847
"Costa Rica",1993,0.162431985139847
"Costa Rica",1994,0.418132960796356
"Costa Rica",1995,0.47779181599617
"Costa Rica",1996,0.537450671195984
"Costa Rica",1997,0.597109496593475
"Costa Rica",1998,0.656768321990967
"Costa Rica",1999,0.716427206993103
"Costa Rica",2000,0.716427206993103
"Costa Rica",2001,0.716427206993103
"Costa Rica",2002,0.716427206993103
"Costa Rica",2003,0.716427206993103
"Costa Rica",2004,0.716427206993103
"Costa Rica",2005,0.716427206993103
"Costa Rica",2006,0.716427206993103
"Costa Rica",2007,0.716427206993103
"Costa Rica",2008,0.716427206993103
"Costa Rica",2009,0.716427206993103
"Costa Rica",2010,0.716427206993103
"Costa Rica",2011,1
"Costa Rica",2012,1
"Costa Rica",2013,1
"Costa Rica",2014,0.716427206993103
"Costa Rica",2015,1
"Costa Rica",2016,1
"Costa Rica",2017,1
"Costa Rica",2018,1
"Costa Rica",2019,1
"Costa Rica",2020,1
"Costa Rica",2021,1
"Costa Rica",2022,1
"Costa Rica",2023,1
"Dominican Republic",1970,0.162431985139847
"Dominican Republic",1971,0.162431985139847
"Dominican Republic",1972,0.162431985139847
"Dominican Republic",1973,0.162431985139847
"Dominican Republic",1974,0.162431985139847
"Dominican Republic",1975,0.162431985139847
"Dominican Republic",1976,0
"Dominican Republic",1977,0
"Dominican Republic",1978,0
"Dominican Republic",1979,0
"Dominican Republic",1980,0
"Dominican Republic",1981,0
"Dominican Republic",1982,0
"Dominican Republic",1983,0
"Dominican Republic",1984,0
"Dominican Republic",1985,0
"Dominican Republic",1986,0
"Dominican Republic",1987,0
"Dominican Republic",1988,0
"Dominican Republic",1989,0
"Dominican Republic",1990,0
"Dominican Republic",1991,0.162431985139847
"Dominican Republic",1992,0.162431985139847
"Dominican Republic",1993,0.162431985139847
"Dominican Republic",1994,0.162431985139847
"Dominican Republic",1995,0.418132960796356
"Dominican Republic",1996,0.0596588440239429
"Dominican Republic",1997,0.0596588440239429
"Dominican Republic",1998,0.119317688047886
"Dominican Republic",1999,0.119317688047886
"Dominican Republic",2000,0.119317688047886
"Dominican Republic",2001,0.0596588440239429
"Dominican Republic",2002,0.0596588440239429
"Dominican Republic",2003,0.446004807949066
"Dominican Republic",2004,0.446004807949066
"Dominican Republic",2005,0.701705813407898
"Dominican Republic",2006,0.761364638805389
"Dominican Republic",2007,0.821023464202881
"Dominican Republic",2008,0.880682289600372
"Dominican Republic",2009,0.880682289600372
"Dominican Republic",2010,0.940341174602509
"Dominican Republic",2011,0.940341174602509
"Dominican Republic",2012,0.880682289600372
"Dominican Republic",2013,0.821023464202881
"Dominican Republic",2014,0.821023464202881
"Dominican Republic",2015,0.761364638805389
"Dominican Republic",2016,0.701705813407898
"Dominican Republic",2017,0.761364638805389
"Dominican Republic",2018,0.821023464202881
"Dominican Republic",2019,0.821023464202881
"Dominican Republic",2020,0.821023464202881
"Dominican Republic",2021,0.821023464202881
"Dominican Republic",2022,0.761364638805389
"Dominican Republic",2023,0.701705813407898
"Ecuador",1970,0.656768321990967
"Ecuador",1971,0.494336366653442
"Ecuador",1972,0.494336366653442
"Ecuador",1973,0.656768321990967
"Ecuador",1974,0.494336366653442
"Ecuador",1975,0.553995192050934
"Ecuador",1976,0.553995192050934
"Ecuador",1977,0.553995192050934
"Ecuador",1978,0.553995192050934
"Ecuador",1979,0.553995192050934
"Ecuador",1980,0.553995192050934
"Ecuador",1981,0.553995192050934
"Ecuador",1982,0.298294216394424
"Ecuador",1983,0.298294216394424
"Ecuador",1984,0.298294216394424
"Ecuador",1985,0.298294216394424
"Ecuador",1986,0.238635376095772
"Ecuador",1987,0.178976535797119
"Ecuador",1988,0.178976535797119
"Ecuador",1989,0.178976535797119
"Ecuador",1990,0.178976535797119
"Ecuador",1991,0.238635376095772
"Ecuador",1992,0.298294216394424
"Ecuador",1993,0.494336366653442
"Ecuador",1994,0.434677541255951
"Ecuador",1995,0.434677541255951
"Ecuador",1996,0.375018686056137
"Ecuador",1997,0.315359830856323
"Ecuador",1998,0.47779181599617
"Ecuador",1999,0.47779181599617
"Ecuador",2000,0.418132960796356
"Ecuador",2001,0.418132960796356
"Ecuador",2002,0.418132960796356
"Ecuador",2003,0.47779181599617
"Ecuador",2004,0.821023464202881
"Ecuador",2005,0.880682289600372
"Ecuador",2006,0.940341174602509
"Ecuador",2007,1
"Ecuador",2008,1
"Ecuador",2009,0.940341174602509
"Ecuador",2010,0.880682289600372
"Ecuador",2011,0.565322458744049
"Ecuador",2012,0.505663633346558
"Ecuador",2013,0.446004807949066
"Ecuador",2014,0.446004807949066
"Ecuador",2015,0.701705813407898
"Ecuador",2016,0.701705813407898
"Ecuador",2017,0.701705813407898
"Ecuador",2018,0.701705813407898
"Ecuador",2019,0.701705813407898
"Ecuador",2020,0.701705813407898
"Ecuador",2021,0.701705813407898
"Ecuador",2022,0.701705813407898
"Ecuador",2023,0.701705813407898
"El Salvador",1970,0.162431985139847
"El Salvador",1971,0.162431985139847
"El Salvador",1972,0.162431985139847
"El Salvador",1973,0.162431985139847
"El Salvador",1974,0.162431985139847
"El Salvador",1975,0.162431985139847
"El Salvador",1976,0.162431985139847
"El Salvador",1977,0.162431985139847
"El Salvador",1978,0.162431985139847
"El Salvador",1979,0.162431985139847
"El Salvador",1980,0.162431985139847
"El Salvador",1981,0
"El Salvador",1982,0
"El Salvador",1983,0
"El Salvador",1984,0
"El Salvador",1985,0
"El Salvador",1986,0
"El Salvador",1987,0
"El Salvador",1988,0
"El Salvador",1989,0
"El Salvador",1990,0
"El Salvador",1991,0
"El Salvador",1992,0.162431985139847
"El Salvador",1993,0.418132960796356
"El Salvador",1994,0.418132960796356
"El Salvador",1995,0.418132960796356
"El Salvador",1996,0.761364638805389
"El Salvador",1997,0.821023464202881
"El Salvador",1998,0.880682289600372
"El Salvador",1999,0.940341174602509
"El Salvador",2000,1
"El Salvador",2001,1
"El Salvador",2002,1
"El Salvador",2003,1
"El Salvador",2004,1
"El Salvador",2005,1
"El Salvador",2006,1
"El Salvador",2007,1
"El Salvador",2008,1
"El Salvador",2009,0.940341174602509
"El Salvador",2010,0.880682289600372
"El Salvador",2011,0.821023464202881
"El Salvador",2012,0.761364638805389
"El Salvador",2013,0.701705813407898
"El Salvador",2014,0.701705813407898
"El Salvador",2015,0.701705813407898
"El Salvador",2016,0.701705813407898
"El Salvador",2017,0.701705813407898
"El Salvador",2018,0.701705813407898
"El Salvador",2019,0.701705813407898
"El Salvador",2020,0.701705813407898
"El Salvador",2021,0.701705813407898
"El Salvador",2022,0.701705813407898
"El Salvador",2023,0.701705813407898
"Guatemala",1970,0.162431985139847
"Guatemala",1971,0.162431985139847
"Guatemala",1972,0.162431985139847
"Guatemala",1973,0.761364638805389
"Guatemala",1974,0.821023464202881
"Guatemala",1975,0.880682289600372
"Guatemala",1976,0.940341174602509
"Guatemala",1977,1
"Guatemala",1978,1
"Guatemala",1979,1
"Guatemala",1980,0.401067346334457
"Guatemala",1981,0.341408520936966
"Guatemala",1982,0.281749665737152
"Guatemala",1983,0.222090825438499
"Guatemala",1984,0
"Guatemala",1985,0
"Guatemala",1986,0
"Guatemala",1987,0
"Guatemala",1988,0.162431985139847
"Guatemala",1989,0.47779181599617
"Guatemala",1990,0.375018686056137
"Guatemala",1991,0.434677541255951
"Guatemala",1992,0.494336366653442
"Guatemala",1993,0.553995192050934
"Guatemala",1994,0.716427206993103
"Guatemala",1995,0.716427206993103
"Guatemala",1996,0.716427206993103
"Guatemala",1997,0.716427206993103
"Guatemala",1998,0.716427206993103
"Guatemala",1999,0.716427206993103
"Guatemala",2000,0.716427206993103
"Guatemala",2001,1
"Guatemala",2002,1
"Guatemala",2003,1
"Guatemala",2004,1
"Guatemala",2005,1
"Guatemala",2006,1
"Guatemala",2007,1
"Guatemala",2008,1
"Guatemala",2009,1
"Guatemala",2010,1
"Guatemala",2011,1
"Guatemala",2012,1
"Guatemala",2013,1
"Guatemala",2014,1
"Guatemala",2015,1
"Guatemala",2016,1
"Guatemala",2017,1
"Guatemala",2018,1
"Guatemala",2019,1
"Guatemala",2020,1
"Guatemala",2021,1
"Guatemala",2022,1
"Guatemala",2023,1
"Haiti",1970,0.505663633346558
"Haiti",1971,0.701705813407898
"Haiti",1972,0.701705813407898
"Haiti",1973,0.701705813407898
"Haiti",1974,0.701705813407898
"Haiti",1975,0.701705813407898
"Haiti",1976,0.701705813407898
"Haiti",1977,NA
"Haiti",1978,NA
"Haiti",1979,NA
"Haiti",1980,NA
"Haiti",1981,NA
"Haiti",1982,NA
"Haiti",1983,NA
"Haiti",1984,0.418132960796356
"Haiti",1985,0.418132960796356
"Haiti",1986,0.418132960796356
"Haiti",1987,0.418132960796356
"Haiti",1988,0.418132960796356
"Haiti",1989,0.418132960796356
"Haiti",1990,0.255701005458832
"Haiti",1991,0.418132960796356
"Haiti",1992,0.418132960796356
"Haiti",1993,0.418132960796356
"Haiti",1994,0.418132960796356
"Haiti",1995,0.418132960796356
"Haiti",1996,0.418132960796356
"Haiti",1997,0.701705813407898
"Haiti",1998,0.701705813407898
"Haiti",1999,0.701705813407898
"Haiti",2000,0.701705813407898
"Haiti",2001,0.701705813407898
"Haiti",2002,0.701705813407898
"Haiti",2003,0.761364638805389
"Haiti",2004,0.821023464202881
"Haiti",2005,0.880682289600372
"Haiti",2006,0.940341174602509
"Haiti",2007,1
"Haiti",2008,1
"Haiti",2009,1
"Haiti",2010,1
"Haiti",2011,1
"Haiti",2012,1
"Haiti",2013,1
"Haiti",2014,1
"Haiti",2015,1
"Haiti",2016,1
"Haiti",2017,1
"Haiti",2018,1
"Haiti",2019,1
"Haiti",2020,1
"Haiti",2021,0.716427206993103
"Haiti",2022,0.716427206993103
"Haiti",2023,0.716427206993103
"Honduras",1970,1
"Honduras",1971,1
"Honduras",1972,1
"Honduras",1973,1
"Honduras",1974,1
"Honduras",1975,1
"Honduras",1976,1
"Honduras",1977,1
"Honduras",1978,0.716427206993103
"Honduras",1979,0.716427206993103
"Honduras",1980,0.656768321990967
"Honduras",1981,0.341408520936966
"Honduras",1982,0.281749665737152
"Honduras",1983,0.222090825438499
"Honduras",1984,0.162431985139847
"Honduras",1985,0.162431985139847
"Honduras",1986,0.162431985139847
"Honduras",1987,0.162431985139847
"Honduras",1988,0
"Honduras",1989,0
"Honduras",1990,0
"Honduras",1991,0
"Honduras",1992,0
"Honduras",1993,0.47779181599617
"Honduras",1994,0.537450671195984
"Honduras",1995,0.597109496593475
"Honduras",1996,0.434677541255951
"Honduras",1997,0.434677541255951
"Honduras",1998,0.375018686056137
"Honduras",1999,0.47779181599617
"Honduras",2000,0.418132960796356
"Honduras",2001,0.418132960796356
"Honduras",2002,0.418132960796356
"Honduras",2003,0.418132960796356
"Honduras",2004,0.418132960796356
"Honduras",2005,0.418132960796356
"Honduras",2006,0.418132960796356
"Honduras",2007,0.418132960796356
"Honduras",2008,0.701705813407898
"Honduras",2009,0.418132960796356
"Honduras",2010,0.162431985139847
"Honduras",2011,0.162431985139847
"Honduras",2012,0.162431985139847
"Honduras",2013,0.162431985139847
"Honduras",2014,0.162431985139847
"Honduras",2015,0.162431985139847
"Honduras",2016,0.162431985139847
"Honduras",2017,0.162431985139847
"Honduras",2018,0.162431985139847
"Honduras",2019,0.162431985139847
"Honduras",2020,0.162431985139847
"Honduras",2021,0.162431985139847
"Honduras",2022,0.162431985139847
"Honduras",2023,0.162431985139847
"Mexico",1970,1
"Mexico",1971,1
"Mexico",1972,1
"Mexico",1973,1
"Mexico",1974,1
"Mexico",1975,1
"Mexico",1976,1
"Mexico",1977,1
"Mexico",1978,1
"Mexico",1979,1
"Mexico",1980,1
"Mexico",1981,1
"Mexico",1982,0.238635376095772
"Mexico",1983,0.178976535797119
"Mexico",1984,0.119317688047886
"Mexico",1985,0.0596588440239429
"Mexico",1986,0
"Mexico",1987,0.255701005458832
"Mexico",1988,0.255701005458832
"Mexico",1989,0.255701005458832
"Mexico",1990,0.255701005458832
"Mexico",1991,0.418132960796356
"Mexico",1992,0.418132960796356
"Mexico",1993,0.701705813407898
"Mexico",1994,0.701705813407898
"Mexico",1995,0.701705813407898
"Mexico",1996,0.701705813407898
"Mexico",1997,0.701705813407898
"Mexico",1998,0.701705813407898
"Mexico",1999,0.701705813407898
"Mexico",2000,0.701705813407898
"Mexico",2001,0.701705813407898
"Mexico",2002,0.446004807949066
"Mexico",2003,0.446004807949066
"Mexico",2004,0.701705813407898
"Mexico",2005,0.701705813407898
"Mexico",2006,0.701705813407898
"Mexico",2007,0.701705813407898
"Mexico",2008,0.701705813407898
"Mexico",2009,0.701705813407898
"Mexico",2010,0.701705813407898
"Mexico",2011,0.701705813407898
"Mexico",2012,0.701705813407898
"Mexico",2013,0.701705813407898
"Mexico",2014,0.701705813407898
"Mexico",2015,0.701705813407898
"Mexico",2016,0.701705813407898
"Mexico",2017,0.701705813407898
"Mexico",2018,0.701705813407898
"Mexico",2019,0.701705813407898
"Mexico",2020,0.701705813407898
"Mexico",2021,0.701705813407898
"Mexico",2022,0.701705813407898
"Mexico",2023,0.701705813407898
"Nicaragua",1970,1
"Nicaragua",1971,1
"Nicaragua",1972,1
"Nicaragua",1973,1
"Nicaragua",1974,1
"Nicaragua",1975,1
"Nicaragua",1976,1
"Nicaragua",1977,1
"Nicaragua",1978,0.238635376095772
"Nicaragua",1979,0.178976535797119
"Nicaragua",1980,0.119317688047886
"Nicaragua",1981,0.0596588440239429
"Nicaragua",1982,0
"Nicaragua",1983,0
"Nicaragua",1984,0
"Nicaragua",1985,0
"Nicaragua",1986,0
"Nicaragua",1987,0
"Nicaragua",1988,0
"Nicaragua",1989,0
"Nicaragua",1990,0.162431985139847
"Nicaragua",1991,0.162431985139847
"Nicaragua",1992,0.162431985139847
"Nicaragua",1993,0.418132960796356
"Nicaragua",1994,0.418132960796356
"Nicaragua",1995,0.418132960796356
"Nicaragua",1996,0.761364638805389
"Nicaragua",1997,0.821023464202881
"Nicaragua",1998,0.880682289600372
"Nicaragua",1999,0.940341174602509
"Nicaragua",2000,1
"Nicaragua",2001,1
"Nicaragua",2002,1
"Nicaragua",2003,1
"Nicaragua",2004,1
"Nicaragua",2005,1
"Nicaragua",2006,1
"Nicaragua",2007,1
"Nicaragua",2008,1
"Nicaragua",2009,1
"Nicaragua",2010,1
"Nicaragua",2011,1
"Nicaragua",2012,1
"Nicaragua",2013,1
"Nicaragua",2014,1
"Nicaragua",2015,1
"Nicaragua",2016,1
"Nicaragua",2017,1
"Nicaragua",2018,1
"Nicaragua",2019,1
"Nicaragua",2020,1
"Nicaragua",2021,1
"Nicaragua",2022,1
"Nicaragua",2023,1
"Panama",1970,1
"Panama",1971,1
"Panama",1972,1
"Panama",1973,1
"Panama",1974,1
"Panama",1975,1
"Panama",1976,1
"Panama",1977,1
"Panama",1978,1
"Panama",1979,1
"Panama",1980,1
"Panama",1981,1
"Panama",1982,1
"Panama",1983,1
"Panama",1984,1
"Panama",1985,1
"Panama",1986,1
"Panama",1987,1
"Panama",1988,1
"Panama",1989,1
"Panama",1990,1
"Panama",1991,1
"Panama",1992,1
"Panama",1993,1
"Panama",1994,1
"Panama",1995,1
"Panama",1996,1
"Panama",1997,1
"Panama",1998,1
"Panama",1999,1
"Panama",2000,1
"Panama",2001,1
"Panama",2002,1
"Panama",2003,1
"Panama",2004,1
"Panama",2005,1
"Panama",2006,1
"Panama",2007,1
"Panama",2008,1
"Panama",2009,1
"Panama",2010,1
"Panama",2011,1
"Panama",2012,1
"Panama",2013,1
"Panama",2014,1
"Panama",2015,1
"Panama",2016,1
"Panama",2017,1
"Panama",2018,1
"Panama",2019,1
"Panama",2020,1
"Panama",2021,1
"Panama",2022,1
"Panama",2023,1
"Paraguay",1970,0.162431985139847
"Paraguay",1971,0.162431985139847
"Paraguay",1972,0.162431985139847
"Paraguay",1973,0
"Paraguay",1974,0
"Paraguay",1975,0
"Paraguay",1976,0
"Paraguay",1977,0
"Paraguay",1978,0.255701005458832
"Paraguay",1979,0.255701005458832
"Paraguay",1980,0.255701005458832
"Paraguay",1981,0.255701005458832
"Paraguay",1982,0.0596588440239429
"Paraguay",1983,0.119317688047886
"Paraguay",1984,0.119317688047886
"Paraguay",1985,0.119317688047886
"Paraguay",1986,0.119317688047886
"Paraguay",1987,0.0596588440239429
"Paraguay",1988,0
"Paraguay",1989,0.162431985139847
"Paraguay",1990,0.162431985139847
"Paraguay",1991,0.162431985139847
"Paraguay",1992,0.418132960796356
"Paraguay",1993,0.418132960796356
"Paraguay",1994,0.418132960796356
"Paraguay",1995,0.418132960796356
"Paraguay",1996,0.222090825438499
"Paraguay",1997,0.565322458744049
"Paraguay",1998,0.624981343746185
"Paraguay",1999,0.684640169143677
"Paraguay",2000,0.744298994541168
"Paraguay",2001,0.744298994541168
"Paraguay",2002,0.744298994541168
"Paraguay",2003,0.744298994541168
"Paraguay",2004,0.744298994541168
"Paraguay",2005,0.744298994541168
"Paraguay",2006,0.744298994541168
"Paraguay",2007,0.744298994541168
"Paraguay",2008,0.684640169143677
"Paraguay",2009,0.624981343746185
"Paraguay",2010,0.565322458744049
"Paraguay",2011,0.505663633346558
"Paraguay",2012,0.446004807949066
"Paraguay",2013,0.446004807949066
"Paraguay",2014,0.446004807949066
"Paraguay",2015,0.446004807949066
"Paraguay",2016,0.446004807949066
"Paraguay",2017,0.446004807949066
"Paraguay",2018,0.446004807949066
"Paraguay",2019,0.446004807949066
"Paraguay",2020,0.446004807949066
"Paraguay",2021,0.446004807949066
"Paraguay",2022,0.446004807949066
"Paraguay",2023,0.446004807949066
"Peru",1970,0.238635376095772
"Peru",1971,0.178976535797119
"Peru",1972,0.119317688047886
"Peru",1973,0.0596588440239429
"Peru",1974,0
"Peru",1975,0
"Peru",1976,0
"Peru",1977,0
"Peru",1978,0.315359830856323
"Peru",1979,0.375018686056137
"Peru",1980,0.434677541255951
"Peru",1981,0.494336366653442
"Peru",1982,0.553995192050934
"Peru",1983,0.553995192050934
"Peru",1984,0.238635376095772
"Peru",1985,0.178976535797119
"Peru",1986,0.119317688047886
"Peru",1987,0.0596588440239429
"Peru",1988,0
"Peru",1989,0
"Peru",1990,0
"Peru",1991,0.162431985139847
"Peru",1992,0.701705813407898
"Peru",1993,0.761364638805389
"Peru",1994,0.821023464202881
"Peru",1995,0.880682289600372
"Peru",1996,0.684640169143677
"Peru",1997,1
"Peru",1998,1
"Peru",1999,1
"Peru",2000,1
"Peru",2001,1
"Peru",2002,1
"Peru",2003,1
"Peru",2004,1
"Peru",2005,1
"Peru",2006,1
"Peru",2007,1
"Peru",2008,1
"Peru",2009,1
"Peru",2010,1
"Peru",2011,1
"Peru",2012,1
"Peru",2013,1
"Peru",2014,1
"Peru",2015,1
"Peru",2016,1
"Peru",2017,1
"Peru",2018,1
"Peru",2019,1
"Peru",2020,1
"Peru",2021,1
"Peru",2022,1
"Peru",2023,1
"Uruguay",1970,0.281749665737152
"Uruguay",1971,0.0596588440239429
"Uruguay",1972,0
"Uruguay",1973,0
"Uruguay",1974,0
"Uruguay",1975,0
"Uruguay",1976,0.255701005458832
"Uruguay",1977,0.255701005458832
"Uruguay",1978,0.315359830856323
"Uruguay",1979,0.375018686056137
"Uruguay",1980,0.597109496593475
"Uruguay",1981,0.940341174602509
"Uruguay",1982,0.716427206993103
"Uruguay",1983,0.716427206993103
"Uruguay",1984,0.716427206993103
"Uruguay",1985,0.716427206993103
"Uruguay",1986,0.716427206993103
"Uruguay",1987,0.716427206993103
"Uruguay",1988,0.716427206993103
"Uruguay",1989,0.716427206993103
"Uruguay",1990,0.716427206993103
"Uruguay",1991,0.716427206993103
"Uruguay",1992,0.716427206993103
"Uruguay",1993,0.656768321990967
"Uruguay",1994,0.597109496593475
"Uruguay",1995,0.537450671195984
"Uruguay",1996,0.821023464202881
"Uruguay",1997,0.821023464202881
"Uruguay",1998,0.880682289600372
"Uruguay",1999,0.940341174602509
"Uruguay",2000,1
"Uruguay",2001,1
"Uruguay",2002,1
"Uruguay",2003,1
"Uruguay",2004,1
"Uruguay",2005,1
"Uruguay",2006,1
"Uruguay",2007,1
"Uruguay",2008,1
"Uruguay",2009,1
"Uruguay",2010,1
"Uruguay",2011,1
"Uruguay",2012,1
"Uruguay",2013,1
"Uruguay",2014,1
"Uruguay",2015,1
"Uruguay",2016,1
"Uruguay",2017,1
"Uruguay",2018,1
"Uruguay",2019,1
"Uruguay",2020,1
"Uruguay",2021,1
"Uruguay",2022,1
"Uruguay",2023,1
"Venezuela, RB",1970,0.553995192050934
"Venezuela, RB",1971,0.716427206993103
"Venezuela, RB",1972,0.716427206993103
"Venezuela, RB",1973,0.716427206993103
"Venezuela, RB",1974,0.716427206993103
"Venezuela, RB",1975,0.553995192050934
"Venezuela, RB",1976,0.837568044662476
"Venezuela, RB",1977,0.837568044662476
"Venezuela, RB",1978,0.837568044662476
"Venezuela, RB",1979,0.837568044662476
"Venezuela, RB",1980,0.837568044662476
"Venezuela, RB",1981,0.837568044662476
"Venezuela, RB",1982,0.837568044662476
"Venezuela, RB",1983,0.298294216394424
"Venezuela, RB",1984,0.238635376095772
"Venezuela, RB",1985,0.178976535797119
"Venezuela, RB",1986,0.119317688047886
"Venezuela, RB",1987,0.0596588440239429
"Venezuela, RB",1988,0.255701005458832
"Venezuela, RB",1989,0.255701005458832
"Venezuela, RB",1990,0.418132960796356
"Venezuela, RB",1991,0.418132960796356
"Venezuela, RB",1992,0.418132960796356
"Venezuela, RB",1993,0.162431985139847
"Venezuela, RB",1994,0.162431985139847
"Venezuela, RB",1995,0.162431985139847
"Venezuela, RB",1996,0.47779181599617
"Venezuela, RB",1997,0.821023464202881
"Venezuela, RB",1998,0.880682289600372
"Venezuela, RB",1999,0.940341174602509
"Venezuela, RB",2000,1
"Venezuela, RB",2001,1
"Venezuela, RB",2002,0.401067346334457
"Venezuela, RB",2003,0.401067346334457
"Venezuela, RB",2004,0.401067346334457
"Venezuela, RB",2005,0.401067346334457
"Venezuela, RB",2006,0.178976535797119
"Venezuela, RB",2007,0.178976535797119
"Venezuela, RB",2008,0.119317688047886
"Venezuela, RB",2009,0.0596588440239429
"Venezuela, RB",2010,0
"Venezuela, RB",2011,0
"Venezuela, RB",2012,0
"Venezuela, RB",2013,0
"Venezuela, RB",2014,0
"Venezuela, RB",2015,0
"Venezuela, RB",2016,0
"Venezuela, RB",2017,0
"Venezuela, RB",2018,0
"Venezuela, RB",2019,0
"Venezuela, RB",2020,0
"Venezuela, RB",2021,0
"Venezuela, RB",2022,0
"Venezuela, RB",2023,0
"Antigua and Barbuda",1970,NA
"Antigua and Barbuda",1971,NA
"Antigua and Barbuda",1972,NA
"Antigua and Barbuda",1973,NA
"Antigua and Barbuda",1974,NA
"Antigua and Barbuda",1975,NA
"Antigua and Barbuda",1976,NA
"Antigua and Barbuda",1977,NA
"Antigua and Barbuda",1978,NA
"Antigua and Barbuda",1979,NA
"Antigua and Barbuda",1980,NA
"Antigua and Barbuda",1981,NA
"Antigua and Barbuda",1982,NA
"Antigua and Barbuda",1983,NA
"Antigua and Barbuda",1984,NA
"Antigua and Barbuda",1985,1
"Antigua and Barbuda",1986,1
"Antigua and Barbuda",1987,1
"Antigua and Barbuda",1988,1
"Antigua and Barbuda",1989,1
"Antigua and Barbuda",1990,1
"Antigua and Barbuda",1991,1
"Antigua and Barbuda",1992,1
"Antigua and Barbuda",1993,1
"Antigua and Barbuda",1994,1
"Antigua and Barbuda",1995,1
"Antigua and Barbuda",1996,0.744298994541168
"Antigua and Barbuda",1997,0.744298994541168
"Antigua and Barbuda",1998,0.744298994541168
"Antigua and Barbuda",1999,0.744298994541168
"Antigua and Barbuda",2000,0.744298994541168
"Antigua and Barbuda",2001,0.744298994541168
"Antigua and Barbuda",2002,0.744298994541168
"Antigua and Barbuda",2003,0.744298994541168
"Antigua and Barbuda",2004,0.744298994541168
"Antigua and Barbuda",2005,0.744298994541168
"Antigua and Barbuda",2006,0.744298994541168
"Antigua and Barbuda",2007,0.744298994541168
"Antigua and Barbuda",2008,0.744298994541168
"Antigua and Barbuda",2009,0.744298994541168
"Antigua and Barbuda",2010,NA
"Antigua and Barbuda",2011,NA
"Antigua and Barbuda",2012,NA
"Antigua and Barbuda",2013,NA
"Antigua and Barbuda",2014,NA
"Antigua and Barbuda",2015,NA
"Antigua and Barbuda",2016,NA
"Antigua and Barbuda",2017,NA
"Antigua and Barbuda",2018,0.744298994541168
"Antigua and Barbuda",2019,0.744298994541168
"Antigua and Barbuda",2020,0.744298994541168
"Antigua and Barbuda",2021,0.744298994541168
"Antigua and Barbuda",2022,0.744298994541168
"Antigua and Barbuda",2023,0.744298994541168
"Bahamas, The",1970,NA
"Bahamas, The",1971,NA
"Bahamas, The",1972,NA
"Bahamas, The",1973,NA
"Bahamas, The",1974,NA
"Bahamas, The",1975,NA
"Bahamas, The",1976,NA
"Bahamas, The",1977,0.539273798465729
"Bahamas, The",1978,0.539273798465729
"Bahamas, The",1979,0.255701005458832
"Bahamas, The",1980,0.255701005458832
"Bahamas, The",1981,0.255701005458832
"Bahamas, The",1982,0.255701005458832
"Bahamas, The",1983,0.255701005458832
"Bahamas, The",1984,0.255701005458832
"Bahamas, The",1985,0.255701005458832
"Bahamas, The",1986,0.255701005458832
"Bahamas, The",1987,0.255701005458832
"Bahamas, The",1988,0.255701005458832
"Bahamas, The",1989,0.255701005458832
"Bahamas, The",1990,0.255701005458832
"Bahamas, The",1991,0.255701005458832
"Bahamas, The",1992,0.255701005458832
"Bahamas, The",1993,0.255701005458832
"Bahamas, The",1994,0.255701005458832
"Bahamas, The",1995,0.255701005458832
"Bahamas, The",1996,0
"Bahamas, The",1997,0
"Bahamas, The",1998,0
"Bahamas, The",1999,0
"Bahamas, The",2000,0
"Bahamas, The",2001,0
"Bahamas, The",2002,0
"Bahamas, The",2003,0
"Bahamas, The",2004,0
"Bahamas, The",2005,0
"Bahamas, The",2006,0
"Bahamas, The",2007,0
"Bahamas, The",2008,0
"Bahamas, The",2009,0
"Bahamas, The",2010,0
"Bahamas, The",2011,0
"Bahamas, The",2012,0
"Bahamas, The",2013,0
"Bahamas, The",2014,0
"Bahamas, The",2015,0
"Bahamas, The",2016,0
"Bahamas, The",2017,0
"Bahamas, The",2018,0
"Bahamas, The",2019,0
"Bahamas, The",2020,0
"Bahamas, The",2021,0
"Bahamas, The",2022,0
"Bahamas, The",2023,0
"Aruba",1970,NA
"Aruba",1971,NA
"Aruba",1972,NA
"Aruba",1973,NA
"Aruba",1974,NA
"Aruba",1975,NA
"Aruba",1976,NA
"Aruba",1977,NA
"Aruba",1978,NA
"Aruba",1979,NA
"Aruba",1980,NA
"Aruba",1981,NA
"Aruba",1982,NA
"Aruba",1983,NA
"Aruba",1984,NA
"Aruba",1985,NA
"Aruba",1986,NA
"Aruba",1987,NA
"Aruba",1988,NA
"Aruba",1989,NA
"Aruba",1990,NA
"Aruba",1991,NA
"Aruba",1992,0.418132960796356
"Aruba",1993,0.418132960796356
"Aruba",1994,0.418132960796356
"Aruba",1995,0.418132960796356
"Aruba",1996,0.162431985139847
"Aruba",1997,0.162431985139847
"Aruba",1998,0.162431985139847
"Aruba",1999,0.162431985139847
"Aruba",2000,0.162431985139847
"Aruba",2001,0.162431985139847
"Aruba",2002,0.162431985139847
"Aruba",2003,0.162431985139847
"Aruba",2004,0.162431985139847
"Aruba",2005,0.162431985139847
"Aruba",2006,0.162431985139847
"Aruba",2007,0.162431985139847
"Aruba",2008,0.162431985139847
"Aruba",2009,0.162431985139847
"Aruba",2010,0.162431985139847
"Aruba",2011,0.162431985139847
"Aruba",2012,0.162431985139847
"Aruba",2013,0.162431985139847
"Aruba",2014,0.162431985139847
"Aruba",2015,0.162431985139847
"Aruba",2016,0.162431985139847
"Aruba",2017,0.162431985139847
"Aruba",2018,0.162431985139847
"Aruba",2019,0.162431985139847
"Aruba",2020,0.162431985139847
"Aruba",2021,0.162431985139847
"Aruba",2022,0.162431985139847
"Aruba",2023,0.162431985139847
"Barbados",1970,NA
"Barbados",1971,NA
"Barbados",1972,NA
"Barbados",1973,NA
"Barbados",1974,0.162431985139847
"Barbados",1975,0.162431985139847
"Barbados",1976,0.162431985139847
"Barbados",1977,0.162431985139847
"Barbados",1978,0.162431985139847
"Barbados",1979,0.162431985139847
"Barbados",1980,0.162431985139847
"Barbados",1981,0.162431985139847
"Barbados",1982,0.162431985139847
"Barbados",1983,0.162431985139847
"Barbados",1984,0.162431985139847
"Barbados",1985,0.162431985139847
"Barbados",1986,0.162431985139847
"Barbados",1987,0.162431985139847
"Barbados",1988,0.162431985139847
"Barbados",1989,0.162431985139847
"Barbados",1990,0.162431985139847
"Barbados",1991,0.162431985139847
"Barbados",1992,0.162431985139847
"Barbados",1993,0.418132960796356
"Barbados",1994,0.418132960796356
"Barbados",1995,0.418132960796356
"Barbados",1996,0.162431985139847
"Barbados",1997,0.162431985139847
"Barbados",1998,0.162431985139847
"Barbados",1999,0.162431985139847
"Barbados",2000,0.162431985139847
"Barbados",2001,0.162431985139847
"Barbados",2002,0.162431985139847
"Barbados",2003,0.162431985139847
"Barbados",2004,0.162431985139847
"Barbados",2005,0.162431985139847
"Barbados",2006,0.162431985139847
"Barbados",2007,0.162431985139847
"Barbados",2008,0.162431985139847
"Barbados",2009,0.162431985139847
"Barbados",2010,0.162431985139847
"Barbados",2011,0.162431985139847
"Barbados",2012,0.162431985139847
"Barbados",2013,0.162431985139847
"Barbados",2014,0.162431985139847
"Barbados",2015,0.162431985139847
"Barbados",2016,0.162431985139847
"Barbados",2017,0.162431985139847
"Barbados",2018,0.162431985139847
"Barbados",2019,0.162431985139847
"Barbados",2020,0.162431985139847
"Barbados",2021,0.162431985139847
"Barbados",2022,0.162431985139847
"Barbados",2023,0.162431985139847
"Dominica",1970,NA
"Dominica",1971,NA
"Dominica",1972,NA
"Dominica",1973,NA
"Dominica",1974,NA
"Dominica",1975,NA
"Dominica",1976,NA
"Dominica",1977,NA
"Dominica",1978,NA
"Dominica",1979,NA
"Dominica",1980,NA
"Dominica",1981,NA
"Dominica",1982,0.418132960796356
"Dominica",1983,0.418132960796356
"Dominica",1984,0.418132960796356
"Dominica",1985,0.418132960796356
"Dominica",1986,0.418132960796356
"Dominica",1987,0.418132960796356
"Dominica",1988,0.418132960796356
"Dominica",1989,0.418132960796356
"Dominica",1990,0.418132960796356
"Dominica",1991,0.418132960796356
"Dominica",1992,0.418132960796356
"Dominica",1993,0.418132960796356
"Dominica",1994,0.418132960796356
"Dominica",1995,0.418132960796356
"Dominica",1996,0.162431985139847
"Dominica",1997,0.162431985139847
"Dominica",1998,0.418132960796356
"Dominica",1999,0.162431985139847
"Dominica",2000,0.162431985139847
"Dominica",2001,0.162431985139847
"Dominica",2002,0.162431985139847
"Dominica",2003,0.162431985139847
"Dominica",2004,0.162431985139847
"Dominica",2005,0.418132960796356
"Dominica",2006,0.418132960796356
"Dominica",2007,0.418132960796356
"Dominica",2008,0.701705813407898
"Dominica",2009,0.418132960796356
"Dominica",2010,0.418132960796356
"Dominica",2011,0.418132960796356
"Dominica",2012,0.418132960796356
"Dominica",2013,0.418132960796356
"Dominica",2014,0.418132960796356
"Dominica",2015,0.418132960796356
"Dominica",2016,0.418132960796356
"Dominica",2017,0.418132960796356
"Dominica",2018,0.418132960796356
"Dominica",2019,0.418132960796356
"Dominica",2020,0.418132960796356
"Dominica",2021,0.418132960796356
"Dominica",2022,0.418132960796356
"Dominica",2023,0.418132960796356
"Grenada",1970,NA
"Grenada",1971,NA
"Grenada",1972,NA
"Grenada",1973,NA
"Grenada",1974,NA
"Grenada",1975,NA
"Grenada",1976,NA
"Grenada",1977,NA
"Grenada",1978,NA
"Grenada",1979,0
"Grenada",1980,0
"Grenada",1981,0
"Grenada",1982,0
"Grenada",1983,0
"Grenada",1984,0
"Grenada",1985,0
"Grenada",1986,0
"Grenada",1987,0
"Grenada",1988,0
"Grenada",1989,0
"Grenada",1990,0
"Grenada",1991,0
"Grenada",1992,0
"Grenada",1993,0.418132960796356
"Grenada",1994,0.418132960796356
"Grenada",1995,0.418132960796356
"Grenada",1996,0.162431985139847
"Grenada",1997,0.162431985139847
"Grenada",1998,0.162431985139847
"Grenada",1999,0.162431985139847
"Grenada",2000,0.162431985139847
"Grenada",2001,0.162431985139847
"Grenada",2002,0.162431985139847
"Grenada",2003,0.162431985139847
"Grenada",2004,0.162431985139847
"Grenada",2005,0.418132960796356
"Grenada",2006,0.162431985139847
"Grenada",2007,0.162431985139847
"Grenada",2008,0.162431985139847
"Grenada",2009,0.162431985139847
"Grenada",2010,0.162431985139847
"Grenada",2011,0.162431985139847
"Grenada",2012,0.162431985139847
"Grenada",2013,0.162431985139847
"Grenada",2014,0.162431985139847
"Grenada",2015,0.162431985139847
"Grenada",2016,0.162431985139847
"Grenada",2017,0.162431985139847
"Grenada",2018,0.162431985139847
"Grenada",2019,0.162431985139847
"Grenada",2020,0.162431985139847
"Grenada",2021,0.162431985139847
"Grenada",2022,0.162431985139847
"Grenada",2023,0.162431985139847
"Guyana",1970,0.162431985139847
"Guyana",1971,0.162431985139847
"Guyana",1972,0.162431985139847
"Guyana",1973,0.162431985139847
"Guyana",1974,0.162431985139847
"Guyana",1975,0.162431985139847
"Guyana",1976,0.162431985139847
"Guyana",1977,0.162431985139847
"Guyana",1978,0.162431985139847
"Guyana",1979,0.162431985139847
"Guyana",1980,0.162431985139847
"Guyana",1981,0.162431985139847
"Guyana",1982,0.162431985139847
"Guyana",1983,0.162431985139847
"Guyana",1984,0.162431985139847
"Guyana",1985,0.162431985139847
"Guyana",1986,0.162431985139847
"Guyana",1987,0
"Guyana",1988,0
"Guyana",1989,0
"Guyana",1990,0
"Guyana",1991,0.162431985139847
"Guyana",1992,0
"Guyana",1993,0.255701005458832
"Guyana",1994,0.255701005458832
"Guyana",1995,0.418132960796356
"Guyana",1996,0.761364638805389
"Guyana",1997,0.821023464202881
"Guyana",1998,0.880682289600372
"Guyana",1999,0.940341174602509
"Guyana",2000,1
"Guyana",2001,1
"Guyana",2002,1
"Guyana",2003,1
"Guyana",2004,1
"Guyana",2005,1
"Guyana",2006,1
"Guyana",2007,1
"Guyana",2008,1
"Guyana",2009,1
"Guyana",2010,1
"Guyana",2011,1
"Guyana",2012,1
"Guyana",2013,1
"Guyana",2014,1
"Guyana",2015,1
"Guyana",2016,1
"Guyana",2017,0.716427206993103
"Guyana",2018,0.716427206993103
"Guyana",2019,0.716427206993103
"Guyana",2020,0.716427206993103
"Guyana",2021,0.716427206993103
"Guyana",2022,0.656768321990967
"Guyana",2023,0.597109496593475
"Belize",1970,NA
"Belize",1971,NA
"Belize",1972,NA
"Belize",1973,NA
"Belize",1974,NA
"Belize",1975,NA
"Belize",1976,NA
"Belize",1977,NA
"Belize",1978,NA
"Belize",1979,NA
"Belize",1980,NA
"Belize",1981,NA
"Belize",1982,NA
"Belize",1983,NA
"Belize",1984,NA
"Belize",1985,0.716427206993103
"Belize",1986,0.656768321990967
"Belize",1987,0.597109496593475
"Belize",1988,0.537450671195984
"Belize",1989,0.47779181599617
"Belize",1990,0.418132960796356
"Belize",1991,0.418132960796356
"Belize",1992,0.418132960796356
"Belize",1993,0.418132960796356
"Belize",1994,0.418132960796356
"Belize",1995,0.418132960796356
"Belize",1996,0.162431985139847
"Belize",1997,0.162431985139847
"Belize",1998,0.162431985139847
"Belize",1999,0.162431985139847
"Belize",2000,0.162431985139847
"Belize",2001,0.162431985139847
"Belize",2002,0
"Belize",2003,0
"Belize",2004,0.162431985139847
"Belize",2005,0
"Belize",2006,0.162431985139847
"Belize",2007,0.162431985139847
"Belize",2008,0.162431985139847
"Belize",2009,0.162431985139847
"Belize",2010,0.162431985139847
"Belize",2011,0.162431985139847
"Belize",2012,0.162431985139847
"Belize",2013,0.162431985139847
"Belize",2014,0.162431985139847
"Belize",2015,0.162431985139847
"Belize",2016,0.162431985139847
"Belize",2017,0.162431985139847
"Belize",2018,0.162431985139847
"Belize",2019,0.162431985139847
"Belize",2020,0.162431985139847
"Belize",2021,0.162431985139847
"Belize",2022,0.162431985139847
"Belize",2023,0.162431985139847
"Jamaica",1970,0.418132960796356
"Jamaica",1971,0.418132960796356
"Jamaica",1972,0.162431985139847
"Jamaica",1973,0.162431985139847
"Jamaica",1974,0.162431985139847
"Jamaica",1975,0.162431985139847
"Jamaica",1976,0.162431985139847
"Jamaica",1977,0
"Jamaica",1978,0
"Jamaica",1979,0.162431985139847
"Jamaica",1980,0.162431985139847
"Jamaica",1981,0.162431985139847
"Jamaica",1982,0.162431985139847
"Jamaica",1983,0.162431985139847
"Jamaica",1984,0.162431985139847
"Jamaica",1985,0.162431985139847
"Jamaica",1986,0.162431985139847
"Jamaica",1987,0.162431985139847
"Jamaica",1988,0.162431985139847
"Jamaica",1989,0.162431985139847
"Jamaica",1990,0.162431985139847
"Jamaica",1991,0.162431985139847
"Jamaica",1992,0.446004807949066
"Jamaica",1993,0.446004807949066
"Jamaica",1994,0.446004807949066
"Jamaica",1995,0.446004807949066
"Jamaica",1996,0.761364638805389
"Jamaica",1997,0.821023464202881
"Jamaica",1998,0.880682289600372
"Jamaica",1999,0.940341174602509
"Jamaica",2000,1
"Jamaica",2001,1
"Jamaica",2002,1
"Jamaica",2003,1
"Jamaica",2004,1
"Jamaica",2005,1
"Jamaica",2006,1
"Jamaica",2007,0.940341174602509
"Jamaica",2008,0.880682289600372
"Jamaica",2009,0.821023464202881
"Jamaica",2010,0.761364638805389
"Jamaica",2011,0.701705813407898
"Jamaica",2012,0.701705813407898
"Jamaica",2013,0.701705813407898
"Jamaica",2014,0.701705813407898
"Jamaica",2015,0.701705813407898
"Jamaica",2016,0.701705813407898
"Jamaica",2017,0.418132960796356
"Jamaica",2018,0.418132960796356
"Jamaica",2019,0.418132960796356
"Jamaica",2020,0.162431985139847
"Jamaica",2021,0.162431985139847
"Jamaica",2022,0.446004807949066
"Jamaica",2023,0.418132960796356
"Netherlands Antilles",1970,0.716427206993103
"Netherlands Antilles",1971,0.716427206993103
"Netherlands Antilles",1972,0.716427206993103
"Netherlands Antilles",1973,0.716427206993103
"Netherlands Antilles",1974,0.716427206993103
"Netherlands Antilles",1975,0.716427206993103
"Netherlands Antilles",1976,0.656768321990967
"Netherlands Antilles",1977,0.597109496593475
"Netherlands Antilles",1978,0.537450671195984
"Netherlands Antilles",1979,0.47779181599617
"Netherlands Antilles",1980,0.418132960796356
"Netherlands Antilles",1981,0.418132960796356
"Netherlands Antilles",1982,0.418132960796356
"Netherlands Antilles",1983,0.418132960796356
"Netherlands Antilles",1984,0.418132960796356
"Netherlands Antilles",1985,0.418132960796356
"Netherlands Antilles",1986,0.418132960796356
"Netherlands Antilles",1987,0.418132960796356
"Netherlands Antilles",1988,0.418132960796356
"Netherlands Antilles",1989,0.418132960796356
"Netherlands Antilles",1990,0.418132960796356
"Netherlands Antilles",1991,0.418132960796356
"Netherlands Antilles",1992,0.418132960796356
"Netherlands Antilles",1993,0.418132960796356
"Netherlands Antilles",1994,0.418132960796356
"Netherlands Antilles",1995,0.418132960796356
"Netherlands Antilles",1996,0.446004807949066
"Netherlands Antilles",1997,0.446004807949066
"Netherlands Antilles",1998,0.446004807949066
"Netherlands Antilles",1999,0.446004807949066
"Netherlands Antilles",2000,0.446004807949066
"Netherlands Antilles",2001,0.446004807949066
"Netherlands Antilles",2002,0.446004807949066
"Netherlands Antilles",2003,0.446004807949066
"Netherlands Antilles",2004,0.446004807949066
"Netherlands Antilles",2005,0.446004807949066
"Netherlands Antilles",2006,NA
"Netherlands Antilles",2007,0.446004807949066
"Netherlands Antilles",2008,0.446004807949066
"Netherlands Antilles",2009,0.446004807949066
"Netherlands Antilles",2010,NA
"Netherlands Antilles",2011,NA
"Netherlands Antilles",2012,NA
"Netherlands Antilles",2013,NA
"Netherlands Antilles",2014,NA
"Netherlands Antilles",2015,NA
"Netherlands Antilles",2016,NA
"Netherlands Antilles",2017,NA
"Netherlands Antilles",2018,NA
"Netherlands Antilles",2019,NA
"Netherlands Antilles",2020,NA
"Netherlands Antilles",2021,NA
"Netherlands Antilles",2022,NA
"Netherlands Antilles",2023,NA
"St. Kitts and Nevis",1970,NA
"St. Kitts and Nevis",1971,NA
"St. Kitts and Nevis",1972,NA
"St. Kitts and Nevis",1973,NA
"St. Kitts and Nevis",1974,NA
"St. Kitts and Nevis",1975,NA
"St. Kitts and Nevis",1976,NA
"St. Kitts and Nevis",1977,NA
"St. Kitts and Nevis",1978,NA
"St. Kitts and Nevis",1979,NA
"St. Kitts and Nevis",1980,NA
"St. Kitts and Nevis",1981,NA
"St. Kitts and Nevis",1982,NA
"St. Kitts and Nevis",1983,NA
"St. Kitts and Nevis",1984,NA
"St. Kitts and Nevis",1985,NA
"St. Kitts and Nevis",1986,NA
"St. Kitts and Nevis",1987,NA
"St. Kitts and Nevis",1988,0.418132960796356
"St. Kitts and Nevis",1989,0.418132960796356
"St. Kitts and Nevis",1990,0.418132960796356
"St. Kitts and Nevis",1991,0.418132960796356
"St. Kitts and Nevis",1992,0.418132960796356
"St. Kitts and Nevis",1993,0.418132960796356
"St. Kitts and Nevis",1994,0.418132960796356
"St. Kitts and Nevis",1995,0.418132960796356
"St. Kitts and Nevis",1996,0.162431985139847
"St. Kitts and Nevis",1997,0.162431985139847
"St. Kitts and Nevis",1998,0.162431985139847
"St. Kitts and Nevis",1999,0.162431985139847
"St. Kitts and Nevis",2000,0.162431985139847
"St. Kitts and Nevis",2001,0.162431985139847
"St. Kitts and Nevis",2002,0.162431985139847
"St. Kitts and Nevis",2003,0.162431985139847
"St. Kitts and Nevis",2004,0.162431985139847
"St. Kitts and Nevis",2005,0.162431985139847
"St. Kitts and Nevis",2006,0.162431985139847
"St. Kitts and Nevis",2007,0.162431985139847
"St. Kitts and Nevis",2008,0.162431985139847
"St. Kitts and Nevis",2009,0.162431985139847
"St. Kitts and Nevis",2010,0.162431985139847
"St. Kitts and Nevis",2011,0.162431985139847
"St. Kitts and Nevis",2012,0.162431985139847
"St. Kitts and Nevis",2013,0.162431985139847
"St. Kitts and Nevis",2014,0.162431985139847
"St. Kitts and Nevis",2015,0.162431985139847
"St. Kitts and Nevis",2016,0.162431985139847
"St. Kitts and Nevis",2017,0.162431985139847
"St. Kitts and Nevis",2018,0.162431985139847
"St. Kitts and Nevis",2019,0.162431985139847
"St. Kitts and Nevis",2020,0.162431985139847
"St. Kitts and Nevis",2021,0.162431985139847
"St. Kitts and Nevis",2022,0.162431985139847
"St. Kitts and Nevis",2023,0.162431985139847
"St. Lucia",1970,NA
"St. Lucia",1971,NA
"St. Lucia",1972,NA
"St. Lucia",1973,NA
"St. Lucia",1974,NA
"St. Lucia",1975,NA
"St. Lucia",1976,NA
"St. Lucia",1977,NA
"St. Lucia",1978,NA
"St. Lucia",1979,NA
"St. Lucia",1980,NA
"St. Lucia",1981,NA
"St. Lucia",1982,NA
"St. Lucia",1983,0.162431985139847
"St. Lucia",1984,0.162431985139847
"St. Lucia",1985,0.162431985139847
"St. Lucia",1986,0.418132960796356
"St. Lucia",1987,0.418132960796356
"St. Lucia",1988,0.418132960796356
"St. Lucia",1989,0.418132960796356
"St. Lucia",1990,0.418132960796356
"St. Lucia",1991,0.418132960796356
"St. Lucia",1992,0.418132960796356
"St. Lucia",1993,0.418132960796356
"St. Lucia",1994,0.418132960796356
"St. Lucia",1995,0.418132960796356
"St. Lucia",1996,0.162431985139847
"St. Lucia",1997,0.162431985139847
"St. Lucia",1998,0.162431985139847
"St. Lucia",1999,0.446004807949066
"St. Lucia",2000,0.162431985139847
"St. Lucia",2001,0.162431985139847
"St. Lucia",2002,0.162431985139847
"St. Lucia",2003,0.162431985139847
"St. Lucia",2004,0.446004807949066
"St. Lucia",2005,0.446004807949066
"St. Lucia",2006,0.446004807949066
"St. Lucia",2007,0.446004807949066
"St. Lucia",2008,0.446004807949066
"St. Lucia",2009,0.446004807949066
"St. Lucia",2010,0.446004807949066
"St. Lucia",2011,0.446004807949066
"St. Lucia",2012,0.446004807949066
"St. Lucia",2013,0.446004807949066
"St. Lucia",2014,0.446004807949066
"St. Lucia",2015,0.446004807949066
"St. Lucia",2016,0.446004807949066
"St. Lucia",2017,0.446004807949066
"St. Lucia",2018,0.446004807949066
"St. Lucia",2019,0.446004807949066
"St. Lucia",2020,0.446004807949066
"St. Lucia",2021,0.446004807949066
"St. Lucia",2022,0.446004807949066
"St. Lucia",2023,0.446004807949066
"St. Vincent and the Grenadines",1970,NA
"St. Vincent and the Grenadines",1971,NA
"St. Vincent and the Grenadines",1972,NA
"St. Vincent and the Grenadines",1973,NA
"St. Vincent and the Grenadines",1974,NA
"St. Vincent and the Grenadines",1975,NA
"St. Vincent and the Grenadines",1976,NA
"St. Vincent and the Grenadines",1977,NA
"St. Vincent and the Grenadines",1978,NA
"St. Vincent and the Grenadines",1979,NA
"St. Vincent and the Grenadines",1980,NA
"St. Vincent and the Grenadines",1981,NA
"St. Vincent and the Grenadines",1982,NA
"St. Vincent and the Grenadines",1983,0.162431985139847
"St. Vincent and the Grenadines",1984,0.162431985139847
"St. Vincent and the Grenadines",1985,0.162431985139847
"St. Vincent and the Grenadines",1986,0.418132960796356
"St. Vincent and the Grenadines",1987,0.418132960796356
"St. Vincent and the Grenadines",1988,0.418132960796356
"St. Vincent and the Grenadines",1989,0.418132960796356
"St. Vincent and the Grenadines",1990,0.418132960796356
"St. Vincent and the Grenadines",1991,0.418132960796356
"St. Vincent and the Grenadines",1992,0.418132960796356
"St. Vincent and the Grenadines",1993,0.418132960796356
"St. Vincent and the Grenadines",1994,0.418132960796356
"St. Vincent and the Grenadines",1995,0.418132960796356
"St. Vincent and the Grenadines",1996,0.162431985139847
"St. Vincent and the Grenadines",1997,0.162431985139847
"St. Vincent and the Grenadines",1998,0.162431985139847
"St. Vincent and the Grenadines",1999,0.162431985139847
"St. Vincent and the Grenadines",2000,0.162431985139847
"St. Vincent and the Grenadines",2001,0.162431985139847
"St. Vincent and the Grenadines",2002,0.162431985139847
"St. Vincent and the Grenadines",2003,0.162431985139847
"St. Vincent and the Grenadines",2004,0.162431985139847
"St. Vincent and the Grenadines",2005,0.162431985139847
"St. Vincent and the Grenadines",2006,0.162431985139847
"St. Vincent and the Grenadines",2007,0.162431985139847
"St. Vincent and the Grenadines",2008,0.162431985139847
"St. Vincent and the Grenadines",2009,0.162431985139847
"St. Vincent and the Grenadines",2010,0.162431985139847
"St. Vincent and the Grenadines",2011,0.162431985139847
"St. Vincent and the Grenadines",2012,0.162431985139847
"St. Vincent and the Grenadines",2013,0.162431985139847
"St. Vincent and the Grenadines",2014,0.162431985139847
"St. Vincent and the Grenadines",2015,0.162431985139847
"St. Vincent and the Grenadines",2016,0.162431985139847
"St. Vincent and the Grenadines",2017,0.162431985139847
"St. Vincent and the Grenadines",2018,0.162431985139847
"St. Vincent and the Grenadines",2019,0.162431985139847
"St. Vincent and the Grenadines",2020,0.162431985139847
"St. Vincent and the Grenadines",2021,0.162431985139847
"St. Vincent and the Grenadines",2022,0.162431985139847
"St. Vincent and the Grenadines",2023,0.162431985139847
"Suriname",1970,0.418132960796356
"Suriname",1971,0.418132960796356
"Suriname",1972,0.418132960796356
"Suriname",1973,0.418132960796356
"Suriname",1974,0.418132960796356
"Suriname",1975,NA
"Suriname",1976,NA
"Suriname",1977,NA
"Suriname",1978,NA
"Suriname",1979,NA
"Suriname",1980,NA
"Suriname",1981,NA
"Suriname",1982,0.418132960796356
"Suriname",1983,0.162431985139847
"Suriname",1984,0.162431985139847
"Suriname",1985,0.162431985139847
"Suriname",1986,0.162431985139847
"Suriname",1987,0.162431985139847
"Suriname",1988,0.162431985139847
"Suriname",1989,0.162431985139847
"Suriname",1990,0.162431985139847
"Suriname",1991,0.162431985139847
"Suriname",1992,0.162431985139847
"Suriname",1993,0
"Suriname",1994,0.162431985139847
"Suriname",1995,0.162431985139847
"Suriname",1996,0.162431985139847
"Suriname",1997,0.162431985139847
"Suriname",1998,0.162431985139847
"Suriname",1999,0
"Suriname",2000,0
"Suriname",2001,0
"Suriname",2002,0
"Suriname",2003,0
"Suriname",2004,0
"Suriname",2005,0
"Suriname",2006,0
"Suriname",2007,0
"Suriname",2008,0
"Suriname",2009,0
"Suriname",2010,0
"Suriname",2011,0
"Suriname",2012,0
"Suriname",2013,0
"Suriname",2014,0
"Suriname",2015,0
"Suriname",2016,0.162431985139847
"Suriname",2017,0.162431985139847
"Suriname",2018,0.162431985139847
"Suriname",2019,0.162431985139847
"Suriname",2020,0.162431985139847
"Suriname",2021,0.162431985139847
"Suriname",2022,0.162431985139847
"Suriname",2023,0.162431985139847
"Trinidad and Tobago",1970,0.418132960796356
"Trinidad and Tobago",1971,0.418132960796356
"Trinidad and Tobago",1972,0.418132960796356
"Trinidad and Tobago",1973,0.418132960796356
"Trinidad and Tobago",1974,0.418132960796356
"Trinidad and Tobago",1975,0.418132960796356
"Trinidad and Tobago",1976,0.418132960796356
"Trinidad and Tobago",1977,0.418132960796356
"Trinidad and Tobago",1978,0.418132960796356
"Trinidad and Tobago",1979,0.418132960796356
"Trinidad and Tobago",1980,0.418132960796356
"Trinidad and Tobago",1981,0.418132960796356
"Trinidad and Tobago",1982,0.162431985139847
"Trinidad and Tobago",1983,0.162431985139847
"Trinidad and Tobago",1984,0.162431985139847
"Trinidad and Tobago",1985,0.162431985139847
"Trinidad and Tobago",1986,0.162431985139847
"Trinidad and Tobago",1987,0.162431985139847
"Trinidad and Tobago",1988,0.162431985139847
"Trinidad and Tobago",1989,0.162431985139847
"Trinidad and Tobago",1990,0.162431985139847
"Trinidad and Tobago",1991,0.162431985139847
"Trinidad and Tobago",1992,0.418132960796356
"Trinidad and Tobago",1993,0.701705813407898
"Trinidad and Tobago",1994,0.761364638805389
"Trinidad and Tobago",1995,0.821023464202881
"Trinidad and Tobago",1996,0.880682289600372
"Trinidad and Tobago",1997,0.940341174602509
"Trinidad and Tobago",1998,1
"Trinidad and Tobago",1999,1
"Trinidad and Tobago",2000,1
"Trinidad and Tobago",2001,1
"Trinidad and Tobago",2002,1
"Trinidad and Tobago",2003,1
"Trinidad and Tobago",2004,1
"Trinidad and Tobago",2005,1
"Trinidad and Tobago",2006,1
"Trinidad and Tobago",2007,1
"Trinidad and Tobago",2008,1
"Trinidad and Tobago",2009,1
"Trinidad and Tobago",2010,1
"Trinidad and Tobago",2011,1
"Trinidad and Tobago",2012,1
"Trinidad and Tobago",2013,1
"Trinidad and Tobago",2014,1
"Trinidad and Tobago",2015,1
"Trinidad and Tobago",2016,1
"Trinidad and Tobago",2017,0.837568044662476
"Trinidad and Tobago",2018,0.837568044662476
"Trinidad and Tobago",2019,0.837568044662476
"Trinidad and Tobago",2020,0.837568044662476
"Trinidad and Tobago",2021,0.777909159660339
"Trinidad and Tobago",2022,0.718250334262848
"Trinidad and Tobago",2023,0.658591508865356
"Bahrain",1970,NA
"Bahrain",1971,NA
"Bahrain",1972,NA
"Bahrain",1973,NA
"Bahrain",1974,NA
"Bahrain",1975,NA
"Bahrain",1976,1
"Bahrain",1977,1
"Bahrain",1978,1
"Bahrain",1979,1
"Bahrain",1980,1
"Bahrain",1981,1
"Bahrain",1982,1
"Bahrain",1983,1
"Bahrain",1984,1
"Bahrain",1985,1
"Bahrain",1986,1
"Bahrain",1987,1
"Bahrain",1988,1
"Bahrain",1989,1
"Bahrain",1990,1
"Bahrain",1991,1
"Bahrain",1992,1
"Bahrain",1993,1
"Bahrain",1994,1
"Bahrain",1995,1
"Bahrain",1996,0.744298994541168
"Bahrain",1997,1
"Bahrain",1998,1
"Bahrain",1999,1
"Bahrain",2000,1
"Bahrain",2001,1
"Bahrain",2002,1
"Bahrain",2003,1
"Bahrain",2004,0.940341174602509
"Bahrain",2005,0.940341174602509
"Bahrain",2006,0.940341174602509
"Bahrain",2007,0.940341174602509
"Bahrain",2008,0.940341174602509
"Bahrain",2009,1
"Bahrain",2010,1
"Bahrain",2011,1
"Bahrain",2012,1
"Bahrain",2013,1
"Bahrain",2014,1
"Bahrain",2015,1
"Bahrain",2016,1
"Bahrain",2017,1
"Bahrain",2018,1
"Bahrain",2019,1
"Bahrain",2020,1
"Bahrain",2021,1
"Bahrain",2022,1
"Bahrain",2023,1
"Cyprus",1970,0.162431985139847
"Cyprus",1971,0.162431985139847
"Cyprus",1972,0.162431985139847
"Cyprus",1973,0.162431985139847
"Cyprus",1974,0.162431985139847
"Cyprus",1975,0.162431985139847
"Cyprus",1976,0.162431985139847
"Cyprus",1977,0.162431985139847
"Cyprus",1978,0.162431985139847
"Cyprus",1979,0.162431985139847
"Cyprus",1980,0.162431985139847
"Cyprus",1981,0.162431985139847
"Cyprus",1982,0.162431985139847
"Cyprus",1983,0.162431985139847
"Cyprus",1984,0.162431985139847
"Cyprus",1985,0.162431985139847
"Cyprus",1986,0.162431985139847
"Cyprus",1987,0.162431985139847
"Cyprus",1988,0.162431985139847
"Cyprus",1989,0.162431985139847
"Cyprus",1990,0.162431985139847
"Cyprus",1991,0.162431985139847
"Cyprus",1992,0.162431985139847
"Cyprus",1993,0.418132960796356
"Cyprus",1994,0.418132960796356
"Cyprus",1995,0.418132960796356
"Cyprus",1996,0.162431985139847
"Cyprus",1997,0.162431985139847
"Cyprus",1998,0.162431985139847
"Cyprus",1999,0.162431985139847
"Cyprus",2000,0.162431985139847
"Cyprus",2001,0.162431985139847
"Cyprus",2002,0.162431985139847
"Cyprus",2003,0.418132960796356
"Cyprus",2004,0.761364638805389
"Cyprus",2005,0.821023464202881
"Cyprus",2006,0.880682289600372
"Cyprus",2007,0.940341174602509
"Cyprus",2008,1
"Cyprus",2009,1
"Cyprus",2010,1
"Cyprus",2011,1
"Cyprus",2012,0.684640169143677
"Cyprus",2013,0.624981343746185
"Cyprus",2014,0.880682289600372
"Cyprus",2015,0.880682289600372
"Cyprus",2016,0.880682289600372
"Cyprus",2017,0.940341174602509
"Cyprus",2018,1
"Cyprus",2019,1
"Cyprus",2020,1
"Cyprus",2021,1
"Cyprus",2022,1
"Cyprus",2023,1
"Iran, Islamic Rep.",1970,0.162431985139847
"Iran, Islamic Rep.",1971,0.162431985139847
"Iran, Islamic Rep.",1972,0.162431985139847
"Iran, Islamic Rep.",1973,0.162431985139847
"Iran, Islamic Rep.",1974,0.598932683467865
"Iran, Islamic Rep.",1975,0.658591508865356
"Iran, Islamic Rep.",1976,0.718250334262848
"Iran, Islamic Rep.",1977,0.777909159660339
"Iran, Islamic Rep.",1978,0.522208213806152
"Iran, Islamic Rep.",1979,0.178976535797119
"Iran, Islamic Rep.",1980,0.281749665737152
"Iran, Islamic Rep.",1981,0.0596588440239429
"Iran, Islamic Rep.",1982,0
"Iran, Islamic Rep.",1983,0
"Iran, Islamic Rep.",1984,0.162431985139847
"Iran, Islamic Rep.",1985,0.162431985139847
"Iran, Islamic Rep.",1986,0.162431985139847
"Iran, Islamic Rep.",1987,0.162431985139847
"Iran, Islamic Rep.",1988,0.162431985139847
"Iran, Islamic Rep.",1989,0.162431985139847
"Iran, Islamic Rep.",1990,0
"Iran, Islamic Rep.",1991,0
"Iran, Islamic Rep.",1992,0
"Iran, Islamic Rep.",1993,0
"Iran, Islamic Rep.",1994,0
"Iran, Islamic Rep.",1995,0
"Iran, Islamic Rep.",1996,0
"Iran, Islamic Rep.",1997,0
"Iran, Islamic Rep.",1998,0
"Iran, Islamic Rep.",1999,0
"Iran, Islamic Rep.",2000,0
"Iran, Islamic Rep.",2001,0.162431985139847
"Iran, Islamic Rep.",2002,0.446004807949066
"Iran, Islamic Rep.",2003,0.446004807949066
"Iran, Islamic Rep.",2004,0.446004807949066
"Iran, Islamic Rep.",2005,0.446004807949066
"Iran, Islamic Rep.",2006,0.446004807949066
"Iran, Islamic Rep.",2007,0.446004807949066
"Iran, Islamic Rep.",2008,0.446004807949066
"Iran, Islamic Rep.",2009,0.446004807949066
"Iran, Islamic Rep.",2010,0.446004807949066
"Iran, Islamic Rep.",2011,0.446004807949066
"Iran, Islamic Rep.",2012,0.283572822809219
"Iran, Islamic Rep.",2013,0.283572822809219
"Iran, Islamic Rep.",2014,0.283572822809219
"Iran, Islamic Rep.",2015,0.283572822809219
"Iran, Islamic Rep.",2016,0.283572822809219
"Iran, Islamic Rep.",2017,0
"Iran, Islamic Rep.",2018,0
"Iran, Islamic Rep.",2019,0
"Iran, Islamic Rep.",2020,0
"Iran, Islamic Rep.",2021,0
"Iran, Islamic Rep.",2022,0
"Iran, Islamic Rep.",2023,0
"Iraq",1970,0
"Iraq",1971,0
"Iraq",1972,0.162431985139847
"Iraq",1973,0.162431985139847
"Iraq",1974,0.162431985139847
"Iraq",1975,0.162431985139847
"Iraq",1976,0.162431985139847
"Iraq",1977,0.162431985139847
"Iraq",1978,0.162431985139847
"Iraq",1979,0.162431985139847
"Iraq",1980,0.162431985139847
"Iraq",1981,0.162431985139847
"Iraq",1982,0.162431985139847
"Iraq",1983,0.162431985139847
"Iraq",1984,0.162431985139847
"Iraq",1985,0.162431985139847
"Iraq",1986,0.162431985139847
"Iraq",1987,0.162431985139847
"Iraq",1988,0.162431985139847
"Iraq",1989,0.162431985139847
"Iraq",1990,0.162431985139847
"Iraq",1991,0.162431985139847
"Iraq",1992,0.162431985139847
"Iraq",1993,0.162431985139847
"Iraq",1994,0.162431985139847
"Iraq",1995,NA
"Iraq",1996,NA
"Iraq",1997,NA
"Iraq",1998,NA
"Iraq",1999,NA
"Iraq",2000,0.162431985139847
"Iraq",2001,0.162431985139847
"Iraq",2002,0.162431985139847
"Iraq",2003,NA
"Iraq",2004,NA
"Iraq",2005,NA
"Iraq",2006,NA
"Iraq",2007,NA
"Iraq",2008,NA
"Iraq",2009,NA
"Iraq",2010,NA
"Iraq",2011,NA
"Iraq",2012,NA
"Iraq",2013,NA
"Iraq",2014,NA
"Iraq",2015,NA
"Iraq",2016,NA
"Iraq",2017,NA
"Iraq",2018,NA
"Iraq",2019,NA
"Iraq",2020,NA
"Iraq",2021,NA
"Iraq",2022,NA
"Iraq",2023,NA
"Israel",1970,0.446004807949066
"Israel",1971,0.446004807949066
"Israel",1972,0.446004807949066
"Israel",1973,0.446004807949066
"Israel",1974,0.446004807949066
"Israel",1975,0.446004807949066
"Israel",1976,0
"Israel",1977,0.418132960796356
"Israel",1978,0.418132960796356
"Israel",1979,0.418132960796356
"Israel",1980,0.418132960796356
"Israel",1981,0.418132960796356
"Israel",1982,0.418132960796356
"Israel",1983,0.418132960796356
"Israel",1984,0.162431985139847
"Israel",1985,0.162431985139847
"Israel",1986,0.162431985139847
"Israel",1987,0.162431985139847
"Israel",1988,0.162431985139847
"Israel",1989,0.162431985139847
"Israel",1990,0.162431985139847
"Israel",1991,0.162431985139847
"Israel",1992,0.162431985139847
"Israel",1993,0.418132960796356
"Israel",1994,0.418132960796356
"Israel",1995,0.418132960796356
"Israel",1996,0.162431985139847
"Israel",1997,0.162431985139847
"Israel",1998,0.222090825438499
"Israel",1999,0.761364638805389
"Israel",2000,0.761364638805389
"Israel",2001,0.761364638805389
"Israel",2002,0.821023464202881
"Israel",2003,0.821023464202881
"Israel",2004,0.880682289600372
"Israel",2005,0.940341174602509
"Israel",2006,1
"Israel",2007,1
"Israel",2008,1
"Israel",2009,1
"Israel",2010,1
"Israel",2011,1
"Israel",2012,1
"Israel",2013,1
"Israel",2014,1
"Israel",2015,1
"Israel",2016,1
"Israel",2017,1
"Israel",2018,1
"Israel",2019,1
"Israel",2020,1
"Israel",2021,1
"Israel",2022,1
"Israel",2023,1
"Jordan",1970,0.162431985139847
"Jordan",1971,0.162431985139847
"Jordan",1972,0.162431985139847
"Jordan",1973,0.162431985139847
"Jordan",1974,0.162431985139847
"Jordan",1975,0.162431985139847
"Jordan",1976,0.162431985139847
"Jordan",1977,0.162431985139847
"Jordan",1978,0.162431985139847
"Jordan",1979,0.418132960796356
"Jordan",1980,0.418132960796356
"Jordan",1981,0.418132960796356
"Jordan",1982,0.418132960796356
"Jordan",1983,0.418132960796356
"Jordan",1984,0.418132960796356
"Jordan",1985,0.418132960796356
"Jordan",1986,0.418132960796356
"Jordan",1987,0.162431985139847
"Jordan",1988,0.162431985139847
"Jordan",1989,0.162431985139847
"Jordan",1990,0.162431985139847
"Jordan",1991,0.162431985139847
"Jordan",1992,0.162431985139847
"Jordan",1993,0.162431985139847
"Jordan",1994,0.162431985139847
"Jordan",1995,0.446004807949066
"Jordan",1996,0.446004807949066
"Jordan",1997,0.761364638805389
"Jordan",1998,0.821023464202881
"Jordan",1999,0.880682289600372
"Jordan",2000,0.940341174602509
"Jordan",2001,1
"Jordan",2002,1
"Jordan",2003,1
"Jordan",2004,1
"Jordan",2005,1
"Jordan",2006,1
"Jordan",2007,1
"Jordan",2008,1
"Jordan",2009,1
"Jordan",2010,1
"Jordan",2011,1
"Jordan",2012,1
"Jordan",2013,1
"Jordan",2014,1
"Jordan",2015,1
"Jordan",2016,1
"Jordan",2017,1
"Jordan",2018,1
"Jordan",2019,1
"Jordan",2020,1
"Jordan",2021,1
"Jordan",2022,1
"Jordan",2023,1
"Kuwait",1970,0.837568044662476
"Kuwait",1971,1
"Kuwait",1972,1
"Kuwait",1973,1
"Kuwait",1974,1
"Kuwait",1975,1
"Kuwait",1976,1
"Kuwait",1977,1
"Kuwait",1978,1
"Kuwait",1979,1
"Kuwait",1980,1
"Kuwait",1981,1
"Kuwait",1982,1
"Kuwait",1983,1
"Kuwait",1984,1
"Kuwait",1985,1
"Kuwait",1986,1
"Kuwait",1987,1
"Kuwait",1988,1
"Kuwait",1989,1
"Kuwait",1990,1
"Kuwait",1991,1
"Kuwait",1992,1
"Kuwait",1993,1
"Kuwait",1994,1
"Kuwait",1995,1
"Kuwait",1996,0.940341174602509
"Kuwait",1997,0.880682289600372
"Kuwait",1998,0.821023464202881
"Kuwait",1999,0.761364638805389
"Kuwait",2000,0.701705813407898
"Kuwait",2001,0.701705813407898
"Kuwait",2002,0.701705813407898
"Kuwait",2003,0.701705813407898
"Kuwait",2004,0.701705813407898
"Kuwait",2005,0.701705813407898
"Kuwait",2006,0.701705813407898
"Kuwait",2007,0.701705813407898
"Kuwait",2008,0.701705813407898
"Kuwait",2009,0.701705813407898
"Kuwait",2010,0.701705813407898
"Kuwait",2011,0.701705813407898
"Kuwait",2012,0.701705813407898
"Kuwait",2013,0.701705813407898
"Kuwait",2014,0.701705813407898
"Kuwait",2015,0.701705813407898
"Kuwait",2016,0.701705813407898
"Kuwait",2017,0.701705813407898
"Kuwait",2018,0.701705813407898
"Kuwait",2019,0.701705813407898
"Kuwait",2020,0.701705813407898
"Kuwait",2021,0.701705813407898
"Kuwait",2022,0.701705813407898
"Kuwait",2023,0.701705813407898
"Lebanon",1970,1
"Lebanon",1971,1
"Lebanon",1972,1
"Lebanon",1973,1
"Lebanon",1974,1
"Lebanon",1975,1
"Lebanon",1976,1
"Lebanon",1977,1
"Lebanon",1978,1
"Lebanon",1979,1
"Lebanon",1980,1
"Lebanon",1981,1
"Lebanon",1982,1
"Lebanon",1983,1
"Lebanon",1984,1
"Lebanon",1985,1
"Lebanon",1986,1
"Lebanon",1987,1
"Lebanon",1988,1
"Lebanon",1989,1
"Lebanon",1990,1
"Lebanon",1991,1
"Lebanon",1992,1
"Lebanon",1993,1
"Lebanon",1994,1
"Lebanon",1995,1
"Lebanon",1996,1
"Lebanon",1997,0.940341174602509
"Lebanon",1998,0.880682289600372
"Lebanon",1999,0.821023464202881
"Lebanon",2000,0.761364638805389
"Lebanon",2001,0.446004807949066
"Lebanon",2002,0.701705813407898
"Lebanon",2003,0.701705813407898
"Lebanon",2004,0.701705813407898
"Lebanon",2005,0.701705813407898
"Lebanon",2006,0.701705813407898
"Lebanon",2007,0.701705813407898
"Lebanon",2008,0.701705813407898
"Lebanon",2009,0.701705813407898
"Lebanon",2010,0.701705813407898
"Lebanon",2011,0.701705813407898
"Lebanon",2012,0.701705813407898
"Lebanon",2013,0.701705813407898
"Lebanon",2014,0.701705813407898
"Lebanon",2015,0.446004807949066
"Lebanon",2016,0.446004807949066
"Lebanon",2017,0.446004807949066
"Lebanon",2018,0.446004807949066
"Lebanon",2019,0.446004807949066
"Lebanon",2020,0.446004807949066
"Lebanon",2021,0.446004807949066
"Lebanon",2022,0.446004807949066
"Lebanon",2023,0.446004807949066
"Oman",1970,NA
"Oman",1971,NA
"Oman",1972,NA
"Oman",1973,NA
"Oman",1974,NA
"Oman",1975,NA
"Oman",1976,NA
"Oman",1977,1
"Oman",1978,1
"Oman",1979,1
"Oman",1980,1
"Oman",1981,1
"Oman",1982,1
"Oman",1983,1
"Oman",1984,1
"Oman",1985,1
"Oman",1986,1
"Oman",1987,1
"Oman",1988,1
"Oman",1989,1
"Oman",1990,1
"Oman",1991,1
"Oman",1992,1
"Oman",1993,1
"Oman",1994,1
"Oman",1995,1
"Oman",1996,0.744298994541168
"Oman",1997,0.744298994541168
"Oman",1998,0.744298994541168
"Oman",1999,0.744298994541168
"Oman",2000,0.744298994541168
"Oman",2001,0.744298994541168
"Oman",2002,0.744298994541168
"Oman",2003,1
"Oman",2004,1
"Oman",2005,1
"Oman",2006,1
"Oman",2007,1
"Oman",2008,1
"Oman",2009,1
"Oman",2010,1
"Oman",2011,1
"Oman",2012,1
"Oman",2013,1
"Oman",2014,1
"Oman",2015,1
"Oman",2016,1
"Oman",2017,1
"Oman",2018,1
"Oman",2019,1
"Oman",2020,1
"Oman",2021,0.940341174602509
"Oman",2022,0.880682289600372
"Oman",2023,0.821023464202881
"Qatar",1970,NA
"Qatar",1971,NA
"Qatar",1972,NA
"Qatar",1973,NA
"Qatar",1974,NA
"Qatar",1975,NA
"Qatar",1976,1
"Qatar",1977,1
"Qatar",1978,1
"Qatar",1979,1
"Qatar",1980,1
"Qatar",1981,1
"Qatar",1982,1
"Qatar",1983,1
"Qatar",1984,1
"Qatar",1985,1
"Qatar",1986,1
"Qatar",1987,1
"Qatar",1988,1
"Qatar",1989,1
"Qatar",1990,1
"Qatar",1991,1
"Qatar",1992,1
"Qatar",1993,1
"Qatar",1994,1
"Qatar",1995,1
"Qatar",1996,1
"Qatar",1997,1
"Qatar",1998,1
"Qatar",1999,1
"Qatar",2000,1
"Qatar",2001,1
"Qatar",2002,1
"Qatar",2003,1
"Qatar",2004,1
"Qatar",2005,1
"Qatar",2006,1
"Qatar",2007,1
"Qatar",2008,1
"Qatar",2009,1
"Qatar",2010,1
"Qatar",2011,1
"Qatar",2012,1
"Qatar",2013,1
"Qatar",2014,1
"Qatar",2015,1
"Qatar",2016,1
"Qatar",2017,1
"Qatar",2018,1
"Qatar",2019,1
"Qatar",2020,1
"Qatar",2021,1
"Qatar",2022,1
"Qatar",2023,1
"Saudi Arabia",1970,1
"Saudi Arabia",1971,1
"Saudi Arabia",1972,1
"Saudi Arabia",1973,1
"Saudi Arabia",1974,1
"Saudi Arabia",1975,1
"Saudi Arabia",1976,1
"Saudi Arabia",1977,1
"Saudi Arabia",1978,1
"Saudi Arabia",1979,1
"Saudi Arabia",1980,1
"Saudi Arabia",1981,1
"Saudi Arabia",1982,1
"Saudi Arabia",1983,1
"Saudi Arabia",1984,1
"Saudi Arabia",1985,1
"Saudi Arabia",1986,1
"Saudi Arabia",1987,1
"Saudi Arabia",1988,1
"Saudi Arabia",1989,1
"Saudi Arabia",1990,1
"Saudi Arabia",1991,1
"Saudi Arabia",1992,1
"Saudi Arabia",1993,1
"Saudi Arabia",1994,1
"Saudi Arabia",1995,1
"Saudi Arabia",1996,0.940341174602509
"Saudi Arabia",1997,0.880682289600372
"Saudi Arabia",1998,0.821023464202881
"Saudi Arabia",1999,0.761364638805389
"Saudi Arabia",2000,0.701705813407898
"Saudi Arabia",2001,0.701705813407898
"Saudi Arabia",2002,0.701705813407898
"Saudi Arabia",2003,0.701705813407898
"Saudi Arabia",2004,0.701705813407898
"Saudi Arabia",2005,0.701705813407898
"Saudi Arabia",2006,0.701705813407898
"Saudi Arabia",2007,0.701705813407898
"Saudi Arabia",2008,0.701705813407898
"Saudi Arabia",2009,0.701705813407898
"Saudi Arabia",2010,0.701705813407898
"Saudi Arabia",2011,0.701705813407898
"Saudi Arabia",2012,0.701705813407898
"Saudi Arabia",2013,0.701705813407898
"Saudi Arabia",2014,0.701705813407898
"Saudi Arabia",2015,0.701705813407898
"Saudi Arabia",2016,0.701705813407898
"Saudi Arabia",2017,0.701705813407898
"Saudi Arabia",2018,0.701705813407898
"Saudi Arabia",2019,0.701705813407898
"Saudi Arabia",2020,0.701705813407898
"Saudi Arabia",2021,0.701705813407898
"Saudi Arabia",2022,0.701705813407898
"Saudi Arabia",2023,0.701705813407898
"Syrian Arab Republic",1970,0
"Syrian Arab Republic",1971,0
"Syrian Arab Republic",1972,0
"Syrian Arab Republic",1973,0.162431985139847
"Syrian Arab Republic",1974,0.162431985139847
"Syrian Arab Republic",1975,0
"Syrian Arab Republic",1976,0
"Syrian Arab Republic",1977,0
"Syrian Arab Republic",1978,0.162431985139847
"Syrian Arab Republic",1979,0
"Syrian Arab Republic",1980,0
"Syrian Arab Republic",1981,0
"Syrian Arab Republic",1982,0
"Syrian Arab Republic",1983,0
"Syrian Arab Republic",1984,0
"Syrian Arab Republic",1985,0
"Syrian Arab Republic",1986,0
"Syrian Arab Republic",1987,0
"Syrian Arab Republic",1988,0
"Syrian Arab Republic",1989,0
"Syrian Arab Republic",1990,0
"Syrian Arab Republic",1991,0
"Syrian Arab Republic",1992,0
"Syrian Arab Republic",1993,0
"Syrian Arab Republic",1994,0
"Syrian Arab Republic",1995,0
"Syrian Arab Republic",1996,0
"Syrian Arab Republic",1997,0
"Syrian Arab Republic",1998,0
"Syrian Arab Republic",1999,0
"Syrian Arab Republic",2000,0
"Syrian Arab Republic",2001,0
"Syrian Arab Republic",2002,0
"Syrian Arab Republic",2003,0
"Syrian Arab Republic",2004,0
"Syrian Arab Republic",2005,0
"Syrian Arab Republic",2006,0
"Syrian Arab Republic",2007,0
"Syrian Arab Republic",2008,0
"Syrian Arab Republic",2009,0
"Syrian Arab Republic",2010,0
"Syrian Arab Republic",2011,0
"Syrian Arab Republic",2012,0
"Syrian Arab Republic",2013,0
"Syrian Arab Republic",2014,0
"Syrian Arab Republic",2015,0
"Syrian Arab Republic",2016,0
"Syrian Arab Republic",2017,0
"Syrian Arab Republic",2018,0
"Syrian Arab Republic",2019,0
"Syrian Arab Republic",2020,0
"Syrian Arab Republic",2021,0
"Syrian Arab Republic",2022,0
"Syrian Arab Republic",2023,0
"United Arab Emirates",1970,NA
"United Arab Emirates",1971,NA
"United Arab Emirates",1972,NA
"United Arab Emirates",1973,NA
"United Arab Emirates",1974,NA
"United Arab Emirates",1975,NA
"United Arab Emirates",1976,1
"United Arab Emirates",1977,1
"United Arab Emirates",1978,1
"United Arab Emirates",1979,1
"United Arab Emirates",1980,1
"United Arab Emirates",1981,1
"United Arab Emirates",1982,1
"United Arab Emirates",1983,1
"United Arab Emirates",1984,1
"United Arab Emirates",1985,1
"United Arab Emirates",1986,1
"United Arab Emirates",1987,1
"United Arab Emirates",1988,1
"United Arab Emirates",1989,1
"United Arab Emirates",1990,1
"United Arab Emirates",1991,1
"United Arab Emirates",1992,1
"United Arab Emirates",1993,1
"United Arab Emirates",1994,1
"United Arab Emirates",1995,1
"United Arab Emirates",1996,1
"United Arab Emirates",1997,1
"United Arab Emirates",1998,1
"United Arab Emirates",1999,1
"United Arab Emirates",2000,1
"United Arab Emirates",2001,1
"United Arab Emirates",2002,1
"United Arab Emirates",2003,1
"United Arab Emirates",2004,1
"United Arab Emirates",2005,1
"United Arab Emirates",2006,1
"United Arab Emirates",2007,1
"United Arab Emirates",2008,1
"United Arab Emirates",2009,1
"United Arab Emirates",2010,1
"United Arab Emirates",2011,1
"United Arab Emirates",2012,1
"United Arab Emirates",2013,1
"United Arab Emirates",2014,1
"United Arab Emirates",2015,1
"United Arab Emirates",2016,1
"United Arab Emirates",2017,1
"United Arab Emirates",2018,1
"United Arab Emirates",2019,1
"United Arab Emirates",2020,1
"United Arab Emirates",2021,1
"United Arab Emirates",2022,1
"United Arab Emirates",2023,1
"Egypt, Arab Rep.",1970,0
"Egypt, Arab Rep.",1971,0
"Egypt, Arab Rep.",1972,0
"Egypt, Arab Rep.",1973,0
"Egypt, Arab Rep.",1974,0
"Egypt, Arab Rep.",1975,0
"Egypt, Arab Rep.",1976,0
"Egypt, Arab Rep.",1977,0
"Egypt, Arab Rep.",1978,0
"Egypt, Arab Rep.",1979,0
"Egypt, Arab Rep.",1980,0
"Egypt, Arab Rep.",1981,0
"Egypt, Arab Rep.",1982,0
"Egypt, Arab Rep.",1983,0
"Egypt, Arab Rep.",1984,0
"Egypt, Arab Rep.",1985,0
"Egypt, Arab Rep.",1986,0
"Egypt, Arab Rep.",1987,0
"Egypt, Arab Rep.",1988,0
"Egypt, Arab Rep.",1989,0
"Egypt, Arab Rep.",1990,0
"Egypt, Arab Rep.",1991,0
"Egypt, Arab Rep.",1992,0
"Egypt, Arab Rep.",1993,0
"Egypt, Arab Rep.",1994,0.283572822809219
"Egypt, Arab Rep.",1995,0.283572822809219
"Egypt, Arab Rep.",1996,0.598932683467865
"Egypt, Arab Rep.",1997,0.658591508865356
"Egypt, Arab Rep.",1998,0.718250334262848
"Egypt, Arab Rep.",1999,0.777909159660339
"Egypt, Arab Rep.",2000,0.837568044662476
"Egypt, Arab Rep.",2001,1
"Egypt, Arab Rep.",2002,1
"Egypt, Arab Rep.",2003,0.716427206993103
"Egypt, Arab Rep.",2004,1
"Egypt, Arab Rep.",2005,1
"Egypt, Arab Rep.",2006,1
"Egypt, Arab Rep.",2007,1
"Egypt, Arab Rep.",2008,1
"Egypt, Arab Rep.",2009,0.940341174602509
"Egypt, Arab Rep.",2010,0.880682289600372
"Egypt, Arab Rep.",2011,0.821023464202881
"Egypt, Arab Rep.",2012,0.505663633346558
"Egypt, Arab Rep.",2013,0.162431985139847
"Egypt, Arab Rep.",2014,0.162431985139847
"Egypt, Arab Rep.",2015,0.162431985139847
"Egypt, Arab Rep.",2016,0.162431985139847
"Egypt, Arab Rep.",2017,0.418132960796356
"Egypt, Arab Rep.",2018,0.418132960796356
"Egypt, Arab Rep.",2019,0.418132960796356
"Egypt, Arab Rep.",2020,0.418132960796356
"Egypt, Arab Rep.",2021,0.418132960796356
"Egypt, Arab Rep.",2022,0.418132960796356
"Egypt, Arab Rep.",2023,0.418132960796356
"Yemen, Rep.",1970,NA
"Yemen, Rep.",1971,NA
"Yemen, Rep.",1972,NA
"Yemen, Rep.",1973,NA
"Yemen, Rep.",1974,NA
"Yemen, Rep.",1975,NA
"Yemen, Rep.",1976,NA
"Yemen, Rep.",1977,NA
"Yemen, Rep.",1978,NA
"Yemen, Rep.",1979,NA
"Yemen, Rep.",1980,NA
"Yemen, Rep.",1981,NA
"Yemen, Rep.",1982,NA
"Yemen, Rep.",1983,NA
"Yemen, Rep.",1984,NA
"Yemen, Rep.",1985,NA
"Yemen, Rep.",1986,NA
"Yemen, Rep.",1987,NA
"Yemen, Rep.",1988,NA
"Yemen, Rep.",1989,NA
"Yemen, Rep.",1990,NA
"Yemen, Rep.",1991,NA
"Yemen, Rep.",1992,NA
"Yemen, Rep.",1993,NA
"Yemen, Rep.",1994,NA
"Yemen, Rep.",1995,0.283572822809219
"Yemen, Rep.",1996,0.761364638805389
"Yemen, Rep.",1997,0.821023464202881
"Yemen, Rep.",1998,0.880682289600372
"Yemen, Rep.",1999,0.940341174602509
"Yemen, Rep.",2000,1
"Yemen, Rep.",2001,NA
"Yemen, Rep.",2002,1
"Yemen, Rep.",2003,1
"Yemen, Rep.",2004,1
"Yemen, Rep.",2005,1
"Yemen, Rep.",2006,1
"Yemen, Rep.",2007,1
"Yemen, Rep.",2008,1
"Yemen, Rep.",2009,1
"Yemen, Rep.",2010,1
"Yemen, Rep.",2011,1
"Yemen, Rep.",2012,1
"Yemen, Rep.",2013,1
"Yemen, Rep.",2014,1
"Yemen, Rep.",2015,1
"Yemen, Rep.",2016,1
"Yemen, Rep.",2017,1
"Yemen, Rep.",2018,1
"Yemen, Rep.",2019,1
"Yemen, Rep.",2020,1
"Yemen, Rep.",2021,1
"Yemen, Rep.",2022,1
"Yemen, Rep.",2023,1
"Afghanistan",1970,0.553995192050934
"Afghanistan",1971,0.553995192050934
"Afghanistan",1972,0.553995192050934
"Afghanistan",1973,0.553995192050934
"Afghanistan",1974,0.238635376095772
"Afghanistan",1975,0.178976535797119
"Afghanistan",1976,0.119317688047886
"Afghanistan",1977,0.315359830856323
"Afghanistan",1978,0
"Afghanistan",1979,0.162431985139847
"Afghanistan",1980,0.162431985139847
"Afghanistan",1981,0.162431985139847
"Afghanistan",1982,0
"Afghanistan",1983,0
"Afghanistan",1984,0
"Afghanistan",1985,0
"Afghanistan",1986,0
"Afghanistan",1987,0
"Afghanistan",1988,0
"Afghanistan",1989,0
"Afghanistan",1990,0
"Afghanistan",1991,0
"Afghanistan",1992,0
"Afghanistan",1993,0
"Afghanistan",1994,0
"Afghanistan",1995,NA
"Afghanistan",1996,NA
"Afghanistan",1997,NA
"Afghanistan",1998,NA
"Afghanistan",1999,NA
"Afghanistan",2000,0
"Afghanistan",2001,NA
"Afghanistan",2002,NA
"Afghanistan",2003,NA
"Afghanistan",2004,NA
"Afghanistan",2005,NA
"Afghanistan",2006,NA
"Afghanistan",2007,NA
"Afghanistan",2008,NA
"Afghanistan",2009,NA
"Afghanistan",2010,NA
"Afghanistan",2011,NA
"Afghanistan",2012,NA
"Afghanistan",2013,NA
"Afghanistan",2014,NA
"Afghanistan",2015,NA
"Afghanistan",2016,NA
"Afghanistan",2017,NA
"Afghanistan",2018,NA
"Afghanistan",2019,NA
"Afghanistan",2020,NA
"Afghanistan",2021,NA
"Afghanistan",2022,NA
"Afghanistan",2023,NA
"Bangladesh",1970,NA
"Bangladesh",1971,NA
"Bangladesh",1972,NA
"Bangladesh",1973,NA
"Bangladesh",1974,NA
"Bangladesh",1975,NA
"Bangladesh",1976,0
"Bangladesh",1977,0
"Bangladesh",1978,0
"Bangladesh",1979,0
"Bangladesh",1980,0
"Bangladesh",1981,0
"Bangladesh",1982,0
"Bangladesh",1983,0
"Bangladesh",1984,0
"Bangladesh",1985,0
"Bangladesh",1986,0
"Bangladesh",1987,0
"Bangladesh",1988,0
"Bangladesh",1989,0
"Bangladesh",1990,0
"Bangladesh",1991,0
"Bangladesh",1992,0.162431985139847
"Bangladesh",1993,0.162431985139847
"Bangladesh",1994,0.418132960796356
"Bangladesh",1995,0.418132960796356
"Bangladesh",1996,0.162431985139847
"Bangladesh",1997,0.162431985139847
"Bangladesh",1998,0.162431985139847
"Bangladesh",1999,0.162431985139847
"Bangladesh",2000,0.162431985139847
"Bangladesh",2001,0.162431985139847
"Bangladesh",2002,0.162431985139847
"Bangladesh",2003,0.162431985139847
"Bangladesh",2004,0.162431985139847
"Bangladesh",2005,0.162431985139847
"Bangladesh",2006,0.162431985139847
"Bangladesh",2007,0.162431985139847
"Bangladesh",2008,0.162431985139847
"Bangladesh",2009,0.162431985139847
"Bangladesh",2010,0.162431985139847
"Bangladesh",2011,0.162431985139847
"Bangladesh",2012,0.162431985139847
"Bangladesh",2013,0.162431985139847
"Bangladesh",2014,0.162431985139847
"Bangladesh",2015,0.162431985139847
"Bangladesh",2016,0.162431985139847
"Bangladesh",2017,0.162431985139847
"Bangladesh",2018,0.162431985139847
"Bangladesh",2019,0.162431985139847
"Bangladesh",2020,0.162431985139847
"Bangladesh",2021,0.162431985139847
"Bangladesh",2022,0.162431985139847
"Bangladesh",2023,0.162431985139847
"Bhutan",1970,NA
"Bhutan",1971,NA
"Bhutan",1972,NA
"Bhutan",1973,NA
"Bhutan",1974,NA
"Bhutan",1975,NA
"Bhutan",1976,NA
"Bhutan",1977,NA
"Bhutan",1978,NA
"Bhutan",1979,NA
"Bhutan",1980,NA
"Bhutan",1981,NA
"Bhutan",1982,NA
"Bhutan",1983,NA
"Bhutan",1984,NA
"Bhutan",1985,0.162431985139847
"Bhutan",1986,0.162431985139847
"Bhutan",1987,0.162431985139847
"Bhutan",1988,0.162431985139847
"Bhutan",1989,0.162431985139847
"Bhutan",1990,0.162431985139847
"Bhutan",1991,0.162431985139847
"Bhutan",1992,0.162431985139847
"Bhutan",1993,0.162431985139847
"Bhutan",1994,0.162431985139847
"Bhutan",1995,0.162431985139847
"Bhutan",1996,0.162431985139847
"Bhutan",1997,0.162431985139847
"Bhutan",1998,0.162431985139847
"Bhutan",1999,0.162431985139847
"Bhutan",2000,0.162431985139847
"Bhutan",2001,0.162431985139847
"Bhutan",2002,0.162431985139847
"Bhutan",2003,0.162431985139847
"Bhutan",2004,0.162431985139847
"Bhutan",2005,0.162431985139847
"Bhutan",2006,0.162431985139847
"Bhutan",2007,0.162431985139847
"Bhutan",2008,0.162431985139847
"Bhutan",2009,0.162431985139847
"Bhutan",2010,0.162431985139847
"Bhutan",2011,0.162431985139847
"Bhutan",2012,0.162431985139847
"Bhutan",2013,0.162431985139847
"Bhutan",2014,0.162431985139847
"Bhutan",2015,0.162431985139847
"Bhutan",2016,0.162431985139847
"Bhutan",2017,0.162431985139847
"Bhutan",2018,0.162431985139847
"Bhutan",2019,0.162431985139847
"Bhutan",2020,0.162431985139847
"Bhutan",2021,0.162431985139847
"Bhutan",2022,0.162431985139847
"Bhutan",2023,0.162431985139847
"Myanmar",1970,0.162431985139847
"Myanmar",1971,0.162431985139847
"Myanmar",1972,0.162431985139847
"Myanmar",1973,0.162431985139847
"Myanmar",1974,0.162431985139847
"Myanmar",1975,0.162431985139847
"Myanmar",1976,0.162431985139847
"Myanmar",1977,0.162431985139847
"Myanmar",1978,0.162431985139847
"Myanmar",1979,0.162431985139847
"Myanmar",1980,0.162431985139847
"Myanmar",1981,0.162431985139847
"Myanmar",1982,0.162431985139847
"Myanmar",1983,0.162431985139847
"Myanmar",1984,0.162431985139847
"Myanmar",1985,0.162431985139847
"Myanmar",1986,0.162431985139847
"Myanmar",1987,0.162431985139847
"Myanmar",1988,0.162431985139847
"Myanmar",1989,0.162431985139847
"Myanmar",1990,0.162431985139847
"Myanmar",1991,0.162431985139847
"Myanmar",1992,0.162431985139847
"Myanmar",1993,0.162431985139847
"Myanmar",1994,0.162431985139847
"Myanmar",1995,0.162431985139847
"Myanmar",1996,0
"Myanmar",1997,0
"Myanmar",1998,0
"Myanmar",1999,0
"Myanmar",2000,0
"Myanmar",2001,0
"Myanmar",2002,0
"Myanmar",2003,0
"Myanmar",2004,0
"Myanmar",2005,0
"Myanmar",2006,0
"Myanmar",2007,0
"Myanmar",2008,0
"Myanmar",2009,0
"Myanmar",2010,0
"Myanmar",2011,0
"Myanmar",2012,0
"Myanmar",2013,0
"Myanmar",2014,0
"Myanmar",2015,0
"Myanmar",2016,0
"Myanmar",2017,0
"Myanmar",2018,0
"Myanmar",2019,0
"Myanmar",2020,0.162431985139847
"Myanmar",2021,0.162431985139847
"Myanmar",2022,0.162431985139847
"Myanmar",2023,0.162431985139847
"Cambodia",1970,NA
"Cambodia",1971,NA
"Cambodia",1972,NA
"Cambodia",1973,0
"Cambodia",1974,0
"Cambodia",1975,NA
"Cambodia",1976,NA
"Cambodia",1977,NA
"Cambodia",1978,NA
"Cambodia",1979,NA
"Cambodia",1980,NA
"Cambodia",1981,NA
"Cambodia",1982,NA
"Cambodia",1983,NA
"Cambodia",1984,NA
"Cambodia",1985,NA
"Cambodia",1986,NA
"Cambodia",1987,NA
"Cambodia",1988,NA
"Cambodia",1989,NA
"Cambodia",1990,NA
"Cambodia",1991,NA
"Cambodia",1992,NA
"Cambodia",1993,NA
"Cambodia",1994,NA
"Cambodia",1995,0.418132960796356
"Cambodia",1996,0
"Cambodia",1997,0
"Cambodia",1998,0
"Cambodia",1999,0
"Cambodia",2000,0
"Cambodia",2001,0.315359830856323
"Cambodia",2002,0.375018686056137
"Cambodia",2003,0.434677541255951
"Cambodia",2004,0.494336366653442
"Cambodia",2005,0.553995192050934
"Cambodia",2006,0.716427206993103
"Cambodia",2007,0.716427206993103
"Cambodia",2008,0.716427206993103
"Cambodia",2009,0.716427206993103
"Cambodia",2010,0.716427206993103
"Cambodia",2011,0.716427206993103
"Cambodia",2012,0.716427206993103
"Cambodia",2013,0.716427206993103
"Cambodia",2014,0.716427206993103
"Cambodia",2015,1
"Cambodia",2016,1
"Cambodia",2017,1
"Cambodia",2018,1
"Cambodia",2019,1
"Cambodia",2020,1
"Cambodia",2021,1
"Cambodia",2022,1
"Cambodia",2023,1
"Sri Lanka",1970,0
"Sri Lanka",1971,0
"Sri Lanka",1972,0
"Sri Lanka",1973,0
"Sri Lanka",1974,0
"Sri Lanka",1975,0
"Sri Lanka",1976,0
"Sri Lanka",1977,0.162431985139847
"Sri Lanka",1978,0.418132960796356
"Sri Lanka",1979,0.418132960796356
"Sri Lanka",1980,0.162431985139847
"Sri Lanka",1981,0.162431985139847
"Sri Lanka",1982,0.162431985139847
"Sri Lanka",1983,0.162431985139847
"Sri Lanka",1984,0.162431985139847
"Sri Lanka",1985,0.162431985139847
"Sri Lanka",1986,0.162431985139847
"Sri Lanka",1987,0.162431985139847
"Sri Lanka",1988,0.162431985139847
"Sri Lanka",1989,0.162431985139847
"Sri Lanka",1990,0.162431985139847
"Sri Lanka",1991,0.162431985139847
"Sri Lanka",1992,0.701705813407898
"Sri Lanka",1993,0.701705813407898
"Sri Lanka",1994,0.701705813407898
"Sri Lanka",1995,0.701705813407898
"Sri Lanka",1996,0.446004807949066
"Sri Lanka",1997,0.446004807949066
"Sri Lanka",1998,0.446004807949066
"Sri Lanka",1999,0.446004807949066
"Sri Lanka",2000,0.446004807949066
"Sri Lanka",2001,0.446004807949066
"Sri Lanka",2002,0.446004807949066
"Sri Lanka",2003,0.446004807949066
"Sri Lanka",2004,0.446004807949066
"Sri Lanka",2005,0.446004807949066
"Sri Lanka",2006,0.446004807949066
"Sri Lanka",2007,0.446004807949066
"Sri Lanka",2008,0.446004807949066
"Sri Lanka",2009,0.446004807949066
"Sri Lanka",2010,0.446004807949066
"Sri Lanka",2011,0.446004807949066
"Sri Lanka",2012,0.446004807949066
"Sri Lanka",2013,0.162431985139847
"Sri Lanka",2014,0.162431985139847
"Sri Lanka",2015,0.162431985139847
"Sri Lanka",2016,0.162431985139847
"Sri Lanka",2017,0.162431985139847
"Sri Lanka",2018,0.162431985139847
"Sri Lanka",2019,0.162431985139847
"Sri Lanka",2020,0.162431985139847
"Sri Lanka",2021,0.162431985139847
"Sri Lanka",2022,0.162431985139847
"Sri Lanka",2023,0
"Hong Kong, China",1970,0.837568044662476
"Hong Kong, China",1971,0.716427206993103
"Hong Kong, China",1972,1
"Hong Kong, China",1973,1
"Hong Kong, China",1974,1
"Hong Kong, China",1975,1
"Hong Kong, China",1976,1
"Hong Kong, China",1977,1
"Hong Kong, China",1978,1
"Hong Kong, China",1979,1
"Hong Kong, China",1980,1
"Hong Kong, China",1981,1
"Hong Kong, China",1982,1
"Hong Kong, China",1983,1
"Hong Kong, China",1984,1
"Hong Kong, China",1985,1
"Hong Kong, China",1986,1
"Hong Kong, China",1987,1
"Hong Kong, China",1988,1
"Hong Kong, China",1989,1
"Hong Kong, China",1990,1
"Hong Kong, China",1991,1
"Hong Kong, China",1992,1
"Hong Kong, China",1993,1
"Hong Kong, China",1994,1
"Hong Kong, China",1995,1
"Hong Kong, China",1996,1
"Hong Kong, China",1997,1
"Hong Kong, China",1998,1
"Hong Kong, China",1999,1
"Hong Kong, China",2000,1
"Hong Kong, China",2001,1
"Hong Kong, China",2002,1
"Hong Kong, China",2003,1
"Hong Kong, China",2004,1
"Hong Kong, China",2005,1
"Hong Kong, China",2006,1
"Hong Kong, China",2007,1
"Hong Kong, China",2008,1
"Hong Kong, China",2009,1
"Hong Kong, China",2010,1
"Hong Kong, China",2011,1
"Hong Kong, China",2012,1
"Hong Kong, China",2013,1
"Hong Kong, China",2014,1
"Hong Kong, China",2015,1
"Hong Kong, China",2016,1
"Hong Kong, China",2017,1
"Hong Kong, China",2018,1
"Hong Kong, China",2019,1
"Hong Kong, China",2020,1
"Hong Kong, China",2021,1
"Hong Kong, China",2022,1
"Hong Kong, China",2023,1
"India",1970,0.162431985139847
"India",1971,0.162431985139847
"India",1972,0.162431985139847
"India",1973,0.162431985139847
"India",1974,0.162431985139847
"India",1975,0.162431985139847
"India",1976,0.162431985139847
"India",1977,0.162431985139847
"India",1978,0.162431985139847
"India",1979,0.162431985139847
"India",1980,0.162431985139847
"India",1981,0.162431985139847
"India",1982,0.162431985139847
"India",1983,0.162431985139847
"India",1984,0.162431985139847
"India",1985,0.162431985139847
"India",1986,0.162431985139847
"India",1987,0.162431985139847
"India",1988,0.162431985139847
"India",1989,0.162431985139847
"India",1990,0.162431985139847
"India",1991,0.162431985139847
"India",1992,0.162431985139847
"India",1993,0.162431985139847
"India",1994,0.162431985139847
"India",1995,0.162431985139847
"India",1996,0.162431985139847
"India",1997,0.162431985139847
"India",1998,0.162431985139847
"India",1999,0.162431985139847
"India",2000,0.162431985139847
"India",2001,0.162431985139847
"India",2002,0.162431985139847
"India",2003,0.162431985139847
"India",2004,0.162431985139847
"India",2005,0.162431985139847
"India",2006,0.162431985139847
"India",2007,0.162431985139847
"India",2008,0.162431985139847
"India",2009,0.162431985139847
"India",2010,0.162431985139847
"India",2011,0.162431985139847
"India",2012,0.162431985139847
"India",2013,0.162431985139847
"India",2014,0.162431985139847
"India",2015,0.162431985139847
"India",2016,0.162431985139847
"India",2017,0.162431985139847
"India",2018,0.162431985139847
"India",2019,0.162431985139847
"India",2020,0.162431985139847
"India",2021,0.162431985139847
"India",2022,0.162431985139847
"India",2023,0.162431985139847
"Indonesia",1970,0.537450671195984
"Indonesia",1971,0.597109496593475
"Indonesia",1972,0.656768321990967
"Indonesia",1973,0.716427206993103
"Indonesia",1974,0.716427206993103
"Indonesia",1975,0.716427206993103
"Indonesia",1976,0.716427206993103
"Indonesia",1977,0.460726171731949
"Indonesia",1978,0.716427206993103
"Indonesia",1979,0.716427206993103
"Indonesia",1980,0.716427206993103
"Indonesia",1981,0.716427206993103
"Indonesia",1982,1
"Indonesia",1983,1
"Indonesia",1984,1
"Indonesia",1985,1
"Indonesia",1986,1
"Indonesia",1987,1
"Indonesia",1988,1
"Indonesia",1989,1
"Indonesia",1990,1
"Indonesia",1991,1
"Indonesia",1992,1
"Indonesia",1993,1
"Indonesia",1994,1
"Indonesia",1995,1
"Indonesia",1996,0.940341174602509
"Indonesia",1997,0.880682289600372
"Indonesia",1998,0.658591508865356
"Indonesia",1999,0.761364638805389
"Indonesia",2000,0.701705813407898
"Indonesia",2001,0.701705813407898
"Indonesia",2002,0.701705813407898
"Indonesia",2003,0.701705813407898
"Indonesia",2004,0.701705813407898
"Indonesia",2005,0.701705813407898
"Indonesia",2006,0.701705813407898
"Indonesia",2007,0.701705813407898
"Indonesia",2008,0.701705813407898
"Indonesia",2009,0.701705813407898
"Indonesia",2010,0.701705813407898
"Indonesia",2011,0.418132960796356
"Indonesia",2012,0.418132960796356
"Indonesia",2013,0.418132960796356
"Indonesia",2014,0.418132960796356
"Indonesia",2015,0.418132960796356
"Indonesia",2016,0.418132960796356
"Indonesia",2017,0.418132960796356
"Indonesia",2018,0.418132960796356
"Indonesia",2019,0.418132960796356
"Indonesia",2020,0.418132960796356
"Indonesia",2021,0.418132960796356
"Indonesia",2022,0.418132960796356
"Indonesia",2023,0.418132960796356
"Timor-Leste",1996,NA
"Timor-Leste",1997,NA
"Timor-Leste",1998,NA
"Timor-Leste",1999,NA
"Timor-Leste",2000,NA
"Timor-Leste",2001,NA
"Timor-Leste",2002,NA
"Timor-Leste",2003,NA
"Timor-Leste",2004,NA
"Timor-Leste",2005,NA
"Timor-Leste",2006,NA
"Timor-Leste",2007,NA
"Timor-Leste",2008,NA
"Timor-Leste",2009,NA
"Timor-Leste",2010,NA
"Timor-Leste",2011,NA
"Timor-Leste",2012,NA
"Timor-Leste",2013,NA
"Timor-Leste",2014,NA
"Timor-Leste",2015,NA
"Timor-Leste",2016,NA
"Timor-Leste",2017,NA
"Timor-Leste",2018,NA
"Timor-Leste",2019,NA
"Timor-Leste",2020,NA
"Timor-Leste",2021,NA
"Timor-Leste",2022,NA
"Timor-Leste",2023,NA
"Korea, Rep.",1970,0.162431985139847
"Korea, Rep.",1971,0.162431985139847
"Korea, Rep.",1972,0.162431985139847
"Korea, Rep.",1973,0.162431985139847
"Korea, Rep.",1974,0.162431985139847
"Korea, Rep.",1975,0.162431985139847
"Korea, Rep.",1976,0.162431985139847
"Korea, Rep.",1977,0.162431985139847
"Korea, Rep.",1978,0.418132960796356
"Korea, Rep.",1979,0.418132960796356
"Korea, Rep.",1980,0.418132960796356
"Korea, Rep.",1981,0.418132960796356
"Korea, Rep.",1982,0.162431985139847
"Korea, Rep.",1983,0.162431985139847
"Korea, Rep.",1984,0.162431985139847
"Korea, Rep.",1985,0.162431985139847
"Korea, Rep.",1986,0.162431985139847
"Korea, Rep.",1987,0.162431985139847
"Korea, Rep.",1988,0.418132960796356
"Korea, Rep.",1989,0.418132960796356
"Korea, Rep.",1990,0.418132960796356
"Korea, Rep.",1991,0.418132960796356
"Korea, Rep.",1992,0.418132960796356
"Korea, Rep.",1993,0.418132960796356
"Korea, Rep.",1994,0.418132960796356
"Korea, Rep.",1995,0.418132960796356
"Korea, Rep.",1996,0.162431985139847
"Korea, Rep.",1997,0.162431985139847
"Korea, Rep.",1998,0.162431985139847
"Korea, Rep.",1999,0.162431985139847
"Korea, Rep.",2000,0.418132960796356
"Korea, Rep.",2001,0.418132960796356
"Korea, Rep.",2002,0.418132960796356
"Korea, Rep.",2003,0.418132960796356
"Korea, Rep.",2004,0.418132960796356
"Korea, Rep.",2005,0.418132960796356
"Korea, Rep.",2006,0.418132960796356
"Korea, Rep.",2007,0.418132960796356
"Korea, Rep.",2008,0.47779181599617
"Korea, Rep.",2009,0.537450671195984
"Korea, Rep.",2010,0.597109496593475
"Korea, Rep.",2011,0.656768321990967
"Korea, Rep.",2012,0.716427206993103
"Korea, Rep.",2013,0.716427206993103
"Korea, Rep.",2014,0.716427206993103
"Korea, Rep.",2015,0.716427206993103
"Korea, Rep.",2016,1
"Korea, Rep.",2017,1
"Korea, Rep.",2018,1
"Korea, Rep.",2019,1
"Korea, Rep.",2020,1
"Korea, Rep.",2021,1
"Korea, Rep.",2022,1
"Korea, Rep.",2023,1
"Lao PDR",1970,0.553995192050934
"Lao PDR",1971,0.553995192050934
"Lao PDR",1972,0.553995192050934
"Lao PDR",1973,0.553995192050934
"Lao PDR",1974,0.238635376095772
"Lao PDR",1975,0.178976535797119
"Lao PDR",1976,NA
"Lao PDR",1977,NA
"Lao PDR",1978,NA
"Lao PDR",1979,NA
"Lao PDR",1980,NA
"Lao PDR",1981,0
"Lao PDR",1982,0.162431985139847
"Lao PDR",1983,0
"Lao PDR",1984,0
"Lao PDR",1985,0
"Lao PDR",1986,0
"Lao PDR",1987,0
"Lao PDR",1988,0
"Lao PDR",1989,0
"Lao PDR",1990,0
"Lao PDR",1991,0
"Lao PDR",1992,0
"Lao PDR",1993,0
"Lao PDR",1994,0
"Lao PDR",1995,0.162431985139847
"Lao PDR",1996,0.418132960796356
"Lao PDR",1997,0.255701005458832
"Lao PDR",1998,0.255701005458832
"Lao PDR",1999,0.255701005458832
"Lao PDR",2000,0.255701005458832
"Lao PDR",2001,0.255701005458832
"Lao PDR",2002,0.255701005458832
"Lao PDR",2003,0.162431985139847
"Lao PDR",2004,0.162431985139847
"Lao PDR",2005,0.162431985139847
"Lao PDR",2006,0.162431985139847
"Lao PDR",2007,0.162431985139847
"Lao PDR",2008,0.162431985139847
"Lao PDR",2009,0.162431985139847
"Lao PDR",2010,0.162431985139847
"Lao PDR",2011,0.162431985139847
"Lao PDR",2012,0.162431985139847
"Lao PDR",2013,0.162431985139847
"Lao PDR",2014,0.162431985139847
"Lao PDR",2015,0.162431985139847
"Lao PDR",2016,0.162431985139847
"Lao PDR",2017,0.162431985139847
"Lao PDR",2018,0.162431985139847
"Lao PDR",2019,0.162431985139847
"Lao PDR",2020,0.162431985139847
"Lao PDR",2021,0.162431985139847
"Lao PDR",2022,0.162431985139847
"Lao PDR",2023,0.162431985139847
"Malaysia",1970,0.418132960796356
"Malaysia",1971,0.418132960796356
"Malaysia",1972,0.418132960796356
"Malaysia",1973,0.47779181599617
"Malaysia",1974,0.537450671195984
"Malaysia",1975,0.597109496593475
"Malaysia",1976,0.656768321990967
"Malaysia",1977,0.716427206993103
"Malaysia",1978,0.716427206993103
"Malaysia",1979,0.716427206993103
"Malaysia",1980,0.716427206993103
"Malaysia",1981,0.716427206993103
"Malaysia",1982,1
"Malaysia",1983,1
"Malaysia",1984,1
"Malaysia",1985,1
"Malaysia",1986,1
"Malaysia",1987,1
"Malaysia",1988,1
"Malaysia",1989,1
"Malaysia",1990,1
"Malaysia",1991,1
"Malaysia",1992,1
"Malaysia",1993,0.716427206993103
"Malaysia",1994,0.716427206993103
"Malaysia",1995,0.716427206993103
"Malaysia",1996,0.656768321990967
"Malaysia",1997,0.597109496593475
"Malaysia",1998,0.537450671195984
"Malaysia",1999,0.47779181599617
"Malaysia",2000,0.418132960796356
"Malaysia",2001,0.418132960796356
"Malaysia",2002,0.418132960796356
"Malaysia",2003,0.418132960796356
"Malaysia",2004,0.418132960796356
"Malaysia",2005,0.418132960796356
"Malaysia",2006,0.418132960796356
"Malaysia",2007,0.418132960796356
"Malaysia",2008,0.701705813407898
"Malaysia",2009,0.418132960796356
"Malaysia",2010,0.162431985139847
"Malaysia",2011,0.162431985139847
"Malaysia",2012,0.162431985139847
"Malaysia",2013,0.162431985139847
"Malaysia",2014,0.418132960796356
"Malaysia",2015,0.418132960796356
"Malaysia",2016,0.418132960796356
"Malaysia",2017,0.418132960796356
"Malaysia",2018,0.418132960796356
"Malaysia",2019,0.418132960796356
"Malaysia",2020,0.418132960796356
"Malaysia",2021,0.418132960796356
"Malaysia",2022,0.418132960796356
"Malaysia",2023,0.418132960796356
"Maldives",1970,NA
"Maldives",1971,NA
"Maldives",1972,NA
"Maldives",1973,NA
"Maldives",1974,NA
"Maldives",1975,NA
"Maldives",1976,NA
"Maldives",1977,NA
"Maldives",1978,NA
"Maldives",1979,NA
"Maldives",1980,NA
"Maldives",1981,NA
"Maldives",1982,0.716427206993103
"Maldives",1983,0.716427206993103
"Maldives",1984,0.716427206993103
"Maldives",1985,0.716427206993103
"Maldives",1986,0.716427206993103
"Maldives",1987,0.716427206993103
"Maldives",1988,0.716427206993103
"Maldives",1989,0.716427206993103
"Maldives",1990,0.716427206993103
"Maldives",1991,0.716427206993103
"Maldives",1992,0.716427206993103
"Maldives",1993,0.716427206993103
"Maldives",1994,0.716427206993103
"Maldives",1995,0.716427206993103
"Maldives",1996,1
"Maldives",1997,1
"Maldives",1998,1
"Maldives",1999,0.940341174602509
"Maldives",2000,0.880682289600372
"Maldives",2001,0.821023464202881
"Maldives",2002,0.821023464202881
"Maldives",2003,0.821023464202881
"Maldives",2004,0.880682289600372
"Maldives",2005,0.940341174602509
"Maldives",2006,1
"Maldives",2007,1
"Maldives",2008,1
"Maldives",2009,0.837568044662476
"Maldives",2010,0.837568044662476
"Maldives",2011,0.837568044662476
"Maldives",2012,0.837568044662476
"Maldives",2013,0.837568044662476
"Maldives",2014,0.837568044662476
"Maldives",2015,0.837568044662476
"Maldives",2016,0.837568044662476
"Maldives",2017,0.581867039203644
"Maldives",2018,0.581867039203644
"Maldives",2019,0.837568044662476
"Maldives",2020,0.837568044662476
"Maldives",2021,0.837568044662476
"Maldives",2022,0.837568044662476
"Maldives",2023,0.553995192050934
"Nepal",1970,0.162431985139847
"Nepal",1971,0.162431985139847
"Nepal",1972,0.162431985139847
"Nepal",1973,0.162431985139847
"Nepal",1974,0.162431985139847
"Nepal",1975,0.162431985139847
"Nepal",1976,0.162431985139847
"Nepal",1977,0.162431985139847
"Nepal",1978,0.162431985139847
"Nepal",1979,0.162431985139847
"Nepal",1980,0.162431985139847
"Nepal",1981,0.162431985139847
"Nepal",1982,0.162431985139847
"Nepal",1983,0.162431985139847
"Nepal",1984,0.162431985139847
"Nepal",1985,0.162431985139847
"Nepal",1986,0.162431985139847
"Nepal",1987,0.162431985139847
"Nepal",1988,0.162431985139847
"Nepal",1989,0.162431985139847
"Nepal",1990,0.162431985139847
"Nepal",1991,0.162431985139847
"Nepal",1992,0.162431985139847
"Nepal",1993,0.162431985139847
"Nepal",1994,0.162431985139847
"Nepal",1995,0.418132960796356
"Nepal",1996,0.162431985139847
"Nepal",1997,0.162431985139847
"Nepal",1998,0.162431985139847
"Nepal",1999,0.162431985139847
"Nepal",2000,0.162431985139847
"Nepal",2001,0.162431985139847
"Nepal",2002,0.162431985139847
"Nepal",2003,0.162431985139847
"Nepal",2004,0.162431985139847
"Nepal",2005,0.162431985139847
"Nepal",2006,0.162431985139847
"Nepal",2007,0.162431985139847
"Nepal",2008,0.162431985139847
"Nepal",2009,0.162431985139847
"Nepal",2010,0.162431985139847
"Nepal",2011,0.162431985139847
"Nepal",2012,0.162431985139847
"Nepal",2013,0.162431985139847
"Nepal",2014,0.162431985139847
"Nepal",2015,0.162431985139847
"Nepal",2016,0.162431985139847
"Nepal",2017,0.162431985139847
"Nepal",2018,0.162431985139847
"Nepal",2019,0.162431985139847
"Nepal",2020,0.162431985139847
"Nepal",2021,0.162431985139847
"Nepal",2022,0.162431985139847
"Nepal",2023,0.162431985139847
"Pakistan",1970,0
"Pakistan",1971,0
"Pakistan",1972,0.162431985139847
"Pakistan",1973,0.162431985139847
"Pakistan",1974,0.162431985139847
"Pakistan",1975,0.162431985139847
"Pakistan",1976,0.162431985139847
"Pakistan",1977,0.162431985139847
"Pakistan",1978,0.162431985139847
"Pakistan",1979,0.162431985139847
"Pakistan",1980,0.162431985139847
"Pakistan",1981,0.162431985139847
"Pakistan",1982,0.162431985139847
"Pakistan",1983,0.162431985139847
"Pakistan",1984,0.162431985139847
"Pakistan",1985,0.162431985139847
"Pakistan",1986,0.162431985139847
"Pakistan",1987,0.162431985139847
"Pakistan",1988,0.162431985139847
"Pakistan",1989,0.162431985139847
"Pakistan",1990,0.162431985139847
"Pakistan",1991,0.162431985139847
"Pakistan",1992,0.162431985139847
"Pakistan",1993,0.162431985139847
"Pakistan",1994,0.162431985139847
"Pakistan",1995,0.162431985139847
"Pakistan",1996,0.162431985139847
"Pakistan",1997,0.162431985139847
"Pakistan",1998,0
"Pakistan",1999,0.162431985139847
"Pakistan",2000,0.162431985139847
"Pakistan",2001,0.162431985139847
"Pakistan",2002,0.162431985139847
"Pakistan",2003,0.162431985139847
"Pakistan",2004,0.162431985139847
"Pakistan",2005,0.162431985139847
"Pakistan",2006,0.162431985139847
"Pakistan",2007,0.162431985139847
"Pakistan",2008,0.162431985139847
"Pakistan",2009,0.162431985139847
"Pakistan",2010,0.162431985139847
"Pakistan",2011,0.162431985139847
"Pakistan",2012,0.162431985139847
"Pakistan",2013,0.162431985139847
"Pakistan",2014,0.162431985139847
"Pakistan",2015,0.162431985139847
"Pakistan",2016,0.162431985139847
"Pakistan",2017,0.162431985139847
"Pakistan",2018,0.162431985139847
"Pakistan",2019,0.162431985139847
"Pakistan",2020,0.162431985139847
"Pakistan",2021,0.162431985139847
"Pakistan",2022,0.162431985139847
"Pakistan",2023,0.162431985139847
"Philippines",1970,0.341408520936966
"Philippines",1971,0.281749665737152
"Philippines",1972,0.222090825438499
"Philippines",1973,0.162431985139847
"Philippines",1974,0.162431985139847
"Philippines",1975,0.162431985139847
"Philippines",1976,0.162431985139847
"Philippines",1977,0.162431985139847
"Philippines",1978,0.162431985139847
"Philippines",1979,0.162431985139847
"Philippines",1980,0.162431985139847
"Philippines",1981,0.162431985139847
"Philippines",1982,0.162431985139847
"Philippines",1983,0.162431985139847
"Philippines",1984,0.162431985139847
"Philippines",1985,0.418132960796356
"Philippines",1986,0.162431985139847
"Philippines",1987,0.162431985139847
"Philippines",1988,0.162431985139847
"Philippines",1989,0.162431985139847
"Philippines",1990,0.162431985139847
"Philippines",1991,0.162431985139847
"Philippines",1992,0.446004807949066
"Philippines",1993,0.446004807949066
"Philippines",1994,0.446004807949066
"Philippines",1995,0.701705813407898
"Philippines",1996,0.446004807949066
"Philippines",1997,0.446004807949066
"Philippines",1998,0.446004807949066
"Philippines",1999,0.446004807949066
"Philippines",2000,0.446004807949066
"Philippines",2001,0.446004807949066
"Philippines",2002,0.446004807949066
"Philippines",2003,0.446004807949066
"Philippines",2004,0.446004807949066
"Philippines",2005,0.446004807949066
"Philippines",2006,0.446004807949066
"Philippines",2007,0.446004807949066
"Philippines",2008,0.446004807949066
"Philippines",2009,0.446004807949066
"Philippines",2010,0.162431985139847
"Philippines",2011,0.162431985139847
"Philippines",2012,0.162431985139847
"Philippines",2013,0.162431985139847
"Philippines",2014,0.446004807949066
"Philippines",2015,0.446004807949066
"Philippines",2016,0.446004807949066
"Philippines",2017,0.446004807949066
"Philippines",2018,0.446004807949066
"Philippines",2019,0.446004807949066
"Philippines",2020,0.446004807949066
"Philippines",2021,0.446004807949066
"Philippines",2022,0.446004807949066
"Philippines",2023,0.446004807949066
"Singapore",1970,0.418132960796356
"Singapore",1971,0.418132960796356
"Singapore",1972,0.418132960796356
"Singapore",1973,0.418132960796356
"Singapore",1974,0.418132960796356
"Singapore",1975,0.418132960796356
"Singapore",1976,0.418132960796356
"Singapore",1977,0.418132960796356
"Singapore",1978,0.761364638805389
"Singapore",1979,0.821023464202881
"Singapore",1980,0.880682289600372
"Singapore",1981,0.940341174602509
"Singapore",1982,1
"Singapore",1983,1
"Singapore",1984,1
"Singapore",1985,1
"Singapore",1986,1
"Singapore",1987,1
"Singapore",1988,1
"Singapore",1989,1
"Singapore",1990,1
"Singapore",1991,1
"Singapore",1992,1
"Singapore",1993,1
"Singapore",1994,1
"Singapore",1995,1
"Singapore",1996,1
"Singapore",1997,0.744298994541168
"Singapore",1998,0.744298994541168
"Singapore",1999,1
"Singapore",2000,1
"Singapore",2001,1
"Singapore",2002,1
"Singapore",2003,1
"Singapore",2004,1
"Singapore",2005,1
"Singapore",2006,1
"Singapore",2007,1
"Singapore",2008,1
"Singapore",2009,1
"Singapore",2010,1
"Singapore",2011,1
"Singapore",2012,1
"Singapore",2013,1
"Singapore",2014,1
"Singapore",2015,1
"Singapore",2016,1
"Singapore",2017,1
"Singapore",2018,1
"Singapore",2019,1
"Singapore",2020,1
"Singapore",2021,1
"Singapore",2022,1
"Singapore",2023,1
"Thailand",1970,0.418132960796356
"Thailand",1971,0.418132960796356
"Thailand",1972,0.418132960796356
"Thailand",1973,0.418132960796356
"Thailand",1974,0.418132960796356
"Thailand",1975,0.418132960796356
"Thailand",1976,0.418132960796356
"Thailand",1977,0.418132960796356
"Thailand",1978,0.418132960796356
"Thailand",1979,0.418132960796356
"Thailand",1980,0.418132960796356
"Thailand",1981,0.418132960796356
"Thailand",1982,0.418132960796356
"Thailand",1983,0.418132960796356
"Thailand",1984,0.418132960796356
"Thailand",1985,0.418132960796356
"Thailand",1986,0.418132960796356
"Thailand",1987,0.418132960796356
"Thailand",1988,0.418132960796356
"Thailand",1989,0.418132960796356
"Thailand",1990,0.418132960796356
"Thailand",1991,0.418132960796356
"Thailand",1992,0.418132960796356
"Thailand",1993,0.418132960796356
"Thailand",1994,0.418132960796356
"Thailand",1995,0.418132960796356
"Thailand",1996,0.418132960796356
"Thailand",1997,0.418132960796356
"Thailand",1998,0.418132960796356
"Thailand",1999,0.418132960796356
"Thailand",2000,0.418132960796356
"Thailand",2001,0.418132960796356
"Thailand",2002,0.418132960796356
"Thailand",2003,0.418132960796356
"Thailand",2004,0.418132960796356
"Thailand",2005,0.418132960796356
"Thailand",2006,0.418132960796356
"Thailand",2007,0.162431985139847
"Thailand",2008,0.418132960796356
"Thailand",2009,0.162431985139847
"Thailand",2010,0.162431985139847
"Thailand",2011,0.162431985139847
"Thailand",2012,0.162431985139847
"Thailand",2013,0.162431985139847
"Thailand",2014,0.162431985139847
"Thailand",2015,0.162431985139847
"Thailand",2016,0.162431985139847
"Thailand",2017,0.162431985139847
"Thailand",2018,0.162431985139847
"Thailand",2019,0.418132960796356
"Thailand",2020,0.418132960796356
"Thailand",2021,0.418132960796356
"Thailand",2022,0.418132960796356
"Thailand",2023,0.418132960796356
"Vietnam",1970,0
"Vietnam",1971,0
"Vietnam",1972,0.162431985139847
"Vietnam",1973,0
"Vietnam",1974,0.162431985139847
"Vietnam",1975,NA
"Vietnam",1976,NA
"Vietnam",1977,NA
"Vietnam",1978,NA
"Vietnam",1979,NA
"Vietnam",1980,0
"Vietnam",1981,0
"Vietnam",1982,0
"Vietnam",1983,0
"Vietnam",1984,0
"Vietnam",1985,0
"Vietnam",1986,0
"Vietnam",1987,0
"Vietnam",1988,0
"Vietnam",1989,0
"Vietnam",1990,0
"Vietnam",1991,0
"Vietnam",1992,0
"Vietnam",1993,0.162431985139847
"Vietnam",1994,0.162431985139847
"Vietnam",1995,0.162431985139847
"Vietnam",1996,0.162431985139847
"Vietnam",1997,0.162431985139847
"Vietnam",1998,0.162431985139847
"Vietnam",1999,0.162431985139847
"Vietnam",2000,0.162431985139847
"Vietnam",2001,0.162431985139847
"Vietnam",2002,0.162431985139847
"Vietnam",2003,0.162431985139847
"Vietnam",2004,0.162431985139847
"Vietnam",2005,0.162431985139847
"Vietnam",2006,0.162431985139847
"Vietnam",2007,0.162431985139847
"Vietnam",2008,0.418132960796356
"Vietnam",2009,0.418132960796356
"Vietnam",2010,0.418132960796356
"Vietnam",2011,0.418132960796356
"Vietnam",2012,0.418132960796356
"Vietnam",2013,0.418132960796356
"Vietnam",2014,0.418132960796356
"Vietnam",2015,0.418132960796356
"Vietnam",2016,0.418132960796356
"Vietnam",2017,0.418132960796356
"Vietnam",2018,0.418132960796356
"Vietnam",2019,0.418132960796356
"Vietnam",2020,0.418132960796356
"Vietnam",2021,0.418132960796356
"Vietnam",2022,0.418132960796356
"Vietnam",2023,0.418132960796356
"Djibouti",1970,NA
"Djibouti",1971,NA
"Djibouti",1972,NA
"Djibouti",1973,NA
"Djibouti",1974,NA
"Djibouti",1975,NA
"Djibouti",1976,NA
"Djibouti",1977,NA
"Djibouti",1978,NA
"Djibouti",1979,NA
"Djibouti",1980,NA
"Djibouti",1981,NA
"Djibouti",1982,1
"Djibouti",1983,1
"Djibouti",1984,1
"Djibouti",1985,1
"Djibouti",1986,1
"Djibouti",1987,1
"Djibouti",1988,1
"Djibouti",1989,1
"Djibouti",1990,1
"Djibouti",1991,1
"Djibouti",1992,1
"Djibouti",1993,1
"Djibouti",1994,1
"Djibouti",1995,1
"Djibouti",1996,1
"Djibouti",1997,1
"Djibouti",1998,1
"Djibouti",1999,1
"Djibouti",2000,1
"Djibouti",2001,1
"Djibouti",2002,1
"Djibouti",2003,1
"Djibouti",2004,1
"Djibouti",2005,1
"Djibouti",2006,1
"Djibouti",2007,1
"Djibouti",2008,1
"Djibouti",2009,0.940341174602509
"Djibouti",2010,0.880682289600372
"Djibouti",2011,0.821023464202881
"Djibouti",2012,0.761364638805389
"Djibouti",2013,0.701705813407898
"Djibouti",2014,0.701705813407898
"Djibouti",2015,0.701705813407898
"Djibouti",2016,0.701705813407898
"Djibouti",2017,0.701705813407898
"Djibouti",2018,0.701705813407898
"Djibouti",2019,0.701705813407898
"Djibouti",2020,0.701705813407898
"Djibouti",2021,0.701705813407898
"Djibouti",2022,0.701705813407898
"Djibouti",2023,0.701705813407898
"Algeria",1970,0
"Algeria",1971,0.162431985139847
"Algeria",1972,0
"Algeria",1973,0
"Algeria",1974,0
"Algeria",1975,0
"Algeria",1976,0
"Algeria",1977,0
"Algeria",1978,0
"Algeria",1979,0
"Algeria",1980,0
"Algeria",1981,0
"Algeria",1982,0
"Algeria",1983,0
"Algeria",1984,0
"Algeria",1985,0
"Algeria",1986,0
"Algeria",1987,0
"Algeria",1988,0.162431985139847
"Algeria",1989,0.162431985139847
"Algeria",1990,0.162431985139847
"Algeria",1991,0.162431985139847
"Algeria",1992,0.162431985139847
"Algeria",1993,0.162431985139847
"Algeria",1994,0.162431985139847
"Algeria",1995,0.162431985139847
"Algeria",1996,0.162431985139847
"Algeria",1997,0.162431985139847
"Algeria",1998,0.162431985139847
"Algeria",1999,0.162431985139847
"Algeria",2000,0.162431985139847
"Algeria",2001,0.162431985139847
"Algeria",2002,0.162431985139847
"Algeria",2003,0.162431985139847
"Algeria",2004,0.162431985139847
"Algeria",2005,0.162431985139847
"Algeria",2006,0.162431985139847
"Algeria",2007,0.162431985139847
"Algeria",2008,0.162431985139847
"Algeria",2009,0.162431985139847
"Algeria",2010,0.162431985139847
"Algeria",2011,0.162431985139847
"Algeria",2012,0.162431985139847
"Algeria",2013,0.162431985139847
"Algeria",2014,0.162431985139847
"Algeria",2015,0.162431985139847
"Algeria",2016,0.162431985139847
"Algeria",2017,0.162431985139847
"Algeria",2018,0.162431985139847
"Algeria",2019,0.162431985139847
"Algeria",2020,0.162431985139847
"Algeria",2021,0.162431985139847
"Algeria",2022,0.162431985139847
"Algeria",2023,0.162431985139847
"Angola",1970,NA
"Angola",1971,NA
"Angola",1972,NA
"Angola",1973,NA
"Angola",1974,NA
"Angola",1975,NA
"Angola",1976,NA
"Angola",1977,NA
"Angola",1978,NA
"Angola",1979,NA
"Angola",1980,NA
"Angola",1981,NA
"Angola",1982,NA
"Angola",1983,NA
"Angola",1984,NA
"Angola",1985,NA
"Angola",1986,NA
"Angola",1987,NA
"Angola",1988,NA
"Angola",1989,NA
"Angola",1990,NA
"Angola",1991,NA
"Angola",1992,NA
"Angola",1993,0
"Angola",1994,0
"Angola",1995,0
"Angola",1996,0.162431985139847
"Angola",1997,0.162431985139847
"Angola",1998,0.162431985139847
"Angola",1999,0.162431985139847
"Angola",2000,0.162431985139847
"Angola",2001,0.162431985139847
"Angola",2002,0.162431985139847
"Angola",2003,0.162431985139847
"Angola",2004,0.162431985139847
"Angola",2005,0.162431985139847
"Angola",2006,0.162431985139847
"Angola",2007,0
"Angola",2008,0
"Angola",2009,0
"Angola",2010,0
"Angola",2011,0
"Angola",2012,0
"Angola",2013,0
"Angola",2014,0
"Angola",2015,0
"Angola",2016,0
"Angola",2017,0
"Angola",2018,0
"Angola",2019,0
"Angola",2020,0
"Angola",2021,0
"Angola",2022,0
"Angola",2023,0
"Botswana",1970,NA
"Botswana",1971,NA
"Botswana",1972,0.418132960796356
"Botswana",1973,0.418132960796356
"Botswana",1974,0.418132960796356
"Botswana",1975,0.418132960796356
"Botswana",1976,0.418132960796356
"Botswana",1977,0.418132960796356
"Botswana",1978,0.418132960796356
"Botswana",1979,0.418132960796356
"Botswana",1980,0.162431985139847
"Botswana",1981,0.162431985139847
"Botswana",1982,0.162431985139847
"Botswana",1983,0.162431985139847
"Botswana",1984,0.162431985139847
"Botswana",1985,0.162431985139847
"Botswana",1986,0.162431985139847
"Botswana",1987,0.446004807949066
"Botswana",1988,0.446004807949066
"Botswana",1989,0.446004807949066
"Botswana",1990,0.446004807949066
"Botswana",1991,0.446004807949066
"Botswana",1992,0.446004807949066
"Botswana",1993,0.162431985139847
"Botswana",1994,0.162431985139847
"Botswana",1995,0.418132960796356
"Botswana",1996,0
"Botswana",1997,0.255701005458832
"Botswana",1998,0.598932683467865
"Botswana",1999,0.658591508865356
"Botswana",2000,0.718250334262848
"Botswana",2001,0.777909159660339
"Botswana",2002,0.837568044662476
"Botswana",2003,0.837568044662476
"Botswana",2004,0.837568044662476
"Botswana",2005,0.837568044662476
"Botswana",2006,1
"Botswana",2007,1
"Botswana",2008,1
"Botswana",2009,1
"Botswana",2010,1
"Botswana",2011,1
"Botswana",2012,1
"Botswana",2013,1
"Botswana",2014,1
"Botswana",2015,1
"Botswana",2016,1
"Botswana",2017,1
"Botswana",2018,1
"Botswana",2019,1
"Botswana",2020,1
"Botswana",2021,1
"Botswana",2022,1
"Botswana",2023,1
"Burundi",1970,0.162431985139847
"Burundi",1971,0.162431985139847
"Burundi",1972,0.162431985139847
"Burundi",1973,0.162431985139847
"Burundi",1974,0.162431985139847
"Burundi",1975,0.162431985139847
"Burundi",1976,0.162431985139847
"Burundi",1977,0.162431985139847
"Burundi",1978,0.162431985139847
"Burundi",1979,0.162431985139847
"Burundi",1980,0.162431985139847
"Burundi",1981,0.162431985139847
"Burundi",1982,0.162431985139847
"Burundi",1983,0.162431985139847
"Burundi",1984,0.162431985139847
"Burundi",1985,0.162431985139847
"Burundi",1986,0.162431985139847
"Burundi",1987,0.162431985139847
"Burundi",1988,0.162431985139847
"Burundi",1989,0.162431985139847
"Burundi",1990,0.162431985139847
"Burundi",1991,0.162431985139847
"Burundi",1992,0.162431985139847
"Burundi",1993,0.162431985139847
"Burundi",1994,0.162431985139847
"Burundi",1995,0.162431985139847
"Burundi",1996,0.162431985139847
"Burundi",1997,0.162431985139847
"Burundi",1998,0.162431985139847
"Burundi",1999,0
"Burundi",2000,0.162431985139847
"Burundi",2001,0.162431985139847
"Burundi",2002,0.162431985139847
"Burundi",2003,0.162431985139847
"Burundi",2004,0.162431985139847
"Burundi",2005,0.162431985139847
"Burundi",2006,0
"Burundi",2007,0
"Burundi",2008,0
"Burundi",2009,0
"Burundi",2010,0
"Burundi",2011,0
"Burundi",2012,0
"Burundi",2013,0
"Burundi",2014,0
"Burundi",2015,0
"Burundi",2016,0
"Burundi",2017,0
"Burundi",2018,0
"Burundi",2019,0
"Burundi",2020,0
"Burundi",2021,0
"Burundi",2022,0
"Burundi",2023,0.0596588440239429
"Cameroon",1970,0.222090825438499
"Cameroon",1971,0.0596588440239429
"Cameroon",1972,0.255701005458832
"Cameroon",1973,0.255701005458832
"Cameroon",1974,0.418132960796356
"Cameroon",1975,0.418132960796356
"Cameroon",1976,0.418132960796356
"Cameroon",1977,0.418132960796356
"Cameroon",1978,0.418132960796356
"Cameroon",1979,0.418132960796356
"Cameroon",1980,0.418132960796356
"Cameroon",1981,0.418132960796356
"Cameroon",1982,0.418132960796356
"Cameroon",1983,0.418132960796356
"Cameroon",1984,0.418132960796356
"Cameroon",1985,0.418132960796356
"Cameroon",1986,0.418132960796356
"Cameroon",1987,0.162431985139847
"Cameroon",1988,0.162431985139847
"Cameroon",1989,0.162431985139847
"Cameroon",1990,0.162431985139847
"Cameroon",1991,0.162431985139847
"Cameroon",1992,0.162431985139847
"Cameroon",1993,0.418132960796356
"Cameroon",1994,0.418132960796356
"Cameroon",1995,0.418132960796356
"Cameroon",1996,0.162431985139847
"Cameroon",1997,0.162431985139847
"Cameroon",1998,0.162431985139847
"Cameroon",1999,0.162431985139847
"Cameroon",2000,0.162431985139847
"Cameroon",2001,0.162431985139847
"Cameroon",2002,0.162431985139847
"Cameroon",2003,0.162431985139847
"Cameroon",2004,0.162431985139847
"Cameroon",2005,0.162431985139847
"Cameroon",2006,0.162431985139847
"Cameroon",2007,0.162431985139847
"Cameroon",2008,0.162431985139847
"Cameroon",2009,0.162431985139847
"Cameroon",2010,0.162431985139847
"Cameroon",2011,0.162431985139847
"Cameroon",2012,0.162431985139847
"Cameroon",2013,0.162431985139847
"Cameroon",2014,0.162431985139847
"Cameroon",2015,0.162431985139847
"Cameroon",2016,0.162431985139847
"Cameroon",2017,0.162431985139847
"Cameroon",2018,0.162431985139847
"Cameroon",2019,0.162431985139847
"Cameroon",2020,0.162431985139847
"Cameroon",2021,0.162431985139847
"Cameroon",2022,0.162431985139847
"Cameroon",2023,0.162431985139847
"Cape Verde",1970,NA
"Cape Verde",1971,NA
"Cape Verde",1972,NA
"Cape Verde",1973,NA
"Cape Verde",1974,NA
"Cape Verde",1975,NA
"Cape Verde",1976,NA
"Cape Verde",1977,NA
"Cape Verde",1978,NA
"Cape Verde",1979,NA
"Cape Verde",1980,NA
"Cape Verde",1981,NA
"Cape Verde",1982,0.162431985139847
"Cape Verde",1983,0.162431985139847
"Cape Verde",1984,0.162431985139847
"Cape Verde",1985,0.162431985139847
"Cape Verde",1986,0.162431985139847
"Cape Verde",1987,0.162431985139847
"Cape Verde",1988,0.162431985139847
"Cape Verde",1989,0.162431985139847
"Cape Verde",1990,0.162431985139847
"Cape Verde",1991,0.162431985139847
"Cape Verde",1992,0.162431985139847
"Cape Verde",1993,0.162431985139847
"Cape Verde",1994,0.162431985139847
"Cape Verde",1995,0.162431985139847
"Cape Verde",1996,0.162431985139847
"Cape Verde",1997,0.162431985139847
"Cape Verde",1998,0.162431985139847
"Cape Verde",1999,0.162431985139847
"Cape Verde",2000,0.162431985139847
"Cape Verde",2001,0.162431985139847
"Cape Verde",2002,0.162431985139847
"Cape Verde",2003,0.162431985139847
"Cape Verde",2004,0.162431985139847
"Cape Verde",2005,0.162431985139847
"Cape Verde",2006,0.162431985139847
"Cape Verde",2007,0.162431985139847
"Cape Verde",2008,0.162431985139847
"Cape Verde",2009,0.162431985139847
"Cape Verde",2010,0.162431985139847
"Cape Verde",2011,0.162431985139847
"Cape Verde",2012,0.162431985139847
"Cape Verde",2013,0.162431985139847
"Cape Verde",2014,0.162431985139847
"Cape Verde",2015,0.162431985139847
"Cape Verde",2016,0.162431985139847
"Cape Verde",2017,0.47779181599617
"Cape Verde",2018,0.821023464202881
"Cape Verde",2019,0.880682289600372
"Cape Verde",2020,0.940341174602509
"Cape Verde",2021,1
"Cape Verde",2022,1
"Cape Verde",2023,1
"Central African Republic",1970,0.0596588440239429
"Central African Republic",1971,0.0596588440239429
"Central African Republic",1972,0.255701005458832
"Central African Republic",1973,0.255701005458832
"Central African Republic",1974,0.418132960796356
"Central African Republic",1975,0.418132960796356
"Central African Republic",1976,0.418132960796356
"Central African Republic",1977,0.418132960796356
"Central African Republic",1978,0.418132960796356
"Central African Republic",1979,0.162431985139847
"Central African Republic",1980,0.162431985139847
"Central African Republic",1981,0.162431985139847
"Central African Republic",1982,0.162431985139847
"Central African Republic",1983,0.162431985139847
"Central African Republic",1984,0.162431985139847
"Central African Republic",1985,0.162431985139847
"Central African Republic",1986,0.162431985139847
"Central African Republic",1987,0.162431985139847
"Central African Republic",1988,0.162431985139847
"Central African Republic",1989,0.162431985139847
"Central African Republic",1990,0.162431985139847
"Central African Republic",1991,0.418132960796356
"Central African Republic",1992,0.418132960796356
"Central African Republic",1993,0.418132960796356
"Central African Republic",1994,0.418132960796356
"Central African Republic",1995,0.418132960796356
"Central African Republic",1996,0.162431985139847
"Central African Republic",1997,0.162431985139847
"Central African Republic",1998,0.162431985139847
"Central African Republic",1999,0.162431985139847
"Central African Republic",2000,0.162431985139847
"Central African Republic",2001,0.162431985139847
"Central African Republic",2002,0.162431985139847
"Central African Republic",2003,0.162431985139847
"Central African Republic",2004,0.162431985139847
"Central African Republic",2005,0.162431985139847
"Central African Republic",2006,0.162431985139847
"Central African Republic",2007,0.162431985139847
"Central African Republic",2008,0.162431985139847
"Central African Republic",2009,0.162431985139847
"Central African Republic",2010,0.162431985139847
"Central African Republic",2011,0.162431985139847
"Central African Republic",2012,0.162431985139847
"Central African Republic",2013,0.162431985139847
"Central African Republic",2014,0.162431985139847
"Central African Republic",2015,0.162431985139847
"Central African Republic",2016,0.162431985139847
"Central African Republic",2017,0.162431985139847
"Central African Republic",2018,0.162431985139847
"Central African Republic",2019,0.162431985139847
"Central African Republic",2020,0.162431985139847
"Central African Republic",2021,0.162431985139847
"Central African Republic",2022,0.162431985139847
"Central African Republic",2023,0.162431985139847
"Chad",1970,0.222090825438499
"Chad",1971,0.0596588440239429
"Chad",1972,0.255701005458832
"Chad",1973,0.255701005458832
"Chad",1974,0.418132960796356
"Chad",1975,0.418132960796356
"Chad",1976,0.418132960796356
"Chad",1977,0.418132960796356
"Chad",1978,0.418132960796356
"Chad",1979,0.162431985139847
"Chad",1980,0.162431985139847
"Chad",1981,0.162431985139847
"Chad",1982,0.162431985139847
"Chad",1983,0.162431985139847
"Chad",1984,0.162431985139847
"Chad",1985,0.162431985139847
"Chad",1986,0.162431985139847
"Chad",1987,0.162431985139847
"Chad",1988,0.162431985139847
"Chad",1989,0.162431985139847
"Chad",1990,0.162431985139847
"Chad",1991,0.162431985139847
"Chad",1992,0.162431985139847
"Chad",1993,0.418132960796356
"Chad",1994,0.418132960796356
"Chad",1995,0.418132960796356
"Chad",1996,0.162431985139847
"Chad",1997,0.162431985139847
"Chad",1998,0.162431985139847
"Chad",1999,0.162431985139847
"Chad",2000,0.162431985139847
"Chad",2001,0.162431985139847
"Chad",2002,0.162431985139847
"Chad",2003,0.162431985139847
"Chad",2004,0.162431985139847
"Chad",2005,0.162431985139847
"Chad",2006,0.162431985139847
"Chad",2007,0.162431985139847
"Chad",2008,0.162431985139847
"Chad",2009,0.162431985139847
"Chad",2010,0.162431985139847
"Chad",2011,0.162431985139847
"Chad",2012,0.162431985139847
"Chad",2013,0.162431985139847
"Chad",2014,0.162431985139847
"Chad",2015,0.162431985139847
"Chad",2016,0.162431985139847
"Chad",2017,0.162431985139847
"Chad",2018,0.162431985139847
"Chad",2019,0.162431985139847
"Chad",2020,0.162431985139847
"Chad",2021,0.162431985139847
"Chad",2022,0.162431985139847
"Chad",2023,0.162431985139847
"Comoros",1970,NA
"Comoros",1971,NA
"Comoros",1972,NA
"Comoros",1973,NA
"Comoros",1974,NA
"Comoros",1975,NA
"Comoros",1976,NA
"Comoros",1977,NA
"Comoros",1978,NA
"Comoros",1979,NA
"Comoros",1980,NA
"Comoros",1981,0.162431985139847
"Comoros",1982,0.162431985139847
"Comoros",1983,0.162431985139847
"Comoros",1984,0.162431985139847
"Comoros",1985,0.162431985139847
"Comoros",1986,0.162431985139847
"Comoros",1987,0.162431985139847
"Comoros",1988,0.162431985139847
"Comoros",1989,0.162431985139847
"Comoros",1990,0.162431985139847
"Comoros",1991,0.162431985139847
"Comoros",1992,0.162431985139847
"Comoros",1993,0.162431985139847
"Comoros",1994,0.162431985139847
"Comoros",1995,0.162431985139847
"Comoros",1996,0.162431985139847
"Comoros",1997,0.162431985139847
"Comoros",1998,0.162431985139847
"Comoros",1999,0.162431985139847
"Comoros",2000,0.162431985139847
"Comoros",2001,0.162431985139847
"Comoros",2002,0.162431985139847
"Comoros",2003,0.162431985139847
"Comoros",2004,0.162431985139847
"Comoros",2005,0.162431985139847
"Comoros",2006,0.162431985139847
"Comoros",2007,0.162431985139847
"Comoros",2008,0.162431985139847
"Comoros",2009,0.162431985139847
"Comoros",2010,0.162431985139847
"Comoros",2011,0.162431985139847
"Comoros",2012,0.162431985139847
"Comoros",2013,0.162431985139847
"Comoros",2014,0.162431985139847
"Comoros",2015,0.162431985139847
"Comoros",2016,0.162431985139847
"Comoros",2017,0.162431985139847
"Comoros",2018,0.162431985139847
"Comoros",2019,0.162431985139847
"Comoros",2020,0.162431985139847
"Comoros",2021,0.162431985139847
"Comoros",2022,0.162431985139847
"Comoros",2023,0.162431985139847
"Congo, Rep.",1970,0.222090825438499
"Congo, Rep.",1971,0.315359830856323
"Congo, Rep.",1972,0.255701005458832
"Congo, Rep.",1973,0.255701005458832
"Congo, Rep.",1974,0.418132960796356
"Congo, Rep.",1975,0.418132960796356
"Congo, Rep.",1976,0.418132960796356
"Congo, Rep.",1977,0.162431985139847
"Congo, Rep.",1978,0.162431985139847
"Congo, Rep.",1979,0.162431985139847
"Congo, Rep.",1980,0.162431985139847
"Congo, Rep.",1981,0.162431985139847
"Congo, Rep.",1982,0.162431985139847
"Congo, Rep.",1983,0.162431985139847
"Congo, Rep.",1984,0.162431985139847
"Congo, Rep.",1985,0.162431985139847
"Congo, Rep.",1986,0.162431985139847
"Congo, Rep.",1987,0.162431985139847
"Congo, Rep.",1988,0.162431985139847
"Congo, Rep.",1989,0.162431985139847
"Congo, Rep.",1990,0.162431985139847
"Congo, Rep.",1991,0.162431985139847
"Congo, Rep.",1992,0.162431985139847
"Congo, Rep.",1993,0.162431985139847
"Congo, Rep.",1994,0.162431985139847
"Congo, Rep.",1995,0.418132960796356
"Congo, Rep.",1996,0.162431985139847
"Congo, Rep.",1997,0.162431985139847
"Congo, Rep.",1998,0.162431985139847
"Congo, Rep.",1999,0.162431985139847
"Congo, Rep.",2000,0.162431985139847
"Congo, Rep.",2001,0.162431985139847
"Congo, Rep.",2002,0.162431985139847
"Congo, Rep.",2003,0.162431985139847
"Congo, Rep.",2004,0.162431985139847
"Congo, Rep.",2005,0.162431985139847
"Congo, Rep.",2006,0.162431985139847
"Congo, Rep.",2007,0.162431985139847
"Congo, Rep.",2008,0.162431985139847
"Congo, Rep.",2009,0.162431985139847
"Congo, Rep.",2010,0.162431985139847
"Congo, Rep.",2011,0.162431985139847
"Congo, Rep.",2012,0.162431985139847
"Congo, Rep.",2013,0.162431985139847
"Congo, Rep.",2014,0.162431985139847
"Congo, Rep.",2015,0.162431985139847
"Congo, Rep.",2016,0.162431985139847
"Congo, Rep.",2017,0.162431985139847
"Congo, Rep.",2018,0.162431985139847
"Congo, Rep.",2019,0.162431985139847
"Congo, Rep.",2020,0.162431985139847
"Congo, Rep.",2021,0.162431985139847
"Congo, Rep.",2022,0.162431985139847
"Congo, Rep.",2023,0.162431985139847
"Congo, Dem. Rep.",1970,0.162431985139847
"Congo, Dem. Rep.",1971,0.162431985139847
"Congo, Dem. Rep.",1972,0.162431985139847
"Congo, Dem. Rep.",1973,0.162431985139847
"Congo, Dem. Rep.",1974,0.162431985139847
"Congo, Dem. Rep.",1975,0.162431985139847
"Congo, Dem. Rep.",1976,0.162431985139847
"Congo, Dem. Rep.",1977,0.162431985139847
"Congo, Dem. Rep.",1978,0.162431985139847
"Congo, Dem. Rep.",1979,0.162431985139847
"Congo, Dem. Rep.",1980,0.162431985139847
"Congo, Dem. Rep.",1981,0.162431985139847
"Congo, Dem. Rep.",1982,0.162431985139847
"Congo, Dem. Rep.",1983,0
"Congo, Dem. Rep.",1984,0.162431985139847
"Congo, Dem. Rep.",1985,0.162431985139847
"Congo, Dem. Rep.",1986,0.162431985139847
"Congo, Dem. Rep.",1987,0.162431985139847
"Congo, Dem. Rep.",1988,0.162431985139847
"Congo, Dem. Rep.",1989,0.162431985139847
"Congo, Dem. Rep.",1990,0.162431985139847
"Congo, Dem. Rep.",1991,0.162431985139847
"Congo, Dem. Rep.",1992,0.162431985139847
"Congo, Dem. Rep.",1993,0.162431985139847
"Congo, Dem. Rep.",1994,0.162431985139847
"Congo, Dem. Rep.",1995,0.162431985139847
"Congo, Dem. Rep.",1996,0.162431985139847
"Congo, Dem. Rep.",1997,0.222090825438499
"Congo, Dem. Rep.",1998,0.222090825438499
"Congo, Dem. Rep.",1999,0.222090825438499
"Congo, Dem. Rep.",2000,0.222090825438499
"Congo, Dem. Rep.",2001,0.222090825438499
"Congo, Dem. Rep.",2002,0.162431985139847
"Congo, Dem. Rep.",2003,0.162431985139847
"Congo, Dem. Rep.",2004,0.162431985139847
"Congo, Dem. Rep.",2005,0.162431985139847
"Congo, Dem. Rep.",2006,0.162431985139847
"Congo, Dem. Rep.",2007,0.162431985139847
"Congo, Dem. Rep.",2008,0.162431985139847
"Congo, Dem. Rep.",2009,0.162431985139847
"Congo, Dem. Rep.",2010,0.162431985139847
"Congo, Dem. Rep.",2011,0.162431985139847
"Congo, Dem. Rep.",2012,0.162431985139847
"Congo, Dem. Rep.",2013,NA
"Congo, Dem. Rep.",2014,NA
"Congo, Dem. Rep.",2015,NA
"Congo, Dem. Rep.",2016,NA
"Congo, Dem. Rep.",2017,NA
"Congo, Dem. Rep.",2018,0.162431985139847
"Congo, Dem. Rep.",2019,0.162431985139847
"Congo, Dem. Rep.",2020,0.162431985139847
"Congo, Dem. Rep.",2021,0.162431985139847
"Congo, Dem. Rep.",2022,0.162431985139847
"Congo, Dem. Rep.",2023,0.162431985139847
"Benin",1970,NA
"Benin",1971,NA
"Benin",1972,NA
"Benin",1973,NA
"Benin",1974,NA
"Benin",1975,NA
"Benin",1976,NA
"Benin",1977,NA
"Benin",1978,NA
"Benin",1979,0.418132960796356
"Benin",1980,0.418132960796356
"Benin",1981,0.418132960796356
"Benin",1982,0.418132960796356
"Benin",1983,0.418132960796356
"Benin",1984,0.418132960796356
"Benin",1985,0.418132960796356
"Benin",1986,0.418132960796356
"Benin",1987,0.418132960796356
"Benin",1988,0.418132960796356
"Benin",1989,0.418132960796356
"Benin",1990,0.418132960796356
"Benin",1991,0.418132960796356
"Benin",1992,0.418132960796356
"Benin",1993,0.418132960796356
"Benin",1994,0.418132960796356
"Benin",1995,0.418132960796356
"Benin",1996,0.162431985139847
"Benin",1997,0.162431985139847
"Benin",1998,0.162431985139847
"Benin",1999,0.162431985139847
"Benin",2000,0.162431985139847
"Benin",2001,0.162431985139847
"Benin",2002,0.162431985139847
"Benin",2003,0.162431985139847
"Benin",2004,0.162431985139847
"Benin",2005,0.162431985139847
"Benin",2006,0.162431985139847
"Benin",2007,0.162431985139847
"Benin",2008,0.162431985139847
"Benin",2009,0.162431985139847
"Benin",2010,0.162431985139847
"Benin",2011,0.162431985139847
"Benin",2012,0.162431985139847
"Benin",2013,0.162431985139847
"Benin",2014,0.162431985139847
"Benin",2015,0.162431985139847
"Benin",2016,0.162431985139847
"Benin",2017,0.162431985139847
"Benin",2018,0.162431985139847
"Benin",2019,0.162431985139847
"Benin",2020,0.162431985139847
"Benin",2021,0.162431985139847
"Benin",2022,0.162431985139847
"Benin",2023,0.162431985139847
"Equatorial Guinea",1970,NA
"Equatorial Guinea",1971,NA
"Equatorial Guinea",1972,NA
"Equatorial Guinea",1973,0
"Equatorial Guinea",1974,0
"Equatorial Guinea",1975,0
"Equatorial Guinea",1976,0
"Equatorial Guinea",1977,0
"Equatorial Guinea",1978,0
"Equatorial Guinea",1979,0
"Equatorial Guinea",1980,0
"Equatorial Guinea",1981,0
"Equatorial Guinea",1982,0
"Equatorial Guinea",1983,0
"Equatorial Guinea",1984,0.162431985139847
"Equatorial Guinea",1985,0.162431985139847
"Equatorial Guinea",1986,0.162431985139847
"Equatorial Guinea",1987,0.162431985139847
"Equatorial Guinea",1988,0.162431985139847
"Equatorial Guinea",1989,0.162431985139847
"Equatorial Guinea",1990,0.162431985139847
"Equatorial Guinea",1991,0.162431985139847
"Equatorial Guinea",1992,0.162431985139847
"Equatorial Guinea",1993,0.162431985139847
"Equatorial Guinea",1994,0.162431985139847
"Equatorial Guinea",1995,0.418132960796356
"Equatorial Guinea",1996,0.162431985139847
"Equatorial Guinea",1997,0.162431985139847
"Equatorial Guinea",1998,0.162431985139847
"Equatorial Guinea",1999,0.162431985139847
"Equatorial Guinea",2000,0.162431985139847
"Equatorial Guinea",2001,0.162431985139847
"Equatorial Guinea",2002,0.162431985139847
"Equatorial Guinea",2003,0.162431985139847
"Equatorial Guinea",2004,0.162431985139847
"Equatorial Guinea",2005,0.162431985139847
"Equatorial Guinea",2006,0.162431985139847
"Equatorial Guinea",2007,0.162431985139847
"Equatorial Guinea",2008,0.162431985139847
"Equatorial Guinea",2009,0.162431985139847
"Equatorial Guinea",2010,0.162431985139847
"Equatorial Guinea",2011,0.162431985139847
"Equatorial Guinea",2012,0.162431985139847
"Equatorial Guinea",2013,0.162431985139847
"Equatorial Guinea",2014,0.162431985139847
"Equatorial Guinea",2015,0.162431985139847
"Equatorial Guinea",2016,0.162431985139847
"Equatorial Guinea",2017,0.162431985139847
"Equatorial Guinea",2018,0.162431985139847
"Equatorial Guinea",2019,0.162431985139847
"Equatorial Guinea",2020,0.162431985139847
"Equatorial Guinea",2021,0.162431985139847
"Equatorial Guinea",2022,0.162431985139847
"Equatorial Guinea",2023,0.162431985139847
"Eritrea",1970,NA
"Eritrea",1971,NA
"Eritrea",1972,NA
"Eritrea",1973,NA
"Eritrea",1974,NA
"Eritrea",1975,NA
"Eritrea",1976,NA
"Eritrea",1977,NA
"Eritrea",1978,NA
"Eritrea",1979,NA
"Eritrea",1980,NA
"Eritrea",1981,NA
"Eritrea",1982,NA
"Eritrea",1983,NA
"Eritrea",1984,NA
"Eritrea",1985,NA
"Eritrea",1986,NA
"Eritrea",1987,NA
"Eritrea",1988,NA
"Eritrea",1989,NA
"Eritrea",1990,NA
"Eritrea",1991,NA
"Eritrea",1992,NA
"Eritrea",1993,NA
"Eritrea",1994,NA
"Eritrea",1995,NA
"Eritrea",1996,NA
"Eritrea",1997,NA
"Eritrea",1998,0.162431985139847
"Eritrea",1999,0.418132960796356
"Eritrea",2000,0.418132960796356
"Eritrea",2001,0.162431985139847
"Eritrea",2002,0.162431985139847
"Eritrea",2003,0
"Eritrea",2004,0.162431985139847
"Eritrea",2005,0.162431985139847
"Eritrea",2006,0.162431985139847
"Eritrea",2007,0
"Eritrea",2008,0
"Eritrea",2009,0.162431985139847
"Eritrea",2010,0
"Eritrea",2011,0
"Eritrea",2012,0
"Eritrea",2013,0
"Eritrea",2014,0
"Eritrea",2015,0
"Eritrea",2016,0
"Eritrea",2017,0
"Eritrea",2018,0
"Eritrea",2019,0
"Eritrea",2020,0
"Eritrea",2021,0
"Eritrea",2022,0
"Eritrea",2023,0
"Ethiopia",1970,0.162431985139847
"Ethiopia",1971,0.162431985139847
"Ethiopia",1972,0.162431985139847
"Ethiopia",1973,0.162431985139847
"Ethiopia",1974,0.162431985139847
"Ethiopia",1975,0.162431985139847
"Ethiopia",1976,0.162431985139847
"Ethiopia",1977,0.162431985139847
"Ethiopia",1978,0.162431985139847
"Ethiopia",1979,0.162431985139847
"Ethiopia",1980,0.162431985139847
"Ethiopia",1981,0.162431985139847
"Ethiopia",1982,0.162431985139847
"Ethiopia",1983,0.162431985139847
"Ethiopia",1984,0.162431985139847
"Ethiopia",1985,0.162431985139847
"Ethiopia",1986,0.162431985139847
"Ethiopia",1987,0.162431985139847
"Ethiopia",1988,0.162431985139847
"Ethiopia",1989,0.162431985139847
"Ethiopia",1990,0.162431985139847
"Ethiopia",1991,0.162431985139847
"Ethiopia",1992,0.162431985139847
"Ethiopia",1993,0
"Ethiopia",1994,0
"Ethiopia",1995,0.162431985139847
"Ethiopia",1996,0.162431985139847
"Ethiopia",1997,0.162431985139847
"Ethiopia",1998,0.162431985139847
"Ethiopia",1999,0.162431985139847
"Ethiopia",2000,0.162431985139847
"Ethiopia",2001,0.162431985139847
"Ethiopia",2002,0.162431985139847
"Ethiopia",2003,0.162431985139847
"Ethiopia",2004,0.162431985139847
"Ethiopia",2005,0.162431985139847
"Ethiopia",2006,0.162431985139847
"Ethiopia",2007,0.162431985139847
"Ethiopia",2008,0.162431985139847
"Ethiopia",2009,0.162431985139847
"Ethiopia",2010,0.162431985139847
"Ethiopia",2011,0.162431985139847
"Ethiopia",2012,0.162431985139847
"Ethiopia",2013,0.162431985139847
"Ethiopia",2014,0.162431985139847
"Ethiopia",2015,0.162431985139847
"Ethiopia",2016,0.162431985139847
"Ethiopia",2017,0.162431985139847
"Ethiopia",2018,0.162431985139847
"Ethiopia",2019,0.162431985139847
"Ethiopia",2020,0.162431985139847
"Ethiopia",2021,0.162431985139847
"Ethiopia",2022,0.162431985139847
"Ethiopia",2023,0.162431985139847
"Gabon",1970,0.222090825438499
"Gabon",1971,0.0596588440239429
"Gabon",1972,0.255701005458832
"Gabon",1973,0.255701005458832
"Gabon",1974,0.418132960796356
"Gabon",1975,0.418132960796356
"Gabon",1976,0.418132960796356
"Gabon",1977,0.418132960796356
"Gabon",1978,0.418132960796356
"Gabon",1979,0.418132960796356
"Gabon",1980,0.418132960796356
"Gabon",1981,0.418132960796356
"Gabon",1982,0.418132960796356
"Gabon",1983,0.418132960796356
"Gabon",1984,0.418132960796356
"Gabon",1985,0.418132960796356
"Gabon",1986,0.418132960796356
"Gabon",1987,0.418132960796356
"Gabon",1988,0.418132960796356
"Gabon",1989,0.418132960796356
"Gabon",1990,0.418132960796356
"Gabon",1991,0.418132960796356
"Gabon",1992,0.418132960796356
"Gabon",1993,0.418132960796356
"Gabon",1994,0.418132960796356
"Gabon",1995,0.418132960796356
"Gabon",1996,0.162431985139847
"Gabon",1997,0.162431985139847
"Gabon",1998,0.162431985139847
"Gabon",1999,0.162431985139847
"Gabon",2000,0.162431985139847
"Gabon",2001,0.162431985139847
"Gabon",2002,0.162431985139847
"Gabon",2003,0.162431985139847
"Gabon",2004,0.162431985139847
"Gabon",2005,0.162431985139847
"Gabon",2006,0.162431985139847
"Gabon",2007,0.162431985139847
"Gabon",2008,0.162431985139847
"Gabon",2009,0.162431985139847
"Gabon",2010,0.162431985139847
"Gabon",2011,0.162431985139847
"Gabon",2012,0.162431985139847
"Gabon",2013,0.162431985139847
"Gabon",2014,0.162431985139847
"Gabon",2015,0.162431985139847
"Gabon",2016,0.162431985139847
"Gabon",2017,0.162431985139847
"Gabon",2018,0.162431985139847
"Gabon",2019,0.162431985139847
"Gabon",2020,0.162431985139847
"Gabon",2021,0.162431985139847
"Gabon",2022,0.162431985139847
"Gabon",2023,0.162431985139847
"Gambia, The",1970,NA
"Gambia, The",1971,0.162431985139847
"Gambia, The",1972,0.162431985139847
"Gambia, The",1973,0.162431985139847
"Gambia, The",1974,0.162431985139847
"Gambia, The",1975,0.162431985139847
"Gambia, The",1976,0.418132960796356
"Gambia, The",1977,0.418132960796356
"Gambia, The",1978,0.418132960796356
"Gambia, The",1979,0.418132960796356
"Gambia, The",1980,0.162431985139847
"Gambia, The",1981,0
"Gambia, The",1982,0
"Gambia, The",1983,0
"Gambia, The",1984,0
"Gambia, The",1985,0
"Gambia, The",1986,0.255701005458832
"Gambia, The",1987,0.418132960796356
"Gambia, The",1988,0.418132960796356
"Gambia, The",1989,0.418132960796356
"Gambia, The",1990,0.418132960796356
"Gambia, The",1991,0.47779181599617
"Gambia, The",1992,0.537450671195984
"Gambia, The",1993,0.597109496593475
"Gambia, The",1994,0.940341174602509
"Gambia, The",1995,1
"Gambia, The",1996,1
"Gambia, The",1997,1
"Gambia, The",1998,1
"Gambia, The",1999,1
"Gambia, The",2000,1
"Gambia, The",2001,1
"Gambia, The",2002,1
"Gambia, The",2003,1
"Gambia, The",2004,1
"Gambia, The",2005,1
"Gambia, The",2006,1
"Gambia, The",2007,1
"Gambia, The",2008,1
"Gambia, The",2009,1
"Gambia, The",2010,1
"Gambia, The",2011,1
"Gambia, The",2012,1
"Gambia, The",2013,1
"Gambia, The",2014,1
"Gambia, The",2015,1
"Gambia, The",2016,1
"Gambia, The",2017,1
"Gambia, The",2018,1
"Gambia, The",2019,1
"Gambia, The",2020,1
"Gambia, The",2021,1
"Gambia, The",2022,1
"Gambia, The",2023,1
"Ghana",1970,0.162431985139847
"Ghana",1971,0.162431985139847
"Ghana",1972,0.162431985139847
"Ghana",1973,0.162431985139847
"Ghana",1974,0.162431985139847
"Ghana",1975,0.162431985139847
"Ghana",1976,0.162431985139847
"Ghana",1977,0.162431985139847
"Ghana",1978,0
"Ghana",1979,0
"Ghana",1980,0
"Ghana",1981,0
"Ghana",1982,0
"Ghana",1983,0
"Ghana",1984,0
"Ghana",1985,0
"Ghana",1986,0
"Ghana",1987,0
"Ghana",1988,0
"Ghana",1989,0
"Ghana",1990,0
"Ghana",1991,0
"Ghana",1992,0
"Ghana",1993,0
"Ghana",1994,0.255701005458832
"Ghana",1995,0.418132960796356
"Ghana",1996,0.162431985139847
"Ghana",1997,0.162431985139847
"Ghana",1998,0.162431985139847
"Ghana",1999,0.162431985139847
"Ghana",2000,0.162431985139847
"Ghana",2001,0.162431985139847
"Ghana",2002,0.162431985139847
"Ghana",2003,0.162431985139847
"Ghana",2004,0.162431985139847
"Ghana",2005,0.162431985139847
"Ghana",2006,0.162431985139847
"Ghana",2007,0.162431985139847
"Ghana",2008,0.162431985139847
"Ghana",2009,0.162431985139847
"Ghana",2010,0.162431985139847
"Ghana",2011,0.162431985139847
"Ghana",2012,0
"Ghana",2013,0
"Ghana",2014,0
"Ghana",2015,0
"Ghana",2016,0
"Ghana",2017,0
"Ghana",2018,0
"Ghana",2019,0
"Ghana",2020,0
"Ghana",2021,0
"Ghana",2022,0
"Ghana",2023,0
"Guinea-Bissau",1970,NA
"Guinea-Bissau",1971,NA
"Guinea-Bissau",1972,NA
"Guinea-Bissau",1973,NA
"Guinea-Bissau",1974,NA
"Guinea-Bissau",1975,NA
"Guinea-Bissau",1976,NA
"Guinea-Bissau",1977,NA
"Guinea-Bissau",1978,NA
"Guinea-Bissau",1979,NA
"Guinea-Bissau",1980,NA
"Guinea-Bissau",1981,0.162431985139847
"Guinea-Bissau",1982,0.162431985139847
"Guinea-Bissau",1983,0.162431985139847
"Guinea-Bissau",1984,0.162431985139847
"Guinea-Bissau",1985,0.162431985139847
"Guinea-Bissau",1986,0.162431985139847
"Guinea-Bissau",1987,0.162431985139847
"Guinea-Bissau",1988,0.162431985139847
"Guinea-Bissau",1989,0.162431985139847
"Guinea-Bissau",1990,0.162431985139847
"Guinea-Bissau",1991,0.162431985139847
"Guinea-Bissau",1992,0.162431985139847
"Guinea-Bissau",1993,0
"Guinea-Bissau",1994,0
"Guinea-Bissau",1995,0
"Guinea-Bissau",1996,0
"Guinea-Bissau",1997,0.162431985139847
"Guinea-Bissau",1998,0.162431985139847
"Guinea-Bissau",1999,0.162431985139847
"Guinea-Bissau",2000,0.162431985139847
"Guinea-Bissau",2001,0.162431985139847
"Guinea-Bissau",2002,0.162431985139847
"Guinea-Bissau",2003,0.162431985139847
"Guinea-Bissau",2004,0.162431985139847
"Guinea-Bissau",2005,0.162431985139847
"Guinea-Bissau",2006,0.162431985139847
"Guinea-Bissau",2007,0.162431985139847
"Guinea-Bissau",2008,0.162431985139847
"Guinea-Bissau",2009,0.162431985139847
"Guinea-Bissau",2010,0.162431985139847
"Guinea-Bissau",2011,0.162431985139847
"Guinea-Bissau",2012,0.162431985139847
"Guinea-Bissau",2013,0.162431985139847
"Guinea-Bissau",2014,0.162431985139847
"Guinea-Bissau",2015,0.162431985139847
"Guinea-Bissau",2016,0.162431985139847
"Guinea-Bissau",2017,0.162431985139847
"Guinea-Bissau",2018,0.162431985139847
"Guinea-Bissau",2019,0.162431985139847
"Guinea-Bissau",2020,0.162431985139847
"Guinea-Bissau",2021,0.162431985139847
"Guinea-Bissau",2022,0.162431985139847
"Guinea-Bissau",2023,0.162431985139847
"Guinea",1970,0.162431985139847
"Guinea",1971,0.162431985139847
"Guinea",1972,0.162431985139847
"Guinea",1973,0.162431985139847
"Guinea",1974,0.162431985139847
"Guinea",1975,0.162431985139847
"Guinea",1976,0.162431985139847
"Guinea",1977,0.162431985139847
"Guinea",1978,0.162431985139847
"Guinea",1979,0.162431985139847
"Guinea",1980,0.162431985139847
"Guinea",1981,0.162431985139847
"Guinea",1982,0.162431985139847
"Guinea",1983,0.162431985139847
"Guinea",1984,0.162431985139847
"Guinea",1985,0.162431985139847
"Guinea",1986,0.162431985139847
"Guinea",1987,0.162431985139847
"Guinea",1988,0.162431985139847
"Guinea",1989,0.162431985139847
"Guinea",1990,0.162431985139847
"Guinea",1991,0.162431985139847
"Guinea",1992,0.162431985139847
"Guinea",1993,0.162431985139847
"Guinea",1994,0.162431985139847
"Guinea",1995,0.162431985139847
"Guinea",1996,0.162431985139847
"Guinea",1997,0.162431985139847
"Guinea",1998,0.162431985139847
"Guinea",1999,0.162431985139847
"Guinea",2000,0.162431985139847
"Guinea",2001,0.162431985139847
"Guinea",2002,0.162431985139847
"Guinea",2003,0
"Guinea",2004,0
"Guinea",2005,0.162431985139847
"Guinea",2006,0
"Guinea",2007,0
"Guinea",2008,0
"Guinea",2009,0
"Guinea",2010,0
"Guinea",2011,0
"Guinea",2012,0
"Guinea",2013,0
"Guinea",2014,0
"Guinea",2015,0
"Guinea",2016,0
"Guinea",2017,0
"Guinea",2018,0
"Guinea",2019,0
"Guinea",2020,0
"Guinea",2021,0
"Guinea",2022,0
"Guinea",2023,0
"C?e d'Ivoire",1970,0.222090825438499
"C?e d'Ivoire",1971,0.315359830856323
"C?e d'Ivoire",1972,0.255701005458832
"C?e d'Ivoire",1973,0.255701005458832
"C?e d'Ivoire",1974,0.418132960796356
"C?e d'Ivoire",1975,0.418132960796356
"C?e d'Ivoire",1976,0.418132960796356
"C?e d'Ivoire",1977,0.418132960796356
"C?e d'Ivoire",1978,0.418132960796356
"C?e d'Ivoire",1979,0
"C?e d'Ivoire",1980,0.418132960796356
"C?e d'Ivoire",1981,0.418132960796356
"C?e d'Ivoire",1982,0.418132960796356
"C?e d'Ivoire",1983,0.418132960796356
"C?e d'Ivoire",1984,0.418132960796356
"C?e d'Ivoire",1985,0.418132960796356
"C?e d'Ivoire",1986,0.418132960796356
"C?e d'Ivoire",1987,0.162431985139847
"C?e d'Ivoire",1988,0.162431985139847
"C?e d'Ivoire",1989,0.162431985139847
"C?e d'Ivoire",1990,0.162431985139847
"C?e d'Ivoire",1991,0.162431985139847
"C?e d'Ivoire",1992,0.162431985139847
"C?e d'Ivoire",1993,0.418132960796356
"C?e d'Ivoire",1994,0.418132960796356
"C?e d'Ivoire",1995,0.418132960796356
"C?e d'Ivoire",1996,0.162431985139847
"C?e d'Ivoire",1997,0.162431985139847
"C?e d'Ivoire",1998,0.162431985139847
"C?e d'Ivoire",1999,0.162431985139847
"C?e d'Ivoire",2000,0.162431985139847
"C?e d'Ivoire",2001,0.162431985139847
"C?e d'Ivoire",2002,0.162431985139847
"C?e d'Ivoire",2003,0.162431985139847
"C?e d'Ivoire",2004,0.162431985139847
"C?e d'Ivoire",2005,0.162431985139847
"C?e d'Ivoire",2006,0.162431985139847
"C?e d'Ivoire",2007,0.162431985139847
"C?e d'Ivoire",2008,0.162431985139847
"C?e d'Ivoire",2009,0.162431985139847
"C?e d'Ivoire",2010,0.162431985139847
"C?e d'Ivoire",2011,0.162431985139847
"C?e d'Ivoire",2012,0.162431985139847
"C?e d'Ivoire",2013,0.162431985139847
"C?e d'Ivoire",2014,0.162431985139847
"C?e d'Ivoire",2015,0.162431985139847
"C?e d'Ivoire",2016,0.162431985139847
"C?e d'Ivoire",2017,0.162431985139847
"C?e d'Ivoire",2018,0.162431985139847
"C?e d'Ivoire",2019,0.162431985139847
"C?e d'Ivoire",2020,0.162431985139847
"C?e d'Ivoire",2021,0.162431985139847
"C?e d'Ivoire",2022,0.162431985139847
"C?e d'Ivoire",2023,0.162431985139847
"Kenya",1970,0.162431985139847
"Kenya",1971,0.162431985139847
"Kenya",1972,0.162431985139847
"Kenya",1973,0.162431985139847
"Kenya",1974,0.162431985139847
"Kenya",1975,0.162431985139847
"Kenya",1976,0.162431985139847
"Kenya",1977,0.162431985139847
"Kenya",1978,0.162431985139847
"Kenya",1979,0.162431985139847
"Kenya",1980,0.162431985139847
"Kenya",1981,0.162431985139847
"Kenya",1982,0.162431985139847
"Kenya",1983,0.162431985139847
"Kenya",1984,0.162431985139847
"Kenya",1985,0.162431985139847
"Kenya",1986,0.162431985139847
"Kenya",1987,0.162431985139847
"Kenya",1988,0.162431985139847
"Kenya",1989,0.162431985139847
"Kenya",1990,0.162431985139847
"Kenya",1991,0.162431985139847
"Kenya",1992,0
"Kenya",1993,0
"Kenya",1994,0
"Kenya",1995,0
"Kenya",1996,0.701705813407898
"Kenya",1997,0.701705813407898
"Kenya",1998,0.701705813407898
"Kenya",1999,0.701705813407898
"Kenya",2000,0.701705813407898
"Kenya",2001,0.701705813407898
"Kenya",2002,0.701705813407898
"Kenya",2003,0.701705813407898
"Kenya",2004,0.701705813407898
"Kenya",2005,0.701705813407898
"Kenya",2006,0.701705813407898
"Kenya",2007,0.701705813407898
"Kenya",2008,0.701705813407898
"Kenya",2009,0.701705813407898
"Kenya",2010,0.701705813407898
"Kenya",2011,0.701705813407898
"Kenya",2012,0.701705813407898
"Kenya",2013,0.701705813407898
"Kenya",2014,0.701705813407898
"Kenya",2015,0.701705813407898
"Kenya",2016,0.701705813407898
"Kenya",2017,0.701705813407898
"Kenya",2018,0.701705813407898
"Kenya",2019,0.701705813407898
"Kenya",2020,0.701705813407898
"Kenya",2021,0.701705813407898
"Kenya",2022,0.701705813407898
"Kenya",2023,0.701705813407898
"Lesotho",1970,NA
"Lesotho",1971,NA
"Lesotho",1972,0.418132960796356
"Lesotho",1973,0.418132960796356
"Lesotho",1974,0.418132960796356
"Lesotho",1975,0.418132960796356
"Lesotho",1976,0.418132960796356
"Lesotho",1977,0.418132960796356
"Lesotho",1978,0.418132960796356
"Lesotho",1979,0.255701005458832
"Lesotho",1980,0.255701005458832
"Lesotho",1981,0.255701005458832
"Lesotho",1982,0.418132960796356
"Lesotho",1983,0.418132960796356
"Lesotho",1984,0.418132960796356
"Lesotho",1985,0.255701005458832
"Lesotho",1986,0.255701005458832
"Lesotho",1987,0.255701005458832
"Lesotho",1988,0.255701005458832
"Lesotho",1989,0.255701005458832
"Lesotho",1990,0.255701005458832
"Lesotho",1991,0.255701005458832
"Lesotho",1992,0.255701005458832
"Lesotho",1993,0.255701005458832
"Lesotho",1994,0.255701005458832
"Lesotho",1995,0.255701005458832
"Lesotho",1996,0.162431985139847
"Lesotho",1997,0.162431985139847
"Lesotho",1998,0.162431985139847
"Lesotho",1999,0.162431985139847
"Lesotho",2000,0.162431985139847
"Lesotho",2001,0.162431985139847
"Lesotho",2002,0.162431985139847
"Lesotho",2003,0.162431985139847
"Lesotho",2004,0.162431985139847
"Lesotho",2005,0.162431985139847
"Lesotho",2006,0.162431985139847
"Lesotho",2007,0.162431985139847
"Lesotho",2008,0.162431985139847
"Lesotho",2009,0.162431985139847
"Lesotho",2010,0.162431985139847
"Lesotho",2011,0.162431985139847
"Lesotho",2012,0.162431985139847
"Lesotho",2013,0.162431985139847
"Lesotho",2014,0.162431985139847
"Lesotho",2015,0.162431985139847
"Lesotho",2016,0.162431985139847
"Lesotho",2017,0.162431985139847
"Lesotho",2018,0.162431985139847
"Lesotho",2019,0.162431985139847
"Lesotho",2020,0.162431985139847
"Lesotho",2021,0.162431985139847
"Lesotho",2022,0.162431985139847
"Lesotho",2023,0.162431985139847
"Liberia",1970,1
"Liberia",1971,1
"Liberia",1972,1
"Liberia",1973,1
"Liberia",1974,1
"Liberia",1975,1
"Liberia",1976,1
"Liberia",1977,1
"Liberia",1978,1
"Liberia",1979,1
"Liberia",1980,1
"Liberia",1981,1
"Liberia",1982,1
"Liberia",1983,1
"Liberia",1984,1
"Liberia",1985,0.940341174602509
"Liberia",1986,0.597109496593475
"Liberia",1987,0.537450671195984
"Liberia",1988,0.47779181599617
"Liberia",1989,0.418132960796356
"Liberia",1990,0.418132960796356
"Liberia",1991,0.418132960796356
"Liberia",1992,0.418132960796356
"Liberia",1993,0.418132960796356
"Liberia",1994,0.418132960796356
"Liberia",1995,0.418132960796356
"Liberia",1996,0.315359830856323
"Liberia",1997,0.375018686056137
"Liberia",1998,0.597109496593475
"Liberia",1999,0.940341174602509
"Liberia",2000,1
"Liberia",2001,1
"Liberia",2002,1
"Liberia",2003,1
"Liberia",2004,1
"Liberia",2005,1
"Liberia",2006,1
"Liberia",2007,1
"Liberia",2008,1
"Liberia",2009,1
"Liberia",2010,1
"Liberia",2011,1
"Liberia",2012,1
"Liberia",2013,1
"Liberia",2014,1
"Liberia",2015,1
"Liberia",2016,0.716427206993103
"Liberia",2017,0.716427206993103
"Liberia",2018,0.716427206993103
"Liberia",2019,0.716427206993103
"Liberia",2020,0.716427206993103
"Liberia",2021,0.716427206993103
"Liberia",2022,0.716427206993103
"Liberia",2023,0.716427206993103
"Libya",1970,0.162431985139847
"Libya",1971,0.162431985139847
"Libya",1972,0.162431985139847
"Libya",1973,NA
"Libya",1974,NA
"Libya",1975,NA
"Libya",1976,NA
"Libya",1977,0.418132960796356
"Libya",1978,0.418132960796356
"Libya",1979,0.418132960796356
"Libya",1980,0.418132960796356
"Libya",1981,0.418132960796356
"Libya",1982,0.162431985139847
"Libya",1983,0.162431985139847
"Libya",1984,0.162431985139847
"Libya",1985,0.162431985139847
"Libya",1986,0.162431985139847
"Libya",1987,0.162431985139847
"Libya",1988,0.162431985139847
"Libya",1989,0.162431985139847
"Libya",1990,0.162431985139847
"Libya",1991,0.162431985139847
"Libya",1992,0.162431985139847
"Libya",1993,0.162431985139847
"Libya",1994,0.162431985139847
"Libya",1995,0.162431985139847
"Libya",1996,0.162431985139847
"Libya",1997,0.162431985139847
"Libya",1998,0.162431985139847
"Libya",1999,0
"Libya",2000,0
"Libya",2001,0.162431985139847
"Libya",2002,0.162431985139847
"Libya",2003,0.162431985139847
"Libya",2004,0.162431985139847
"Libya",2005,0.162431985139847
"Libya",2006,0.162431985139847
"Libya",2007,0.162431985139847
"Libya",2008,0.162431985139847
"Libya",2009,0.162431985139847
"Libya",2010,0.162431985139847
"Libya",2011,0.162431985139847
"Libya",2012,0.162431985139847
"Libya",2013,0.162431985139847
"Libya",2014,0.162431985139847
"Libya",2015,0.162431985139847
"Libya",2016,0.162431985139847
"Libya",2017,0.162431985139847
"Libya",2018,0.162431985139847
"Libya",2019,0.162431985139847
"Libya",2020,0.162431985139847
"Libya",2021,0.162431985139847
"Libya",2022,0.162431985139847
"Libya",2023,0.162431985139847
"Madagascar",1970,0.222090825438499
"Madagascar",1971,0.315359830856323
"Madagascar",1972,0
"Madagascar",1973,0.162431985139847
"Madagascar",1974,0.162431985139847
"Madagascar",1975,0.162431985139847
"Madagascar",1976,0.162431985139847
"Madagascar",1977,0.162431985139847
"Madagascar",1978,0.162431985139847
"Madagascar",1979,0.162431985139847
"Madagascar",1980,0.162431985139847
"Madagascar",1981,0.162431985139847
"Madagascar",1982,0.162431985139847
"Madagascar",1983,0.162431985139847
"Madagascar",1984,0.162431985139847
"Madagascar",1985,0.162431985139847
"Madagascar",1986,0.162431985139847
"Madagascar",1987,0.162431985139847
"Madagascar",1988,0.162431985139847
"Madagascar",1989,0.162431985139847
"Madagascar",1990,0.162431985139847
"Madagascar",1991,0.162431985139847
"Madagascar",1992,0.162431985139847
"Madagascar",1993,0.162431985139847
"Madagascar",1994,0.162431985139847
"Madagascar",1995,0.162431985139847
"Madagascar",1996,0.162431985139847
"Madagascar",1997,0.418132960796356
"Madagascar",1998,0.418132960796356
"Madagascar",1999,0.418132960796356
"Madagascar",2000,0.418132960796356
"Madagascar",2001,0.418132960796356
"Madagascar",2002,0.418132960796356
"Madagascar",2003,0.418132960796356
"Madagascar",2004,0.418132960796356
"Madagascar",2005,0.418132960796356
"Madagascar",2006,0.418132960796356
"Madagascar",2007,0.418132960796356
"Madagascar",2008,0.418132960796356
"Madagascar",2009,0.418132960796356
"Madagascar",2010,0.255701005458832
"Madagascar",2011,0.255701005458832
"Madagascar",2012,0.255701005458832
"Madagascar",2013,0.418132960796356
"Madagascar",2014,0.418132960796356
"Madagascar",2015,0.418132960796356
"Madagascar",2016,0.162431985139847
"Madagascar",2017,0.162431985139847
"Madagascar",2018,0.162431985139847
"Madagascar",2019,0.162431985139847
"Madagascar",2020,0.162431985139847
"Madagascar",2021,0.162431985139847
"Madagascar",2022,0.162431985139847
"Madagascar",2023,0.162431985139847
"Malawi",1970,0.162431985139847
"Malawi",1971,0.162431985139847
"Malawi",1972,0.162431985139847
"Malawi",1973,0.162431985139847
"Malawi",1974,0.162431985139847
"Malawi",1975,0.162431985139847
"Malawi",1976,0.162431985139847
"Malawi",1977,0.162431985139847
"Malawi",1978,0.162431985139847
"Malawi",1979,0.162431985139847
"Malawi",1980,0.162431985139847
"Malawi",1981,0.162431985139847
"Malawi",1982,0.162431985139847
"Malawi",1983,0.162431985139847
"Malawi",1984,0.162431985139847
"Malawi",1985,0.162431985139847
"Malawi",1986,0.162431985139847
"Malawi",1987,0.162431985139847
"Malawi",1988,0.162431985139847
"Malawi",1989,0.162431985139847
"Malawi",1990,0.162431985139847
"Malawi",1991,0.162431985139847
"Malawi",1992,0.162431985139847
"Malawi",1993,0.162431985139847
"Malawi",1994,0.162431985139847
"Malawi",1995,0.418132960796356
"Malawi",1996,0.162431985139847
"Malawi",1997,0.162431985139847
"Malawi",1998,0.162431985139847
"Malawi",1999,0.162431985139847
"Malawi",2000,0.162431985139847
"Malawi",2001,0.162431985139847
"Malawi",2002,0.162431985139847
"Malawi",2003,0.162431985139847
"Malawi",2004,0.162431985139847
"Malawi",2005,0.162431985139847
"Malawi",2006,0
"Malawi",2007,0
"Malawi",2008,0
"Malawi",2009,0
"Malawi",2010,0
"Malawi",2011,0
"Malawi",2012,0
"Malawi",2013,0.162431985139847
"Malawi",2014,0.162431985139847
"Malawi",2015,0.162431985139847
"Malawi",2016,0.162431985139847
"Malawi",2017,0.162431985139847
"Malawi",2018,0.162431985139847
"Malawi",2019,0.162431985139847
"Malawi",2020,0.162431985139847
"Malawi",2021,0.162431985139847
"Malawi",2022,0.162431985139847
"Malawi",2023,0.162431985139847
"Mali",1970,0.162431985139847
"Mali",1971,0.255701005458832
"Mali",1972,0.255701005458832
"Mali",1973,0.255701005458832
"Mali",1974,0.418132960796356
"Mali",1975,0.418132960796356
"Mali",1976,0.418132960796356
"Mali",1977,0.418132960796356
"Mali",1978,0.418132960796356
"Mali",1979,0.418132960796356
"Mali",1980,0.418132960796356
"Mali",1981,0.418132960796356
"Mali",1982,0.418132960796356
"Mali",1983,0.418132960796356
"Mali",1984,0.418132960796356
"Mali",1985,0.418132960796356
"Mali",1986,0.418132960796356
"Mali",1987,0.418132960796356
"Mali",1988,0.418132960796356
"Mali",1989,0.418132960796356
"Mali",1990,0.418132960796356
"Mali",1991,0.418132960796356
"Mali",1992,0.418132960796356
"Mali",1993,0.418132960796356
"Mali",1994,0.418132960796356
"Mali",1995,0.418132960796356
"Mali",1996,0.162431985139847
"Mali",1997,0.162431985139847
"Mali",1998,0.162431985139847
"Mali",1999,0.162431985139847
"Mali",2000,0.162431985139847
"Mali",2001,0.162431985139847
"Mali",2002,0.162431985139847
"Mali",2003,0.162431985139847
"Mali",2004,0.162431985139847
"Mali",2005,0.162431985139847
"Mali",2006,0.162431985139847
"Mali",2007,0.162431985139847
"Mali",2008,0.162431985139847
"Mali",2009,0.162431985139847
"Mali",2010,0.162431985139847
"Mali",2011,0.162431985139847
"Mali",2012,0.162431985139847
"Mali",2013,0.162431985139847
"Mali",2014,0.162431985139847
"Mali",2015,0.162431985139847
"Mali",2016,0.162431985139847
"Mali",2017,0.162431985139847
"Mali",2018,0.162431985139847
"Mali",2019,0.162431985139847
"Mali",2020,0.162431985139847
"Mali",2021,0.162431985139847
"Mali",2022,0.162431985139847
"Mali",2023,0.162431985139847
"Mauritania",1970,0.222090825438499
"Mauritania",1971,0.0596588440239429
"Mauritania",1972,0
"Mauritania",1973,0.162431985139847
"Mauritania",1974,0.162431985139847
"Mauritania",1975,0.162431985139847
"Mauritania",1976,0.162431985139847
"Mauritania",1977,0.162431985139847
"Mauritania",1978,0.162431985139847
"Mauritania",1979,0.162431985139847
"Mauritania",1980,0.162431985139847
"Mauritania",1981,0.162431985139847
"Mauritania",1982,0.162431985139847
"Mauritania",1983,0.162431985139847
"Mauritania",1984,0.162431985139847
"Mauritania",1985,0.162431985139847
"Mauritania",1986,0.162431985139847
"Mauritania",1987,0.162431985139847
"Mauritania",1988,0
"Mauritania",1989,0.162431985139847
"Mauritania",1990,0.162431985139847
"Mauritania",1991,0.162431985139847
"Mauritania",1992,0
"Mauritania",1993,0.162431985139847
"Mauritania",1994,0.162431985139847
"Mauritania",1995,0.162431985139847
"Mauritania",1996,0.418132960796356
"Mauritania",1997,0.162431985139847
"Mauritania",1998,0.162431985139847
"Mauritania",1999,0.162431985139847
"Mauritania",2000,0.162431985139847
"Mauritania",2001,0.162431985139847
"Mauritania",2002,0.162431985139847
"Mauritania",2003,0.162431985139847
"Mauritania",2004,0.162431985139847
"Mauritania",2005,0.162431985139847
"Mauritania",2006,0.162431985139847
"Mauritania",2007,0.162431985139847
"Mauritania",2008,0.162431985139847
"Mauritania",2009,0.162431985139847
"Mauritania",2010,0.162431985139847
"Mauritania",2011,0.162431985139847
"Mauritania",2012,0.162431985139847
"Mauritania",2013,0.162431985139847
"Mauritania",2014,0.162431985139847
"Mauritania",2015,0.162431985139847
"Mauritania",2016,0.162431985139847
"Mauritania",2017,0.162431985139847
"Mauritania",2018,0.162431985139847
"Mauritania",2019,0.162431985139847
"Mauritania",2020,0.162431985139847
"Mauritania",2021,0.162431985139847
"Mauritania",2022,0.162431985139847
"Mauritania",2023,0.162431985139847
"Mauritius",1970,NA
"Mauritius",1971,NA
"Mauritius",1972,0
"Mauritius",1973,0
"Mauritius",1974,0
"Mauritius",1975,0
"Mauritius",1976,0
"Mauritius",1977,0
"Mauritius",1978,0
"Mauritius",1979,0
"Mauritius",1980,0
"Mauritius",1981,0
"Mauritius",1982,0
"Mauritius",1983,0
"Mauritius",1984,0.162431985139847
"Mauritius",1985,0.162431985139847
"Mauritius",1986,0.162431985139847
"Mauritius",1987,0.162431985139847
"Mauritius",1988,0.162431985139847
"Mauritius",1989,0.162431985139847
"Mauritius",1990,0.162431985139847
"Mauritius",1991,0.162431985139847
"Mauritius",1992,0.162431985139847
"Mauritius",1993,0.418132960796356
"Mauritius",1994,0.418132960796356
"Mauritius",1995,0.418132960796356
"Mauritius",1996,0.47779181599617
"Mauritius",1997,0.821023464202881
"Mauritius",1998,0.880682289600372
"Mauritius",1999,0.940341174602509
"Mauritius",2000,0.716427206993103
"Mauritius",2001,0.716427206993103
"Mauritius",2002,0.716427206993103
"Mauritius",2003,1
"Mauritius",2004,1
"Mauritius",2005,1
"Mauritius",2006,1
"Mauritius",2007,1
"Mauritius",2008,1
"Mauritius",2009,0.940341174602509
"Mauritius",2010,0.880682289600372
"Mauritius",2011,0.821023464202881
"Mauritius",2012,0.761364638805389
"Mauritius",2013,0.701705813407898
"Mauritius",2014,0.701705813407898
"Mauritius",2015,0.701705813407898
"Mauritius",2016,0.701705813407898
"Mauritius",2017,0.701705813407898
"Mauritius",2018,0.701705813407898
"Mauritius",2019,0.701705813407898
"Mauritius",2020,0.701705813407898
"Mauritius",2021,0.701705813407898
"Mauritius",2022,0.701705813407898
"Mauritius",2023,0.701705813407898
"Morocco",1970,0.162431985139847
"Morocco",1971,0.162431985139847
"Morocco",1972,0.162431985139847
"Morocco",1973,0
"Morocco",1974,0
"Morocco",1975,0
"Morocco",1976,0
"Morocco",1977,0
"Morocco",1978,0
"Morocco",1979,0
"Morocco",1980,0
"Morocco",1981,0
"Morocco",1982,0
"Morocco",1983,0
"Morocco",1984,0
"Morocco",1985,0
"Morocco",1986,0.162431985139847
"Morocco",1987,0.162431985139847
"Morocco",1988,0.162431985139847
"Morocco",1989,0.162431985139847
"Morocco",1990,0.162431985139847
"Morocco",1991,0.162431985139847
"Morocco",1992,0.162431985139847
"Morocco",1993,0.418132960796356
"Morocco",1994,0.418132960796356
"Morocco",1995,0.418132960796356
"Morocco",1996,0.162431985139847
"Morocco",1997,0.162431985139847
"Morocco",1998,0.162431985139847
"Morocco",1999,0.162431985139847
"Morocco",2000,0.162431985139847
"Morocco",2001,0.162431985139847
"Morocco",2002,0.162431985139847
"Morocco",2003,0.162431985139847
"Morocco",2004,0.162431985139847
"Morocco",2005,0.162431985139847
"Morocco",2006,0.162431985139847
"Morocco",2007,0.162431985139847
"Morocco",2008,0.162431985139847
"Morocco",2009,0.162431985139847
"Morocco",2010,0.162431985139847
"Morocco",2011,0.162431985139847
"Morocco",2012,0.162431985139847
"Morocco",2013,0.162431985139847
"Morocco",2014,0.162431985139847
"Morocco",2015,0.162431985139847
"Morocco",2016,0.162431985139847
"Morocco",2017,0.162431985139847
"Morocco",2018,0.162431985139847
"Morocco",2019,0.162431985139847
"Morocco",2020,0.162431985139847
"Morocco",2021,0.162431985139847
"Morocco",2022,0.162431985139847
"Morocco",2023,0.162431985139847
"Mozambique",1970,NA
"Mozambique",1971,NA
"Mozambique",1972,NA
"Mozambique",1973,NA
"Mozambique",1974,NA
"Mozambique",1975,NA
"Mozambique",1976,NA
"Mozambique",1977,NA
"Mozambique",1978,NA
"Mozambique",1979,NA
"Mozambique",1980,NA
"Mozambique",1981,NA
"Mozambique",1982,NA
"Mozambique",1983,NA
"Mozambique",1984,NA
"Mozambique",1985,NA
"Mozambique",1986,NA
"Mozambique",1987,NA
"Mozambique",1988,0
"Mozambique",1989,0
"Mozambique",1990,0
"Mozambique",1991,0
"Mozambique",1992,0
"Mozambique",1993,0.162431985139847
"Mozambique",1994,0.162431985139847
"Mozambique",1995,0.162431985139847
"Mozambique",1996,0.162431985139847
"Mozambique",1997,0.162431985139847
"Mozambique",1998,0.162431985139847
"Mozambique",1999,0.162431985139847
"Mozambique",2000,0.162431985139847
"Mozambique",2001,0.162431985139847
"Mozambique",2002,0.162431985139847
"Mozambique",2003,0.162431985139847
"Mozambique",2004,0.162431985139847
"Mozambique",2005,0.162431985139847
"Mozambique",2006,0.162431985139847
"Mozambique",2007,0.162431985139847
"Mozambique",2008,0.162431985139847
"Mozambique",2009,0.162431985139847
"Mozambique",2010,0.162431985139847
"Mozambique",2011,0.162431985139847
"Mozambique",2012,0.162431985139847
"Mozambique",2013,0.162431985139847
"Mozambique",2014,0.162431985139847
"Mozambique",2015,0.162431985139847
"Mozambique",2016,0.162431985139847
"Mozambique",2017,0.162431985139847
"Mozambique",2018,0.162431985139847
"Mozambique",2019,0.162431985139847
"Mozambique",2020,0.162431985139847
"Mozambique",2021,0.162431985139847
"Mozambique",2022,0.162431985139847
"Mozambique",2023,0.162431985139847
"Niger",1970,0.222090825438499
"Niger",1971,0.0596588440239429
"Niger",1972,0.255701005458832
"Niger",1973,0.255701005458832
"Niger",1974,0.418132960796356
"Niger",1975,0.162431985139847
"Niger",1976,0.162431985139847
"Niger",1977,0.162431985139847
"Niger",1978,0.162431985139847
"Niger",1979,0.162431985139847
"Niger",1980,0.162431985139847
"Niger",1981,0.162431985139847
"Niger",1982,0.162431985139847
"Niger",1983,0.162431985139847
"Niger",1984,0.418132960796356
"Niger",1985,0.418132960796356
"Niger",1986,0.418132960796356
"Niger",1987,0.418132960796356
"Niger",1988,0.418132960796356
"Niger",1989,0.418132960796356
"Niger",1990,0.418132960796356
"Niger",1991,0.418132960796356
"Niger",1992,0.418132960796356
"Niger",1993,0.418132960796356
"Niger",1994,0.418132960796356
"Niger",1995,0.47779181599617
"Niger",1996,0.222090825438499
"Niger",1997,0.222090825438499
"Niger",1998,0.222090825438499
"Niger",1999,0.222090825438499
"Niger",2000,0.162431985139847
"Niger",2001,0.162431985139847
"Niger",2002,0.162431985139847
"Niger",2003,0.162431985139847
"Niger",2004,0.162431985139847
"Niger",2005,0.162431985139847
"Niger",2006,0.162431985139847
"Niger",2007,0.162431985139847
"Niger",2008,0.162431985139847
"Niger",2009,0.162431985139847
"Niger",2010,0.162431985139847
"Niger",2011,0.162431985139847
"Niger",2012,0.162431985139847
"Niger",2013,0.162431985139847
"Niger",2014,0.162431985139847
"Niger",2015,0.162431985139847
"Niger",2016,0.162431985139847
"Niger",2017,0.162431985139847
"Niger",2018,0.162431985139847
"Niger",2019,0.162431985139847
"Niger",2020,0.162431985139847
"Niger",2021,0.162431985139847
"Niger",2022,0.162431985139847
"Niger",2023,0.162431985139847
"Nigeria",1970,0.162431985139847
"Nigeria",1971,0.162431985139847
"Nigeria",1972,0.162431985139847
"Nigeria",1973,0.162431985139847
"Nigeria",1974,0.162431985139847
"Nigeria",1975,0.162431985139847
"Nigeria",1976,0.162431985139847
"Nigeria",1977,0.162431985139847
"Nigeria",1978,0.162431985139847
"Nigeria",1979,0.162431985139847
"Nigeria",1980,0.162431985139847
"Nigeria",1981,0.162431985139847
"Nigeria",1982,0.162431985139847
"Nigeria",1983,0.162431985139847
"Nigeria",1984,0.162431985139847
"Nigeria",1985,0.162431985139847
"Nigeria",1986,0.255701005458832
"Nigeria",1987,0.255701005458832
"Nigeria",1988,0.255701005458832
"Nigeria",1989,0
"Nigeria",1990,0
"Nigeria",1991,0
"Nigeria",1992,0
"Nigeria",1993,0
"Nigeria",1994,0
"Nigeria",1995,0
"Nigeria",1996,0
"Nigeria",1997,0.0596588440239429
"Nigeria",1998,0.222090825438499
"Nigeria",1999,0.281749665737152
"Nigeria",2000,0.178976535797119
"Nigeria",2001,0.238635376095772
"Nigeria",2002,0.238635376095772
"Nigeria",2003,0.298294216394424
"Nigeria",2004,0.298294216394424
"Nigeria",2005,0.298294216394424
"Nigeria",2006,0.298294216394424
"Nigeria",2007,0.298294216394424
"Nigeria",2008,0.298294216394424
"Nigeria",2009,0.298294216394424
"Nigeria",2010,0.298294216394424
"Nigeria",2011,0.298294216394424
"Nigeria",2012,0.298294216394424
"Nigeria",2013,0.298294216394424
"Nigeria",2014,0.298294216394424
"Nigeria",2015,0.298294216394424
"Nigeria",2016,0.298294216394424
"Nigeria",2017,0.298294216394424
"Nigeria",2018,0.298294216394424
"Nigeria",2019,0.298294216394424
"Nigeria",2020,0.298294216394424
"Nigeria",2021,0.298294216394424
"Nigeria",2022,0.298294216394424
"Nigeria",2023,0.298294216394424
"Zimbabwe",1970,NA
"Zimbabwe",1971,NA
"Zimbabwe",1972,NA
"Zimbabwe",1973,NA
"Zimbabwe",1974,NA
"Zimbabwe",1975,NA
"Zimbabwe",1976,NA
"Zimbabwe",1977,NA
"Zimbabwe",1978,NA
"Zimbabwe",1979,NA
"Zimbabwe",1980,NA
"Zimbabwe",1981,NA
"Zimbabwe",1982,NA
"Zimbabwe",1983,NA
"Zimbabwe",1984,0
"Zimbabwe",1985,0
"Zimbabwe",1986,0
"Zimbabwe",1987,0
"Zimbabwe",1988,0
"Zimbabwe",1989,0
"Zimbabwe",1990,0
"Zimbabwe",1991,0
"Zimbabwe",1992,0
"Zimbabwe",1993,0
"Zimbabwe",1994,0.162431985139847
"Zimbabwe",1995,0.162431985139847
"Zimbabwe",1996,0.162431985139847
"Zimbabwe",1997,0.162431985139847
"Zimbabwe",1998,0.162431985139847
"Zimbabwe",1999,0.162431985139847
"Zimbabwe",2000,0.162431985139847
"Zimbabwe",2001,0.162431985139847
"Zimbabwe",2002,0.162431985139847
"Zimbabwe",2003,0
"Zimbabwe",2004,0
"Zimbabwe",2005,0
"Zimbabwe",2006,0
"Zimbabwe",2007,0
"Zimbabwe",2008,0
"Zimbabwe",2009,0.162431985139847
"Zimbabwe",2010,0.418132960796356
"Zimbabwe",2011,0.418132960796356
"Zimbabwe",2012,0.418132960796356
"Zimbabwe",2013,0.162431985139847
"Zimbabwe",2014,0.162431985139847
"Zimbabwe",2015,0.418132960796356
"Zimbabwe",2016,0.418132960796356
"Zimbabwe",2017,0.418132960796356
"Zimbabwe",2018,0.418132960796356
"Zimbabwe",2019,0.418132960796356
"Zimbabwe",2020,0.418132960796356
"Zimbabwe",2021,0.418132960796356
"Zimbabwe",2022,0.418132960796356
"Zimbabwe",2023,0.418132960796356
"Rwanda",1970,0.162431985139847
"Rwanda",1971,0.162431985139847
"Rwanda",1972,0.162431985139847
"Rwanda",1973,0.162431985139847
"Rwanda",1974,0.162431985139847
"Rwanda",1975,0.162431985139847
"Rwanda",1976,0.162431985139847
"Rwanda",1977,0.162431985139847
"Rwanda",1978,0.162431985139847
"Rwanda",1979,0.162431985139847
"Rwanda",1980,0.162431985139847
"Rwanda",1981,0.162431985139847
"Rwanda",1982,0.162431985139847
"Rwanda",1983,0.162431985139847
"Rwanda",1984,0.162431985139847
"Rwanda",1985,0.162431985139847
"Rwanda",1986,0.162431985139847
"Rwanda",1987,0.162431985139847
"Rwanda",1988,0.162431985139847
"Rwanda",1989,0.162431985139847
"Rwanda",1990,0.162431985139847
"Rwanda",1991,0.162431985139847
"Rwanda",1992,0.162431985139847
"Rwanda",1993,0.162431985139847
"Rwanda",1994,0.418132960796356
"Rwanda",1995,0.418132960796356
"Rwanda",1996,0.162431985139847
"Rwanda",1997,0.162431985139847
"Rwanda",1998,0.162431985139847
"Rwanda",1999,0.162431985139847
"Rwanda",2000,0.162431985139847
"Rwanda",2001,0.162431985139847
"Rwanda",2002,0.162431985139847
"Rwanda",2003,0.162431985139847
"Rwanda",2004,0.162431985139847
"Rwanda",2005,0.162431985139847
"Rwanda",2006,0.162431985139847
"Rwanda",2007,0.162431985139847
"Rwanda",2008,0.162431985139847
"Rwanda",2009,0.162431985139847
"Rwanda",2010,0.222090825438499
"Rwanda",2011,0.281749665737152
"Rwanda",2012,0.624981343746185
"Rwanda",2013,0.684640169143677
"Rwanda",2014,0.744298994541168
"Rwanda",2015,0.744298994541168
"Rwanda",2016,0.744298994541168
"Rwanda",2017,0.744298994541168
"Rwanda",2018,0.744298994541168
"Rwanda",2019,0.744298994541168
"Rwanda",2020,0.744298994541168
"Rwanda",2021,0.744298994541168
"Rwanda",2022,0.744298994541168
"Rwanda",2023,0.744298994541168
"S? Tom and Principe",1970,NA
"S? Tom and Principe",1971,NA
"S? Tom and Principe",1972,NA
"S? Tom and Principe",1973,NA
"S? Tom and Principe",1974,NA
"S? Tom and Principe",1975,NA
"S? Tom and Principe",1976,NA
"S? Tom and Principe",1977,NA
"S? Tom and Principe",1978,NA
"S? Tom and Principe",1979,NA
"S? Tom and Principe",1980,NA
"S? Tom and Principe",1981,0.162431985139847
"S? Tom and Principe",1982,0.162431985139847
"S? Tom and Principe",1983,0.162431985139847
"S? Tom and Principe",1984,0.162431985139847
"S? Tom and Principe",1985,0.162431985139847
"S? Tom and Principe",1986,0.162431985139847
"S? Tom and Principe",1987,0.162431985139847
"S? Tom and Principe",1988,0.162431985139847
"S? Tom and Principe",1989,0.162431985139847
"S? Tom and Principe",1990,0.162431985139847
"S? Tom and Principe",1991,0.162431985139847
"S? Tom and Principe",1992,0.162431985139847
"S? Tom and Principe",1993,0.162431985139847
"S? Tom and Principe",1994,0.162431985139847
"S? Tom and Principe",1995,0.162431985139847
"S? Tom and Principe",1996,0
"S? Tom and Principe",1997,0
"S? Tom and Principe",1998,0
"S? Tom and Principe",1999,0.162431985139847
"S? Tom and Principe",2000,0.47779181599617
"S? Tom and Principe",2001,0.537450671195984
"S? Tom and Principe",2002,0.597109496593475
"S? Tom and Principe",2003,0.656768321990967
"S? Tom and Principe",2004,0.716427206993103
"S? Tom and Principe",2005,0.716427206993103
"S? Tom and Principe",2006,0.553995192050934
"S? Tom and Principe",2007,0.553995192050934
"S? Tom and Principe",2008,0.837568044662476
"S? Tom and Principe",2009,0.553995192050934
"S? Tom and Principe",2010,0.553995192050934
"S? Tom and Principe",2011,0.553995192050934
"S? Tom and Principe",2012,0.716427206993103
"S? Tom and Principe",2013,0.716427206993103
"S? Tom and Principe",2014,1
"S? Tom and Principe",2015,0.716427206993103
"S? Tom and Principe",2016,0.716427206993103
"S? Tom and Principe",2017,0.744298994541168
"S? Tom and Principe",2018,0.581867039203644
"S? Tom and Principe",2019,0.581867039203644
"S? Tom and Principe",2020,0.581867039203644
"S? Tom and Principe",2021,0.581867039203644
"S? Tom and Principe",2022,0.581867039203644
"S? Tom and Principe",2023,0.581867039203644
"Seychelles",1970,NA
"Seychelles",1971,NA
"Seychelles",1972,NA
"Seychelles",1973,NA
"Seychelles",1974,NA
"Seychelles",1975,NA
"Seychelles",1976,NA
"Seychelles",1977,NA
"Seychelles",1978,NA
"Seychelles",1979,NA
"Seychelles",1980,NA
"Seychelles",1981,1
"Seychelles",1982,1
"Seychelles",1983,1
"Seychelles",1984,1
"Seychelles",1985,1
"Seychelles",1986,1
"Seychelles",1987,1
"Seychelles",1988,1
"Seychelles",1989,1
"Seychelles",1990,1
"Seychelles",1991,1
"Seychelles",1992,1
"Seychelles",1993,0.716427206993103
"Seychelles",1994,0.716427206993103
"Seychelles",1995,0.716427206993103
"Seychelles",1996,0.656768321990967
"Seychelles",1997,0.656768321990967
"Seychelles",1998,0.656768321990967
"Seychelles",1999,0.656768321990967
"Seychelles",2000,0.656768321990967
"Seychelles",2001,0.716427206993103
"Seychelles",2002,0.716427206993103
"Seychelles",2003,0.716427206993103
"Seychelles",2004,0.401067346334457
"Seychelles",2005,0.401067346334457
"Seychelles",2006,0.401067346334457
"Seychelles",2007,0.401067346334457
"Seychelles",2008,0.940341174602509
"Seychelles",2009,1
"Seychelles",2010,1
"Seychelles",2011,1
"Seychelles",2012,1
"Seychelles",2013,1
"Seychelles",2014,1
"Seychelles",2015,1
"Seychelles",2016,1
"Seychelles",2017,1
"Seychelles",2018,1
"Seychelles",2019,1
"Seychelles",2020,1
"Seychelles",2021,1
"Seychelles",2022,1
"Seychelles",2023,1
"Senegal",1970,0.222090825438499
"Senegal",1971,0.315359830856323
"Senegal",1972,0.255701005458832
"Senegal",1973,0.255701005458832
"Senegal",1974,0.418132960796356
"Senegal",1975,0.418132960796356
"Senegal",1976,0.418132960796356
"Senegal",1977,0.418132960796356
"Senegal",1978,0.418132960796356
"Senegal",1979,0.418132960796356
"Senegal",1980,0.418132960796356
"Senegal",1981,0.418132960796356
"Senegal",1982,0.418132960796356
"Senegal",1983,0.418132960796356
"Senegal",1984,0.418132960796356
"Senegal",1985,0.418132960796356
"Senegal",1986,0.418132960796356
"Senegal",1987,0.418132960796356
"Senegal",1988,0.418132960796356
"Senegal",1989,0.418132960796356
"Senegal",1990,0.418132960796356
"Senegal",1991,0.418132960796356
"Senegal",1992,0.418132960796356
"Senegal",1993,0.418132960796356
"Senegal",1994,0.418132960796356
"Senegal",1995,0.418132960796356
"Senegal",1996,0.162431985139847
"Senegal",1997,0.162431985139847
"Senegal",1998,0.162431985139847
"Senegal",1999,0.162431985139847
"Senegal",2000,0.162431985139847
"Senegal",2001,0.162431985139847
"Senegal",2002,0.162431985139847
"Senegal",2003,0.162431985139847
"Senegal",2004,0.162431985139847
"Senegal",2005,0.162431985139847
"Senegal",2006,0.162431985139847
"Senegal",2007,0.162431985139847
"Senegal",2008,0.162431985139847
"Senegal",2009,0.162431985139847
"Senegal",2010,0.162431985139847
"Senegal",2011,0.162431985139847
"Senegal",2012,0.162431985139847
"Senegal",2013,0.162431985139847
"Senegal",2014,0.162431985139847
"Senegal",2015,0.162431985139847
"Senegal",2016,0.162431985139847
"Senegal",2017,0.162431985139847
"Senegal",2018,0.162431985139847
"Senegal",2019,0.162431985139847
"Senegal",2020,0.162431985139847
"Senegal",2021,0.162431985139847
"Senegal",2022,0.162431985139847
"Senegal",2023,0.162431985139847
"Sierra Leone",1970,0.162431985139847
"Sierra Leone",1971,0.162431985139847
"Sierra Leone",1972,0.162431985139847
"Sierra Leone",1973,0.162431985139847
"Sierra Leone",1974,0.162431985139847
"Sierra Leone",1975,0.162431985139847
"Sierra Leone",1976,0.162431985139847
"Sierra Leone",1977,0.162431985139847
"Sierra Leone",1978,0.162431985139847
"Sierra Leone",1979,0.162431985139847
"Sierra Leone",1980,0.162431985139847
"Sierra Leone",1981,0.162431985139847
"Sierra Leone",1982,0
"Sierra Leone",1983,0.162431985139847
"Sierra Leone",1984,0.162431985139847
"Sierra Leone",1985,0.162431985139847
"Sierra Leone",1986,0.418132960796356
"Sierra Leone",1987,0.418132960796356
"Sierra Leone",1988,0.418132960796356
"Sierra Leone",1989,0.418132960796356
"Sierra Leone",1990,0.418132960796356
"Sierra Leone",1991,0.418132960796356
"Sierra Leone",1992,0.162431985139847
"Sierra Leone",1993,0.162431985139847
"Sierra Leone",1994,0.162431985139847
"Sierra Leone",1995,0.418132960796356
"Sierra Leone",1996,0.162431985139847
"Sierra Leone",1997,0.162431985139847
"Sierra Leone",1998,0.162431985139847
"Sierra Leone",1999,0
"Sierra Leone",2000,0
"Sierra Leone",2001,0
"Sierra Leone",2002,0
"Sierra Leone",2003,0
"Sierra Leone",2004,0
"Sierra Leone",2005,0.162431985139847
"Sierra Leone",2006,0.162431985139847
"Sierra Leone",2007,0.162431985139847
"Sierra Leone",2008,0.446004807949066
"Sierra Leone",2009,0
"Sierra Leone",2010,0
"Sierra Leone",2011,0
"Sierra Leone",2012,0
"Sierra Leone",2013,0
"Sierra Leone",2014,0
"Sierra Leone",2015,0
"Sierra Leone",2016,0.162431985139847
"Sierra Leone",2017,0.162431985139847
"Sierra Leone",2018,0.162431985139847
"Sierra Leone",2019,0.162431985139847
"Sierra Leone",2020,0.162431985139847
"Sierra Leone",2021,0.162431985139847
"Sierra Leone",2022,0.162431985139847
"Sierra Leone",2023,0.162431985139847
"Somalia",1970,0.162431985139847
"Somalia",1971,0.162431985139847
"Somalia",1972,0.162431985139847
"Somalia",1973,0.162431985139847
"Somalia",1974,0.162431985139847
"Somalia",1975,0.162431985139847
"Somalia",1976,0.162431985139847
"Somalia",1977,0.162431985139847
"Somalia",1978,0.162431985139847
"Somalia",1979,0.162431985139847
"Somalia",1980,0.162431985139847
"Somalia",1981,0
"Somalia",1982,0.162431985139847
"Somalia",1983,0
"Somalia",1984,0
"Somalia",1985,0
"Somalia",1986,0
"Somalia",1987,0
"Somalia",1988,0
"Somalia",1989,0
"Somalia",1990,0
"Somalia",1991,0
"Somalia",1992,0
"Somalia",1993,0
"Somalia",1994,0
"Somalia",1995,NA
"Somalia",1996,NA
"Somalia",1997,NA
"Somalia",1998,NA
"Somalia",1999,NA
"Somalia",2000,0
"Somalia",2001,0
"Somalia",2002,0
"Somalia",2003,0
"Somalia",2004,0
"Somalia",2005,0
"Somalia",2006,0
"Somalia",2007,0
"Somalia",2008,NA
"Somalia",2009,NA
"Somalia",2010,NA
"Somalia",2011,NA
"Somalia",2012,NA
"Somalia",2013,NA
"Somalia",2014,NA
"Somalia",2015,NA
"Somalia",2016,NA
"Somalia",2017,NA
"Somalia",2018,NA
"Somalia",2019,NA
"Somalia",2020,NA
"Somalia",2021,NA
"Somalia",2022,NA
"Somalia",2023,NA
"Namibia",1970,NA
"Namibia",1971,NA
"Namibia",1972,NA
"Namibia",1973,NA
"Namibia",1974,NA
"Namibia",1975,NA
"Namibia",1976,NA
"Namibia",1977,NA
"Namibia",1978,NA
"Namibia",1979,NA
"Namibia",1980,NA
"Namibia",1981,NA
"Namibia",1982,NA
"Namibia",1983,NA
"Namibia",1984,NA
"Namibia",1985,NA
"Namibia",1986,NA
"Namibia",1987,NA
"Namibia",1988,NA
"Namibia",1989,NA
"Namibia",1990,NA
"Namibia",1991,NA
"Namibia",1992,NA
"Namibia",1993,NA
"Namibia",1994,0
"Namibia",1995,0.162431985139847
"Namibia",1996,0.162431985139847
"Namibia",1997,0.162431985139847
"Namibia",1998,0.162431985139847
"Namibia",1999,0.162431985139847
"Namibia",2000,0.162431985139847
"Namibia",2001,0.162431985139847
"Namibia",2002,0.162431985139847
"Namibia",2003,0.162431985139847
"Namibia",2004,0.162431985139847
"Namibia",2005,0.162431985139847
"Namibia",2006,0.162431985139847
"Namibia",2007,0.162431985139847
"Namibia",2008,0.162431985139847
"Namibia",2009,0.162431985139847
"Namibia",2010,0.162431985139847
"Namibia",2011,0.162431985139847
"Namibia",2012,0.162431985139847
"Namibia",2013,0.162431985139847
"Namibia",2014,0.162431985139847
"Namibia",2015,0.162431985139847
"Namibia",2016,0.162431985139847
"Namibia",2017,0.162431985139847
"Namibia",2018,0.162431985139847
"Namibia",2019,0.162431985139847
"Namibia",2020,0.162431985139847
"Namibia",2021,0.162431985139847
"Namibia",2022,0.162431985139847
"Namibia",2023,0.162431985139847
"Sudan",1970,0
"Sudan",1971,0
"Sudan",1972,0.162431985139847
"Sudan",1973,0.162431985139847
"Sudan",1974,0.162431985139847
"Sudan",1975,0.162431985139847
"Sudan",1976,0.162431985139847
"Sudan",1977,0
"Sudan",1978,0
"Sudan",1979,0
"Sudan",1980,0
"Sudan",1981,0
"Sudan",1982,0
"Sudan",1983,0
"Sudan",1984,0
"Sudan",1985,0
"Sudan",1986,0
"Sudan",1987,0.162431985139847
"Sudan",1988,0.162431985139847
"Sudan",1989,0.162431985139847
"Sudan",1990,0.162431985139847
"Sudan",1991,0.162431985139847
"Sudan",1992,0.162431985139847
"Sudan",1993,0
"Sudan",1994,0
"Sudan",1995,0
"Sudan",1996,0.162431985139847
"Sudan",1997,0.162431985139847
"Sudan",1998,0.162431985139847
"Sudan",1999,0.222090825438499
"Sudan",2000,0.281749665737152
"Sudan",2001,0.341408520936966
"Sudan",2002,0.341408520936966
"Sudan",2003,0.341408520936966
"Sudan",2004,0.537450671195984
"Sudan",2005,0.47779181599617
"Sudan",2006,0.418132960796356
"Sudan",2007,0.255701005458832
"Sudan",2008,NA
"Sudan",2009,0
"Sudan",2010,0.0596588440239429
"Sudan",2011,0.119317688047886
"Sudan",2012,0.178976535797119
"Sudan",2013,0.238635376095772
"Sudan",2014,0.298294216394424
"Sudan",2015,0.298294216394424
"Sudan",2016,0.298294216394424
"Sudan",2017,0.553995192050934
"Sudan",2018,0.553995192050934
"Sudan",2019,0.553995192050934
"Sudan",2020,0.553995192050934
"Sudan",2021,0.553995192050934
"Sudan",2022,0.553995192050934
"Sudan",2023,0.553995192050934
"Swaziland",1970,NA
"Swaziland",1971,NA
"Swaziland",1972,NA
"Swaziland",1973,0.418132960796356
"Swaziland",1974,0.418132960796356
"Swaziland",1975,0.418132960796356
"Swaziland",1976,0.418132960796356
"Swaziland",1977,0.418132960796356
"Swaziland",1978,0.418132960796356
"Swaziland",1979,0.255701005458832
"Swaziland",1980,0.255701005458832
"Swaziland",1981,0.255701005458832
"Swaziland",1982,0.418132960796356
"Swaziland",1983,0.418132960796356
"Swaziland",1984,0.418132960796356
"Swaziland",1985,0.418132960796356
"Swaziland",1986,0.418132960796356
"Swaziland",1987,0.418132960796356
"Swaziland",1988,0.418132960796356
"Swaziland",1989,0.418132960796356
"Swaziland",1990,0.418132960796356
"Swaziland",1991,0.418132960796356
"Swaziland",1992,0.418132960796356
"Swaziland",1993,0.418132960796356
"Swaziland",1994,0.418132960796356
"Swaziland",1995,0.418132960796356
"Swaziland",1996,0.162431985139847
"Swaziland",1997,0.162431985139847
"Swaziland",1998,0.162431985139847
"Swaziland",1999,0.162431985139847
"Swaziland",2000,0.162431985139847
"Swaziland",2001,0.162431985139847
"Swaziland",2002,0.162431985139847
"Swaziland",2003,0.162431985139847
"Swaziland",2004,0.162431985139847
"Swaziland",2005,0.162431985139847
"Swaziland",2006,0.162431985139847
"Swaziland",2007,0.162431985139847
"Swaziland",2008,0.162431985139847
"Swaziland",2009,0.162431985139847
"Swaziland",2010,0.162431985139847
"Swaziland",2011,0.162431985139847
"Swaziland",2012,0.162431985139847
"Swaziland",2013,0.162431985139847
"Swaziland",2014,0.162431985139847
"Swaziland",2015,0.162431985139847
"Swaziland",2016,0.162431985139847
"Swaziland",2017,0.162431985139847
"Swaziland",2018,0.162431985139847
"Swaziland",2019,0.162431985139847
"Swaziland",2020,0.162431985139847
"Swaziland",2021,0.162431985139847
"Swaziland",2022,0.162431985139847
"Swaziland",2023,0.162431985139847
"Tanzania",1970,0.162431985139847
"Tanzania",1971,0.162431985139847
"Tanzania",1972,0.162431985139847
"Tanzania",1973,0.162431985139847
"Tanzania",1974,0.162431985139847
"Tanzania",1975,0.162431985139847
"Tanzania",1976,0.162431985139847
"Tanzania",1977,0.162431985139847
"Tanzania",1978,0.162431985139847
"Tanzania",1979,0.162431985139847
"Tanzania",1980,0.162431985139847
"Tanzania",1981,0.162431985139847
"Tanzania",1982,0.162431985139847
"Tanzania",1983,0.162431985139847
"Tanzania",1984,0.162431985139847
"Tanzania",1985,0.162431985139847
"Tanzania",1986,0.162431985139847
"Tanzania",1987,0.162431985139847
"Tanzania",1988,0.162431985139847
"Tanzania",1989,0.162431985139847
"Tanzania",1990,0.162431985139847
"Tanzania",1991,0.162431985139847
"Tanzania",1992,0
"Tanzania",1993,0.283572822809219
"Tanzania",1994,0.283572822809219
"Tanzania",1995,0.283572822809219
"Tanzania",1996,0.162431985139847
"Tanzania",1997,0.162431985139847
"Tanzania",1998,0.162431985139847
"Tanzania",1999,0.162431985139847
"Tanzania",2000,0.162431985139847
"Tanzania",2001,0.162431985139847
"Tanzania",2002,0.162431985139847
"Tanzania",2003,0.162431985139847
"Tanzania",2004,0.162431985139847
"Tanzania",2005,0.162431985139847
"Tanzania",2006,0.162431985139847
"Tanzania",2007,0.162431985139847
"Tanzania",2008,0.162431985139847
"Tanzania",2009,0.162431985139847
"Tanzania",2010,0.162431985139847
"Tanzania",2011,0.162431985139847
"Tanzania",2012,0.162431985139847
"Tanzania",2013,0.162431985139847
"Tanzania",2014,0.162431985139847
"Tanzania",2015,0.162431985139847
"Tanzania",2016,0.162431985139847
"Tanzania",2017,0.162431985139847
"Tanzania",2018,0.162431985139847
"Tanzania",2019,0.162431985139847
"Tanzania",2020,0.162431985139847
"Tanzania",2021,0.162431985139847
"Tanzania",2022,0.162431985139847
"Tanzania",2023,0.162431985139847
"Togo",1970,0.222090825438499
"Togo",1971,0.0596588440239429
"Togo",1972,0.255701005458832
"Togo",1973,0.255701005458832
"Togo",1974,0.418132960796356
"Togo",1975,0.418132960796356
"Togo",1976,0.418132960796356
"Togo",1977,0.418132960796356
"Togo",1978,0.418132960796356
"Togo",1979,0.162431985139847
"Togo",1980,0.162431985139847
"Togo",1981,0.162431985139847
"Togo",1982,0.162431985139847
"Togo",1983,0.162431985139847
"Togo",1984,0.162431985139847
"Togo",1985,0.162431985139847
"Togo",1986,0.162431985139847
"Togo",1987,0.162431985139847
"Togo",1988,0.162431985139847
"Togo",1989,0.162431985139847
"Togo",1990,0.162431985139847
"Togo",1991,0.162431985139847
"Togo",1992,0.162431985139847
"Togo",1993,0.162431985139847
"Togo",1994,0.162431985139847
"Togo",1995,0.162431985139847
"Togo",1996,0.162431985139847
"Togo",1997,0.162431985139847
"Togo",1998,0.162431985139847
"Togo",1999,0.162431985139847
"Togo",2000,0.162431985139847
"Togo",2001,0.162431985139847
"Togo",2002,0.162431985139847
"Togo",2003,0.162431985139847
"Togo",2004,0.162431985139847
"Togo",2005,0.162431985139847
"Togo",2006,0.162431985139847
"Togo",2007,0.162431985139847
"Togo",2008,0.162431985139847
"Togo",2009,0.162431985139847
"Togo",2010,0.162431985139847
"Togo",2011,0.162431985139847
"Togo",2012,0.162431985139847
"Togo",2013,0.162431985139847
"Togo",2014,0.162431985139847
"Togo",2015,0.162431985139847
"Togo",2016,0.162431985139847
"Togo",2017,0.162431985139847
"Togo",2018,0.162431985139847
"Togo",2019,0.162431985139847
"Togo",2020,0.162431985139847
"Togo",2021,0.162431985139847
"Togo",2022,0.162431985139847
"Togo",2023,0.162431985139847
"Tunisia",1970,0.162431985139847
"Tunisia",1971,0.162431985139847
"Tunisia",1972,0.162431985139847
"Tunisia",1973,0.162431985139847
"Tunisia",1974,0.162431985139847
"Tunisia",1975,0.162431985139847
"Tunisia",1976,0.162431985139847
"Tunisia",1977,0.162431985139847
"Tunisia",1978,0.162431985139847
"Tunisia",1979,0.162431985139847
"Tunisia",1980,0.162431985139847
"Tunisia",1981,0.162431985139847
"Tunisia",1982,0.162431985139847
"Tunisia",1983,0.162431985139847
"Tunisia",1984,0.162431985139847
"Tunisia",1985,0.162431985139847
"Tunisia",1986,0.162431985139847
"Tunisia",1987,0.162431985139847
"Tunisia",1988,0.162431985139847
"Tunisia",1989,0.162431985139847
"Tunisia",1990,0.162431985139847
"Tunisia",1991,0.162431985139847
"Tunisia",1992,0.418132960796356
"Tunisia",1993,0.418132960796356
"Tunisia",1994,0.418132960796356
"Tunisia",1995,0.418132960796356
"Tunisia",1996,0.162431985139847
"Tunisia",1997,0.162431985139847
"Tunisia",1998,0.162431985139847
"Tunisia",1999,0.162431985139847
"Tunisia",2000,0.162431985139847
"Tunisia",2001,0.162431985139847
"Tunisia",2002,0.162431985139847
"Tunisia",2003,0.162431985139847
"Tunisia",2004,0.162431985139847
"Tunisia",2005,0.162431985139847
"Tunisia",2006,0.162431985139847
"Tunisia",2007,0.162431985139847
"Tunisia",2008,0.162431985139847
"Tunisia",2009,0.162431985139847
"Tunisia",2010,0.162431985139847
"Tunisia",2011,0.162431985139847
"Tunisia",2012,0.162431985139847
"Tunisia",2013,0.162431985139847
"Tunisia",2014,0.162431985139847
"Tunisia",2015,0.162431985139847
"Tunisia",2016,0.162431985139847
"Tunisia",2017,0.162431985139847
"Tunisia",2018,0.162431985139847
"Tunisia",2019,0.162431985139847
"Tunisia",2020,0.162431985139847
"Tunisia",2021,0.162431985139847
"Tunisia",2022,0.162431985139847
"Tunisia",2023,0.162431985139847
"Uganda",1970,0.162431985139847
"Uganda",1971,0.162431985139847
"Uganda",1972,0.162431985139847
"Uganda",1973,0.162431985139847
"Uganda",1974,0.162431985139847
"Uganda",1975,0.162431985139847
"Uganda",1976,0.162431985139847
"Uganda",1977,0.162431985139847
"Uganda",1978,0.162431985139847
"Uganda",1979,0.162431985139847
"Uganda",1980,0.162431985139847
"Uganda",1981,0.162431985139847
"Uganda",1982,0
"Uganda",1983,0
"Uganda",1984,0.162431985139847
"Uganda",1985,0.162431985139847
"Uganda",1986,0.162431985139847
"Uganda",1987,0.162431985139847
"Uganda",1988,0.162431985139847
"Uganda",1989,0.162431985139847
"Uganda",1990,0.162431985139847
"Uganda",1991,0
"Uganda",1992,0
"Uganda",1993,0.162431985139847
"Uganda",1994,0.418132960796356
"Uganda",1995,0.418132960796356
"Uganda",1996,0.418132960796356
"Uganda",1997,0.47779181599617
"Uganda",1998,0.821023464202881
"Uganda",1999,0.880682289600372
"Uganda",2000,0.940341174602509
"Uganda",2001,1
"Uganda",2002,1
"Uganda",2003,1
"Uganda",2004,1
"Uganda",2005,1
"Uganda",2006,1
"Uganda",2007,1
"Uganda",2008,1
"Uganda",2009,1
"Uganda",2010,1
"Uganda",2011,1
"Uganda",2012,1
"Uganda",2013,1
"Uganda",2014,1
"Uganda",2015,1
"Uganda",2016,1
"Uganda",2017,1
"Uganda",2018,1
"Uganda",2019,1
"Uganda",2020,1
"Uganda",2021,0.744298994541168
"Uganda",2022,0.744298994541168
"Uganda",2023,0.744298994541168
"Burkina Faso",1970,NA
"Burkina Faso",1971,NA
"Burkina Faso",1972,NA
"Burkina Faso",1973,NA
"Burkina Faso",1974,NA
"Burkina Faso",1975,NA
"Burkina Faso",1976,NA
"Burkina Faso",1977,NA
"Burkina Faso",1978,NA
"Burkina Faso",1979,NA
"Burkina Faso",1980,NA
"Burkina Faso",1981,NA
"Burkina Faso",1982,NA
"Burkina Faso",1983,NA
"Burkina Faso",1984,NA
"Burkina Faso",1985,NA
"Burkina Faso",1986,NA
"Burkina Faso",1987,NA
"Burkina Faso",1988,0.418132960796356
"Burkina Faso",1989,0.418132960796356
"Burkina Faso",1990,0.418132960796356
"Burkina Faso",1991,0.418132960796356
"Burkina Faso",1992,0.418132960796356
"Burkina Faso",1993,0.418132960796356
"Burkina Faso",1994,0.418132960796356
"Burkina Faso",1995,0.418132960796356
"Burkina Faso",1996,0.162431985139847
"Burkina Faso",1997,0.162431985139847
"Burkina Faso",1998,0.162431985139847
"Burkina Faso",1999,0.162431985139847
"Burkina Faso",2000,0.162431985139847
"Burkina Faso",2001,0.162431985139847
"Burkina Faso",2002,0.162431985139847
"Burkina Faso",2003,0.162431985139847
"Burkina Faso",2004,0.162431985139847
"Burkina Faso",2005,0.162431985139847
"Burkina Faso",2006,0.162431985139847
"Burkina Faso",2007,0.162431985139847
"Burkina Faso",2008,0.162431985139847
"Burkina Faso",2009,0.162431985139847
"Burkina Faso",2010,0.162431985139847
"Burkina Faso",2011,0.162431985139847
"Burkina Faso",2012,0.162431985139847
"Burkina Faso",2013,0.162431985139847
"Burkina Faso",2014,0.162431985139847
"Burkina Faso",2015,0.162431985139847
"Burkina Faso",2016,0.162431985139847
"Burkina Faso",2017,0.162431985139847
"Burkina Faso",2018,0.162431985139847
"Burkina Faso",2019,0.162431985139847
"Burkina Faso",2020,0.162431985139847
"Burkina Faso",2021,0.162431985139847
"Burkina Faso",2022,0.162431985139847
"Burkina Faso",2023,0.162431985139847
"Zambia",1970,0.162431985139847
"Zambia",1971,0.162431985139847
"Zambia",1972,0.162431985139847
"Zambia",1973,0.162431985139847
"Zambia",1974,0.162431985139847
"Zambia",1975,0.162431985139847
"Zambia",1976,0.162431985139847
"Zambia",1977,0.162431985139847
"Zambia",1978,0.162431985139847
"Zambia",1979,0.162431985139847
"Zambia",1980,0.162431985139847
"Zambia",1981,0.162431985139847
"Zambia",1982,0.162431985139847
"Zambia",1983,0
"Zambia",1984,0
"Zambia",1985,0.162431985139847
"Zambia",1986,0
"Zambia",1987,0.162431985139847
"Zambia",1988,0.162431985139847
"Zambia",1989,0.162431985139847
"Zambia",1990,0.162431985139847
"Zambia",1991,0.162431985139847
"Zambia",1992,0
"Zambia",1993,0
"Zambia",1994,0
"Zambia",1995,0
"Zambia",1996,0.761364638805389
"Zambia",1997,0.658591508865356
"Zambia",1998,0.718250334262848
"Zambia",1999,0.940341174602509
"Zambia",2000,1
"Zambia",2001,1
"Zambia",2002,1
"Zambia",2003,1
"Zambia",2004,1
"Zambia",2005,1
"Zambia",2006,1
"Zambia",2007,1
"Zambia",2008,1
"Zambia",2009,1
"Zambia",2010,1
"Zambia",2011,1
"Zambia",2012,1
"Zambia",2013,1
"Zambia",2014,1
"Zambia",2015,1
"Zambia",2016,1
"Zambia",2017,1
"Zambia",2018,1
"Zambia",2019,1
"Zambia",2020,1
"Zambia",2021,1
"Zambia",2022,1
"Zambia",2023,1
"Solomon Islands",1970,NA
"Solomon Islands",1971,NA
"Solomon Islands",1972,NA
"Solomon Islands",1973,NA
"Solomon Islands",1974,NA
"Solomon Islands",1975,NA
"Solomon Islands",1976,NA
"Solomon Islands",1977,NA
"Solomon Islands",1978,NA
"Solomon Islands",1979,NA
"Solomon Islands",1980,NA
"Solomon Islands",1981,NA
"Solomon Islands",1982,0.537450671195984
"Solomon Islands",1983,0.47779181599617
"Solomon Islands",1984,0.418132960796356
"Solomon Islands",1985,0.418132960796356
"Solomon Islands",1986,0.418132960796356
"Solomon Islands",1987,0.418132960796356
"Solomon Islands",1988,0.418132960796356
"Solomon Islands",1989,0.418132960796356
"Solomon Islands",1990,0.418132960796356
"Solomon Islands",1991,0.418132960796356
"Solomon Islands",1992,0.418132960796356
"Solomon Islands",1993,0.418132960796356
"Solomon Islands",1994,0.418132960796356
"Solomon Islands",1995,0.418132960796356
"Solomon Islands",1996,0.162431985139847
"Solomon Islands",1997,0.162431985139847
"Solomon Islands",1998,0.162431985139847
"Solomon Islands",1999,0.162431985139847
"Solomon Islands",2000,0.162431985139847
"Solomon Islands",2001,0.162431985139847
"Solomon Islands",2002,0.162431985139847
"Solomon Islands",2003,0.162431985139847
"Solomon Islands",2004,0.162431985139847
"Solomon Islands",2005,0.162431985139847
"Solomon Islands",2006,0.162431985139847
"Solomon Islands",2007,0.162431985139847
"Solomon Islands",2008,0.162431985139847
"Solomon Islands",2009,0.162431985139847
"Solomon Islands",2010,0.162431985139847
"Solomon Islands",2011,0.162431985139847
"Solomon Islands",2012,0.162431985139847
"Solomon Islands",2013,0.162431985139847
"Solomon Islands",2014,0.162431985139847
"Solomon Islands",2015,0.162431985139847
"Solomon Islands",2016,0.162431985139847
"Solomon Islands",2017,0.162431985139847
"Solomon Islands",2018,0.162431985139847
"Solomon Islands",2019,0.162431985139847
"Solomon Islands",2020,0.162431985139847
"Solomon Islands",2021,0.162431985139847
"Solomon Islands",2022,0.162431985139847
"Solomon Islands",2023,0.162431985139847
"Fiji",1970,NA
"Fiji",1971,NA
"Fiji",1972,NA
"Fiji",1973,NA
"Fiji",1974,NA
"Fiji",1975,0.418132960796356
"Fiji",1976,0.418132960796356
"Fiji",1977,0.418132960796356
"Fiji",1978,0.418132960796356
"Fiji",1979,0.418132960796356
"Fiji",1980,0.418132960796356
"Fiji",1981,0.418132960796356
"Fiji",1982,0.418132960796356
"Fiji",1983,0.418132960796356
"Fiji",1984,0.418132960796356
"Fiji",1985,0.418132960796356
"Fiji",1986,0.418132960796356
"Fiji",1987,0.418132960796356
"Fiji",1988,0.162431985139847
"Fiji",1989,0.162431985139847
"Fiji",1990,0.162431985139847
"Fiji",1991,0.162431985139847
"Fiji",1992,0.418132960796356
"Fiji",1993,0.418132960796356
"Fiji",1994,0.418132960796356
"Fiji",1995,0.418132960796356
"Fiji",1996,0.162431985139847
"Fiji",1997,0.162431985139847
"Fiji",1998,0.162431985139847
"Fiji",1999,0.162431985139847
"Fiji",2000,0.162431985139847
"Fiji",2001,0.162431985139847
"Fiji",2002,0.162431985139847
"Fiji",2003,0.162431985139847
"Fiji",2004,0.162431985139847
"Fiji",2005,0.162431985139847
"Fiji",2006,0.162431985139847
"Fiji",2007,0.162431985139847
"Fiji",2008,0.162431985139847
"Fiji",2009,0.162431985139847
"Fiji",2010,0.162431985139847
"Fiji",2011,0.162431985139847
"Fiji",2012,0.162431985139847
"Fiji",2013,0.162431985139847
"Fiji",2014,0.162431985139847
"Fiji",2015,0.162431985139847
"Fiji",2016,0.162431985139847
"Fiji",2017,0.162431985139847
"Fiji",2018,0.162431985139847
"Fiji",2019,0.162431985139847
"Fiji",2020,0.162431985139847
"Fiji",2021,0.162431985139847
"Fiji",2022,0.162431985139847
"Fiji",2023,0.162431985139847
"Kiribati",1970,NA
"Kiribati",1971,NA
"Kiribati",1972,NA
"Kiribati",1973,NA
"Kiribati",1974,NA
"Kiribati",1975,NA
"Kiribati",1976,NA
"Kiribati",1977,NA
"Kiribati",1978,NA
"Kiribati",1979,NA
"Kiribati",1980,NA
"Kiribati",1981,NA
"Kiribati",1982,NA
"Kiribati",1983,NA
"Kiribati",1984,NA
"Kiribati",1985,NA
"Kiribati",1986,NA
"Kiribati",1987,NA
"Kiribati",1988,NA
"Kiribati",1989,NA
"Kiribati",1990,1
"Kiribati",1991,1
"Kiribati",1992,1
"Kiribati",1993,1
"Kiribati",1994,1
"Kiribati",1995,1
"Kiribati",1996,0.940341174602509
"Kiribati",1997,0.880682289600372
"Kiribati",1998,0.821023464202881
"Kiribati",1999,0.761364638805389
"Kiribati",2000,0.701705813407898
"Kiribati",2001,0.701705813407898
"Kiribati",2002,0.701705813407898
"Kiribati",2003,0.701705813407898
"Kiribati",2004,0.701705813407898
"Kiribati",2005,0.701705813407898
"Kiribati",2006,NA
"Kiribati",2007,NA
"Kiribati",2008,NA
"Kiribati",2009,NA
"Kiribati",2010,NA
"Kiribati",2011,NA
"Kiribati",2012,NA
"Kiribati",2013,NA
"Kiribati",2014,NA
"Kiribati",2015,NA
"Kiribati",2016,NA
"Kiribati",2017,NA
"Kiribati",2018,0.701705813407898
"Kiribati",2019,0.701705813407898
"Kiribati",2020,0.701705813407898
"Kiribati",2021,0.701705813407898
"Kiribati",2022,0.701705813407898
"Kiribati",2023,0.701705813407898
"Vanuatu",1970,NA
"Vanuatu",1971,NA
"Vanuatu",1972,NA
"Vanuatu",1973,NA
"Vanuatu",1974,NA
"Vanuatu",1975,NA
"Vanuatu",1976,NA
"Vanuatu",1977,NA
"Vanuatu",1978,NA
"Vanuatu",1979,NA
"Vanuatu",1980,NA
"Vanuatu",1981,NA
"Vanuatu",1982,NA
"Vanuatu",1983,NA
"Vanuatu",1984,NA
"Vanuatu",1985,1
"Vanuatu",1986,1
"Vanuatu",1987,1
"Vanuatu",1988,1
"Vanuatu",1989,1
"Vanuatu",1990,1
"Vanuatu",1991,1
"Vanuatu",1992,1
"Vanuatu",1993,1
"Vanuatu",1994,1
"Vanuatu",1995,1
"Vanuatu",1996,1
"Vanuatu",1997,1
"Vanuatu",1998,1
"Vanuatu",1999,0.940341174602509
"Vanuatu",2000,0.880682289600372
"Vanuatu",2001,NA
"Vanuatu",2002,NA
"Vanuatu",2003,NA
"Vanuatu",2004,NA
"Vanuatu",2005,NA
"Vanuatu",2006,NA
"Vanuatu",2007,NA
"Vanuatu",2008,NA
"Vanuatu",2009,NA
"Vanuatu",2010,NA
"Vanuatu",2011,NA
"Vanuatu",2012,NA
"Vanuatu",2013,NA
"Vanuatu",2014,NA
"Vanuatu",2015,NA
"Vanuatu",2016,NA
"Vanuatu",2017,NA
"Vanuatu",2018,0.701705813407898
"Vanuatu",2019,0.761364638805389
"Vanuatu",2020,0.821023464202881
"Vanuatu",2021,0.880682289600372
"Vanuatu",2022,0.940341174602509
"Vanuatu",2023,1
"Papua New Guinea",1970,NA
"Papua New Guinea",1971,NA
"Papua New Guinea",1972,NA
"Papua New Guinea",1973,NA
"Papua New Guinea",1974,NA
"Papua New Guinea",1975,NA
"Papua New Guinea",1976,NA
"Papua New Guinea",1977,NA
"Papua New Guinea",1978,NA
"Papua New Guinea",1979,0.418132960796356
"Papua New Guinea",1980,0.418132960796356
"Papua New Guinea",1981,0.418132960796356
"Papua New Guinea",1982,0.418132960796356
"Papua New Guinea",1983,0.418132960796356
"Papua New Guinea",1984,0.418132960796356
"Papua New Guinea",1985,0.418132960796356
"Papua New Guinea",1986,0.418132960796356
"Papua New Guinea",1987,0.418132960796356
"Papua New Guinea",1988,0.418132960796356
"Papua New Guinea",1989,0.418132960796356
"Papua New Guinea",1990,0.418132960796356
"Papua New Guinea",1991,0.418132960796356
"Papua New Guinea",1992,0.418132960796356
"Papua New Guinea",1993,0.418132960796356
"Papua New Guinea",1994,0.418132960796356
"Papua New Guinea",1995,0.418132960796356
"Papua New Guinea",1996,0.162431985139847
"Papua New Guinea",1997,0.162431985139847
"Papua New Guinea",1998,0.162431985139847
"Papua New Guinea",1999,0.162431985139847
"Papua New Guinea",2000,0.162431985139847
"Papua New Guinea",2001,0.162431985139847
"Papua New Guinea",2002,0.162431985139847
"Papua New Guinea",2003,0.162431985139847
"Papua New Guinea",2004,0.162431985139847
"Papua New Guinea",2005,0.446004807949066
"Papua New Guinea",2006,0.446004807949066
"Papua New Guinea",2007,0.505663633346558
"Papua New Guinea",2008,0.565322458744049
"Papua New Guinea",2009,0.624981343746185
"Papua New Guinea",2010,0.684640169143677
"Papua New Guinea",2011,0.744298994541168
"Papua New Guinea",2012,0.744298994541168
"Papua New Guinea",2013,0.744298994541168
"Papua New Guinea",2014,0.744298994541168
"Papua New Guinea",2015,0.744298994541168
"Papua New Guinea",2016,0.460726171731949
"Papua New Guinea",2017,0.460726171731949
"Papua New Guinea",2018,0.298294216394424
"Papua New Guinea",2019,0.298294216394424
"Papua New Guinea",2020,0.298294216394424
"Papua New Guinea",2021,0.298294216394424
"Papua New Guinea",2022,0.298294216394424
"Papua New Guinea",2023,0.298294216394424
"Samoa",1970,NA
"Samoa",1971,NA
"Samoa",1972,NA
"Samoa",1973,NA
"Samoa",1974,NA
"Samoa",1975,0.162431985139847
"Samoa",1976,0.162431985139847
"Samoa",1977,0.162431985139847
"Samoa",1978,0.162431985139847
"Samoa",1979,0.162431985139847
"Samoa",1980,0.162431985139847
"Samoa",1981,0.162431985139847
"Samoa",1982,0.162431985139847
"Samoa",1983,0.162431985139847
"Samoa",1984,0.162431985139847
"Samoa",1985,0.162431985139847
"Samoa",1986,0
"Samoa",1987,0
"Samoa",1988,0
"Samoa",1989,0
"Samoa",1990,0
"Samoa",1991,0
"Samoa",1992,0
"Samoa",1993,0.418132960796356
"Samoa",1994,0.418132960796356
"Samoa",1995,0.418132960796356
"Samoa",1996,0.162431985139847
"Samoa",1997,0.162431985139847
"Samoa",1998,0.162431985139847
"Samoa",1999,0.162431985139847
"Samoa",2000,0.162431985139847
"Samoa",2001,0.162431985139847
"Samoa",2002,0.162431985139847
"Samoa",2003,0.162431985139847
"Samoa",2004,0.162431985139847
"Samoa",2005,0.162431985139847
"Samoa",2006,0.162431985139847
"Samoa",2007,0.162431985139847
"Samoa",2008,0.162431985139847
"Samoa",2009,0.162431985139847
"Samoa",2010,0.162431985139847
"Samoa",2011,0.162431985139847
"Samoa",2012,0.162431985139847
"Samoa",2013,0.162431985139847
"Samoa",2014,0.162431985139847
"Samoa",2015,0.162431985139847
"Samoa",2016,0.162431985139847
"Samoa",2017,0.162431985139847
"Samoa",2018,0.162431985139847
"Samoa",2019,0.162431985139847
"Samoa",2020,0.162431985139847
"Samoa",2021,0.162431985139847
"Samoa",2022,0.162431985139847
"Samoa",2023,0.162431985139847
"Tonga",1970,NA
"Tonga",1971,NA
"Tonga",1972,NA
"Tonga",1973,NA
"Tonga",1974,NA
"Tonga",1975,NA
"Tonga",1976,NA
"Tonga",1977,NA
"Tonga",1978,NA
"Tonga",1979,NA
"Tonga",1980,NA
"Tonga",1981,NA
"Tonga",1982,NA
"Tonga",1983,NA
"Tonga",1984,NA
"Tonga",1985,NA
"Tonga",1986,NA
"Tonga",1987,NA
"Tonga",1988,NA
"Tonga",1989,0.418132960796356
"Tonga",1990,0.418132960796356
"Tonga",1991,0.418132960796356
"Tonga",1992,0.418132960796356
"Tonga",1993,0.701705813407898
"Tonga",1994,0.47779181599617
"Tonga",1995,0.47779181599617
"Tonga",1996,0.222090825438499
"Tonga",1997,0.281749665737152
"Tonga",1998,0.341408520936966
"Tonga",1999,0.341408520936966
"Tonga",2000,0.341408520936966
"Tonga",2001,0.341408520936966
"Tonga",2002,0.281749665737152
"Tonga",2003,0.222090825438499
"Tonga",2004,0.162431985139847
"Tonga",2005,0.162431985139847
"Tonga",2006,0.162431985139847
"Tonga",2007,0.162431985139847
"Tonga",2008,0.446004807949066
"Tonga",2009,0.446004807949066
"Tonga",2010,0.446004807949066
"Tonga",2011,0.446004807949066
"Tonga",2012,0.446004807949066
"Tonga",2013,0.446004807949066
"Tonga",2014,0.446004807949066
"Tonga",2015,0.446004807949066
"Tonga",2016,0.446004807949066
"Tonga",2017,0.446004807949066
"Tonga",2018,0.162431985139847
"Tonga",2019,0.162431985139847
"Tonga",2020,0.162431985139847
"Tonga",2021,0.162431985139847
"Tonga",2022,0.162431985139847
"Tonga",2023,0.162431985139847
"Marshall Islands",1970,NA
"Marshall Islands",1971,NA
"Marshall Islands",1972,NA
"Marshall Islands",1973,NA
"Marshall Islands",1974,NA
"Marshall Islands",1975,NA
"Marshall Islands",1976,NA
"Marshall Islands",1977,NA
"Marshall Islands",1978,NA
"Marshall Islands",1979,NA
"Marshall Islands",1980,NA
"Marshall Islands",1981,NA
"Marshall Islands",1982,NA
"Marshall Islands",1983,NA
"Marshall Islands",1984,NA
"Marshall Islands",1985,NA
"Marshall Islands",1986,NA
"Marshall Islands",1987,NA
"Marshall Islands",1988,NA
"Marshall Islands",1989,NA
"Marshall Islands",1990,NA
"Marshall Islands",1991,NA
"Marshall Islands",1992,NA
"Marshall Islands",1993,NA
"Marshall Islands",1994,NA
"Marshall Islands",1995,NA
"Marshall Islands",1996,0.684640169143677
"Marshall Islands",1997,0.880682289600372
"Marshall Islands",1998,0.821023464202881
"Marshall Islands",1999,0.761364638805389
"Marshall Islands",2000,0.701705813407898
"Marshall Islands",2001,0.701705813407898
"Marshall Islands",2002,0.701705813407898
"Marshall Islands",2003,0.701705813407898
"Marshall Islands",2004,0.701705813407898
"Marshall Islands",2005,0.701705813407898
"Marshall Islands",2006,0.701705813407898
"Marshall Islands",2007,0.701705813407898
"Marshall Islands",2008,0.701705813407898
"Marshall Islands",2009,0.701705813407898
"Marshall Islands",2010,0.701705813407898
"Marshall Islands",2011,0.701705813407898
"Marshall Islands",2012,0.701705813407898
"Marshall Islands",2013,0.701705813407898
"Marshall Islands",2014,0.701705813407898
"Marshall Islands",2015,0.701705813407898
"Marshall Islands",2016,0.701705813407898
"Marshall Islands",2017,0.701705813407898
"Marshall Islands",2018,0.701705813407898
"Marshall Islands",2019,0.701705813407898
"Marshall Islands",2020,0.701705813407898
"Marshall Islands",2021,0.701705813407898
"Marshall Islands",2022,0.701705813407898
"Marshall Islands",2023,0.701705813407898
"Micronesia, Fed. Sts.",1970,NA
"Micronesia, Fed. Sts.",1971,NA
"Micronesia, Fed. Sts.",1972,NA
"Micronesia, Fed. Sts.",1973,NA
"Micronesia, Fed. Sts.",1974,NA
"Micronesia, Fed. Sts.",1975,NA
"Micronesia, Fed. Sts.",1976,NA
"Micronesia, Fed. Sts.",1977,NA
"Micronesia, Fed. Sts.",1978,NA
"Micronesia, Fed. Sts.",1979,NA
"Micronesia, Fed. Sts.",1980,NA
"Micronesia, Fed. Sts.",1981,NA
"Micronesia, Fed. Sts.",1982,NA
"Micronesia, Fed. Sts.",1983,NA
"Micronesia, Fed. Sts.",1984,NA
"Micronesia, Fed. Sts.",1985,NA
"Micronesia, Fed. Sts.",1986,NA
"Micronesia, Fed. Sts.",1987,NA
"Micronesia, Fed. Sts.",1988,NA
"Micronesia, Fed. Sts.",1989,NA
"Micronesia, Fed. Sts.",1990,NA
"Micronesia, Fed. Sts.",1991,NA
"Micronesia, Fed. Sts.",1992,NA
"Micronesia, Fed. Sts.",1993,NA
"Micronesia, Fed. Sts.",1994,NA
"Micronesia, Fed. Sts.",1995,NA
"Micronesia, Fed. Sts.",1996,0.940341174602509
"Micronesia, Fed. Sts.",1997,0.880682289600372
"Micronesia, Fed. Sts.",1998,0.821023464202881
"Micronesia, Fed. Sts.",1999,0.761364638805389
"Micronesia, Fed. Sts.",2000,0.701705813407898
"Micronesia, Fed. Sts.",2001,0.761364638805389
"Micronesia, Fed. Sts.",2002,0.821023464202881
"Micronesia, Fed. Sts.",2003,0.880682289600372
"Micronesia, Fed. Sts.",2004,0.940341174602509
"Micronesia, Fed. Sts.",2005,1
"Micronesia, Fed. Sts.",2006,1
"Micronesia, Fed. Sts.",2007,1
"Micronesia, Fed. Sts.",2008,1
"Micronesia, Fed. Sts.",2009,1
"Micronesia, Fed. Sts.",2010,1
"Micronesia, Fed. Sts.",2011,1
"Micronesia, Fed. Sts.",2012,1
"Micronesia, Fed. Sts.",2013,1
"Micronesia, Fed. Sts.",2014,1
"Micronesia, Fed. Sts.",2015,1
"Micronesia, Fed. Sts.",2016,1
"Micronesia, Fed. Sts.",2017,1
"Micronesia, Fed. Sts.",2018,1
"Micronesia, Fed. Sts.",2019,1
"Micronesia, Fed. Sts.",2020,1
"Micronesia, Fed. Sts.",2021,1
"Micronesia, Fed. Sts.",2022,NA
"Micronesia, Fed. Sts.",2023,NA
"Armenia",1970,NA
"Armenia",1971,NA
"Armenia",1972,NA
"Armenia",1973,NA
"Armenia",1974,NA
"Armenia",1975,NA
"Armenia",1976,NA
"Armenia",1977,NA
"Armenia",1978,NA
"Armenia",1979,NA
"Armenia",1980,NA
"Armenia",1981,NA
"Armenia",1982,NA
"Armenia",1983,NA
"Armenia",1984,NA
"Armenia",1985,NA
"Armenia",1986,NA
"Armenia",1987,NA
"Armenia",1988,NA
"Armenia",1989,NA
"Armenia",1990,NA
"Armenia",1991,NA
"Armenia",1992,NA
"Armenia",1993,NA
"Armenia",1994,NA
"Armenia",1995,NA
"Armenia",1996,0.47779181599617
"Armenia",1997,0.821023464202881
"Armenia",1998,0.880682289600372
"Armenia",1999,0.940341174602509
"Armenia",2000,1
"Armenia",2001,1
"Armenia",2002,1
"Armenia",2003,1
"Armenia",2004,1
"Armenia",2005,1
"Armenia",2006,1
"Armenia",2007,1
"Armenia",2008,1
"Armenia",2009,1
"Armenia",2010,1
"Armenia",2011,1
"Armenia",2012,1
"Armenia",2013,1
"Armenia",2014,1
"Armenia",2015,1
"Armenia",2016,0.837568044662476
"Armenia",2017,0.837568044662476
"Armenia",2018,0.837568044662476
"Armenia",2019,0.837568044662476
"Armenia",2020,0.837568044662476
"Armenia",2021,0.837568044662476
"Armenia",2022,1
"Armenia",2023,1
"Azerbaijan",1970,NA
"Azerbaijan",1971,NA
"Azerbaijan",1972,NA
"Azerbaijan",1973,NA
"Azerbaijan",1974,NA
"Azerbaijan",1975,NA
"Azerbaijan",1976,NA
"Azerbaijan",1977,NA
"Azerbaijan",1978,NA
"Azerbaijan",1979,NA
"Azerbaijan",1980,NA
"Azerbaijan",1981,NA
"Azerbaijan",1982,NA
"Azerbaijan",1983,NA
"Azerbaijan",1984,NA
"Azerbaijan",1985,NA
"Azerbaijan",1986,NA
"Azerbaijan",1987,NA
"Azerbaijan",1988,NA
"Azerbaijan",1989,NA
"Azerbaijan",1990,NA
"Azerbaijan",1991,NA
"Azerbaijan",1992,NA
"Azerbaijan",1993,NA
"Azerbaijan",1994,NA
"Azerbaijan",1995,NA
"Azerbaijan",1996,0.162431985139847
"Azerbaijan",1997,0.162431985139847
"Azerbaijan",1998,0.162431985139847
"Azerbaijan",1999,0.162431985139847
"Azerbaijan",2000,0.162431985139847
"Azerbaijan",2001,0.162431985139847
"Azerbaijan",2002,0.418132960796356
"Azerbaijan",2003,0.418132960796356
"Azerbaijan",2004,0.162431985139847
"Azerbaijan",2005,0.162431985139847
"Azerbaijan",2006,0.162431985139847
"Azerbaijan",2007,0.162431985139847
"Azerbaijan",2008,0.505663633346558
"Azerbaijan",2009,0.281749665737152
"Azerbaijan",2010,0.341408520936966
"Azerbaijan",2011,0.401067346334457
"Azerbaijan",2012,0.460726171731949
"Azerbaijan",2013,0.460726171731949
"Azerbaijan",2014,0.460726171731949
"Azerbaijan",2015,0.460726171731949
"Azerbaijan",2016,0.460726171731949
"Azerbaijan",2017,0.460726171731949
"Azerbaijan",2018,0.460726171731949
"Azerbaijan",2019,0.460726171731949
"Azerbaijan",2020,0.460726171731949
"Azerbaijan",2021,0.460726171731949
"Azerbaijan",2022,0.460726171731949
"Azerbaijan",2023,0.401067346334457
"Belarus",1970,NA
"Belarus",1971,NA
"Belarus",1972,NA
"Belarus",1973,NA
"Belarus",1974,NA
"Belarus",1975,NA
"Belarus",1976,NA
"Belarus",1977,NA
"Belarus",1978,NA
"Belarus",1979,NA
"Belarus",1980,NA
"Belarus",1981,NA
"Belarus",1982,NA
"Belarus",1983,NA
"Belarus",1984,NA
"Belarus",1985,NA
"Belarus",1986,NA
"Belarus",1987,NA
"Belarus",1988,NA
"Belarus",1989,NA
"Belarus",1990,NA
"Belarus",1991,NA
"Belarus",1992,NA
"Belarus",1993,NA
"Belarus",1994,NA
"Belarus",1995,NA
"Belarus",1996,0.162431985139847
"Belarus",1997,0
"Belarus",1998,0
"Belarus",1999,0
"Belarus",2000,0
"Belarus",2001,0
"Belarus",2002,0.162431985139847
"Belarus",2003,0.162431985139847
"Belarus",2004,0.162431985139847
"Belarus",2005,0.162431985139847
"Belarus",2006,0.162431985139847
"Belarus",2007,0.418132960796356
"Belarus",2008,0.162431985139847
"Belarus",2009,0.162431985139847
"Belarus",2010,0.162431985139847
"Belarus",2011,0.162431985139847
"Belarus",2012,0.162431985139847
"Belarus",2013,0.162431985139847
"Belarus",2014,0
"Belarus",2015,0
"Belarus",2016,0.162431985139847
"Belarus",2017,0.162431985139847
"Belarus",2018,0.162431985139847
"Belarus",2019,0.162431985139847
"Belarus",2020,0.162431985139847
"Belarus",2021,0.418132960796356
"Belarus",2022,0.418132960796356
"Belarus",2023,0.418132960796356
"Albania",1970,NA
"Albania",1971,NA
"Albania",1972,NA
"Albania",1973,NA
"Albania",1974,NA
"Albania",1975,NA
"Albania",1976,NA
"Albania",1977,NA
"Albania",1978,NA
"Albania",1979,NA
"Albania",1980,NA
"Albania",1981,NA
"Albania",1982,NA
"Albania",1983,NA
"Albania",1984,NA
"Albania",1985,NA
"Albania",1986,NA
"Albania",1987,NA
"Albania",1988,NA
"Albania",1989,NA
"Albania",1990,NA
"Albania",1991,NA
"Albania",1992,NA
"Albania",1993,NA
"Albania",1994,NA
"Albania",1995,0.418132960796356
"Albania",1996,0.418132960796356
"Albania",1997,0.418132960796356
"Albania",1998,0.418132960796356
"Albania",1999,0.418132960796356
"Albania",2000,0.418132960796356
"Albania",2001,0.418132960796356
"Albania",2002,0.418132960796356
"Albania",2003,0.418132960796356
"Albania",2004,0.418132960796356
"Albania",2005,0.418132960796356
"Albania",2006,0.162431985139847
"Albania",2007,0.162431985139847
"Albania",2008,0.162431985139847
"Albania",2009,0.162431985139847
"Albania",2010,0.418132960796356
"Albania",2011,0.418132960796356
"Albania",2012,0.418132960796356
"Albania",2013,0.418132960796356
"Albania",2014,0.418132960796356
"Albania",2015,0.418132960796356
"Albania",2016,0.418132960796356
"Albania",2017,0.418132960796356
"Albania",2018,0.418132960796356
"Albania",2019,0.418132960796356
"Albania",2020,0.162431985139847
"Albania",2021,0.418132960796356
"Albania",2022,0.418132960796356
"Albania",2023,0.418132960796356
"Georgia",1970,NA
"Georgia",1971,NA
"Georgia",1972,NA
"Georgia",1973,NA
"Georgia",1974,NA
"Georgia",1975,NA
"Georgia",1976,NA
"Georgia",1977,NA
"Georgia",1978,NA
"Georgia",1979,NA
"Georgia",1980,NA
"Georgia",1981,NA
"Georgia",1982,NA
"Georgia",1983,NA
"Georgia",1984,NA
"Georgia",1985,NA
"Georgia",1986,NA
"Georgia",1987,NA
"Georgia",1988,NA
"Georgia",1989,NA
"Georgia",1990,NA
"Georgia",1991,NA
"Georgia",1992,NA
"Georgia",1993,NA
"Georgia",1994,NA
"Georgia",1995,NA
"Georgia",1996,0.505663633346558
"Georgia",1997,0.565322458744049
"Georgia",1998,0.624981343746185
"Georgia",1999,0.684640169143677
"Georgia",2000,0.744298994541168
"Georgia",2001,0.744298994541168
"Georgia",2002,0.744298994541168
"Georgia",2003,0.744298994541168
"Georgia",2004,0.744298994541168
"Georgia",2005,0.744298994541168
"Georgia",2006,0.744298994541168
"Georgia",2007,0.744298994541168
"Georgia",2008,0.744298994541168
"Georgia",2009,0.581867039203644
"Georgia",2010,0.298294216394424
"Georgia",2011,0.298294216394424
"Georgia",2012,0.837568044662476
"Georgia",2013,1
"Georgia",2014,1
"Georgia",2015,1
"Georgia",2016,1
"Georgia",2017,1
"Georgia",2018,1
"Georgia",2019,1
"Georgia",2020,1
"Georgia",2021,1
"Georgia",2022,1
"Georgia",2023,1
"Kazakhstan",1970,NA
"Kazakhstan",1971,NA
"Kazakhstan",1972,NA
"Kazakhstan",1973,NA
"Kazakhstan",1974,NA
"Kazakhstan",1975,NA
"Kazakhstan",1976,NA
"Kazakhstan",1977,NA
"Kazakhstan",1978,NA
"Kazakhstan",1979,NA
"Kazakhstan",1980,NA
"Kazakhstan",1981,NA
"Kazakhstan",1982,NA
"Kazakhstan",1983,NA
"Kazakhstan",1984,NA
"Kazakhstan",1985,NA
"Kazakhstan",1986,NA
"Kazakhstan",1987,NA
"Kazakhstan",1988,NA
"Kazakhstan",1989,NA
"Kazakhstan",1990,NA
"Kazakhstan",1991,NA
"Kazakhstan",1992,NA
"Kazakhstan",1993,NA
"Kazakhstan",1994,NA
"Kazakhstan",1995,NA
"Kazakhstan",1996,0.162431985139847
"Kazakhstan",1997,0.162431985139847
"Kazakhstan",1998,0.162431985139847
"Kazakhstan",1999,0.162431985139847
"Kazakhstan",2000,0.162431985139847
"Kazakhstan",2001,0.162431985139847
"Kazakhstan",2002,0.162431985139847
"Kazakhstan",2003,0.162431985139847
"Kazakhstan",2004,0.162431985139847
"Kazakhstan",2005,0.162431985139847
"Kazakhstan",2006,0.162431985139847
"Kazakhstan",2007,0.162431985139847
"Kazakhstan",2008,0.162431985139847
"Kazakhstan",2009,0.162431985139847
"Kazakhstan",2010,0.162431985139847
"Kazakhstan",2011,0.162431985139847
"Kazakhstan",2012,0.162431985139847
"Kazakhstan",2013,0.162431985139847
"Kazakhstan",2014,0.162431985139847
"Kazakhstan",2015,0.162431985139847
"Kazakhstan",2016,0.162431985139847
"Kazakhstan",2017,0.162431985139847
"Kazakhstan",2018,0.162431985139847
"Kazakhstan",2019,0.222090825438499
"Kazakhstan",2020,0.222090825438499
"Kazakhstan",2021,0.222090825438499
"Kazakhstan",2022,0.222090825438499
"Kazakhstan",2023,0.222090825438499
"Kyrgyz Republic",1970,NA
"Kyrgyz Republic",1971,NA
"Kyrgyz Republic",1972,NA
"Kyrgyz Republic",1973,NA
"Kyrgyz Republic",1974,NA
"Kyrgyz Republic",1975,NA
"Kyrgyz Republic",1976,NA
"Kyrgyz Republic",1977,NA
"Kyrgyz Republic",1978,NA
"Kyrgyz Republic",1979,NA
"Kyrgyz Republic",1980,NA
"Kyrgyz Republic",1981,NA
"Kyrgyz Republic",1982,NA
"Kyrgyz Republic",1983,NA
"Kyrgyz Republic",1984,NA
"Kyrgyz Republic",1985,NA
"Kyrgyz Republic",1986,NA
"Kyrgyz Republic",1987,NA
"Kyrgyz Republic",1988,NA
"Kyrgyz Republic",1989,NA
"Kyrgyz Republic",1990,NA
"Kyrgyz Republic",1991,NA
"Kyrgyz Republic",1992,NA
"Kyrgyz Republic",1993,NA
"Kyrgyz Republic",1994,NA
"Kyrgyz Republic",1995,NA
"Kyrgyz Republic",1996,NA
"Kyrgyz Republic",1997,0.821023464202881
"Kyrgyz Republic",1998,0.821023464202881
"Kyrgyz Republic",1999,0.821023464202881
"Kyrgyz Republic",2000,0.821023464202881
"Kyrgyz Republic",2001,0.761364638805389
"Kyrgyz Republic",2002,0.701705813407898
"Kyrgyz Republic",2003,0.701705813407898
"Kyrgyz Republic",2004,0.701705813407898
"Kyrgyz Republic",2005,0.701705813407898
"Kyrgyz Republic",2006,0.701705813407898
"Kyrgyz Republic",2007,0.761364638805389
"Kyrgyz Republic",2008,0.821023464202881
"Kyrgyz Republic",2009,0.821023464202881
"Kyrgyz Republic",2010,0.821023464202881
"Kyrgyz Republic",2011,0.821023464202881
"Kyrgyz Republic",2012,0.343231678009033
"Kyrgyz Republic",2013,0.283572822809219
"Kyrgyz Republic",2014,0.283572822809219
"Kyrgyz Republic",2015,0.283572822809219
"Kyrgyz Republic",2016,0.539273798465729
"Kyrgyz Republic",2017,0.539273798465729
"Kyrgyz Republic",2018,0.539273798465729
"Kyrgyz Republic",2019,0.539273798465729
"Kyrgyz Republic",2020,0.539273798465729
"Kyrgyz Republic",2021,0.539273798465729
"Kyrgyz Republic",2022,0.539273798465729
"Kyrgyz Republic",2023,0.539273798465729
"Bulgaria",1970,NA
"Bulgaria",1971,NA
"Bulgaria",1972,NA
"Bulgaria",1973,NA
"Bulgaria",1974,NA
"Bulgaria",1975,NA
"Bulgaria",1976,NA
"Bulgaria",1977,NA
"Bulgaria",1978,NA
"Bulgaria",1979,NA
"Bulgaria",1980,NA
"Bulgaria",1981,NA
"Bulgaria",1982,NA
"Bulgaria",1983,NA
"Bulgaria",1984,NA
"Bulgaria",1985,NA
"Bulgaria",1986,NA
"Bulgaria",1987,NA
"Bulgaria",1988,NA
"Bulgaria",1989,NA
"Bulgaria",1990,NA
"Bulgaria",1991,NA
"Bulgaria",1992,NA
"Bulgaria",1993,NA
"Bulgaria",1994,0.162431985139847
"Bulgaria",1995,0.162431985139847
"Bulgaria",1996,0.222090825438499
"Bulgaria",1997,0.222090825438499
"Bulgaria",1998,0.222090825438499
"Bulgaria",1999,0.222090825438499
"Bulgaria",2000,0.222090825438499
"Bulgaria",2001,0.162431985139847
"Bulgaria",2002,0.162431985139847
"Bulgaria",2003,0.222090825438499
"Bulgaria",2004,0.281749665737152
"Bulgaria",2005,0.341408520936966
"Bulgaria",2006,0.940341174602509
"Bulgaria",2007,1
"Bulgaria",2008,1
"Bulgaria",2009,1
"Bulgaria",2010,1
"Bulgaria",2011,1
"Bulgaria",2012,1
"Bulgaria",2013,1
"Bulgaria",2014,1
"Bulgaria",2015,1
"Bulgaria",2016,1
"Bulgaria",2017,1
"Bulgaria",2018,0.744298994541168
"Bulgaria",2019,0.684640169143677
"Bulgaria",2020,0.624981343746185
"Bulgaria",2021,0.565322458744049
"Bulgaria",2022,0.505663633346558
"Bulgaria",2023,0.446004807949066
"Moldova",1970,NA
"Moldova",1971,NA
"Moldova",1972,NA
"Moldova",1973,NA
"Moldova",1974,NA
"Moldova",1975,NA
"Moldova",1976,NA
"Moldova",1977,NA
"Moldova",1978,NA
"Moldova",1979,NA
"Moldova",1980,NA
"Moldova",1981,NA
"Moldova",1982,NA
"Moldova",1983,NA
"Moldova",1984,NA
"Moldova",1985,NA
"Moldova",1986,NA
"Moldova",1987,NA
"Moldova",1988,NA
"Moldova",1989,NA
"Moldova",1990,NA
"Moldova",1991,NA
"Moldova",1992,NA
"Moldova",1993,NA
"Moldova",1994,NA
"Moldova",1995,NA
"Moldova",1996,0.222090825438499
"Moldova",1997,0.222090825438499
"Moldova",1998,0.222090825438499
"Moldova",1999,0.162431985139847
"Moldova",2000,0.162431985139847
"Moldova",2001,0.162431985139847
"Moldova",2002,0.162431985139847
"Moldova",2003,0.162431985139847
"Moldova",2004,0.162431985139847
"Moldova",2005,0.162431985139847
"Moldova",2006,0.162431985139847
"Moldova",2007,0.162431985139847
"Moldova",2008,0.162431985139847
"Moldova",2009,0.162431985139847
"Moldova",2010,0.162431985139847
"Moldova",2011,0.162431985139847
"Moldova",2012,0.162431985139847
"Moldova",2013,0.162431985139847
"Moldova",2014,0.162431985139847
"Moldova",2015,0.162431985139847
"Moldova",2016,0.162431985139847
"Moldova",2017,0.162431985139847
"Moldova",2018,0.162431985139847
"Moldova",2019,0.162431985139847
"Moldova",2020,0.162431985139847
"Moldova",2021,0.162431985139847
"Moldova",2022,0.162431985139847
"Moldova",2023,0.162431985139847
"Russian Federation",1970,NA
"Russian Federation",1971,NA
"Russian Federation",1972,NA
"Russian Federation",1973,NA
"Russian Federation",1974,NA
"Russian Federation",1975,NA
"Russian Federation",1976,NA
"Russian Federation",1977,NA
"Russian Federation",1978,NA
"Russian Federation",1979,NA
"Russian Federation",1980,NA
"Russian Federation",1981,NA
"Russian Federation",1982,NA
"Russian Federation",1983,NA
"Russian Federation",1984,NA
"Russian Federation",1985,NA
"Russian Federation",1986,NA
"Russian Federation",1987,NA
"Russian Federation",1988,NA
"Russian Federation",1989,NA
"Russian Federation",1990,NA
"Russian Federation",1991,NA
"Russian Federation",1992,NA
"Russian Federation",1993,NA
"Russian Federation",1994,NA
"Russian Federation",1995,NA
"Russian Federation",1996,0.418132960796356
"Russian Federation",1997,0.418132960796356
"Russian Federation",1998,0.255701005458832
"Russian Federation",1999,0
"Russian Federation",2000,0.255701005458832
"Russian Federation",2001,0
"Russian Federation",2002,0.418132960796356
"Russian Federation",2003,0.418132960796356
"Russian Federation",2004,0.418132960796356
"Russian Federation",2005,0.418132960796356
"Russian Federation",2006,0.418132960796356
"Russian Federation",2007,0.418132960796356
"Russian Federation",2008,0.418132960796356
"Russian Federation",2009,0.47779181599617
"Russian Federation",2010,0.537450671195984
"Russian Federation",2011,0.597109496593475
"Russian Federation",2012,0.656768321990967
"Russian Federation",2013,0.716427206993103
"Russian Federation",2014,0.716427206993103
"Russian Federation",2015,0.716427206993103
"Russian Federation",2016,0.656768321990967
"Russian Federation",2017,0.597109496593475
"Russian Federation",2018,0.537450671195984
"Russian Federation",2019,0.47779181599617
"Russian Federation",2020,0.418132960796356
"Russian Federation",2021,0.162431985139847
"Russian Federation",2022,0.162431985139847
"Russian Federation",2023,0.162431985139847
"Tajikistan",1970,NA
"Tajikistan",1971,NA
"Tajikistan",1972,NA
"Tajikistan",1973,NA
"Tajikistan",1974,NA
"Tajikistan",1975,NA
"Tajikistan",1976,NA
"Tajikistan",1977,NA
"Tajikistan",1978,NA
"Tajikistan",1979,NA
"Tajikistan",1980,NA
"Tajikistan",1981,NA
"Tajikistan",1982,NA
"Tajikistan",1983,NA
"Tajikistan",1984,NA
"Tajikistan",1985,NA
"Tajikistan",1986,NA
"Tajikistan",1987,NA
"Tajikistan",1988,NA
"Tajikistan",1989,NA
"Tajikistan",1990,NA
"Tajikistan",1991,NA
"Tajikistan",1992,NA
"Tajikistan",1993,NA
"Tajikistan",1994,NA
"Tajikistan",1995,NA
"Tajikistan",1996,NA
"Tajikistan",1997,0.162431985139847
"Tajikistan",1998,0.162431985139847
"Tajikistan",1999,0.162431985139847
"Tajikistan",2000,0.162431985139847
"Tajikistan",2001,0.162431985139847
"Tajikistan",2002,0.162431985139847
"Tajikistan",2003,0.162431985139847
"Tajikistan",2004,0.162431985139847
"Tajikistan",2005,0.162431985139847
"Tajikistan",2006,0.162431985139847
"Tajikistan",2007,0.162431985139847
"Tajikistan",2008,0.446004807949066
"Tajikistan",2009,0.162431985139847
"Tajikistan",2010,0.162431985139847
"Tajikistan",2011,0.162431985139847
"Tajikistan",2012,0.162431985139847
"Tajikistan",2013,0.162431985139847
"Tajikistan",2014,0.162431985139847
"Tajikistan",2015,0
"Tajikistan",2016,0
"Tajikistan",2017,0.162431985139847
"Tajikistan",2018,0.222090825438499
"Tajikistan",2019,0.119317688047886
"Tajikistan",2020,0.178976535797119
"Tajikistan",2021,0.238635376095772
"Tajikistan",2022,0.298294216394424
"Tajikistan",2023,0.238635376095772
"China",1970,NA
"China",1971,NA
"China",1972,NA
"China",1973,NA
"China",1974,NA
"China",1975,NA
"China",1976,NA
"China",1977,NA
"China",1978,NA
"China",1979,NA
"China",1980,NA
"China",1981,NA
"China",1982,NA
"China",1983,NA
"China",1984,0.162431985139847
"China",1985,0.162431985139847
"China",1986,0.162431985139847
"China",1987,0
"China",1988,0
"China",1989,0
"China",1990,0
"China",1991,0
"China",1992,0
"China",1993,0.162431985139847
"China",1994,0.162431985139847
"China",1995,0.162431985139847
"China",1996,0.162431985139847
"China",1997,0.162431985139847
"China",1998,0.162431985139847
"China",1999,0.162431985139847
"China",2000,0.162431985139847
"China",2001,0.162431985139847
"China",2002,0.162431985139847
"China",2003,0.162431985139847
"China",2004,0.162431985139847
"China",2005,0.162431985139847
"China",2006,0.162431985139847
"China",2007,0.162431985139847
"China",2008,0.162431985139847
"China",2009,0.162431985139847
"China",2010,0.162431985139847
"China",2011,0.162431985139847
"China",2012,0.162431985139847
"China",2013,0.162431985139847
"China",2014,0.162431985139847
"China",2015,0.162431985139847
"China",2016,0.162431985139847
"China",2017,0.162431985139847
"China",2018,0.162431985139847
"China",2019,0.162431985139847
"China",2020,0.162431985139847
"China",2021,0.162431985139847
"China",2022,0.162431985139847
"China",2023,0.162431985139847
"Turkmenistan",1970,NA
"Turkmenistan",1971,NA
"Turkmenistan",1972,NA
"Turkmenistan",1973,NA
"Turkmenistan",1974,NA
"Turkmenistan",1975,NA
"Turkmenistan",1976,NA
"Turkmenistan",1977,NA
"Turkmenistan",1978,NA
"Turkmenistan",1979,NA
"Turkmenistan",1980,NA
"Turkmenistan",1981,NA
"Turkmenistan",1982,NA
"Turkmenistan",1983,NA
"Turkmenistan",1984,NA
"Turkmenistan",1985,NA
"Turkmenistan",1986,NA
"Turkmenistan",1987,NA
"Turkmenistan",1988,NA
"Turkmenistan",1989,NA
"Turkmenistan",1990,NA
"Turkmenistan",1991,NA
"Turkmenistan",1992,NA
"Turkmenistan",1993,NA
"Turkmenistan",1994,NA
"Turkmenistan",1995,NA
"Turkmenistan",1996,0
"Turkmenistan",1997,0
"Turkmenistan",1998,0.162431985139847
"Turkmenistan",1999,0
"Turkmenistan",2000,0
"Turkmenistan",2001,0
"Turkmenistan",2002,0
"Turkmenistan",2003,0
"Turkmenistan",2004,0.162431985139847
"Turkmenistan",2005,0
"Turkmenistan",2006,0.162431985139847
"Turkmenistan",2007,0
"Turkmenistan",2008,0.162431985139847
"Turkmenistan",2009,0.162431985139847
"Turkmenistan",2010,0.162431985139847
"Turkmenistan",2011,0.162431985139847
"Turkmenistan",2012,0.162431985139847
"Turkmenistan",2013,0.162431985139847
"Turkmenistan",2014,0.162431985139847
"Turkmenistan",2015,0.162431985139847
"Turkmenistan",2016,0.162431985139847
"Turkmenistan",2017,0.162431985139847
"Turkmenistan",2018,0.162431985139847
"Turkmenistan",2019,0.162431985139847
"Turkmenistan",2020,0.162431985139847
"Turkmenistan",2021,0.162431985139847
"Turkmenistan",2022,0.162431985139847
"Turkmenistan",2023,0.162431985139847
"Ukraine",1970,NA
"Ukraine",1971,NA
"Ukraine",1972,NA
"Ukraine",1973,NA
"Ukraine",1974,NA
"Ukraine",1975,NA
"Ukraine",1976,NA
"Ukraine",1977,NA
"Ukraine",1978,NA
"Ukraine",1979,NA
"Ukraine",1980,NA
"Ukraine",1981,NA
"Ukraine",1982,NA
"Ukraine",1983,NA
"Ukraine",1984,NA
"Ukraine",1985,NA
"Ukraine",1986,NA
"Ukraine",1987,NA
"Ukraine",1988,NA
"Ukraine",1989,NA
"Ukraine",1990,NA
"Ukraine",1991,NA
"Ukraine",1992,NA
"Ukraine",1993,NA
"Ukraine",1994,NA
"Ukraine",1995,NA
"Ukraine",1996,0.162431985139847
"Ukraine",1997,0
"Ukraine",1998,0.162431985139847
"Ukraine",1999,0.162431985139847
"Ukraine",2000,0.162431985139847
"Ukraine",2001,0.162431985139847
"Ukraine",2002,0.162431985139847
"Ukraine",2003,0.162431985139847
"Ukraine",2004,0.162431985139847
"Ukraine",2005,0.162431985139847
"Ukraine",2006,0.162431985139847
"Ukraine",2007,0.162431985139847
"Ukraine",2008,0.162431985139847
"Ukraine",2009,0
"Ukraine",2010,0
"Ukraine",2011,0
"Ukraine",2012,0
"Ukraine",2013,0
"Ukraine",2014,0
"Ukraine",2015,0
"Ukraine",2016,0
"Ukraine",2017,0
"Ukraine",2018,0
"Ukraine",2019,0
"Ukraine",2020,0
"Ukraine",2021,0
"Ukraine",2022,0
"Ukraine",2023,0
"Uzbekistan",1970,NA
"Uzbekistan",1971,NA
"Uzbekistan",1972,NA
"Uzbekistan",1973,NA
"Uzbekistan",1974,NA
"Uzbekistan",1975,NA
"Uzbekistan",1976,NA
"Uzbekistan",1977,NA
"Uzbekistan",1978,NA
"Uzbekistan",1979,NA
"Uzbekistan",1980,NA
"Uzbekistan",1981,NA
"Uzbekistan",1982,NA
"Uzbekistan",1983,NA
"Uzbekistan",1984,NA
"Uzbekistan",1985,NA
"Uzbekistan",1986,NA
"Uzbekistan",1987,NA
"Uzbekistan",1988,NA
"Uzbekistan",1989,NA
"Uzbekistan",1990,NA
"Uzbekistan",1991,NA
"Uzbekistan",1992,NA
"Uzbekistan",1993,NA
"Uzbekistan",1994,NA
"Uzbekistan",1995,NA
"Uzbekistan",1996,0.255701005458832
"Uzbekistan",1997,0.255701005458832
"Uzbekistan",1998,0.255701005458832
"Uzbekistan",1999,0.162431985139847
"Uzbekistan",2000,0
"Uzbekistan",2001,0
"Uzbekistan",2002,0
"Uzbekistan",2003,0.162431985139847
"Uzbekistan",2004,0.162431985139847
"Uzbekistan",2005,0.162431985139847
"Uzbekistan",2006,0.162431985139847
"Uzbekistan",2007,0.162431985139847
"Uzbekistan",2008,0.162431985139847
"Uzbekistan",2009,0.162431985139847
"Uzbekistan",2010,0
"Uzbekistan",2011,0
"Uzbekistan",2012,0
"Uzbekistan",2013,0
"Uzbekistan",2014,0
"Uzbekistan",2015,0
"Uzbekistan",2016,0
"Uzbekistan",2017,0
"Uzbekistan",2018,0.162431985139847
"Uzbekistan",2019,0.162431985139847
"Uzbekistan",2020,0.162431985139847
"Uzbekistan",2021,0.162431985139847
"Uzbekistan",2022,0.162431985139847
"Uzbekistan",2023,0.162431985139847
"Czech Republic",1970,NA
"Czech Republic",1971,NA
"Czech Republic",1972,NA
"Czech Republic",1973,NA
"Czech Republic",1974,NA
"Czech Republic",1975,NA
"Czech Republic",1976,NA
"Czech Republic",1977,NA
"Czech Republic",1978,NA
"Czech Republic",1979,NA
"Czech Republic",1980,NA
"Czech Republic",1981,NA
"Czech Republic",1982,NA
"Czech Republic",1983,NA
"Czech Republic",1984,NA
"Czech Republic",1985,NA
"Czech Republic",1986,NA
"Czech Republic",1987,NA
"Czech Republic",1988,NA
"Czech Republic",1989,NA
"Czech Republic",1990,NA
"Czech Republic",1991,NA
"Czech Republic",1992,NA
"Czech Republic",1993,NA
"Czech Republic",1994,NA
"Czech Republic",1995,NA
"Czech Republic",1996,0.418132960796356
"Czech Republic",1997,0.418132960796356
"Czech Republic",1998,0.418132960796356
"Czech Republic",1999,0.418132960796356
"Czech Republic",2000,0.47779181599617
"Czech Republic",2001,0.821023464202881
"Czech Republic",2002,0.880682289600372
"Czech Republic",2003,0.940341174602509
"Czech Republic",2004,1
"Czech Republic",2005,1
"Czech Republic",2006,1
"Czech Republic",2007,1
"Czech Republic",2008,1
"Czech Republic",2009,1
"Czech Republic",2010,1
"Czech Republic",2011,1
"Czech Republic",2012,1
"Czech Republic",2013,1
"Czech Republic",2014,1
"Czech Republic",2015,1
"Czech Republic",2016,1
"Czech Republic",2017,1
"Czech Republic",2018,1
"Czech Republic",2019,1
"Czech Republic",2020,1
"Czech Republic",2021,1
"Czech Republic",2022,1
"Czech Republic",2023,1
"Slovak Republic",1970,NA
"Slovak Republic",1971,NA
"Slovak Republic",1972,NA
"Slovak Republic",1973,NA
"Slovak Republic",1974,NA
"Slovak Republic",1975,NA
"Slovak Republic",1976,NA
"Slovak Republic",1977,NA
"Slovak Republic",1978,NA
"Slovak Republic",1979,NA
"Slovak Republic",1980,NA
"Slovak Republic",1981,NA
"Slovak Republic",1982,NA
"Slovak Republic",1983,NA
"Slovak Republic",1984,NA
"Slovak Republic",1985,NA
"Slovak Republic",1986,NA
"Slovak Republic",1987,NA
"Slovak Republic",1988,NA
"Slovak Republic",1989,NA
"Slovak Republic",1990,NA
"Slovak Republic",1991,NA
"Slovak Republic",1992,NA
"Slovak Republic",1993,NA
"Slovak Republic",1994,NA
"Slovak Republic",1995,NA
"Slovak Republic",1996,0.162431985139847
"Slovak Republic",1997,0.162431985139847
"Slovak Republic",1998,0.162431985139847
"Slovak Republic",1999,0.162431985139847
"Slovak Republic",2000,0.162431985139847
"Slovak Republic",2001,0.162431985139847
"Slovak Republic",2002,0.162431985139847
"Slovak Republic",2003,0.446004807949066
"Slovak Republic",2004,0.446004807949066
"Slovak Republic",2005,0.505663633346558
"Slovak Republic",2006,0.565322458744049
"Slovak Republic",2007,0.624981343746185
"Slovak Republic",2008,0.684640169143677
"Slovak Republic",2009,0.744298994541168
"Slovak Republic",2010,0.744298994541168
"Slovak Republic",2011,0.744298994541168
"Slovak Republic",2012,0.744298994541168
"Slovak Republic",2013,0.744298994541168
"Slovak Republic",2014,0.744298994541168
"Slovak Republic",2015,0.744298994541168
"Slovak Republic",2016,0.744298994541168
"Slovak Republic",2017,0.744298994541168
"Slovak Republic",2018,0.744298994541168
"Slovak Republic",2019,0.744298994541168
"Slovak Republic",2020,0.684640169143677
"Slovak Republic",2021,0.624981343746185
"Slovak Republic",2022,0.565322458744049
"Slovak Republic",2023,0.505663633346558
"Estonia",1970,NA
"Estonia",1971,NA
"Estonia",1972,NA
"Estonia",1973,NA
"Estonia",1974,NA
"Estonia",1975,NA
"Estonia",1976,NA
"Estonia",1977,NA
"Estonia",1978,NA
"Estonia",1979,NA
"Estonia",1980,NA
"Estonia",1981,NA
"Estonia",1982,NA
"Estonia",1983,NA
"Estonia",1984,NA
"Estonia",1985,NA
"Estonia",1986,NA
"Estonia",1987,NA
"Estonia",1988,NA
"Estonia",1989,NA
"Estonia",1990,NA
"Estonia",1991,NA
"Estonia",1992,NA
"Estonia",1993,NA
"Estonia",1994,NA
"Estonia",1995,NA
"Estonia",1996,0.880682289600372
"Estonia",1997,0.940341174602509
"Estonia",1998,1
"Estonia",1999,1
"Estonia",2000,1
"Estonia",2001,1
"Estonia",2002,1
"Estonia",2003,1
"Estonia",2004,1
"Estonia",2005,1
"Estonia",2006,1
"Estonia",2007,1
"Estonia",2008,1
"Estonia",2009,1
"Estonia",2010,1
"Estonia",2011,1
"Estonia",2012,1
"Estonia",2013,1
"Estonia",2014,1
"Estonia",2015,1
"Estonia",2016,1
"Estonia",2017,1
"Estonia",2018,1
"Estonia",2019,1
"Estonia",2020,1
"Estonia",2021,1
"Estonia",2022,1
"Estonia",2023,1
"Latvia",1970,NA
"Latvia",1971,NA
"Latvia",1972,NA
"Latvia",1973,NA
"Latvia",1974,NA
"Latvia",1975,NA
"Latvia",1976,NA
"Latvia",1977,NA
"Latvia",1978,NA
"Latvia",1979,NA
"Latvia",1980,NA
"Latvia",1981,NA
"Latvia",1982,NA
"Latvia",1983,NA
"Latvia",1984,NA
"Latvia",1985,NA
"Latvia",1986,NA
"Latvia",1987,NA
"Latvia",1988,NA
"Latvia",1989,NA
"Latvia",1990,NA
"Latvia",1991,NA
"Latvia",1992,NA
"Latvia",1993,NA
"Latvia",1994,NA
"Latvia",1995,NA
"Latvia",1996,0.880682289600372
"Latvia",1997,0.940341174602509
"Latvia",1998,0.940341174602509
"Latvia",1999,0.940341174602509
"Latvia",2000,0.940341174602509
"Latvia",2001,0.940341174602509
"Latvia",2002,0.940341174602509
"Latvia",2003,1
"Latvia",2004,1
"Latvia",2005,1
"Latvia",2006,1
"Latvia",2007,1
"Latvia",2008,1
"Latvia",2009,1
"Latvia",2010,1
"Latvia",2011,1
"Latvia",2012,1
"Latvia",2013,1
"Latvia",2014,1
"Latvia",2015,1
"Latvia",2016,1
"Latvia",2017,1
"Latvia",2018,1
"Latvia",2019,1
"Latvia",2020,1
"Latvia",2021,1
"Latvia",2022,1
"Latvia",2023,1
"Serbia, Rep. of",2006,NA
"Serbia, Rep. of",2007,NA
"Serbia, Rep. of",2008,NA
"Serbia, Rep. of",2009,NA
"Serbia, Rep. of",2010,NA
"Serbia, Rep. of",2011,NA
"Serbia, Rep. of",2012,NA
"Serbia, Rep. of",2013,NA
"Serbia, Rep. of",2014,NA
"Serbia, Rep. of",2015,NA
"Serbia, Rep. of",2016,NA
"Serbia, Rep. of",2017,NA
"Serbia, Rep. of",2018,NA
"Serbia, Rep. of",2019,NA
"Serbia, Rep. of",2020,NA
"Serbia, Rep. of",2021,NA
"Serbia, Rep. of",2022,NA
"Serbia, Rep. of",2023,NA
"Montenegro",2006,NA
"Montenegro",2007,NA
"Montenegro",2009,NA
"Montenegro",2010,NA
"Montenegro",2011,NA
"Montenegro",2012,NA
"Montenegro",2013,NA
"Montenegro",2014,NA
"Montenegro",2015,NA
"Montenegro",2016,NA
"Montenegro",2017,NA
"Montenegro",2018,NA
"Montenegro",2019,NA
"Montenegro",2020,NA
"Montenegro",2021,NA
"Montenegro",2022,NA
"Montenegro",2023,NA
"Hungary",1970,NA
"Hungary",1971,NA
"Hungary",1972,NA
"Hungary",1973,NA
"Hungary",1974,NA
"Hungary",1975,NA
"Hungary",1976,NA
"Hungary",1977,NA
"Hungary",1978,NA
"Hungary",1979,NA
"Hungary",1980,NA
"Hungary",1981,NA
"Hungary",1982,NA
"Hungary",1983,NA
"Hungary",1984,NA
"Hungary",1985,NA
"Hungary",1986,0
"Hungary",1987,0
"Hungary",1988,0
"Hungary",1989,0
"Hungary",1990,0
"Hungary",1991,0
"Hungary",1992,0
"Hungary",1993,0.162431985139847
"Hungary",1994,0.162431985139847
"Hungary",1995,0.162431985139847
"Hungary",1996,0.418132960796356
"Hungary",1997,0.418132960796356
"Hungary",1998,0.418132960796356
"Hungary",1999,0.418132960796356
"Hungary",2000,0.418132960796356
"Hungary",2001,0.761364638805389
"Hungary",2002,0.821023464202881
"Hungary",2003,0.880682289600372
"Hungary",2004,0.940341174602509
"Hungary",2005,1
"Hungary",2006,1
"Hungary",2007,1
"Hungary",2008,1
"Hungary",2009,1
"Hungary",2010,1
"Hungary",2011,1
"Hungary",2012,1
"Hungary",2013,1
"Hungary",2014,1
"Hungary",2015,1
"Hungary",2016,1
"Hungary",2017,1
"Hungary",2018,1
"Hungary",2019,1
"Hungary",2020,1
"Hungary",2021,1
"Hungary",2022,1
"Hungary",2023,1
"Lithuania",1970,NA
"Lithuania",1971,NA
"Lithuania",1972,NA
"Lithuania",1973,NA
"Lithuania",1974,NA
"Lithuania",1975,NA
"Lithuania",1976,NA
"Lithuania",1977,NA
"Lithuania",1978,NA
"Lithuania",1979,NA
"Lithuania",1980,NA
"Lithuania",1981,NA
"Lithuania",1982,NA
"Lithuania",1983,NA
"Lithuania",1984,NA
"Lithuania",1985,NA
"Lithuania",1986,NA
"Lithuania",1987,NA
"Lithuania",1988,NA
"Lithuania",1989,NA
"Lithuania",1990,NA
"Lithuania",1991,NA
"Lithuania",1992,NA
"Lithuania",1993,NA
"Lithuania",1994,NA
"Lithuania",1995,NA
"Lithuania",1996,0.940341174602509
"Lithuania",1997,1
"Lithuania",1998,1
"Lithuania",1999,1
"Lithuania",2000,1
"Lithuania",2001,1
"Lithuania",2002,1
"Lithuania",2003,1
"Lithuania",2004,1
"Lithuania",2005,1
"Lithuania",2006,1
"Lithuania",2007,1
"Lithuania",2008,0.940341174602509
"Lithuania",2009,0.880682289600372
"Lithuania",2010,0.821023464202881
"Lithuania",2011,0.761364638805389
"Lithuania",2012,0.701705813407898
"Lithuania",2013,0.701705813407898
"Lithuania",2014,0.701705813407898
"Lithuania",2015,0.761364638805389
"Lithuania",2016,0.821023464202881
"Lithuania",2017,0.880682289600372
"Lithuania",2018,0.940341174602509
"Lithuania",2019,1
"Lithuania",2020,1
"Lithuania",2021,1
"Lithuania",2022,1
"Lithuania",2023,1
"Mongolia",1970,NA
"Mongolia",1971,NA
"Mongolia",1972,NA
"Mongolia",1973,NA
"Mongolia",1974,NA
"Mongolia",1975,NA
"Mongolia",1976,NA
"Mongolia",1977,NA
"Mongolia",1978,NA
"Mongolia",1979,NA
"Mongolia",1980,NA
"Mongolia",1981,NA
"Mongolia",1982,NA
"Mongolia",1983,NA
"Mongolia",1984,NA
"Mongolia",1985,NA
"Mongolia",1986,NA
"Mongolia",1987,NA
"Mongolia",1988,NA
"Mongolia",1989,NA
"Mongolia",1990,NA
"Mongolia",1991,NA
"Mongolia",1992,NA
"Mongolia",1993,NA
"Mongolia",1994,NA
"Mongolia",1995,0.162431985139847
"Mongolia",1996,0.701705813407898
"Mongolia",1997,0.701705813407898
"Mongolia",1998,0.701705813407898
"Mongolia",1999,0.701705813407898
"Mongolia",2000,0.701705813407898
"Mongolia",2001,0.701705813407898
"Mongolia",2002,0.701705813407898
"Mongolia",2003,0.701705813407898
"Mongolia",2004,0.701705813407898
"Mongolia",2005,0.701705813407898
"Mongolia",2006,0.701705813407898
"Mongolia",2007,0.701705813407898
"Mongolia",2008,0.761364638805389
"Mongolia",2009,0.658591508865356
"Mongolia",2010,0.718250334262848
"Mongolia",2011,0.777909159660339
"Mongolia",2012,0.837568044662476
"Mongolia",2013,0.837568044662476
"Mongolia",2014,0.837568044662476
"Mongolia",2015,0.837568044662476
"Mongolia",2016,0.837568044662476
"Mongolia",2017,0.837568044662476
"Mongolia",2018,0.837568044662476
"Mongolia",2019,0.837568044662476
"Mongolia",2020,0.837568044662476
"Mongolia",2021,0.837568044662476
"Mongolia",2022,0.837568044662476
"Mongolia",2023,0.837568044662476
"Croatia",1970,NA
"Croatia",1971,NA
"Croatia",1972,NA
"Croatia",1973,NA
"Croatia",1974,NA
"Croatia",1975,NA
"Croatia",1976,NA
"Croatia",1977,NA
"Croatia",1978,NA
"Croatia",1979,NA
"Croatia",1980,NA
"Croatia",1981,NA
"Croatia",1982,NA
"Croatia",1983,NA
"Croatia",1984,NA
"Croatia",1985,NA
"Croatia",1986,NA
"Croatia",1987,NA
"Croatia",1988,NA
"Croatia",1989,NA
"Croatia",1990,NA
"Croatia",1991,NA
"Croatia",1992,NA
"Croatia",1993,NA
"Croatia",1994,NA
"Croatia",1995,NA
"Croatia",1996,0.418132960796356
"Croatia",1997,0.418132960796356
"Croatia",1998,0.418132960796356
"Croatia",1999,0.418132960796356
"Croatia",2000,0.418132960796356
"Croatia",2001,0.418132960796356
"Croatia",2002,0.418132960796356
"Croatia",2003,0.701705813407898
"Croatia",2004,0.701705813407898
"Croatia",2005,0.701705813407898
"Croatia",2006,0.701705813407898
"Croatia",2007,0.701705813407898
"Croatia",2008,0.701705813407898
"Croatia",2009,0.701705813407898
"Croatia",2010,0.701705813407898
"Croatia",2011,0.701705813407898
"Croatia",2012,0.701705813407898
"Croatia",2013,0.701705813407898
"Croatia",2014,0.701705813407898
"Croatia",2015,0.701705813407898
"Croatia",2016,0.701705813407898
"Croatia",2017,0.701705813407898
"Croatia",2018,0.701705813407898
"Croatia",2019,0.701705813407898
"Croatia",2020,0.701705813407898
"Croatia",2021,0.701705813407898
"Croatia",2022,0.701705813407898
"Croatia",2023,0.701705813407898
"Slovenia",1970,NA
"Slovenia",1971,NA
"Slovenia",1972,NA
"Slovenia",1973,NA
"Slovenia",1974,NA
"Slovenia",1975,NA
"Slovenia",1976,NA
"Slovenia",1977,NA
"Slovenia",1978,NA
"Slovenia",1979,NA
"Slovenia",1980,NA
"Slovenia",1981,NA
"Slovenia",1982,NA
"Slovenia",1983,NA
"Slovenia",1984,NA
"Slovenia",1985,NA
"Slovenia",1986,NA
"Slovenia",1987,NA
"Slovenia",1988,NA
"Slovenia",1989,NA
"Slovenia",1990,NA
"Slovenia",1991,NA
"Slovenia",1992,NA
"Slovenia",1993,NA
"Slovenia",1994,NA
"Slovenia",1995,NA
"Slovenia",1996,0.162431985139847
"Slovenia",1997,0.418132960796356
"Slovenia",1998,0.418132960796356
"Slovenia",1999,0.418132960796356
"Slovenia",2000,0.701705813407898
"Slovenia",2001,0.701705813407898
"Slovenia",2002,0.701705813407898
"Slovenia",2003,0.761364638805389
"Slovenia",2004,0.821023464202881
"Slovenia",2005,0.880682289600372
"Slovenia",2006,0.940341174602509
"Slovenia",2007,1
"Slovenia",2008,0.940341174602509
"Slovenia",2009,0.880682289600372
"Slovenia",2010,0.821023464202881
"Slovenia",2011,0.761364638805389
"Slovenia",2012,0.701705813407898
"Slovenia",2013,0.701705813407898
"Slovenia",2014,0.701705813407898
"Slovenia",2015,0.701705813407898
"Slovenia",2016,0.701705813407898
"Slovenia",2017,0.701705813407898
"Slovenia",2018,0.701705813407898
"Slovenia",2019,0.701705813407898
"Slovenia",2020,0.701705813407898
"Slovenia",2021,0.701705813407898
"Slovenia",2022,0.701705813407898
"Slovenia",2023,0.701705813407898
"Macedonia, FYR",1970,NA
"Macedonia, FYR",1971,NA
"Macedonia, FYR",1972,NA
"Macedonia, FYR",1973,NA
"Macedonia, FYR",1974,NA
"Macedonia, FYR",1975,NA
"Macedonia, FYR",1976,NA
"Macedonia, FYR",1977,NA
"Macedonia, FYR",1978,NA
"Macedonia, FYR",1979,NA
"Macedonia, FYR",1980,NA
"Macedonia, FYR",1981,NA
"Macedonia, FYR",1982,NA
"Macedonia, FYR",1983,NA
"Macedonia, FYR",1984,NA
"Macedonia, FYR",1985,NA
"Macedonia, FYR",1986,NA
"Macedonia, FYR",1987,NA
"Macedonia, FYR",1988,NA
"Macedonia, FYR",1989,NA
"Macedonia, FYR",1990,NA
"Macedonia, FYR",1991,NA
"Macedonia, FYR",1992,NA
"Macedonia, FYR",1993,NA
"Macedonia, FYR",1994,NA
"Macedonia, FYR",1995,NA
"Macedonia, FYR",1996,NA
"Macedonia, FYR",1997,0.162431985139847
"Macedonia, FYR",1998,0.162431985139847
"Macedonia, FYR",1999,0.162431985139847
"Macedonia, FYR",2000,0.162431985139847
"Macedonia, FYR",2001,0.162431985139847
"Macedonia, FYR",2002,0.446004807949066
"Macedonia, FYR",2003,0.446004807949066
"Macedonia, FYR",2004,0.446004807949066
"Macedonia, FYR",2005,0.446004807949066
"Macedonia, FYR",2006,0.446004807949066
"Macedonia, FYR",2007,0.446004807949066
"Macedonia, FYR",2008,0.446004807949066
"Macedonia, FYR",2009,0.446004807949066
"Macedonia, FYR",2010,0.446004807949066
"Macedonia, FYR",2011,0.446004807949066
"Macedonia, FYR",2012,0.446004807949066
"Macedonia, FYR",2013,0.446004807949066
"Macedonia, FYR",2014,0.446004807949066
"Macedonia, FYR",2015,0.446004807949066
"Macedonia, FYR",2016,0.446004807949066
"Macedonia, FYR",2017,0.446004807949066
"Macedonia, FYR",2018,0.446004807949066
"Macedonia, FYR",2019,0.446004807949066
"Macedonia, FYR",2020,0.446004807949066
"Macedonia, FYR",2021,0.446004807949066
"Macedonia, FYR",2022,0.446004807949066
"Macedonia, FYR",2023,0.446004807949066
"Bosnia and Herzegovina",1970,NA
"Bosnia and Herzegovina",1971,NA
"Bosnia and Herzegovina",1972,NA
"Bosnia and Herzegovina",1973,NA
"Bosnia and Herzegovina",1974,NA
"Bosnia and Herzegovina",1975,NA
"Bosnia and Herzegovina",1976,NA
"Bosnia and Herzegovina",1977,NA
"Bosnia and Herzegovina",1978,NA
"Bosnia and Herzegovina",1979,NA
"Bosnia and Herzegovina",1980,NA
"Bosnia and Herzegovina",1981,NA
"Bosnia and Herzegovina",1982,NA
"Bosnia and Herzegovina",1983,NA
"Bosnia and Herzegovina",1984,NA
"Bosnia and Herzegovina",1985,NA
"Bosnia and Herzegovina",1986,NA
"Bosnia and Herzegovina",1987,NA
"Bosnia and Herzegovina",1988,NA
"Bosnia and Herzegovina",1989,NA
"Bosnia and Herzegovina",1990,NA
"Bosnia and Herzegovina",1991,NA
"Bosnia and Herzegovina",1992,NA
"Bosnia and Herzegovina",1993,NA
"Bosnia and Herzegovina",1994,NA
"Bosnia and Herzegovina",1995,NA
"Bosnia and Herzegovina",1996,NA
"Bosnia and Herzegovina",1997,NA
"Bosnia and Herzegovina",1998,NA
"Bosnia and Herzegovina",1999,0.597109496593475
"Bosnia and Herzegovina",2000,0.656768321990967
"Bosnia and Herzegovina",2001,1
"Bosnia and Herzegovina",2002,1
"Bosnia and Herzegovina",2003,0.716427206993103
"Bosnia and Herzegovina",2004,0.656768321990967
"Bosnia and Herzegovina",2005,0.656768321990967
"Bosnia and Herzegovina",2006,0.656768321990967
"Bosnia and Herzegovina",2007,0.656768321990967
"Bosnia and Herzegovina",2008,0.940341174602509
"Bosnia and Herzegovina",2009,0.716427206993103
"Bosnia and Herzegovina",2010,0.716427206993103
"Bosnia and Herzegovina",2011,0.716427206993103
"Bosnia and Herzegovina",2012,0.401067346334457
"Bosnia and Herzegovina",2013,0.341408520936966
"Bosnia and Herzegovina",2014,0.281749665737152
"Bosnia and Herzegovina",2015,0.222090825438499
"Bosnia and Herzegovina",2016,0.162431985139847
"Bosnia and Herzegovina",2017,0.162431985139847
"Bosnia and Herzegovina",2018,0.162431985139847
"Bosnia and Herzegovina",2019,0.162431985139847
"Bosnia and Herzegovina",2020,0.162431985139847
"Bosnia and Herzegovina",2021,0.162431985139847
"Bosnia and Herzegovina",2022,0.162431985139847
"Bosnia and Herzegovina",2023,0.162431985139847
"Poland",1970,NA
"Poland",1971,NA
"Poland",1972,NA
"Poland",1973,NA
"Poland",1974,NA
"Poland",1975,NA
"Poland",1976,NA
"Poland",1977,NA
"Poland",1978,NA
"Poland",1979,NA
"Poland",1980,NA
"Poland",1981,NA
"Poland",1982,NA
"Poland",1983,NA
"Poland",1984,NA
"Poland",1985,NA
"Poland",1986,0
"Poland",1987,0
"Poland",1988,0
"Poland",1989,0
"Poland",1990,0
"Poland",1991,0
"Poland",1992,0
"Poland",1993,0
"Poland",1994,0.255701005458832
"Poland",1995,0.418132960796356
"Poland",1996,0.162431985139847
"Poland",1997,0.162431985139847
"Poland",1998,0.162431985139847
"Poland",1999,0.162431985139847
"Poland",2000,0.162431985139847
"Poland",2001,0.162431985139847
"Poland",2002,0.446004807949066
"Poland",2003,0.446004807949066
"Poland",2004,0.446004807949066
"Poland",2005,0.446004807949066
"Poland",2006,0.446004807949066
"Poland",2007,0.446004807949066
"Poland",2008,0.446004807949066
"Poland",2009,0.446004807949066
"Poland",2010,0.446004807949066
"Poland",2011,0.446004807949066
"Poland",2012,0.446004807949066
"Poland",2013,0.446004807949066
"Poland",2014,0.446004807949066
"Poland",2015,0.701705813407898
"Poland",2016,0.701705813407898
"Poland",2017,0.701705813407898
"Poland",2018,0.701705813407898
"Poland",2019,0.701705813407898
"Poland",2020,0.701705813407898
"Poland",2021,0.701705813407898
"Poland",2022,0.701705813407898
"Poland",2023,0.701705813407898
"Romania",1970,NA
"Romania",1971,NA
"Romania",1972,NA
"Romania",1973,NA
"Romania",1974,NA
"Romania",1975,NA
"Romania",1976,0
"Romania",1977,0
"Romania",1978,0
"Romania",1979,0
"Romania",1980,0
"Romania",1981,0
"Romania",1982,0
"Romania",1983,0
"Romania",1984,0
"Romania",1985,0
"Romania",1986,0
"Romania",1987,0
"Romania",1988,0
"Romania",1989,0
"Romania",1990,0
"Romania",1991,0
"Romania",1992,0.283572822809219
"Romania",1993,0
"Romania",1994,0
"Romania",1995,0
"Romania",1996,0.162431985139847
"Romania",1997,0.162431985139847
"Romania",1998,0.162431985139847
"Romania",1999,0.162431985139847
"Romania",2000,0.162431985139847
"Romania",2001,0.162431985139847
"Romania",2002,0.446004807949066
"Romania",2003,0.505663633346558
"Romania",2004,0.821023464202881
"Romania",2005,0.880682289600372
"Romania",2006,0.940341174602509
"Romania",2007,1
"Romania",2008,1
"Romania",2009,1
"Romania",2010,1
"Romania",2011,1
"Romania",2012,1
"Romania",2013,1
"Romania",2014,1
"Romania",2015,1
"Romania",2016,1
"Romania",2017,1
"Romania",2018,1
"Romania",2019,1
"Romania",2020,0.940341174602509
"Romania",2021,0.880682289600372
"Romania",2022,0.821023464202881
"Romania",2023,0.761364638805389
