"COUNTRY","INDICATOR","FREQUENCY","TIME_PERIOD","OBS_VALUE","SCALE"
"Morocco","Real effective exchange rate (REER), Index (2010=100) Adjusted by relative consumer prices","Annual","1988","102.6406308035959","Units"
"Morocco","Real effective exchange rate (REER), Index (2010=100) Adjusted by relative consumer prices","Annual","1989","103.3466628686792","Units"
"Morocco","Real effective exchange rate (REER), Index (2010=100) Adjusted by relative consumer prices","Annual","1990","98.37648011245558","Units"
"Morocco","Real effective exchange rate (REER), Index (2010=100) Adjusted by relative consumer prices","Annual","1991","99.37335711449433","Units"
"Morocco","Real effective exchange rate (REER), Index (2010=100) Adjusted by relative consumer prices","Annual","1992","99.87720857235108","Units"
"Morocco","Real effective exchange rate (REER), Index (2010=100) Adjusted by relative consumer prices","Annual","1993","102.6696694311501","Units"
"Morocco","Real effective exchange rate (REER), Index (2010=100) Adjusted by relative consumer prices","Annual","1994","105.9409487444295","Units"
"Morocco","Real effective exchange rate (REER), Index (2010=100) Adjusted by relative consumer prices","Annual","1995","109.3823355743752","Units"
"Morocco","Real effective exchange rate (REER), Index (2010=100) Adjusted by relative consumer prices","Annual","1996","109.7177955920145","Units"
"Morocco","Real effective exchange rate (REER), Index (2010=100) Adjusted by relative consumer prices","Annual","1997","109.3452303046918","Units"
"Morocco","Real effective exchange rate (REER), Index (2010=100) Adjusted by relative consumer prices","Annual","1998","112.2589511544646","Units"
"Morocco","Real effective exchange rate (REER), Index (2010=100) Adjusted by relative consumer prices","Annual","1999","112.2563380246301","Units"
"Morocco","Real effective exchange rate (REER), Index (2010=100) Adjusted by relative consumer prices","Annual","2000","114.8529555183867","Units"
"Morocco","Real effective exchange rate (REER), Index (2010=100) Adjusted by relative consumer prices","Annual","2001","110.208132769627","Units"
"Morocco","Real effective exchange rate (REER), Index (2010=100) Adjusted by relative consumer prices","Annual","2002","109.7106858930216","Units"
"Morocco","Real effective exchange rate (REER), Index (2010=100) Adjusted by relative consumer prices","Annual","2003","108.8860990191176","Units"
"Morocco","Real effective exchange rate (REER), Index (2010=100) Adjusted by relative consumer prices","Annual","2004","106.9862018358034","Units"
"Morocco","Real effective exchange rate (REER), Index (2010=100) Adjusted by relative consumer prices","Annual","2005","104.0462452495214","Units"
"Morocco","Real effective exchange rate (REER), Index (2010=100) Adjusted by relative consumer prices","Annual","2006","104.5333123609442","Units"
"Morocco","Real effective exchange rate (REER), Index (2010=100) Adjusted by relative consumer prices","Annual","2007","103.6100798710602","Units"
"Morocco","Real effective exchange rate (REER), Index (2010=100) Adjusted by relative consumer prices","Annual","2008","103.3493216672487","Units"
"Morocco","Real effective exchange rate (REER), Index (2010=100) Adjusted by relative consumer prices","Annual","2009","104.8177498670356","Units"
"Morocco","Real effective exchange rate (REER), Index (2010=100) Adjusted by relative consumer prices","Annual","2010","100","Units"
"Morocco","Real effective exchange rate (REER), Index (2010=100) Adjusted by relative consumer prices","Annual","2011","97.50052483138292","Units"
"Morocco","Real effective exchange rate (REER), Index (2010=100) Adjusted by relative consumer prices","Annual","2012","95.382348816186","Units"
"Morocco","Real effective exchange rate (REER), Index (2010=100) Adjusted by relative consumer prices","Annual","2013","97.01103335022417","Units"
"Morocco","Real effective exchange rate (REER), Index (2010=100) Adjusted by relative consumer prices","Annual","2014","97.0799466599935","Units"
"Morocco","Real effective exchange rate (REER), Index (2010=100) Adjusted by relative consumer prices","Annual","2015","96.83712914585717","Units"
"Morocco","Real effective exchange rate (REER), Index (2010=100) Adjusted by relative consumer prices","Annual","2016","98.97718512461017","Units"
"Morocco","Real effective exchange rate (REER), Index (2010=100) Adjusted by relative consumer prices","Annual","2017","98.64897899010325","Units"
"Morocco","Real effective exchange rate (REER), Index (2010=100) Adjusted by relative consumer prices","Annual","2018","99.4263517010535","Units"
"Morocco","Real effective exchange rate (REER), Index (2010=100) Adjusted by relative consumer prices","Annual","2019","100.2113363282552","Units"
"Morocco","Real effective exchange rate (REER), Index (2010=100) Adjusted by relative consumer prices","Annual","2020","101.5746411716792","Units"
"Morocco","Real effective exchange rate (REER), Index (2010=100) Adjusted by relative consumer prices","Annual","2021","103.1722780211859","Units"
"Morocco","Real effective exchange rate (REER), Index (2010=100) Adjusted by relative consumer prices","Annual","2022","99.8745888161165","Units"
"Morocco","Real effective exchange rate (REER), Index (2010=100) Adjusted by relative consumer prices","Annual","2023","100.7477832947467","Units"
"Morocco","Real effective exchange rate (REER), Index (2010=100) Adjusted by relative consumer prices","Annual","2024","101.0814253149422","Units"
"Morocco","Real effective exchange rate (REER), Index (2010=100) Adjusted by relative consumer prices","Annual","2025","102.7540986204424","Units"
"Congo, Democratic Republic of the","Real effective exchange rate (REER), Index (2010=100) Adjusted by relative consumer prices","Annual","1992","250.2387521361117","Units"
"Congo, Democratic Republic of the","Real effective exchange rate (REER), Index (2010=100) Adjusted by relative consumer prices","Annual","1993","337.7913592261688","Units"
"Congo, Democratic Republic of the","Real effective exchange rate (REER), Index (2010=100) Adjusted by relative consumer prices","Annual","1994","304.0518925802942","Units"
"Congo, Democratic Republic of the","Real effective exchange rate (REER), Index (2010=100) Adjusted by relative consumer prices","Annual","1995","235.9735523021927","Units"
"Congo, Democratic Republic of the","Real effective exchange rate (REER), Index (2010=100) Adjusted by relative consumer prices","Annual","1996","233.5548879483469","Units"
"Congo, Democratic Republic of the","Real effective exchange rate (REER), Index (2010=100) Adjusted by relative consumer prices","Annual","1997","222.7714020837745","Units"
"Congo, Democratic Republic of the","Real effective exchange rate (REER), Index (2010=100) Adjusted by relative consumer prices","Annual","1998","237.4980174464337","Units"
"Congo, Democratic Republic of the","Real effective exchange rate (REER), Index (2010=100) Adjusted by relative consumer prices","Annual","1999","366.8646011284858","Units"
"Congo, Democratic Republic of the","Real effective exchange rate (REER), Index (2010=100) Adjusted by relative consumer prices","Annual","2000","508.9697464272241","Units"
"Congo, Democratic Republic of the","Real effective exchange rate (REER), Index (2010=100) Adjusted by relative consumer prices","Annual","2001","244.7106602988512","Units"
"Congo, Democratic Republic of the","Real effective exchange rate (REER), Index (2010=100) Adjusted by relative consumer prices","Annual","2002","109.9315427769086","Units"
"Congo, Democratic Republic of the","Real effective exchange rate (REER), Index (2010=100) Adjusted by relative consumer prices","Annual","2003","90.77222000563525","Units"
"Congo, Democratic Republic of the","Real effective exchange rate (REER), Index (2010=100) Adjusted by relative consumer prices","Annual","2004","86.84144711181858","Units"
"Congo, Democratic Republic of the","Real effective exchange rate (REER), Index (2010=100) Adjusted by relative consumer prices","Annual","2005","85.09471663859208","Units"
"Congo, Democratic Republic of the","Real effective exchange rate (REER), Index (2010=100) Adjusted by relative consumer prices","Annual","2006","93.75278006985608","Units"
"Congo, Democratic Republic of the","Real effective exchange rate (REER), Index (2010=100) Adjusted by relative consumer prices","Annual","2007","91.26646790687533","Units"
"Congo, Democratic Republic of the","Real effective exchange rate (REER), Index (2010=100) Adjusted by relative consumer prices","Annual","2008","92.4797832904085","Units"
"Congo, Democratic Republic of the","Real effective exchange rate (REER), Index (2010=100) Adjusted by relative consumer prices","Annual","2009","96.11494868726467","Units"
"Congo, Democratic Republic of the","Real effective exchange rate (REER), Index (2010=100) Adjusted by relative consumer prices","Annual","2010","100","Units"
"Congo, Democratic Republic of the","Real effective exchange rate (REER), Index (2010=100) Adjusted by relative consumer prices","Annual","2011","105.6124051388958","Units"
"Congo, Democratic Republic of the","Real effective exchange rate (REER), Index (2010=100) Adjusted by relative consumer prices","Annual","2012","107.3868132159298","Units"
"Congo, Democratic Republic of the","Real effective exchange rate (REER), Index (2010=100) Adjusted by relative consumer prices","Annual","2013","108.1511882663396","Units"
"Congo, Democratic Republic of the","Real effective exchange rate (REER), Index (2010=100) Adjusted by relative consumer prices","Annual","2014","109.4843107920525","Units"
"Congo, Democratic Republic of the","Real effective exchange rate (REER), Index (2010=100) Adjusted by relative consumer prices","Annual","2015","121.5038168577482","Units"
"Congo, Democratic Republic of the","Real effective exchange rate (REER), Index (2010=100) Adjusted by relative consumer prices","Annual","2016","118.2449380829622","Units"
"Congo, Democratic Republic of the","Real effective exchange rate (REER), Index (2010=100) Adjusted by relative consumer prices","Annual","2017","104.0418238805687","Units"
"Congo, Democratic Republic of the","Real effective exchange rate (REER), Index (2010=100) Adjusted by relative consumer prices","Annual","2018","117.9403600724057","Units"
"Congo, Democratic Republic of the","Real effective exchange rate (REER), Index (2010=100) Adjusted by relative consumer prices","Annual","2019","124.5826550659788","Units"
"Congo, Democratic Republic of the","Real effective exchange rate (REER), Index (2010=100) Adjusted by relative consumer prices","Annual","2020","126.0830265341783","Units"
"Congo, Democratic Republic of the","Real effective exchange rate (REER), Index (2010=100) Adjusted by relative consumer prices","Annual","2021","118.2142990213621","Units"
"Congo, Democratic Republic of the","Real effective exchange rate (REER), Index (2010=100) Adjusted by relative consumer prices","Annual","2022","128.4421776595504","Units"
"Congo, Democratic Republic of the","Real effective exchange rate (REER), Index (2010=100) Adjusted by relative consumer prices","Annual","2023","126.8501211786155","Units"
"Congo, Democratic Republic of the","Real effective exchange rate (REER), Index (2010=100) Adjusted by relative consumer prices","Annual","2024","127.5150869471198","Units"
"Congo, Democratic Republic of the","Real effective exchange rate (REER), Index (2010=100) Adjusted by relative consumer prices","Annual","2025","139.4052131692576","Units"
"Singapore","Real effective exchange rate (REER), Index (2010=100) Adjusted by relative consumer prices","Annual","1979","96.022304107947","Units"
"Singapore","Real effective exchange rate (REER), Index (2010=100) Adjusted by relative consumer prices","Annual","1980","95.70669613241167","Units"
"Singapore","Real effective exchange rate (REER), Index (2010=100) Adjusted by relative consumer prices","Annual","1981","101.335311576458","Units"
"Singapore","Real effective exchange rate (REER), Index (2010=100) Adjusted by relative consumer prices","Annual","1982","106.282065102009","Units"
"Singapore","Real effective exchange rate (REER), Index (2010=100) Adjusted by relative consumer prices","Annual","1983","107.5216509492745","Units"
"Singapore","Real effective exchange rate (REER), Index (2010=100) Adjusted by relative consumer prices","Annual","1984","109.3069192927066","Units"
"Singapore","Real effective exchange rate (REER), Index (2010=100) Adjusted by relative consumer prices","Annual","1985","106.2546828314275","Units"
"Singapore","Real effective exchange rate (REER), Index (2010=100) Adjusted by relative consumer prices","Annual","1986","90.39148870322842","Units"
"Singapore","Real effective exchange rate (REER), Index (2010=100) Adjusted by relative consumer prices","Annual","1987","84.87994665305708","Units"
"Singapore","Real effective exchange rate (REER), Index (2010=100) Adjusted by relative consumer prices","Annual","1988","83.38051615567342","Units"
"Singapore","Real effective exchange rate (REER), Index (2010=100) Adjusted by relative consumer prices","Annual","1989","87.26936130486108","Units"
"Singapore","Real effective exchange rate (REER), Index (2010=100) Adjusted by relative consumer prices","Annual","1990","92.80077572808625","Units"
"Singapore","Real effective exchange rate (REER), Index (2010=100) Adjusted by relative consumer prices","Annual","1991","95.78055875739183","Units"
"Singapore","Real effective exchange rate (REER), Index (2010=100) Adjusted by relative consumer prices","Annual","1992","97.23479596980917","Units"
"Singapore","Real effective exchange rate (REER), Index (2010=100) Adjusted by relative consumer prices","Annual","1993","97.34606408294617","Units"
"Singapore","Real effective exchange rate (REER), Index (2010=100) Adjusted by relative consumer prices","Annual","1994","101.9398692516582","Units"
"Singapore","Real effective exchange rate (REER), Index (2010=100) Adjusted by relative consumer prices","Annual","1995","103.6391076856496","Units"
"Singapore","Real effective exchange rate (REER), Index (2010=100) Adjusted by relative consumer prices","Annual","1996","106.7543438980772","Units"
"Singapore","Real effective exchange rate (REER), Index (2010=100) Adjusted by relative consumer prices","Annual","1997","108.0689752042581","Units"
"Singapore","Real effective exchange rate (REER), Index (2010=100) Adjusted by relative consumer prices","Annual","1998","105.30376480951","Units"
"Singapore","Real effective exchange rate (REER), Index (2010=100) Adjusted by relative consumer prices","Annual","1999","98.09219093725517","Units"
"Singapore","Real effective exchange rate (REER), Index (2010=100) Adjusted by relative consumer prices","Annual","2000","97.81258508383417","Units"
"Singapore","Real effective exchange rate (REER), Index (2010=100) Adjusted by relative consumer prices","Annual","2001","98.24954417695183","Units"
"Singapore","Real effective exchange rate (REER), Index (2010=100) Adjusted by relative consumer prices","Annual","2002","95.802442171656","Units"
"Singapore","Real effective exchange rate (REER), Index (2010=100) Adjusted by relative consumer prices","Annual","2003","92.68738819642542","Units"
"Singapore","Real effective exchange rate (REER), Index (2010=100) Adjusted by relative consumer prices","Annual","2004","91.82720746205608","Units"
"Singapore","Real effective exchange rate (REER), Index (2010=100) Adjusted by relative consumer prices","Annual","2005","90.44619680103875","Units"
"Singapore","Real effective exchange rate (REER), Index (2010=100) Adjusted by relative consumer prices","Annual","2006","91.635514910678","Units"
"Singapore","Real effective exchange rate (REER), Index (2010=100) Adjusted by relative consumer prices","Annual","2007","92.15433486888575","Units"
"Singapore","Real effective exchange rate (REER), Index (2010=100) Adjusted by relative consumer prices","Annual","2008","96.87901589862367","Units"
"Singapore","Real effective exchange rate (REER), Index (2010=100) Adjusted by relative consumer prices","Annual","2009","96.83478217606783","Units"
"Singapore","Real effective exchange rate (REER), Index (2010=100) Adjusted by relative consumer prices","Annual","2010","100","Units"
"Singapore","Real effective exchange rate (REER), Index (2010=100) Adjusted by relative consumer prices","Annual","2011","105.2899871604557","Units"
"Singapore","Real effective exchange rate (REER), Index (2010=100) Adjusted by relative consumer prices","Annual","2012","110.1957471204113","Units"
"Singapore","Real effective exchange rate (REER), Index (2010=100) Adjusted by relative consumer prices","Annual","2013","112.1531961397493","Units"
"Singapore","Real effective exchange rate (REER), Index (2010=100) Adjusted by relative consumer prices","Annual","2014","111.3618342466738","Units"
"Singapore","Real effective exchange rate (REER), Index (2010=100) Adjusted by relative consumer prices","Annual","2015","108.1780060468053","Units"
"Singapore","Real effective exchange rate (REER), Index (2010=100) Adjusted by relative consumer prices","Annual","2016","108.1330187494504","Units"
"Singapore","Real effective exchange rate (REER), Index (2010=100) Adjusted by relative consumer prices","Annual","2017","106.9702044798925","Units"
"Singapore","Real effective exchange rate (REER), Index (2010=100) Adjusted by relative consumer prices","Annual","2018","106.1689587034698","Units"
"Singapore","Real effective exchange rate (REER), Index (2010=100) Adjusted by relative consumer prices","Annual","2019","106.3274940597656","Units"
"Singapore","Real effective exchange rate (REER), Index (2010=100) Adjusted by relative consumer prices","Annual","2020","103.3900046284428","Units"
"Singapore","Real effective exchange rate (REER), Index (2010=100) Adjusted by relative consumer prices","Annual","2021","103.2390364038908","Units"
"Singapore","Real effective exchange rate (REER), Index (2010=100) Adjusted by relative consumer prices","Annual","2022","109.4959964396964","Units"
"Singapore","Real effective exchange rate (REER), Index (2010=100) Adjusted by relative consumer prices","Annual","2023","117.4359270008808","Units"
"Singapore","Real effective exchange rate (REER), Index (2010=100) Adjusted by relative consumer prices","Annual","2024","120.866373242961","Units"
"Singapore","Real effective exchange rate (REER), Index (2010=100) Adjusted by relative consumer prices","Annual","2025","121.617620747717","Units"
"St. Vincent and the Grenadines","Real effective exchange rate (REER), Index (2010=100) Adjusted by relative consumer prices","Annual","1979","112.1096032447246","Units"
"St. Vincent and the Grenadines","Real effective exchange rate (REER), Index (2010=100) Adjusted by relative consumer prices","Annual","1980","111.2002775517568","Units"
"St. Vincent and the Grenadines","Real effective exchange rate (REER), Index (2010=100) Adjusted by relative consumer prices","Annual","1981","117.5714806326147","Units"
"St. Vincent and the Grenadines","Real effective exchange rate (REER), Index (2010=100) Adjusted by relative consumer prices","Annual","1982","121.7909533538148","Units"
"St. Vincent and the Grenadines","Real effective exchange rate (REER), Index (2010=100) Adjusted by relative consumer prices","Annual","1983","126.2107298580691","Units"
"St. Vincent and the Grenadines","Real effective exchange rate (REER), Index (2010=100) Adjusted by relative consumer prices","Annual","1984","128.250758605989","Units"
"St. Vincent and the Grenadines","Real effective exchange rate (REER), Index (2010=100) Adjusted by relative consumer prices","Annual","1985","127.0246786580042","Units"
"St. Vincent and the Grenadines","Real effective exchange rate (REER), Index (2010=100) Adjusted by relative consumer prices","Annual","1986","124.9255402830098","Units"
"St. Vincent and the Grenadines","Real effective exchange rate (REER), Index (2010=100) Adjusted by relative consumer prices","Annual","1987","119.1897352723523","Units"
"St. Vincent and the Grenadines","Real effective exchange rate (REER), Index (2010=100) Adjusted by relative consumer prices","Annual","1988","115.0206932214","Units"
"St. Vincent and the Grenadines","Real effective exchange rate (REER), Index (2010=100) Adjusted by relative consumer prices","Annual","1989","125.2735417815058","Units"
"St. Vincent and the Grenadines","Real effective exchange rate (REER), Index (2010=100) Adjusted by relative consumer prices","Annual","1990","122.4861292696113","Units"
"St. Vincent and the Grenadines","Real effective exchange rate (REER), Index (2010=100) Adjusted by relative consumer prices","Annual","1991","117.312281555278","Units"
"St. Vincent and the Grenadines","Real effective exchange rate (REER), Index (2010=100) Adjusted by relative consumer prices","Annual","1992","111.8465664661428","Units"
"St. Vincent and the Grenadines","Real effective exchange rate (REER), Index (2010=100) Adjusted by relative consumer prices","Annual","1993","119.4922523146631","Units"
"St. Vincent and the Grenadines","Real effective exchange rate (REER), Index (2010=100) Adjusted by relative consumer prices","Annual","1994","116.1368490698337","Units"
"St. Vincent and the Grenadines","Real effective exchange rate (REER), Index (2010=100) Adjusted by relative consumer prices","Annual","1995","109.9235165340319","Units"
"St. Vincent and the Grenadines","Real effective exchange rate (REER), Index (2010=100) Adjusted by relative consumer prices","Annual","1996","113.5624094641202","Units"
"St. Vincent and the Grenadines","Real effective exchange rate (REER), Index (2010=100) Adjusted by relative consumer prices","Annual","1997","114.5885897949607","Units"
"St. Vincent and the Grenadines","Real effective exchange rate (REER), Index (2010=100) Adjusted by relative consumer prices","Annual","1998","116.3507749853994","Units"
"St. Vincent and the Grenadines","Real effective exchange rate (REER), Index (2010=100) Adjusted by relative consumer prices","Annual","1999","116.1892241523769","Units"
"St. Vincent and the Grenadines","Real effective exchange rate (REER), Index (2010=100) Adjusted by relative consumer prices","Annual","2000","117.2191331823945","Units"
"St. Vincent and the Grenadines","Real effective exchange rate (REER), Index (2010=100) Adjusted by relative consumer prices","Annual","2001","118.4705791345648","Units"
"St. Vincent and the Grenadines","Real effective exchange rate (REER), Index (2010=100) Adjusted by relative consumer prices","Annual","2002","116.1060288275488","Units"
"St. Vincent and the Grenadines","Real effective exchange rate (REER), Index (2010=100) Adjusted by relative consumer prices","Annual","2003","107.9000326256629","Units"
"St. Vincent and the Grenadines","Real effective exchange rate (REER), Index (2010=100) Adjusted by relative consumer prices","Annual","2004","103.4654968445802","Units"
"St. Vincent and the Grenadines","Real effective exchange rate (REER), Index (2010=100) Adjusted by relative consumer prices","Annual","2005","101.3446998784808","Units"
"St. Vincent and the Grenadines","Real effective exchange rate (REER), Index (2010=100) Adjusted by relative consumer prices","Annual","2006","100.0854072793554","Units"
"St. Vincent and the Grenadines","Real effective exchange rate (REER), Index (2010=100) Adjusted by relative consumer prices","Annual","2007","98.18261241190167","Units"
"St. Vincent and the Grenadines","Real effective exchange rate (REER), Index (2010=100) Adjusted by relative consumer prices","Annual","2008","99.14265809017725","Units"
"St. Vincent and the Grenadines","Real effective exchange rate (REER), Index (2010=100) Adjusted by relative consumer prices","Annual","2009","102.5230363646115","Units"
"St. Vincent and the Grenadines","Real effective exchange rate (REER), Index (2010=100) Adjusted by relative consumer prices","Annual","2010","100.0000000000001","Units"
"St. Vincent and the Grenadines","Real effective exchange rate (REER), Index (2010=100) Adjusted by relative consumer prices","Annual","2011","96.77744025850067","Units"
"St. Vincent and the Grenadines","Real effective exchange rate (REER), Index (2010=100) Adjusted by relative consumer prices","Annual","2012","99.75770954911408","Units"
"St. Vincent and the Grenadines","Real effective exchange rate (REER), Index (2010=100) Adjusted by relative consumer prices","Annual","2013","98.55917291640708","Units"
"St. Vincent and the Grenadines","Real effective exchange rate (REER), Index (2010=100) Adjusted by relative consumer prices","Annual","2014","97.95659028986717","Units"
"St. Vincent and the Grenadines","Real effective exchange rate (REER), Index (2010=100) Adjusted by relative consumer prices","Annual","2015","103.7006788014546","Units"
"St. Vincent and the Grenadines","Real effective exchange rate (REER), Index (2010=100) Adjusted by relative consumer prices","Annual","2016","104.4361943141658","Units"
"St. Vincent and the Grenadines","Real effective exchange rate (REER), Index (2010=100) Adjusted by relative consumer prices","Annual","2017","104.101469072814","Units"
"St. Vincent and the Grenadines","Real effective exchange rate (REER), Index (2010=100) Adjusted by relative consumer prices","Annual","2018","102.9946993799445","Units"
"St. Vincent and the Grenadines","Real effective exchange rate (REER), Index (2010=100) Adjusted by relative consumer prices","Annual","2019","105.7996023353005","Units"
"St. Vincent and the Grenadines","Real effective exchange rate (REER), Index (2010=100) Adjusted by relative consumer prices","Annual","2020","104.3971659766572","Units"
"St. Vincent and the Grenadines","Real effective exchange rate (REER), Index (2010=100) Adjusted by relative consumer prices","Annual","2021","101.4389006251774","Units"
"St. Vincent and the Grenadines","Real effective exchange rate (REER), Index (2010=100) Adjusted by relative consumer prices","Annual","2022","106.3189834306381","Units"
"St. Vincent and the Grenadines","Real effective exchange rate (REER), Index (2010=100) Adjusted by relative consumer prices","Annual","2023","106.1636981332805","Units"
"St. Vincent and the Grenadines","Real effective exchange rate (REER), Index (2010=100) Adjusted by relative consumer prices","Annual","2024","107.2380708132952","Units"
"St. Vincent and the Grenadines","Real effective exchange rate (REER), Index (2010=100) Adjusted by relative consumer prices","Annual","2025","103.8074515843778","Units"
"South Africa","Real effective exchange rate (REER), Index (2010=100) Adjusted by relative consumer prices","Annual","1979","150.9489081261138","Units"
"South Africa","Real effective exchange rate (REER), Index (2010=100) Adjusted by relative consumer prices","Annual","1980","165.0491058813381","Units"
"South Africa","Real effective exchange rate (REER), Index (2010=100) Adjusted by relative consumer prices","Annual","1981","173.8186298339059","Units"
"South Africa","Real effective exchange rate (REER), Index (2010=100) Adjusted by relative consumer prices","Annual","1982","164.7073858741178","Units"
"South Africa","Real effective exchange rate (REER), Index (2010=100) Adjusted by relative consumer prices","Annual","1983","181.2030181630209","Units"
"South Africa","Real effective exchange rate (REER), Index (2010=100) Adjusted by relative consumer prices","Annual","1984","159.9146893133098","Units"
"South Africa","Real effective exchange rate (REER), Index (2010=100) Adjusted by relative consumer prices","Annual","1985","121.3607720022562","Units"
"South Africa","Real effective exchange rate (REER), Index (2010=100) Adjusted by relative consumer prices","Annual","1986","112.0211317987474","Units"
"South Africa","Real effective exchange rate (REER), Index (2010=100) Adjusted by relative consumer prices","Annual","1987","126.5104333594016","Units"
"South Africa","Real effective exchange rate (REER), Index (2010=100) Adjusted by relative consumer prices","Annual","1988","120.3925559225231","Units"
"South Africa","Real effective exchange rate (REER), Index (2010=100) Adjusted by relative consumer prices","Annual","1989","121.2661086610142","Units"
"South Africa","Real effective exchange rate (REER), Index (2010=100) Adjusted by relative consumer prices","Annual","1990","124.7601752924067","Units"
"South Africa","Real effective exchange rate (REER), Index (2010=100) Adjusted by relative consumer prices","Annual","1991","129.642954628109","Units"
"South Africa","Real effective exchange rate (REER), Index (2010=100) Adjusted by relative consumer prices","Annual","1992","133.5624046630323","Units"
"South Africa","Real effective exchange rate (REER), Index (2010=100) Adjusted by relative consumer prices","Annual","1993","130.831644094961","Units"
"South Africa","Real effective exchange rate (REER), Index (2010=100) Adjusted by relative consumer prices","Annual","1994","125.3511806070738","Units"
"South Africa","Real effective exchange rate (REER), Index (2010=100) Adjusted by relative consumer prices","Annual","1995","121.8947666682365","Units"
"South Africa","Real effective exchange rate (REER), Index (2010=100) Adjusted by relative consumer prices","Annual","1996","112.3404475620035","Units"
"South Africa","Real effective exchange rate (REER), Index (2010=100) Adjusted by relative consumer prices","Annual","1997","118.7544906533971","Units"
"South Africa","Real effective exchange rate (REER), Index (2010=100) Adjusted by relative consumer prices","Annual","1998","108.8690025368547","Units"
"South Africa","Real effective exchange rate (REER), Index (2010=100) Adjusted by relative consumer prices","Annual","1999","103.0649938513905","Units"
"South Africa","Real effective exchange rate (REER), Index (2010=100) Adjusted by relative consumer prices","Annual","2000","99.88521947776192","Units"
"South Africa","Real effective exchange rate (REER), Index (2010=100) Adjusted by relative consumer prices","Annual","2001","88.09824056277217","Units"
"South Africa","Real effective exchange rate (REER), Index (2010=100) Adjusted by relative consumer prices","Annual","2002","75.5913366640136","Units"
"South Africa","Real effective exchange rate (REER), Index (2010=100) Adjusted by relative consumer prices","Annual","2003","98.3491132466875","Units"
"South Africa","Real effective exchange rate (REER), Index (2010=100) Adjusted by relative consumer prices","Annual","2004","104.3839114290346","Units"
"South Africa","Real effective exchange rate (REER), Index (2010=100) Adjusted by relative consumer prices","Annual","2005","104.3325507920572","Units"
"South Africa","Real effective exchange rate (REER), Index (2010=100) Adjusted by relative consumer prices","Annual","2006","98.35349511525258","Units"
"South Africa","Real effective exchange rate (REER), Index (2010=100) Adjusted by relative consumer prices","Annual","2007","91.95585388565742","Units"
"South Africa","Real effective exchange rate (REER), Index (2010=100) Adjusted by relative consumer prices","Annual","2008","80.16578637516812","Units"
"South Africa","Real effective exchange rate (REER), Index (2010=100) Adjusted by relative consumer prices","Annual","2009","87.225571168252","Units"
"South Africa","Real effective exchange rate (REER), Index (2010=100) Adjusted by relative consumer prices","Annual","2010","100.0000000000001","Units"
"South Africa","Real effective exchange rate (REER), Index (2010=100) Adjusted by relative consumer prices","Annual","2011","98.41003456216058","Units"
"South Africa","Real effective exchange rate (REER), Index (2010=100) Adjusted by relative consumer prices","Annual","2012","92.62631460256858","Units"
"South Africa","Real effective exchange rate (REER), Index (2010=100) Adjusted by relative consumer prices","Annual","2013","82.19613536650608","Units"
"South Africa","Real effective exchange rate (REER), Index (2010=100) Adjusted by relative consumer prices","Annual","2014","77.10652764033686","Units"
"South Africa","Real effective exchange rate (REER), Index (2010=100) Adjusted by relative consumer prices","Annual","2015","75.1246902035141","Units"
"South Africa","Real effective exchange rate (REER), Index (2010=100) Adjusted by relative consumer prices","Annual","2016","70.60439115342249","Units"
"South Africa","Real effective exchange rate (REER), Index (2010=100) Adjusted by relative consumer prices","Annual","2017","79.59858748397123","Units"
"South Africa","Real effective exchange rate (REER), Index (2010=100) Adjusted by relative consumer prices","Annual","2018","80.70865313814483","Units"
"South Africa","Real effective exchange rate (REER), Index (2010=100) Adjusted by relative consumer prices","Annual","2019","78.09012698290194","Units"
"South Africa","Real effective exchange rate (REER), Index (2010=100) Adjusted by relative consumer prices","Annual","2020","70.90196799052766","Units"
"South Africa","Real effective exchange rate (REER), Index (2010=100) Adjusted by relative consumer prices","Annual","2021","77.57097167398289","Units"
"South Africa","Real effective exchange rate (REER), Index (2010=100) Adjusted by relative consumer prices","Annual","2022","75.90543430453392","Units"
"South Africa","Real effective exchange rate (REER), Index (2010=100) Adjusted by relative consumer prices","Annual","2023","69.72746592697442","Units"
"South Africa","Real effective exchange rate (REER), Index (2010=100) Adjusted by relative consumer prices","Annual","2024","72.50808070599184","Units"
"South Africa","Real effective exchange rate (REER), Index (2010=100) Adjusted by relative consumer prices","Annual","2025","73.68423711099532","Units"
"Ireland","Real effective exchange rate (REER), Index (2010=100) Adjusted by relative consumer prices","Annual","1979","82.54178629880736","Units"
"Ireland","Real effective exchange rate (REER), Index (2010=100) Adjusted by relative consumer prices","Annual","1980","87.899808203231","Units"
"Ireland","Real effective exchange rate (REER), Index (2010=100) Adjusted by relative consumer prices","Annual","1981","87.29653605430742","Units"
"Ireland","Real effective exchange rate (REER), Index (2010=100) Adjusted by relative consumer prices","Annual","1982","94.21170170197717","Units"
"Ireland","Real effective exchange rate (REER), Index (2010=100) Adjusted by relative consumer prices","Annual","1983","95.54901361536792","Units"
"Ireland","Real effective exchange rate (REER), Index (2010=100) Adjusted by relative consumer prices","Annual","1984","95.61043442187817","Units"
"Ireland","Real effective exchange rate (REER), Index (2010=100) Adjusted by relative consumer prices","Annual","1985","96.98472229656392","Units"
"Ireland","Real effective exchange rate (REER), Index (2010=100) Adjusted by relative consumer prices","Annual","1986","104.5221278138442","Units"
"Ireland","Real effective exchange rate (REER), Index (2010=100) Adjusted by relative consumer prices","Annual","1987","102.7615108304126","Units"
"Ireland","Real effective exchange rate (REER), Index (2010=100) Adjusted by relative consumer prices","Annual","1988","101.0119811723974","Units"
"Ireland","Real effective exchange rate (REER), Index (2010=100) Adjusted by relative consumer prices","Annual","1989","99.4662998307635","Units"
"Ireland","Real effective exchange rate (REER), Index (2010=100) Adjusted by relative consumer prices","Annual","1990","104.4207182255842","Units"
"Ireland","Real effective exchange rate (REER), Index (2010=100) Adjusted by relative consumer prices","Annual","1991","100.6861862795949","Units"
"Ireland","Real effective exchange rate (REER), Index (2010=100) Adjusted by relative consumer prices","Annual","1992","103.1793537900794","Units"
"Ireland","Real effective exchange rate (REER), Index (2010=100) Adjusted by relative consumer prices","Annual","1993","96.36527867644342","Units"
"Ireland","Real effective exchange rate (REER), Index (2010=100) Adjusted by relative consumer prices","Annual","1994","95.72685327193825","Units"
"Ireland","Real effective exchange rate (REER), Index (2010=100) Adjusted by relative consumer prices","Annual","1995","96.54950000250825","Units"
"Ireland","Real effective exchange rate (REER), Index (2010=100) Adjusted by relative consumer prices","Annual","1996","98.89627759346258","Units"
"Ireland","Real effective exchange rate (REER), Index (2010=100) Adjusted by relative consumer prices","Annual","1997","91.55816209107383","Units"
"Ireland","Real effective exchange rate (REER), Index (2010=100) Adjusted by relative consumer prices","Annual","1998","88.77819998052517","Units"
"Ireland","Real effective exchange rate (REER), Index (2010=100) Adjusted by relative consumer prices","Annual","1999","85.44384165657908","Units"
"Ireland","Real effective exchange rate (REER), Index (2010=100) Adjusted by relative consumer prices","Annual","2000","81.88382917578283","Units"
"Ireland","Real effective exchange rate (REER), Index (2010=100) Adjusted by relative consumer prices","Annual","2001","84.74829556233558","Units"
"Ireland","Real effective exchange rate (REER), Index (2010=100) Adjusted by relative consumer prices","Annual","2002","89.52051449279208","Units"
"Ireland","Real effective exchange rate (REER), Index (2010=100) Adjusted by relative consumer prices","Annual","2003","98.88034947562983","Units"
"Ireland","Real effective exchange rate (REER), Index (2010=100) Adjusted by relative consumer prices","Annual","2004","101.6749207286797","Units"
"Ireland","Real effective exchange rate (REER), Index (2010=100) Adjusted by relative consumer prices","Annual","2005","101.3852759049383","Units"
"Ireland","Real effective exchange rate (REER), Index (2010=100) Adjusted by relative consumer prices","Annual","2006","103.3025545840033","Units"
"Ireland","Real effective exchange rate (REER), Index (2010=100) Adjusted by relative consumer prices","Annual","2007","108.9203749191441","Units"
"Ireland","Real effective exchange rate (REER), Index (2010=100) Adjusted by relative consumer prices","Annual","2008","113.014719387914","Units"
"Ireland","Real effective exchange rate (REER), Index (2010=100) Adjusted by relative consumer prices","Annual","2009","107.5858677861863","Units"
"Ireland","Real effective exchange rate (REER), Index (2010=100) Adjusted by relative consumer prices","Annual","2010","100","Units"
"Ireland","Real effective exchange rate (REER), Index (2010=100) Adjusted by relative consumer prices","Annual","2011","100.2972797492191","Units"
"Ireland","Real effective exchange rate (REER), Index (2010=100) Adjusted by relative consumer prices","Annual","2012","95.73161354905175","Units"
"Ireland","Real effective exchange rate (REER), Index (2010=100) Adjusted by relative consumer prices","Annual","2013","97.48631500682342","Units"
"Ireland","Real effective exchange rate (REER), Index (2010=100) Adjusted by relative consumer prices","Annual","2014","96.56210500767058","Units"
"Ireland","Real effective exchange rate (REER), Index (2010=100) Adjusted by relative consumer prices","Annual","2015","88.33457842243025","Units"
"Ireland","Real effective exchange rate (REER), Index (2010=100) Adjusted by relative consumer prices","Annual","2016","89.44164307044108","Units"
"Ireland","Real effective exchange rate (REER), Index (2010=100) Adjusted by relative consumer prices","Annual","2017","89.84206850219233","Units"
"Ireland","Real effective exchange rate (REER), Index (2010=100) Adjusted by relative consumer prices","Annual","2018","90.65790568113067","Units"
"Ireland","Real effective exchange rate (REER), Index (2010=100) Adjusted by relative consumer prices","Annual","2019","87.9820582425245","Units"
"Ireland","Real effective exchange rate (REER), Index (2010=100) Adjusted by relative consumer prices","Annual","2020","88.01674671745533","Units"
"Ireland","Real effective exchange rate (REER), Index (2010=100) Adjusted by relative consumer prices","Annual","2021","88.19256603699867","Units"
"Ireland","Real effective exchange rate (REER), Index (2010=100) Adjusted by relative consumer prices","Annual","2022","85.18172109489133","Units"
"Ireland","Real effective exchange rate (REER), Index (2010=100) Adjusted by relative consumer prices","Annual","2023","88.80112207802608","Units"
"Ireland","Real effective exchange rate (REER), Index (2010=100) Adjusted by relative consumer prices","Annual","2024","88.76386121181467","Units"
"Ireland","Real effective exchange rate (REER), Index (2010=100) Adjusted by relative consumer prices","Annual","2025","90.549733787382","Units"
"Brazil","Real effective exchange rate (REER), Index (2010=100) Adjusted by relative consumer prices","Annual","1980","84.34454107014517","Units"
"Brazil","Real effective exchange rate (REER), Index (2010=100) Adjusted by relative consumer prices","Annual","1981","98.30966659031","Units"
"Brazil","Real effective exchange rate (REER), Index (2010=100) Adjusted by relative consumer prices","Annual","1982","106.7074804896812","Units"
"Brazil","Real effective exchange rate (REER), Index (2010=100) Adjusted by relative consumer prices","Annual","1983","81.81533757820357","Units"
"Brazil","Real effective exchange rate (REER), Index (2010=100) Adjusted by relative consumer prices","Annual","1984","73.11585832433074","Units"
"Brazil","Real effective exchange rate (REER), Index (2010=100) Adjusted by relative consumer prices","Annual","1985","70.39524010324629","Units"
"Brazil","Real effective exchange rate (REER), Index (2010=100) Adjusted by relative consumer prices","Annual","1986","67.1798091470937","Units"
"Brazil","Real effective exchange rate (REER), Index (2010=100) Adjusted by relative consumer prices","Annual","1987","69.70671014049126","Units"
"Brazil","Real effective exchange rate (REER), Index (2010=100) Adjusted by relative consumer prices","Annual","1988","69.73975650019831","Units"
"Brazil","Real effective exchange rate (REER), Index (2010=100) Adjusted by relative consumer prices","Annual","1989","93.93932730810625","Units"
"Brazil","Real effective exchange rate (REER), Index (2010=100) Adjusted by relative consumer prices","Annual","1990","114.7468016733701","Units"
"Brazil","Real effective exchange rate (REER), Index (2010=100) Adjusted by relative consumer prices","Annual","1991","96.34960901518592","Units"
"Brazil","Real effective exchange rate (REER), Index (2010=100) Adjusted by relative consumer prices","Annual","1992","84.37133180144867","Units"
"Brazil","Real effective exchange rate (REER), Index (2010=100) Adjusted by relative consumer prices","Annual","1993","88.64601088677","Units"
"Brazil","Real effective exchange rate (REER), Index (2010=100) Adjusted by relative consumer prices","Annual","1994","92.66584903672525","Units"
"Brazil","Real effective exchange rate (REER), Index (2010=100) Adjusted by relative consumer prices","Annual","1995","101.4011240961597","Units"
"Brazil","Real effective exchange rate (REER), Index (2010=100) Adjusted by relative consumer prices","Annual","1996","106.9901814403975","Units"
"Brazil","Real effective exchange rate (REER), Index (2010=100) Adjusted by relative consumer prices","Annual","1997","109.7596534878792","Units"
"Brazil","Real effective exchange rate (REER), Index (2010=100) Adjusted by relative consumer prices","Annual","1998","106.6824566241144","Units"
"Brazil","Real effective exchange rate (REER), Index (2010=100) Adjusted by relative consumer prices","Annual","1999","70.92035636326692","Units"
"Brazil","Real effective exchange rate (REER), Index (2010=100) Adjusted by relative consumer prices","Annual","2000","76.47119468118523","Units"
"Brazil","Real effective exchange rate (REER), Index (2010=100) Adjusted by relative consumer prices","Annual","2001","63.86033751662371","Units"
"Brazil","Real effective exchange rate (REER), Index (2010=100) Adjusted by relative consumer prices","Annual","2002","60.85835736118043","Units"
"Brazil","Real effective exchange rate (REER), Index (2010=100) Adjusted by relative consumer prices","Annual","2003","57.53409702045304","Units"
"Brazil","Real effective exchange rate (REER), Index (2010=100) Adjusted by relative consumer prices","Annual","2004","60.37781406560917","Units"
"Brazil","Real effective exchange rate (REER), Index (2010=100) Adjusted by relative consumer prices","Annual","2005","73.38974606161862","Units"
"Brazil","Real effective exchange rate (REER), Index (2010=100) Adjusted by relative consumer prices","Annual","2006","81.61813884740179","Units"
"Brazil","Real effective exchange rate (REER), Index (2010=100) Adjusted by relative consumer prices","Annual","2007","87.36575228790808","Units"
"Brazil","Real effective exchange rate (REER), Index (2010=100) Adjusted by relative consumer prices","Annual","2008","90.262605766665","Units"
"Brazil","Real effective exchange rate (REER), Index (2010=100) Adjusted by relative consumer prices","Annual","2009","89.05491671146717","Units"
"Brazil","Real effective exchange rate (REER), Index (2010=100) Adjusted by relative consumer prices","Annual","2010","100.0000000000001","Units"
"Brazil","Real effective exchange rate (REER), Index (2010=100) Adjusted by relative consumer prices","Annual","2011","103.2634124754412","Units"
"Brazil","Real effective exchange rate (REER), Index (2010=100) Adjusted by relative consumer prices","Annual","2012","92.08281926089258","Units"
"Brazil","Real effective exchange rate (REER), Index (2010=100) Adjusted by relative consumer prices","Annual","2013","86.43134193862758","Units"
"Brazil","Real effective exchange rate (REER), Index (2010=100) Adjusted by relative consumer prices","Annual","2014","84.56139897065917","Units"
"Brazil","Real effective exchange rate (REER), Index (2010=100) Adjusted by relative consumer prices","Annual","2015","69.49263556101793","Units"
"Brazil","Real effective exchange rate (REER), Index (2010=100) Adjusted by relative consumer prices","Annual","2016","73.12883628905486","Units"
"Brazil","Real effective exchange rate (REER), Index (2010=100) Adjusted by relative consumer prices","Annual","2017","79.62704641077485","Units"
"Brazil","Real effective exchange rate (REER), Index (2010=100) Adjusted by relative consumer prices","Annual","2018","71.30805300872188","Units"
"Brazil","Real effective exchange rate (REER), Index (2010=100) Adjusted by relative consumer prices","Annual","2019","69.86954927849693","Units"
"Brazil","Real effective exchange rate (REER), Index (2010=100) Adjusted by relative consumer prices","Annual","2020","55.47277226139668","Units"
"Brazil","Real effective exchange rate (REER), Index (2010=100) Adjusted by relative consumer prices","Annual","2021","53.71594087522837","Units"
"Brazil","Real effective exchange rate (REER), Index (2010=100) Adjusted by relative consumer prices","Annual","2022","60.25665205206067","Units"
"Brazil","Real effective exchange rate (REER), Index (2010=100) Adjusted by relative consumer prices","Annual","2023","63.20008540668898","Units"
"Brazil","Real effective exchange rate (REER), Index (2010=100) Adjusted by relative consumer prices","Annual","2024","60.58897069016178","Units"
"Brazil","Real effective exchange rate (REER), Index (2010=100) Adjusted by relative consumer prices","Annual","2025","59.08373563383483","Units"
"Italy","Real effective exchange rate (REER), Index (2010=100) Adjusted by relative consumer prices","Annual","1980","97.27606689756217","Units"
"Italy","Real effective exchange rate (REER), Index (2010=100) Adjusted by relative consumer prices","Annual","1981","93.72904247654575","Units"
"Italy","Real effective exchange rate (REER), Index (2010=100) Adjusted by relative consumer prices","Annual","1982","94.84096905538567","Units"
"Italy","Real effective exchange rate (REER), Index (2010=100) Adjusted by relative consumer prices","Annual","1983","100.0401361271606","Units"
"Italy","Real effective exchange rate (REER), Index (2010=100) Adjusted by relative consumer prices","Annual","1984","100.896313701654","Units"
"Italy","Real effective exchange rate (REER), Index (2010=100) Adjusted by relative consumer prices","Annual","1985","100.4981182085652","Units"
"Italy","Real effective exchange rate (REER), Index (2010=100) Adjusted by relative consumer prices","Annual","1986","107.599060128392","Units"
"Italy","Real effective exchange rate (REER), Index (2010=100) Adjusted by relative consumer prices","Annual","1987","110.7438029224692","Units"
"Italy","Real effective exchange rate (REER), Index (2010=100) Adjusted by relative consumer prices","Annual","1988","109.8665430284903","Units"
"Italy","Real effective exchange rate (REER), Index (2010=100) Adjusted by relative consumer prices","Annual","1989","112.5529815469447","Units"
"Italy","Real effective exchange rate (REER), Index (2010=100) Adjusted by relative consumer prices","Annual","1990","118.2417158566943","Units"
"Italy","Real effective exchange rate (REER), Index (2010=100) Adjusted by relative consumer prices","Annual","1991","118.2000466301619","Units"
"Italy","Real effective exchange rate (REER), Index (2010=100) Adjusted by relative consumer prices","Annual","1992","116.3727988106157","Units"
"Italy","Real effective exchange rate (REER), Index (2010=100) Adjusted by relative consumer prices","Annual","1993","98.01263540140667","Units"
"Italy","Real effective exchange rate (REER), Index (2010=100) Adjusted by relative consumer prices","Annual","1994","95.6034640737385","Units"
"Italy","Real effective exchange rate (REER), Index (2010=100) Adjusted by relative consumer prices","Annual","1995","89.18627852786733","Units"
"Italy","Real effective exchange rate (REER), Index (2010=100) Adjusted by relative consumer prices","Annual","1996","99.1766571015385","Units"
"Italy","Real effective exchange rate (REER), Index (2010=100) Adjusted by relative consumer prices","Annual","1997","98.68127069247675","Units"
"Italy","Real effective exchange rate (REER), Index (2010=100) Adjusted by relative consumer prices","Annual","1998","99.1544246467765","Units"
"Italy","Real effective exchange rate (REER), Index (2010=100) Adjusted by relative consumer prices","Annual","1999","97.8925162811375","Units"
"Italy","Real effective exchange rate (REER), Index (2010=100) Adjusted by relative consumer prices","Annual","2000","93.10022124703667","Units"
"Italy","Real effective exchange rate (REER), Index (2010=100) Adjusted by relative consumer prices","Annual","2001","94.4118765437535","Units"
"Italy","Real effective exchange rate (REER), Index (2010=100) Adjusted by relative consumer prices","Annual","2002","96.70945775582175","Units"
"Italy","Real effective exchange rate (REER), Index (2010=100) Adjusted by relative consumer prices","Annual","2003","102.787068776296","Units"
"Italy","Real effective exchange rate (REER), Index (2010=100) Adjusted by relative consumer prices","Annual","2004","104.5049417300558","Units"
"Italy","Real effective exchange rate (REER), Index (2010=100) Adjusted by relative consumer prices","Annual","2005","102.722206567895","Units"
"Italy","Real effective exchange rate (REER), Index (2010=100) Adjusted by relative consumer prices","Annual","2006","102.3250459701752","Units"
"Italy","Real effective exchange rate (REER), Index (2010=100) Adjusted by relative consumer prices","Annual","2007","102.9824259371709","Units"
"Italy","Real effective exchange rate (REER), Index (2010=100) Adjusted by relative consumer prices","Annual","2008","103.8056785096678","Units"
"Italy","Real effective exchange rate (REER), Index (2010=100) Adjusted by relative consumer prices","Annual","2009","104.9356645634102","Units"
"Italy","Real effective exchange rate (REER), Index (2010=100) Adjusted by relative consumer prices","Annual","2010","100","Units"
"Italy","Real effective exchange rate (REER), Index (2010=100) Adjusted by relative consumer prices","Annual","2011","99.92549835494425","Units"
"Italy","Real effective exchange rate (REER), Index (2010=100) Adjusted by relative consumer prices","Annual","2012","97.85172329954342","Units"
"Italy","Real effective exchange rate (REER), Index (2010=100) Adjusted by relative consumer prices","Annual","2013","99.54654054239508","Units"
"Italy","Real effective exchange rate (REER), Index (2010=100) Adjusted by relative consumer prices","Annual","2014","99.34465962714367","Units"
"Italy","Real effective exchange rate (REER), Index (2010=100) Adjusted by relative consumer prices","Annual","2015","93.79334011504608","Units"
"Italy","Real effective exchange rate (REER), Index (2010=100) Adjusted by relative consumer prices","Annual","2016","94.62470363175792","Units"
"Italy","Real effective exchange rate (REER), Index (2010=100) Adjusted by relative consumer prices","Annual","2017","95.41772087071067","Units"
"Italy","Real effective exchange rate (REER), Index (2010=100) Adjusted by relative consumer prices","Annual","2018","96.87248858710583","Units"
"Italy","Real effective exchange rate (REER), Index (2010=100) Adjusted by relative consumer prices","Annual","2019","94.503957397992","Units"
"Italy","Real effective exchange rate (REER), Index (2010=100) Adjusted by relative consumer prices","Annual","2020","95.01416001196683","Units"
"Italy","Real effective exchange rate (REER), Index (2010=100) Adjusted by relative consumer prices","Annual","2021","94.87786343844508","Units"
"Italy","Real effective exchange rate (REER), Index (2010=100) Adjusted by relative consumer prices","Annual","2022","93.090317284131","Units"
"Italy","Real effective exchange rate (REER), Index (2010=100) Adjusted by relative consumer prices","Annual","2023","95.9714620100655","Units"
"Italy","Real effective exchange rate (REER), Index (2010=100) Adjusted by relative consumer prices","Annual","2024","94.97171742285533","Units"
"Italy","Real effective exchange rate (REER), Index (2010=100) Adjusted by relative consumer prices","Annual","2025","95.5541620238505","Units"
"Burundi","Real effective exchange rate (REER), Index (2010=100) Adjusted by relative consumer prices","Annual","1979","188.9374227435023","Units"
"Burundi","Real effective exchange rate (REER), Index (2010=100) Adjusted by relative consumer prices","Annual","1980","174.0532754747908","Units"
"Burundi","Real effective exchange rate (REER), Index (2010=100) Adjusted by relative consumer prices","Annual","1981","210.067253888904","Units"
"Burundi","Real effective exchange rate (REER), Index (2010=100) Adjusted by relative consumer prices","Annual","1982","231.2577107297755","Units"
"Burundi","Real effective exchange rate (REER), Index (2010=100) Adjusted by relative consumer prices","Annual","1983","249.5030133935819","Units"
"Burundi","Real effective exchange rate (REER), Index (2010=100) Adjusted by relative consumer prices","Annual","1984","231.4348415334828","Units"
"Burundi","Real effective exchange rate (REER), Index (2010=100) Adjusted by relative consumer prices","Annual","1985","236.6030283955533","Units"
"Burundi","Real effective exchange rate (REER), Index (2010=100) Adjusted by relative consumer prices","Annual","1986","202.9879523837478","Units"
"Burundi","Real effective exchange rate (REER), Index (2010=100) Adjusted by relative consumer prices","Annual","1987","173.6163744053137","Units"
"Burundi","Real effective exchange rate (REER), Index (2010=100) Adjusted by relative consumer prices","Annual","1988","153.0047592391308","Units"
"Burundi","Real effective exchange rate (REER), Index (2010=100) Adjusted by relative consumer prices","Annual","1989","155.0951320245302","Units"
"Burundi","Real effective exchange rate (REER), Index (2010=100) Adjusted by relative consumer prices","Annual","1990","135.9736604256184","Units"
"Burundi","Real effective exchange rate (REER), Index (2010=100) Adjusted by relative consumer prices","Annual","1991","139.2018161049048","Units"
"Burundi","Real effective exchange rate (REER), Index (2010=100) Adjusted by relative consumer prices","Annual","1992","121.5920308889711","Units"
"Burundi","Real effective exchange rate (REER), Index (2010=100) Adjusted by relative consumer prices","Annual","1993","118.988570524552","Units"
"Burundi","Real effective exchange rate (REER), Index (2010=100) Adjusted by relative consumer prices","Annual","1994","123.3721000725688","Units"
"Burundi","Real effective exchange rate (REER), Index (2010=100) Adjusted by relative consumer prices","Annual","1995","130.3276516357098","Units"
"Burundi","Real effective exchange rate (REER), Index (2010=100) Adjusted by relative consumer prices","Annual","1996","134.2899829120138","Units"
"Burundi","Real effective exchange rate (REER), Index (2010=100) Adjusted by relative consumer prices","Annual","1997","158.889909317628","Units"
"Burundi","Real effective exchange rate (REER), Index (2010=100) Adjusted by relative consumer prices","Annual","1998","145.0746759720801","Units"
"Burundi","Real effective exchange rate (REER), Index (2010=100) Adjusted by relative consumer prices","Annual","1999","119.3684843860237","Units"
"Burundi","Real effective exchange rate (REER), Index (2010=100) Adjusted by relative consumer prices","Annual","2000","123.7177409902952","Units"
"Burundi","Real effective exchange rate (REER), Index (2010=100) Adjusted by relative consumer prices","Annual","2001","118.6964430866154","Units"
"Burundi","Real effective exchange rate (REER), Index (2010=100) Adjusted by relative consumer prices","Annual","2002","103.3982514213531","Units"
"Burundi","Real effective exchange rate (REER), Index (2010=100) Adjusted by relative consumer prices","Annual","2003","84.43993415191633","Units"
"Burundi","Real effective exchange rate (REER), Index (2010=100) Adjusted by relative consumer prices","Annual","2004","81.31206892713308","Units"
"Burundi","Real effective exchange rate (REER), Index (2010=100) Adjusted by relative consumer prices","Annual","2005","89.0350948672135","Units"
"Burundi","Real effective exchange rate (REER), Index (2010=100) Adjusted by relative consumer prices","Annual","2006","91.6929103188785","Units"
"Burundi","Real effective exchange rate (REER), Index (2010=100) Adjusted by relative consumer prices","Annual","2007","86.66944679385958","Units"
"Burundi","Real effective exchange rate (REER), Index (2010=100) Adjusted by relative consumer prices","Annual","2008","89.00496265526067","Units"
"Burundi","Real effective exchange rate (REER), Index (2010=100) Adjusted by relative consumer prices","Annual","2009","96.79572037450025","Units"
"Burundi","Real effective exchange rate (REER), Index (2010=100) Adjusted by relative consumer prices","Annual","2010","100","Units"
"Burundi","Real effective exchange rate (REER), Index (2010=100) Adjusted by relative consumer prices","Annual","2011","100.8417865159179","Units"
"Burundi","Real effective exchange rate (REER), Index (2010=100) Adjusted by relative consumer prices","Annual","2012","102.6971427531552","Units"
"Burundi","Real effective exchange rate (REER), Index (2010=100) Adjusted by relative consumer prices","Annual","2013","100.6991880919401","Units"
"Burundi","Real effective exchange rate (REER), Index (2010=100) Adjusted by relative consumer prices","Annual","2014","104.3954670783216","Units"
"Burundi","Real effective exchange rate (REER), Index (2010=100) Adjusted by relative consumer prices","Annual","2015","117.5977690228632","Units"
"Burundi","Real effective exchange rate (REER), Index (2010=100) Adjusted by relative consumer prices","Annual","2016","118.9969188347528","Units"
"Burundi","Real effective exchange rate (REER), Index (2010=100) Adjusted by relative consumer prices","Annual","2017","129.3352431321043","Units"
"Burundi","Real effective exchange rate (REER), Index (2010=100) Adjusted by relative consumer prices","Annual","2018","118.0795281149355","Units"
"Burundi","Real effective exchange rate (REER), Index (2010=100) Adjusted by relative consumer prices","Annual","2019","114.1865388456197","Units"
"Burundi","Real effective exchange rate (REER), Index (2010=100) Adjusted by relative consumer prices","Annual","2020","116.3487833402596","Units"
"Burundi","Real effective exchange rate (REER), Index (2010=100) Adjusted by relative consumer prices","Annual","2021","116.7731436357227","Units"
"Burundi","Real effective exchange rate (REER), Index (2010=100) Adjusted by relative consumer prices","Annual","2022","134.4263962218589","Units"
"Burundi","Real effective exchange rate (REER), Index (2010=100) Adjusted by relative consumer prices","Annual","2023","135.8092681014676","Units"
"Burundi","Real effective exchange rate (REER), Index (2010=100) Adjusted by relative consumer prices","Annual","2024","141.3791846102522","Units"
"Burundi","Real effective exchange rate (REER), Index (2010=100) Adjusted by relative consumer prices","Annual","2025","177.4501788025478","Units"
"Belgium","Real effective exchange rate (REER), Index (2010=100) Adjusted by relative consumer prices","Annual","1979","118.0662602799593","Units"
"Belgium","Real effective exchange rate (REER), Index (2010=100) Adjusted by relative consumer prices","Annual","1980","112.9087004938507","Units"
"Belgium","Real effective exchange rate (REER), Index (2010=100) Adjusted by relative consumer prices","Annual","1981","104.9218302066836","Units"
"Belgium","Real effective exchange rate (REER), Index (2010=100) Adjusted by relative consumer prices","Annual","1982","95.70266650408125","Units"
"Belgium","Real effective exchange rate (REER), Index (2010=100) Adjusted by relative consumer prices","Annual","1983","94.62498103974533","Units"
"Belgium","Real effective exchange rate (REER), Index (2010=100) Adjusted by relative consumer prices","Annual","1984","94.034088294884","Units"
"Belgium","Real effective exchange rate (REER), Index (2010=100) Adjusted by relative consumer prices","Annual","1985","95.19921123293867","Units"
"Belgium","Real effective exchange rate (REER), Index (2010=100) Adjusted by relative consumer prices","Annual","1986","99.14441243851492","Units"
"Belgium","Real effective exchange rate (REER), Index (2010=100) Adjusted by relative consumer prices","Annual","1987","102.2687281433502","Units"
"Belgium","Real effective exchange rate (REER), Index (2010=100) Adjusted by relative consumer prices","Annual","1988","100.0340628682332","Units"
"Belgium","Real effective exchange rate (REER), Index (2010=100) Adjusted by relative consumer prices","Annual","1989","98.84522107171283","Units"
"Belgium","Real effective exchange rate (REER), Index (2010=100) Adjusted by relative consumer prices","Annual","1990","103.0794487170167","Units"
"Belgium","Real effective exchange rate (REER), Index (2010=100) Adjusted by relative consumer prices","Annual","1991","101.5556872185827","Units"
"Belgium","Real effective exchange rate (REER), Index (2010=100) Adjusted by relative consumer prices","Annual","1992","102.4494056802448","Units"
"Belgium","Real effective exchange rate (REER), Index (2010=100) Adjusted by relative consumer prices","Annual","1993","102.3705318363034","Units"
"Belgium","Real effective exchange rate (REER), Index (2010=100) Adjusted by relative consumer prices","Annual","1994","104.0605145019049","Units"
"Belgium","Real effective exchange rate (REER), Index (2010=100) Adjusted by relative consumer prices","Annual","1995","107.8753596067292","Units"
"Belgium","Real effective exchange rate (REER), Index (2010=100) Adjusted by relative consumer prices","Annual","1996","105.1138895948122","Units"
"Belgium","Real effective exchange rate (REER), Index (2010=100) Adjusted by relative consumer prices","Annual","1997","98.82738581316858","Units"
"Belgium","Real effective exchange rate (REER), Index (2010=100) Adjusted by relative consumer prices","Annual","1998","98.64114586331892","Units"
"Belgium","Real effective exchange rate (REER), Index (2010=100) Adjusted by relative consumer prices","Annual","1999","96.91853179712183","Units"
"Belgium","Real effective exchange rate (REER), Index (2010=100) Adjusted by relative consumer prices","Annual","2000","92.93084532599142","Units"
"Belgium","Real effective exchange rate (REER), Index (2010=100) Adjusted by relative consumer prices","Annual","2001","93.54542833420092","Units"
"Belgium","Real effective exchange rate (REER), Index (2010=100) Adjusted by relative consumer prices","Annual","2002","95.02532974663742","Units"
"Belgium","Real effective exchange rate (REER), Index (2010=100) Adjusted by relative consumer prices","Annual","2003","99.61428639645808","Units"
"Belgium","Real effective exchange rate (REER), Index (2010=100) Adjusted by relative consumer prices","Annual","2004","101.1764121954302","Units"
"Belgium","Real effective exchange rate (REER), Index (2010=100) Adjusted by relative consumer prices","Annual","2005","100.9435187757915","Units"
"Belgium","Real effective exchange rate (REER), Index (2010=100) Adjusted by relative consumer prices","Annual","2006","100.4968672102005","Units"
"Belgium","Real effective exchange rate (REER), Index (2010=100) Adjusted by relative consumer prices","Annual","2007","101.320651295022","Units"
"Belgium","Real effective exchange rate (REER), Index (2010=100) Adjusted by relative consumer prices","Annual","2008","104.0281540186898","Units"
"Belgium","Real effective exchange rate (REER), Index (2010=100) Adjusted by relative consumer prices","Annual","2009","104.0902980343194","Units"
"Belgium","Real effective exchange rate (REER), Index (2010=100) Adjusted by relative consumer prices","Annual","2010","99.99999999999992","Units"
"Belgium","Real effective exchange rate (REER), Index (2010=100) Adjusted by relative consumer prices","Annual","2011","100.8107107496534","Units"
"Belgium","Real effective exchange rate (REER), Index (2010=100) Adjusted by relative consumer prices","Annual","2012","98.57610522070008","Units"
"Belgium","Real effective exchange rate (REER), Index (2010=100) Adjusted by relative consumer prices","Annual","2013","100.2470701952645","Units"
"Belgium","Real effective exchange rate (REER), Index (2010=100) Adjusted by relative consumer prices","Annual","2014","99.96054019609533","Units"
"Belgium","Real effective exchange rate (REER), Index (2010=100) Adjusted by relative consumer prices","Annual","2015","94.49111680426783","Units"
"Belgium","Real effective exchange rate (REER), Index (2010=100) Adjusted by relative consumer prices","Annual","2016","97.39241435173742","Units"
"Belgium","Real effective exchange rate (REER), Index (2010=100) Adjusted by relative consumer prices","Annual","2017","98.84990751643558","Units"
"Belgium","Real effective exchange rate (REER), Index (2010=100) Adjusted by relative consumer prices","Annual","2018","101.2339699835234","Units"
"Belgium","Real effective exchange rate (REER), Index (2010=100) Adjusted by relative consumer prices","Annual","2019","99.74558143746183","Units"
"Belgium","Real effective exchange rate (REER), Index (2010=100) Adjusted by relative consumer prices","Annual","2020","101.1537334036095","Units"
"Belgium","Real effective exchange rate (REER), Index (2010=100) Adjusted by relative consumer prices","Annual","2021","101.3780479345404","Units"
"Belgium","Real effective exchange rate (REER), Index (2010=100) Adjusted by relative consumer prices","Annual","2022","101.0373659240401","Units"
"Belgium","Real effective exchange rate (REER), Index (2010=100) Adjusted by relative consumer prices","Annual","2023","102.5386718836739","Units"
"Belgium","Real effective exchange rate (REER), Index (2010=100) Adjusted by relative consumer prices","Annual","2024","103.6461599766553","Units"
"Belgium","Real effective exchange rate (REER), Index (2010=100) Adjusted by relative consumer prices","Annual","2025","105.423944173651","Units"
"Iceland","Real effective exchange rate (REER), Index (2010=100) Adjusted by relative consumer prices","Annual","1979","139.6153093209552","Units"
"Iceland","Real effective exchange rate (REER), Index (2010=100) Adjusted by relative consumer prices","Annual","1980","146.802535265279","Units"
"Iceland","Real effective exchange rate (REER), Index (2010=100) Adjusted by relative consumer prices","Annual","1981","153.6511079965429","Units"
"Iceland","Real effective exchange rate (REER), Index (2010=100) Adjusted by relative consumer prices","Annual","1982","140.9687061799274","Units"
"Iceland","Real effective exchange rate (REER), Index (2010=100) Adjusted by relative consumer prices","Annual","1983","130.4149073418482","Units"
"Iceland","Real effective exchange rate (REER), Index (2010=100) Adjusted by relative consumer prices","Annual","1984","139.2578184794992","Units"
"Iceland","Real effective exchange rate (REER), Index (2010=100) Adjusted by relative consumer prices","Annual","1985","137.3674560012302","Units"
"Iceland","Real effective exchange rate (REER), Index (2010=100) Adjusted by relative consumer prices","Annual","1986","136.4037608823017","Units"
"Iceland","Real effective exchange rate (REER), Index (2010=100) Adjusted by relative consumer prices","Annual","1987","147.3982004476012","Units"
"Iceland","Real effective exchange rate (REER), Index (2010=100) Adjusted by relative consumer prices","Annual","1988","155.4888533942045","Units"
"Iceland","Real effective exchange rate (REER), Index (2010=100) Adjusted by relative consumer prices","Annual","1989","142.5269053628748","Units"
"Iceland","Real effective exchange rate (REER), Index (2010=100) Adjusted by relative consumer prices","Annual","1990","140.968461466727","Units"
"Iceland","Real effective exchange rate (REER), Index (2010=100) Adjusted by relative consumer prices","Annual","1991","143.9273977536823","Units"
"Iceland","Real effective exchange rate (REER), Index (2010=100) Adjusted by relative consumer prices","Annual","1992","144.0747285406","Units"
"Iceland","Real effective exchange rate (REER), Index (2010=100) Adjusted by relative consumer prices","Annual","1993","133.2142271291817","Units"
"Iceland","Real effective exchange rate (REER), Index (2010=100) Adjusted by relative consumer prices","Annual","1994","125.3137592629562","Units"
"Iceland","Real effective exchange rate (REER), Index (2010=100) Adjusted by relative consumer prices","Annual","1995","124.9445509889561","Units"
"Iceland","Real effective exchange rate (REER), Index (2010=100) Adjusted by relative consumer prices","Annual","1996","125.1617876120554","Units"
"Iceland","Real effective exchange rate (REER), Index (2010=100) Adjusted by relative consumer prices","Annual","1997","127.3799252785032","Units"
"Iceland","Real effective exchange rate (REER), Index (2010=100) Adjusted by relative consumer prices","Annual","1998","131.7027872235048","Units"
"Iceland","Real effective exchange rate (REER), Index (2010=100) Adjusted by relative consumer prices","Annual","1999","133.2329786467447","Units"
"Iceland","Real effective exchange rate (REER), Index (2010=100) Adjusted by relative consumer prices","Annual","2000","136.9929219146148","Units"
"Iceland","Real effective exchange rate (REER), Index (2010=100) Adjusted by relative consumer prices","Annual","2001","120.0111752071965","Units"
"Iceland","Real effective exchange rate (REER), Index (2010=100) Adjusted by relative consumer prices","Annual","2002","127.4648501875343","Units"
"Iceland","Real effective exchange rate (REER), Index (2010=100) Adjusted by relative consumer prices","Annual","2003","135.7059966240698","Units"
"Iceland","Real effective exchange rate (REER), Index (2010=100) Adjusted by relative consumer prices","Annual","2004","139.7478398698548","Units"
"Iceland","Real effective exchange rate (REER), Index (2010=100) Adjusted by relative consumer prices","Annual","2005","156.6701405062113","Units"
"Iceland","Real effective exchange rate (REER), Index (2010=100) Adjusted by relative consumer prices","Annual","2006","145.4390494278477","Units"
"Iceland","Real effective exchange rate (REER), Index (2010=100) Adjusted by relative consumer prices","Annual","2007","153.3882573954232","Units"
"Iceland","Real effective exchange rate (REER), Index (2010=100) Adjusted by relative consumer prices","Annual","2008","120.013753093392","Units"
"Iceland","Real effective exchange rate (REER), Index (2010=100) Adjusted by relative consumer prices","Annual","2009","96.46647226676792","Units"
"Iceland","Real effective exchange rate (REER), Index (2010=100) Adjusted by relative consumer prices","Annual","2010","100","Units"
"Iceland","Real effective exchange rate (REER), Index (2010=100) Adjusted by relative consumer prices","Annual","2011","101.0326826890699","Units"
"Iceland","Real effective exchange rate (REER), Index (2010=100) Adjusted by relative consumer prices","Annual","2012","99.99738846468858","Units"
"Iceland","Real effective exchange rate (REER), Index (2010=100) Adjusted by relative consumer prices","Annual","2013","104.1316550175196","Units"
"Iceland","Real effective exchange rate (REER), Index (2010=100) Adjusted by relative consumer prices","Annual","2014","111.1905418908239","Units"
"Iceland","Real effective exchange rate (REER), Index (2010=100) Adjusted by relative consumer prices","Annual","2015","113.8032037800457","Units"
"Iceland","Real effective exchange rate (REER), Index (2010=100) Adjusted by relative consumer prices","Annual","2016","128.6240386104132","Units"
"Iceland","Real effective exchange rate (REER), Index (2010=100) Adjusted by relative consumer prices","Annual","2017","144.2471466119582","Units"
"Iceland","Real effective exchange rate (REER), Index (2010=100) Adjusted by relative consumer prices","Annual","2018","140.5020032753921","Units"
"Iceland","Real effective exchange rate (REER), Index (2010=100) Adjusted by relative consumer prices","Annual","2019","130.6999674901158","Units"
"Iceland","Real effective exchange rate (REER), Index (2010=100) Adjusted by relative consumer prices","Annual","2020","120.8289994112832","Units"
"Iceland","Real effective exchange rate (REER), Index (2010=100) Adjusted by relative consumer prices","Annual","2021","126.7780057246422","Units"
"Iceland","Real effective exchange rate (REER), Index (2010=100) Adjusted by relative consumer prices","Annual","2022","131.1378082647451","Units"
"Iceland","Real effective exchange rate (REER), Index (2010=100) Adjusted by relative consumer prices","Annual","2023","133.5004911624822","Units"
"Iceland","Real effective exchange rate (REER), Index (2010=100) Adjusted by relative consumer prices","Annual","2024","137.8435509955601","Units"
"Iceland","Real effective exchange rate (REER), Index (2010=100) Adjusted by relative consumer prices","Annual","2025","146.6722892120086","Units"
"Poland, Republic of","Real effective exchange rate (REER), Index (2010=100) Adjusted by relative consumer prices","Annual","1991","58.1923448576354","Units"
"Poland, Republic of","Real effective exchange rate (REER), Index (2010=100) Adjusted by relative consumer prices","Annual","1992","61.6814749447337","Units"
"Poland, Republic of","Real effective exchange rate (REER), Index (2010=100) Adjusted by relative consumer prices","Annual","1993","65.73953842001899","Units"
"Poland, Republic of","Real effective exchange rate (REER), Index (2010=100) Adjusted by relative consumer prices","Annual","1994","67.13626496719892","Units"
"Poland, Republic of","Real effective exchange rate (REER), Index (2010=100) Adjusted by relative consumer prices","Annual","1995","72.53169261234177","Units"
"Poland, Republic of","Real effective exchange rate (REER), Index (2010=100) Adjusted by relative consumer prices","Annual","1996","78.58723972950358","Units"
"Poland, Republic of","Real effective exchange rate (REER), Index (2010=100) Adjusted by relative consumer prices","Annual","1997","80.92271602071455","Units"
"Poland, Republic of","Real effective exchange rate (REER), Index (2010=100) Adjusted by relative consumer prices","Annual","1998","86.09358752119758","Units"
"Poland, Republic of","Real effective exchange rate (REER), Index (2010=100) Adjusted by relative consumer prices","Annual","1999","83.34111094269075","Units"
"Poland, Republic of","Real effective exchange rate (REER), Index (2010=100) Adjusted by relative consumer prices","Annual","2000","91.69058950138742","Units"
"Poland, Republic of","Real effective exchange rate (REER), Index (2010=100) Adjusted by relative consumer prices","Annual","2001","103.1834979381566","Units"
"Poland, Republic of","Real effective exchange rate (REER), Index (2010=100) Adjusted by relative consumer prices","Annual","2002","98.86491855777825","Units"
"Poland, Republic of","Real effective exchange rate (REER), Index (2010=100) Adjusted by relative consumer prices","Annual","2003","88.45321326927083","Units"
"Poland, Republic of","Real effective exchange rate (REER), Index (2010=100) Adjusted by relative consumer prices","Annual","2004","87.48467013461867","Units"
"Poland, Republic of","Real effective exchange rate (REER), Index (2010=100) Adjusted by relative consumer prices","Annual","2005","97.2161048921165","Units"
"Poland, Republic of","Real effective exchange rate (REER), Index (2010=100) Adjusted by relative consumer prices","Annual","2006","99.1297371170215","Units"
"Poland, Republic of","Real effective exchange rate (REER), Index (2010=100) Adjusted by relative consumer prices","Annual","2007","102.5141422795481","Units"
"Poland, Republic of","Real effective exchange rate (REER), Index (2010=100) Adjusted by relative consumer prices","Annual","2008","111.8265225432486","Units"
"Poland, Republic of","Real effective exchange rate (REER), Index (2010=100) Adjusted by relative consumer prices","Annual","2009","94.85395452955558","Units"
"Poland, Republic of","Real effective exchange rate (REER), Index (2010=100) Adjusted by relative consumer prices","Annual","2010","100","Units"
"Poland, Republic of","Real effective exchange rate (REER), Index (2010=100) Adjusted by relative consumer prices","Annual","2011","98.42756101032567","Units"
"Poland, Republic of","Real effective exchange rate (REER), Index (2010=100) Adjusted by relative consumer prices","Annual","2012","95.677535406688","Units"
"Poland, Republic of","Real effective exchange rate (REER), Index (2010=100) Adjusted by relative consumer prices","Annual","2013","96.26742692695117","Units"
"Poland, Republic of","Real effective exchange rate (REER), Index (2010=100) Adjusted by relative consumer prices","Annual","2014","96.86356244835508","Units"
"Poland, Republic of","Real effective exchange rate (REER), Index (2010=100) Adjusted by relative consumer prices","Annual","2015","92.56581929357792","Units"
"Poland, Republic of","Real effective exchange rate (REER), Index (2010=100) Adjusted by relative consumer prices","Annual","2016","88.94928784204617","Units"
"Poland, Republic of","Real effective exchange rate (REER), Index (2010=100) Adjusted by relative consumer prices","Annual","2017","92.04958148470625","Units"
"Poland, Republic of","Real effective exchange rate (REER), Index (2010=100) Adjusted by relative consumer prices","Annual","2018","93.51610465522317","Units"
"Poland, Republic of","Real effective exchange rate (REER), Index (2010=100) Adjusted by relative consumer prices","Annual","2019","92.37298559240658","Units"
"Poland, Republic of","Real effective exchange rate (REER), Index (2010=100) Adjusted by relative consumer prices","Annual","2020","92.93327173741142","Units"
"Poland, Republic of","Real effective exchange rate (REER), Index (2010=100) Adjusted by relative consumer prices","Annual","2021","92.59332209407733","Units"
"Poland, Republic of","Real effective exchange rate (REER), Index (2010=100) Adjusted by relative consumer prices","Annual","2022","94.01360368031208","Units"
"Poland, Republic of","Real effective exchange rate (REER), Index (2010=100) Adjusted by relative consumer prices","Annual","2023","105.0850340218567","Units"
"Poland, Republic of","Real effective exchange rate (REER), Index (2010=100) Adjusted by relative consumer prices","Annual","2024","113.0268923490791","Units"
"Poland, Republic of","Real effective exchange rate (REER), Index (2010=100) Adjusted by relative consumer prices","Annual","2025","117.3314087135703","Units"
"Denmark","Real effective exchange rate (REER), Index (2010=100) Adjusted by relative consumer prices","Annual","1979","98.41738216381792","Units"
"Denmark","Real effective exchange rate (REER), Index (2010=100) Adjusted by relative consumer prices","Annual","1980","91.79258760568133","Units"
"Denmark","Real effective exchange rate (REER), Index (2010=100) Adjusted by relative consumer prices","Annual","1981","87.47561469106883","Units"
"Denmark","Real effective exchange rate (REER), Index (2010=100) Adjusted by relative consumer prices","Annual","1982","85.79677622615008","Units"
"Denmark","Real effective exchange rate (REER), Index (2010=100) Adjusted by relative consumer prices","Annual","1983","86.53866192054533","Units"
"Denmark","Real effective exchange rate (REER), Index (2010=100) Adjusted by relative consumer prices","Annual","1984","85.01335530254483","Units"
"Denmark","Real effective exchange rate (REER), Index (2010=100) Adjusted by relative consumer prices","Annual","1985","86.11140282884317","Units"
"Denmark","Real effective exchange rate (REER), Index (2010=100) Adjusted by relative consumer prices","Annual","1986","91.60743633887233","Units"
"Denmark","Real effective exchange rate (REER), Index (2010=100) Adjusted by relative consumer prices","Annual","1987","95.7896031920305","Units"
"Denmark","Real effective exchange rate (REER), Index (2010=100) Adjusted by relative consumer prices","Annual","1988","95.81975196913317","Units"
"Denmark","Real effective exchange rate (REER), Index (2010=100) Adjusted by relative consumer prices","Annual","1989","94.22940118021375","Units"
"Denmark","Real effective exchange rate (REER), Index (2010=100) Adjusted by relative consumer prices","Annual","1990","98.40816749364858","Units"
"Denmark","Real effective exchange rate (REER), Index (2010=100) Adjusted by relative consumer prices","Annual","1991","94.55888568128925","Units"
"Denmark","Real effective exchange rate (REER), Index (2010=100) Adjusted by relative consumer prices","Annual","1992","95.47364997838692","Units"
"Denmark","Real effective exchange rate (REER), Index (2010=100) Adjusted by relative consumer prices","Annual","1993","95.52699144269408","Units"
"Denmark","Real effective exchange rate (REER), Index (2010=100) Adjusted by relative consumer prices","Annual","1994","95.45463785421567","Units"
"Denmark","Real effective exchange rate (REER), Index (2010=100) Adjusted by relative consumer prices","Annual","1995","99.55549916606517","Units"
"Denmark","Real effective exchange rate (REER), Index (2010=100) Adjusted by relative consumer prices","Annual","1996","98.568863935095","Units"
"Denmark","Real effective exchange rate (REER), Index (2010=100) Adjusted by relative consumer prices","Annual","1997","95.41276583329717","Units"
"Denmark","Real effective exchange rate (REER), Index (2010=100) Adjusted by relative consumer prices","Annual","1998","97.03279517848092","Units"
"Denmark","Real effective exchange rate (REER), Index (2010=100) Adjusted by relative consumer prices","Annual","1999","96.6302469993545","Units"
"Denmark","Real effective exchange rate (REER), Index (2010=100) Adjusted by relative consumer prices","Annual","2000","92.65286276360975","Units"
"Denmark","Real effective exchange rate (REER), Index (2010=100) Adjusted by relative consumer prices","Annual","2001","93.616335290857","Units"
"Denmark","Real effective exchange rate (REER), Index (2010=100) Adjusted by relative consumer prices","Annual","2002","95.46286358139575","Units"
"Denmark","Real effective exchange rate (REER), Index (2010=100) Adjusted by relative consumer prices","Annual","2003","100.3908511775667","Units"
"Denmark","Real effective exchange rate (REER), Index (2010=100) Adjusted by relative consumer prices","Annual","2004","101.247910777668","Units"
"Denmark","Real effective exchange rate (REER), Index (2010=100) Adjusted by relative consumer prices","Annual","2005","100.0162674983959","Units"
"Denmark","Real effective exchange rate (REER), Index (2010=100) Adjusted by relative consumer prices","Annual","2006","99.60104086584383","Units"
"Denmark","Real effective exchange rate (REER), Index (2010=100) Adjusted by relative consumer prices","Annual","2007","100.2930946029954","Units"
"Denmark","Real effective exchange rate (REER), Index (2010=100) Adjusted by relative consumer prices","Annual","2008","101.6073103734884","Units"
"Denmark","Real effective exchange rate (REER), Index (2010=100) Adjusted by relative consumer prices","Annual","2009","104.3279596293287","Units"
"Denmark","Real effective exchange rate (REER), Index (2010=100) Adjusted by relative consumer prices","Annual","2010","100","Units"
"Denmark","Real effective exchange rate (REER), Index (2010=100) Adjusted by relative consumer prices","Annual","2011","99.29471586107642","Units"
"Denmark","Real effective exchange rate (REER), Index (2010=100) Adjusted by relative consumer prices","Annual","2012","96.77625877293642","Units"
"Denmark","Real effective exchange rate (REER), Index (2010=100) Adjusted by relative consumer prices","Annual","2013","97.751646478248","Units"
"Denmark","Real effective exchange rate (REER), Index (2010=100) Adjusted by relative consumer prices","Annual","2014","98.46713436311425","Units"
"Denmark","Real effective exchange rate (REER), Index (2010=100) Adjusted by relative consumer prices","Annual","2015","94.41771805821442","Units"
"Denmark","Real effective exchange rate (REER), Index (2010=100) Adjusted by relative consumer prices","Annual","2016","95.82740099511767","Units"
"Denmark","Real effective exchange rate (REER), Index (2010=100) Adjusted by relative consumer prices","Annual","2017","96.3420747123325","Units"
"Denmark","Real effective exchange rate (REER), Index (2010=100) Adjusted by relative consumer prices","Annual","2018","97.3245922009125","Units"
"Denmark","Real effective exchange rate (REER), Index (2010=100) Adjusted by relative consumer prices","Annual","2019","95.513657495625","Units"
"Denmark","Real effective exchange rate (REER), Index (2010=100) Adjusted by relative consumer prices","Annual","2020","96.63596265266283","Units"
"Denmark","Real effective exchange rate (REER), Index (2010=100) Adjusted by relative consumer prices","Annual","2021","95.9578938008295","Units"
"Denmark","Real effective exchange rate (REER), Index (2010=100) Adjusted by relative consumer prices","Annual","2022","94.28327183027483","Units"
"Denmark","Real effective exchange rate (REER), Index (2010=100) Adjusted by relative consumer prices","Annual","2023","94.98224971976208","Units"
"Denmark","Real effective exchange rate (REER), Index (2010=100) Adjusted by relative consumer prices","Annual","2024","94.18417872694492","Units"
"Denmark","Real effective exchange rate (REER), Index (2010=100) Adjusted by relative consumer prices","Annual","2025","94.7594987599955","Units"
"Nicaragua","Real effective exchange rate (REER), Index (2010=100) Adjusted by relative consumer prices","Annual","1986","310.8996171043198","Units"
"Nicaragua","Real effective exchange rate (REER), Index (2010=100) Adjusted by relative consumer prices","Annual","1987","2783.183793995683","Units"
"Nicaragua","Real effective exchange rate (REER), Index (2010=100) Adjusted by relative consumer prices","Annual","1988","39.63723890978563","Units"
"Nicaragua","Real effective exchange rate (REER), Index (2010=100) Adjusted by relative consumer prices","Annual","1989","20.36701754769471","Units"
"Nicaragua","Real effective exchange rate (REER), Index (2010=100) Adjusted by relative consumer prices","Annual","1990","60.09689659773687","Units"
"Nicaragua","Real effective exchange rate (REER), Index (2010=100) Adjusted by relative consumer prices","Annual","1991","111.1187949096314","Units"
"Nicaragua","Real effective exchange rate (REER), Index (2010=100) Adjusted by relative consumer prices","Annual","1992","130.5472261983658","Units"
"Nicaragua","Real effective exchange rate (REER), Index (2010=100) Adjusted by relative consumer prices","Annual","1993","130.2874178668153","Units"
"Nicaragua","Real effective exchange rate (REER), Index (2010=100) Adjusted by relative consumer prices","Annual","1994","120.9027268941426","Units"
"Nicaragua","Real effective exchange rate (REER), Index (2010=100) Adjusted by relative consumer prices","Annual","1995","110.2673115922495","Units"
"Nicaragua","Real effective exchange rate (REER), Index (2010=100) Adjusted by relative consumer prices","Annual","1996","107.6237901112159","Units"
"Nicaragua","Real effective exchange rate (REER), Index (2010=100) Adjusted by relative consumer prices","Annual","1997","105.113141156855","Units"
"Nicaragua","Real effective exchange rate (REER), Index (2010=100) Adjusted by relative consumer prices","Annual","1998","107.0854396349899","Units"
"Nicaragua","Real effective exchange rate (REER), Index (2010=100) Adjusted by relative consumer prices","Annual","1999","111.3790767292427","Units"
"Nicaragua","Real effective exchange rate (REER), Index (2010=100) Adjusted by relative consumer prices","Annual","2000","109.8553618159906","Units"
"Nicaragua","Real effective exchange rate (REER), Index (2010=100) Adjusted by relative consumer prices","Annual","2001","110.2219849306327","Units"
"Nicaragua","Real effective exchange rate (REER), Index (2010=100) Adjusted by relative consumer prices","Annual","2002","107.5874976509196","Units"
"Nicaragua","Real effective exchange rate (REER), Index (2010=100) Adjusted by relative consumer prices","Annual","2003","100.6485574766323","Units"
"Nicaragua","Real effective exchange rate (REER), Index (2010=100) Adjusted by relative consumer prices","Annual","2004","96.87170298423492","Units"
"Nicaragua","Real effective exchange rate (REER), Index (2010=100) Adjusted by relative consumer prices","Annual","2005","95.76557375859192","Units"
"Nicaragua","Real effective exchange rate (REER), Index (2010=100) Adjusted by relative consumer prices","Annual","2006","96.07342063078717","Units"
"Nicaragua","Real effective exchange rate (REER), Index (2010=100) Adjusted by relative consumer prices","Annual","2007","94.16418376906233","Units"
"Nicaragua","Real effective exchange rate (REER), Index (2010=100) Adjusted by relative consumer prices","Annual","2008","97.762173265237","Units"
"Nicaragua","Real effective exchange rate (REER), Index (2010=100) Adjusted by relative consumer prices","Annual","2009","106.8683994991157","Units"
"Nicaragua","Real effective exchange rate (REER), Index (2010=100) Adjusted by relative consumer prices","Annual","2010","100","Units"
"Nicaragua","Real effective exchange rate (REER), Index (2010=100) Adjusted by relative consumer prices","Annual","2011","95.93624006339717","Units"
"Nicaragua","Real effective exchange rate (REER), Index (2010=100) Adjusted by relative consumer prices","Annual","2012","97.48680848675525","Units"
"Nicaragua","Real effective exchange rate (REER), Index (2010=100) Adjusted by relative consumer prices","Annual","2013","97.26240182350633","Units"
"Nicaragua","Real effective exchange rate (REER), Index (2010=100) Adjusted by relative consumer prices","Annual","2014","97.33800531259292","Units"
"Nicaragua","Real effective exchange rate (REER), Index (2010=100) Adjusted by relative consumer prices","Annual","2015","102.0130891110838","Units"
"Nicaragua","Real effective exchange rate (REER), Index (2010=100) Adjusted by relative consumer prices","Annual","2016","102.2015733261272","Units"
"Nicaragua","Real effective exchange rate (REER), Index (2010=100) Adjusted by relative consumer prices","Annual","2017","98.48565227395267","Units"
"Nicaragua","Real effective exchange rate (REER), Index (2010=100) Adjusted by relative consumer prices","Annual","2018","95.8755907981305","Units"
"Nicaragua","Real effective exchange rate (REER), Index (2010=100) Adjusted by relative consumer prices","Annual","2019","95.92207466301092","Units"
"Nicaragua","Real effective exchange rate (REER), Index (2010=100) Adjusted by relative consumer prices","Annual","2020","95.87562706341942","Units"
"Nicaragua","Real effective exchange rate (REER), Index (2010=100) Adjusted by relative consumer prices","Annual","2021","92.96992108485842","Units"
"Nicaragua","Real effective exchange rate (REER), Index (2010=100) Adjusted by relative consumer prices","Annual","2022","96.98252318087442","Units"
"Nicaragua","Real effective exchange rate (REER), Index (2010=100) Adjusted by relative consumer prices","Annual","2023","98.60930727694367","Units"
"Nicaragua","Real effective exchange rate (REER), Index (2010=100) Adjusted by relative consumer prices","Annual","2024","100.8580898735961","Units"
"Nicaragua","Real effective exchange rate (REER), Index (2010=100) Adjusted by relative consumer prices","Annual","2025","100.7184516590613","Units"
"Bulgaria","Real effective exchange rate (REER), Index (2010=100) Adjusted by relative consumer prices","Annual","1993","51.79239573173329","Units"
"Bulgaria","Real effective exchange rate (REER), Index (2010=100) Adjusted by relative consumer prices","Annual","1994","45.77705273763153","Units"
"Bulgaria","Real effective exchange rate (REER), Index (2010=100) Adjusted by relative consumer prices","Annual","1995","53.86802446265833","Units"
"Bulgaria","Real effective exchange rate (REER), Index (2010=100) Adjusted by relative consumer prices","Annual","1996","46.19810735679363","Units"
"Bulgaria","Real effective exchange rate (REER), Index (2010=100) Adjusted by relative consumer prices","Annual","1997","56.72849647847369","Units"
"Bulgaria","Real effective exchange rate (REER), Index (2010=100) Adjusted by relative consumer prices","Annual","1998","65.33200917044817","Units"
"Bulgaria","Real effective exchange rate (REER), Index (2010=100) Adjusted by relative consumer prices","Annual","1999","66.87453122775711","Units"
"Bulgaria","Real effective exchange rate (REER), Index (2010=100) Adjusted by relative consumer prices","Annual","2000","69.05609148697973","Units"
"Bulgaria","Real effective exchange rate (REER), Index (2010=100) Adjusted by relative consumer prices","Annual","2001","72.45631038188452","Units"
"Bulgaria","Real effective exchange rate (REER), Index (2010=100) Adjusted by relative consumer prices","Annual","2002","75.71394016686737","Units"
"Bulgaria","Real effective exchange rate (REER), Index (2010=100) Adjusted by relative consumer prices","Annual","2003","78.84278797097975","Units"
"Bulgaria","Real effective exchange rate (REER), Index (2010=100) Adjusted by relative consumer prices","Annual","2004","82.6661007624779","Units"
"Bulgaria","Real effective exchange rate (REER), Index (2010=100) Adjusted by relative consumer prices","Annual","2005","82.95719901980934","Units"
"Bulgaria","Real effective exchange rate (REER), Index (2010=100) Adjusted by relative consumer prices","Annual","2006","86.546301501858","Units"
"Bulgaria","Real effective exchange rate (REER), Index (2010=100) Adjusted by relative consumer prices","Annual","2007","91.55590325182008","Units"
"Bulgaria","Real effective exchange rate (REER), Index (2010=100) Adjusted by relative consumer prices","Annual","2008","99.52044996324842","Units"
"Bulgaria","Real effective exchange rate (REER), Index (2010=100) Adjusted by relative consumer prices","Annual","2009","103.7384059921552","Units"
"Bulgaria","Real effective exchange rate (REER), Index (2010=100) Adjusted by relative consumer prices","Annual","2010","100","Units"
"Bulgaria","Real effective exchange rate (REER), Index (2010=100) Adjusted by relative consumer prices","Annual","2011","101.534855905048","Units"
"Bulgaria","Real effective exchange rate (REER), Index (2010=100) Adjusted by relative consumer prices","Annual","2012","100.159681180793","Units"
"Bulgaria","Real effective exchange rate (REER), Index (2010=100) Adjusted by relative consumer prices","Annual","2013","100.9553334546783","Units"
"Bulgaria","Real effective exchange rate (REER), Index (2010=100) Adjusted by relative consumer prices","Annual","2014","100.2024000465292","Units"
"Bulgaria","Real effective exchange rate (REER), Index (2010=100) Adjusted by relative consumer prices","Annual","2015","97.08945258408208","Units"
"Bulgaria","Real effective exchange rate (REER), Index (2010=100) Adjusted by relative consumer prices","Annual","2016","97.313596792578","Units"
"Bulgaria","Real effective exchange rate (REER), Index (2010=100) Adjusted by relative consumer prices","Annual","2017","98.58474613887233","Units"
"Bulgaria","Real effective exchange rate (REER), Index (2010=100) Adjusted by relative consumer prices","Annual","2018","101.8487487528341","Units"
"Bulgaria","Real effective exchange rate (REER), Index (2010=100) Adjusted by relative consumer prices","Annual","2019","102.3534720897819","Units"
"Bulgaria","Real effective exchange rate (REER), Index (2010=100) Adjusted by relative consumer prices","Annual","2020","105.3117593662556","Units"
"Bulgaria","Real effective exchange rate (REER), Index (2010=100) Adjusted by relative consumer prices","Annual","2021","106.7706284865722","Units"
"Bulgaria","Real effective exchange rate (REER), Index (2010=100) Adjusted by relative consumer prices","Annual","2022","112.0582350889642","Units"
"Bulgaria","Real effective exchange rate (REER), Index (2010=100) Adjusted by relative consumer prices","Annual","2023","117.9096425447228","Units"
"Bulgaria","Real effective exchange rate (REER), Index (2010=100) Adjusted by relative consumer prices","Annual","2024","117.7733490814039","Units"
"Bulgaria","Real effective exchange rate (REER), Index (2010=100) Adjusted by relative consumer prices","Annual","2025","120.5938400572249","Units"
"Samoa","Real effective exchange rate (REER), Index (2010=100) Adjusted by relative consumer prices","Annual","1979","98.80288532351525","Units"
"Samoa","Real effective exchange rate (REER), Index (2010=100) Adjusted by relative consumer prices","Annual","1980","104.7366052346442","Units"
"Samoa","Real effective exchange rate (REER), Index (2010=100) Adjusted by relative consumer prices","Annual","1981","109.4962632063816","Units"
"Samoa","Real effective exchange rate (REER), Index (2010=100) Adjusted by relative consumer prices","Annual","1982","111.4879263512051","Units"
"Samoa","Real effective exchange rate (REER), Index (2010=100) Adjusted by relative consumer prices","Annual","1983","102.158012558788","Units"
"Samoa","Real effective exchange rate (REER), Index (2010=100) Adjusted by relative consumer prices","Annual","1984","98.17592718129025","Units"
"Samoa","Real effective exchange rate (REER), Index (2010=100) Adjusted by relative consumer prices","Annual","1985","88.102353859717","Units"
"Samoa","Real effective exchange rate (REER), Index (2010=100) Adjusted by relative consumer prices","Annual","1986","81.25715614167752","Units"
"Samoa","Real effective exchange rate (REER), Index (2010=100) Adjusted by relative consumer prices","Annual","1987","77.70694087043519","Units"
"Samoa","Real effective exchange rate (REER), Index (2010=100) Adjusted by relative consumer prices","Annual","1988","78.35961367955622","Units"
"Samoa","Real effective exchange rate (REER), Index (2010=100) Adjusted by relative consumer prices","Annual","1989","76.33179145878351","Units"
"Samoa","Real effective exchange rate (REER), Index (2010=100) Adjusted by relative consumer prices","Annual","1990","79.94965989905049","Units"
"Samoa","Real effective exchange rate (REER), Index (2010=100) Adjusted by relative consumer prices","Annual","1991","73.16573146114908","Units"
"Samoa","Real effective exchange rate (REER), Index (2010=100) Adjusted by relative consumer prices","Annual","1992","74.90893125024317","Units"
"Samoa","Real effective exchange rate (REER), Index (2010=100) Adjusted by relative consumer prices","Annual","1993","72.66939063599196","Units"
"Samoa","Real effective exchange rate (REER), Index (2010=100) Adjusted by relative consumer prices","Annual","1994","78.20091651870044","Units"
"Samoa","Real effective exchange rate (REER), Index (2010=100) Adjusted by relative consumer prices","Annual","1995","70.96285343997125","Units"
"Samoa","Real effective exchange rate (REER), Index (2010=100) Adjusted by relative consumer prices","Annual","1996","74.82551249482263","Units"
"Samoa","Real effective exchange rate (REER), Index (2010=100) Adjusted by relative consumer prices","Annual","1997","78.87583959205289","Units"
"Samoa","Real effective exchange rate (REER), Index (2010=100) Adjusted by relative consumer prices","Annual","1998","76.18737032605815","Units"
"Samoa","Real effective exchange rate (REER), Index (2010=100) Adjusted by relative consumer prices","Annual","1999","71.35810002342742","Units"
"Samoa","Real effective exchange rate (REER), Index (2010=100) Adjusted by relative consumer prices","Annual","2000","66.88034048756128","Units"
"Samoa","Real effective exchange rate (REER), Index (2010=100) Adjusted by relative consumer prices","Annual","2001","67.82815198200682","Units"
"Samoa","Real effective exchange rate (REER), Index (2010=100) Adjusted by relative consumer prices","Annual","2002","72.97490746645303","Units"
"Samoa","Real effective exchange rate (REER), Index (2010=100) Adjusted by relative consumer prices","Annual","2003","75.4241286335835","Units"
"Samoa","Real effective exchange rate (REER), Index (2010=100) Adjusted by relative consumer prices","Annual","2004","87.2564398248265","Units"
"Samoa","Real effective exchange rate (REER), Index (2010=100) Adjusted by relative consumer prices","Annual","2005","86.65725729954592","Units"
"Samoa","Real effective exchange rate (REER), Index (2010=100) Adjusted by relative consumer prices","Annual","2006","86.97146693305225","Units"
"Samoa","Real effective exchange rate (REER), Index (2010=100) Adjusted by relative consumer prices","Annual","2007","88.70501126055925","Units"
"Samoa","Real effective exchange rate (REER), Index (2010=100) Adjusted by relative consumer prices","Annual","2008","90.8519094150265","Units"
"Samoa","Real effective exchange rate (REER), Index (2010=100) Adjusted by relative consumer prices","Annual","2009","97.70648481021517","Units"
"Samoa","Real effective exchange rate (REER), Index (2010=100) Adjusted by relative consumer prices","Annual","2010","100","Units"
"Samoa","Real effective exchange rate (REER), Index (2010=100) Adjusted by relative consumer prices","Annual","2011","103.4356833014171","Units"
"Samoa","Real effective exchange rate (REER), Index (2010=100) Adjusted by relative consumer prices","Annual","2012","104.2521232281455","Units"
"Samoa","Real effective exchange rate (REER), Index (2010=100) Adjusted by relative consumer prices","Annual","2013","103.0236124319692","Units"
"Samoa","Real effective exchange rate (REER), Index (2010=100) Adjusted by relative consumer prices","Annual","2014","100.9841553312769","Units"
"Samoa","Real effective exchange rate (REER), Index (2010=100) Adjusted by relative consumer prices","Annual","2015","102.0182073672942","Units"
"Samoa","Real effective exchange rate (REER), Index (2010=100) Adjusted by relative consumer prices","Annual","2016","103.1496841038984","Units"
"Samoa","Real effective exchange rate (REER), Index (2010=100) Adjusted by relative consumer prices","Annual","2017","102.5312394226022","Units"
"Samoa","Real effective exchange rate (REER), Index (2010=100) Adjusted by relative consumer prices","Annual","2018","103.2591047443733","Units"
"Samoa","Real effective exchange rate (REER), Index (2010=100) Adjusted by relative consumer prices","Annual","2019","103.6104123885545","Units"
"Samoa","Real effective exchange rate (REER), Index (2010=100) Adjusted by relative consumer prices","Annual","2020","101.5039758827132","Units"
"Samoa","Real effective exchange rate (REER), Index (2010=100) Adjusted by relative consumer prices","Annual","2021","102.4148750218954","Units"
"Samoa","Real effective exchange rate (REER), Index (2010=100) Adjusted by relative consumer prices","Annual","2022","110.0729286162406","Units"
"Samoa","Real effective exchange rate (REER), Index (2010=100) Adjusted by relative consumer prices","Annual","2023","114.6707416070265","Units"
"Samoa","Real effective exchange rate (REER), Index (2010=100) Adjusted by relative consumer prices","Annual","2024","114.6003720836142","Units"
"Samoa","Real effective exchange rate (REER), Index (2010=100) Adjusted by relative consumer prices","Annual","2025","114.2483275480746","Units"
"Côte d'Ivoire","Real effective exchange rate (REER), Index (2010=100) Adjusted by relative consumer prices","Annual","1980","132.040350813984","Units"
"Côte d'Ivoire","Real effective exchange rate (REER), Index (2010=100) Adjusted by relative consumer prices","Annual","1981","113.7074270115444","Units"
"Côte d'Ivoire","Real effective exchange rate (REER), Index (2010=100) Adjusted by relative consumer prices","Annual","1982","103.5481609299287","Units"
"Côte d'Ivoire","Real effective exchange rate (REER), Index (2010=100) Adjusted by relative consumer prices","Annual","1983","96.79136486152842","Units"
"Côte d'Ivoire","Real effective exchange rate (REER), Index (2010=100) Adjusted by relative consumer prices","Annual","1984","96.33478965719575","Units"
"Côte d'Ivoire","Real effective exchange rate (REER), Index (2010=100) Adjusted by relative consumer prices","Annual","1985","96.353732420614","Units"
"Côte d'Ivoire","Real effective exchange rate (REER), Index (2010=100) Adjusted by relative consumer prices","Annual","1986","115.1613328025353","Units"
"Côte d'Ivoire","Real effective exchange rate (REER), Index (2010=100) Adjusted by relative consumer prices","Annual","1987","128.1285375859179","Units"
"Côte d'Ivoire","Real effective exchange rate (REER), Index (2010=100) Adjusted by relative consumer prices","Annual","1988","131.3953292279757","Units"
"Côte d'Ivoire","Real effective exchange rate (REER), Index (2010=100) Adjusted by relative consumer prices","Annual","1989","124.4188368137278","Units"
"Côte d'Ivoire","Real effective exchange rate (REER), Index (2010=100) Adjusted by relative consumer prices","Annual","1990","126.2998813393521","Units"
"Côte d'Ivoire","Real effective exchange rate (REER), Index (2010=100) Adjusted by relative consumer prices","Annual","1991","121.5087249803515","Units"
"Côte d'Ivoire","Real effective exchange rate (REER), Index (2010=100) Adjusted by relative consumer prices","Annual","1992","126.392242185386","Units"
"Côte d'Ivoire","Real effective exchange rate (REER), Index (2010=100) Adjusted by relative consumer prices","Annual","1993","124.061197431079","Units"
"Côte d'Ivoire","Real effective exchange rate (REER), Index (2010=100) Adjusted by relative consumer prices","Annual","1994","76.926877939511","Units"
"Côte d'Ivoire","Real effective exchange rate (REER), Index (2010=100) Adjusted by relative consumer prices","Annual","1995","88.42021569111608","Units"
"Côte d'Ivoire","Real effective exchange rate (REER), Index (2010=100) Adjusted by relative consumer prices","Annual","1996","88.492762024947","Units"
"Côte d'Ivoire","Real effective exchange rate (REER), Index (2010=100) Adjusted by relative consumer prices","Annual","1997","86.57228443605342","Units"
"Côte d'Ivoire","Real effective exchange rate (REER), Index (2010=100) Adjusted by relative consumer prices","Annual","1998","92.440025819065","Units"
"Côte d'Ivoire","Real effective exchange rate (REER), Index (2010=100) Adjusted by relative consumer prices","Annual","1999","91.46536968266233","Units"
"Côte d'Ivoire","Real effective exchange rate (REER), Index (2010=100) Adjusted by relative consumer prices","Annual","2000","86.49855107899892","Units"
"Côte d'Ivoire","Real effective exchange rate (REER), Index (2010=100) Adjusted by relative consumer prices","Annual","2001","89.57087333962608","Units"
"Côte d'Ivoire","Real effective exchange rate (REER), Index (2010=100) Adjusted by relative consumer prices","Annual","2002","93.13268859229933","Units"
"Côte d'Ivoire","Real effective exchange rate (REER), Index (2010=100) Adjusted by relative consumer prices","Annual","2003","99.59368857006917","Units"
"Côte d'Ivoire","Real effective exchange rate (REER), Index (2010=100) Adjusted by relative consumer prices","Annual","2004","100.8143503002418","Units"
"Côte d'Ivoire","Real effective exchange rate (REER), Index (2010=100) Adjusted by relative consumer prices","Annual","2005","101.0316763054039","Units"
"Côte d'Ivoire","Real effective exchange rate (REER), Index (2010=100) Adjusted by relative consumer prices","Annual","2006","100.7915148014056","Units"
"Côte d'Ivoire","Real effective exchange rate (REER), Index (2010=100) Adjusted by relative consumer prices","Annual","2007","102.5096818157462","Units"
"Côte d'Ivoire","Real effective exchange rate (REER), Index (2010=100) Adjusted by relative consumer prices","Annual","2008","106.9524594264432","Units"
"Côte d'Ivoire","Real effective exchange rate (REER), Index (2010=100) Adjusted by relative consumer prices","Annual","2009","107.2443113604598","Units"
"Côte d'Ivoire","Real effective exchange rate (REER), Index (2010=100) Adjusted by relative consumer prices","Annual","2010","100","Units"
"Côte d'Ivoire","Real effective exchange rate (REER), Index (2010=100) Adjusted by relative consumer prices","Annual","2011","102.2587670676781","Units"
"Côte d'Ivoire","Real effective exchange rate (REER), Index (2010=100) Adjusted by relative consumer prices","Annual","2012","97.39399094482367","Units"
"Côte d'Ivoire","Real effective exchange rate (REER), Index (2010=100) Adjusted by relative consumer prices","Annual","2013","100.5048397510519","Units"
"Côte d'Ivoire","Real effective exchange rate (REER), Index (2010=100) Adjusted by relative consumer prices","Annual","2014","100.7082420401273","Units"
"Côte d'Ivoire","Real effective exchange rate (REER), Index (2010=100) Adjusted by relative consumer prices","Annual","2015","93.73195500374717","Units"
"Côte d'Ivoire","Real effective exchange rate (REER), Index (2010=100) Adjusted by relative consumer prices","Annual","2016","94.81597980722142","Units"
"Côte d'Ivoire","Real effective exchange rate (REER), Index (2010=100) Adjusted by relative consumer prices","Annual","2017","95.13882107144842","Units"
"Côte d'Ivoire","Real effective exchange rate (REER), Index (2010=100) Adjusted by relative consumer prices","Annual","2018","96.21576783626483","Units"
"Côte d'Ivoire","Real effective exchange rate (REER), Index (2010=100) Adjusted by relative consumer prices","Annual","2019","94.02029136833717","Units"
"Côte d'Ivoire","Real effective exchange rate (REER), Index (2010=100) Adjusted by relative consumer prices","Annual","2020","97.50287407056492","Units"
"Côte d'Ivoire","Real effective exchange rate (REER), Index (2010=100) Adjusted by relative consumer prices","Annual","2021","99.52351760823033","Units"
"Côte d'Ivoire","Real effective exchange rate (REER), Index (2010=100) Adjusted by relative consumer prices","Annual","2022","94.63465188635958","Units"
"Côte d'Ivoire","Real effective exchange rate (REER), Index (2010=100) Adjusted by relative consumer prices","Annual","2023","98.79607092743783","Units"
"Côte d'Ivoire","Real effective exchange rate (REER), Index (2010=100) Adjusted by relative consumer prices","Annual","2024","101.3227353292038","Units"
"Côte d'Ivoire","Real effective exchange rate (REER), Index (2010=100) Adjusted by relative consumer prices","Annual","2025","100.9661080442886","Units"
"Canada","Real effective exchange rate (REER), Index (2010=100) Adjusted by relative consumer prices","Annual","1979","93.950835503178","Units"
"Canada","Real effective exchange rate (REER), Index (2010=100) Adjusted by relative consumer prices","Annual","1980","92.30994788379858","Units"
"Canada","Real effective exchange rate (REER), Index (2010=100) Adjusted by relative consumer prices","Annual","1981","97.02403350554433","Units"
"Canada","Real effective exchange rate (REER), Index (2010=100) Adjusted by relative consumer prices","Annual","1982","103.5109615287642","Units"
"Canada","Real effective exchange rate (REER), Index (2010=100) Adjusted by relative consumer prices","Annual","1983","108.0434496232582","Units"
"Canada","Real effective exchange rate (REER), Index (2010=100) Adjusted by relative consumer prices","Annual","1984","106.0148035336014","Units"
"Canada","Real effective exchange rate (REER), Index (2010=100) Adjusted by relative consumer prices","Annual","1985","101.9253940880823","Units"
"Canada","Real effective exchange rate (REER), Index (2010=100) Adjusted by relative consumer prices","Annual","1986","92.10242507989517","Units"
"Canada","Real effective exchange rate (REER), Index (2010=100) Adjusted by relative consumer prices","Annual","1987","92.30684324841675","Units"
"Canada","Real effective exchange rate (REER), Index (2010=100) Adjusted by relative consumer prices","Annual","1988","97.75176824056183","Units"
"Canada","Real effective exchange rate (REER), Index (2010=100) Adjusted by relative consumer prices","Annual","1989","104.8487942586503","Units"
"Canada","Real effective exchange rate (REER), Index (2010=100) Adjusted by relative consumer prices","Annual","1990","103.6217768304238","Units"
"Canada","Real effective exchange rate (REER), Index (2010=100) Adjusted by relative consumer prices","Annual","1991","106.5578939869935","Units"
"Canada","Real effective exchange rate (REER), Index (2010=100) Adjusted by relative consumer prices","Annual","1992","97.72157762935825","Units"
"Canada","Real effective exchange rate (REER), Index (2010=100) Adjusted by relative consumer prices","Annual","1993","91.3562549920455","Units"
"Canada","Real effective exchange rate (REER), Index (2010=100) Adjusted by relative consumer prices","Annual","1994","83.45779523450983","Units"
"Canada","Real effective exchange rate (REER), Index (2010=100) Adjusted by relative consumer prices","Annual","1995","80.73577223395684","Units"
"Canada","Real effective exchange rate (REER), Index (2010=100) Adjusted by relative consumer prices","Annual","1996","81.57397928740515","Units"
"Canada","Real effective exchange rate (REER), Index (2010=100) Adjusted by relative consumer prices","Annual","1997","80.79068912193088","Units"
"Canada","Real effective exchange rate (REER), Index (2010=100) Adjusted by relative consumer prices","Annual","1998","76.09452488388323","Units"
"Canada","Real effective exchange rate (REER), Index (2010=100) Adjusted by relative consumer prices","Annual","1999","75.16926061194456","Units"
"Canada","Real effective exchange rate (REER), Index (2010=100) Adjusted by relative consumer prices","Annual","2000","75.53756721032802","Units"
"Canada","Real effective exchange rate (REER), Index (2010=100) Adjusted by relative consumer prices","Annual","2001","73.31866113051448","Units"
"Canada","Real effective exchange rate (REER), Index (2010=100) Adjusted by relative consumer prices","Annual","2002","72.67835570458668","Units"
"Canada","Real effective exchange rate (REER), Index (2010=100) Adjusted by relative consumer prices","Annual","2003","80.85697625235679","Units"
"Canada","Real effective exchange rate (REER), Index (2010=100) Adjusted by relative consumer prices","Annual","2004","85.31577058918008","Units"
"Canada","Real effective exchange rate (REER), Index (2010=100) Adjusted by relative consumer prices","Annual","2005","90.41990096974592","Units"
"Canada","Real effective exchange rate (REER), Index (2010=100) Adjusted by relative consumer prices","Annual","2006","95.40303434160683","Units"
"Canada","Real effective exchange rate (REER), Index (2010=100) Adjusted by relative consumer prices","Annual","2007","98.51489953156658","Units"
"Canada","Real effective exchange rate (REER), Index (2010=100) Adjusted by relative consumer prices","Annual","2008","95.90810513472025","Units"
"Canada","Real effective exchange rate (REER), Index (2010=100) Adjusted by relative consumer prices","Annual","2009","91.47480942545992","Units"
"Canada","Real effective exchange rate (REER), Index (2010=100) Adjusted by relative consumer prices","Annual","2010","99.99999999999992","Units"
"Canada","Real effective exchange rate (REER), Index (2010=100) Adjusted by relative consumer prices","Annual","2011","101.6418848401856","Units"
"Canada","Real effective exchange rate (REER), Index (2010=100) Adjusted by relative consumer prices","Annual","2012","101.1623003312891","Units"
"Canada","Real effective exchange rate (REER), Index (2010=100) Adjusted by relative consumer prices","Annual","2013","97.54168048144417","Units"
"Canada","Real effective exchange rate (REER), Index (2010=100) Adjusted by relative consumer prices","Annual","2014","91.517166905136","Units"
"Canada","Real effective exchange rate (REER), Index (2010=100) Adjusted by relative consumer prices","Annual","2015","83.18544437390082","Units"
"Canada","Real effective exchange rate (REER), Index (2010=100) Adjusted by relative consumer prices","Annual","2016","81.62965965827633","Units"
"Canada","Real effective exchange rate (REER), Index (2010=100) Adjusted by relative consumer prices","Annual","2017","82.86181997573542","Units"
"Canada","Real effective exchange rate (REER), Index (2010=100) Adjusted by relative consumer prices","Annual","2018","82.34034713908788","Units"
"Canada","Real effective exchange rate (REER), Index (2010=100) Adjusted by relative consumer prices","Annual","2019","81.5961008746846","Units"
"Canada","Real effective exchange rate (REER), Index (2010=100) Adjusted by relative consumer prices","Annual","2020","80.72120587718409","Units"
"Canada","Real effective exchange rate (REER), Index (2010=100) Adjusted by relative consumer prices","Annual","2021","84.66744569803458","Units"
"Canada","Real effective exchange rate (REER), Index (2010=100) Adjusted by relative consumer prices","Annual","2022","84.06270883708208","Units"
"Canada","Real effective exchange rate (REER), Index (2010=100) Adjusted by relative consumer prices","Annual","2023","81.11567035114034","Units"
"Canada","Real effective exchange rate (REER), Index (2010=100) Adjusted by relative consumer prices","Annual","2024","80.3847414995369","Units"
"Canada","Real effective exchange rate (REER), Index (2010=100) Adjusted by relative consumer prices","Annual","2025","78.23689267513373","Units"
"Papua New Guinea","Real effective exchange rate (REER), Index (2010=100) Adjusted by relative consumer prices","Annual","1980","130.6204635749428","Units"
"Papua New Guinea","Real effective exchange rate (REER), Index (2010=100) Adjusted by relative consumer prices","Annual","1981","135.6615253114818","Units"
"Papua New Guinea","Real effective exchange rate (REER), Index (2010=100) Adjusted by relative consumer prices","Annual","1982","133.6049250222388","Units"
"Papua New Guinea","Real effective exchange rate (REER), Index (2010=100) Adjusted by relative consumer prices","Annual","1983","129.1615129448467","Units"
"Papua New Guinea","Real effective exchange rate (REER), Index (2010=100) Adjusted by relative consumer prices","Annual","1984","130.9255196576235","Units"
"Papua New Guinea","Real effective exchange rate (REER), Index (2010=100) Adjusted by relative consumer prices","Annual","1985","121.6234729125477","Units"
"Papua New Guinea","Real effective exchange rate (REER), Index (2010=100) Adjusted by relative consumer prices","Annual","1986","112.0733256932777","Units"
"Papua New Guinea","Real effective exchange rate (REER), Index (2010=100) Adjusted by relative consumer prices","Annual","1987","111.0601835461241","Units"
"Papua New Guinea","Real effective exchange rate (REER), Index (2010=100) Adjusted by relative consumer prices","Annual","1988","112.2650674690882","Units"
"Papua New Guinea","Real effective exchange rate (REER), Index (2010=100) Adjusted by relative consumer prices","Annual","1989","117.1203324241019","Units"
"Papua New Guinea","Real effective exchange rate (REER), Index (2010=100) Adjusted by relative consumer prices","Annual","1990","104.8229136689779","Units"
"Papua New Guinea","Real effective exchange rate (REER), Index (2010=100) Adjusted by relative consumer prices","Annual","1991","107.8793405077913","Units"
"Papua New Guinea","Real effective exchange rate (REER), Index (2010=100) Adjusted by relative consumer prices","Annual","1992","105.2984650670588","Units"
"Papua New Guinea","Real effective exchange rate (REER), Index (2010=100) Adjusted by relative consumer prices","Annual","1993","108.2194854257858","Units"
"Papua New Guinea","Real effective exchange rate (REER), Index (2010=100) Adjusted by relative consumer prices","Annual","1994","104.0545166725904","Units"
"Papua New Guinea","Real effective exchange rate (REER), Index (2010=100) Adjusted by relative consumer prices","Annual","1995","87.80977641286783","Units"
"Papua New Guinea","Real effective exchange rate (REER), Index (2010=100) Adjusted by relative consumer prices","Annual","1996","95.82029699635433","Units"
"Papua New Guinea","Real effective exchange rate (REER), Index (2010=100) Adjusted by relative consumer prices","Annual","1997","96.31500371525242","Units"
"Papua New Guinea","Real effective exchange rate (REER), Index (2010=100) Adjusted by relative consumer prices","Annual","1998","83.45153780829317","Units"
"Papua New Guinea","Real effective exchange rate (REER), Index (2010=100) Adjusted by relative consumer prices","Annual","1999","75.92471400772653","Units"
"Papua New Guinea","Real effective exchange rate (REER), Index (2010=100) Adjusted by relative consumer prices","Annual","2000","82.52103072904805","Units"
"Papua New Guinea","Real effective exchange rate (REER), Index (2010=100) Adjusted by relative consumer prices","Annual","2001","76.60304908900095","Units"
"Papua New Guinea","Real effective exchange rate (REER), Index (2010=100) Adjusted by relative consumer prices","Annual","2002","72.36805558916098","Units"
"Papua New Guinea","Real effective exchange rate (REER), Index (2010=100) Adjusted by relative consumer prices","Annual","2003","82.15433332682048","Units"
"Papua New Guinea","Real effective exchange rate (REER), Index (2010=100) Adjusted by relative consumer prices","Annual","2004","85.76597597746567","Units"
"Papua New Guinea","Real effective exchange rate (REER), Index (2010=100) Adjusted by relative consumer prices","Annual","2005","87.1683596034295","Units"
"Papua New Guinea","Real effective exchange rate (REER), Index (2010=100) Adjusted by relative consumer prices","Annual","2006","86.761194526305","Units"
"Papua New Guinea","Real effective exchange rate (REER), Index (2010=100) Adjusted by relative consumer prices","Annual","2007","83.60733987192408","Units"
"Papua New Guinea","Real effective exchange rate (REER), Index (2010=100) Adjusted by relative consumer prices","Annual","2008","92.77012287386367","Units"
"Papua New Guinea","Real effective exchange rate (REER), Index (2010=100) Adjusted by relative consumer prices","Annual","2009","98.9519834333675","Units"
"Papua New Guinea","Real effective exchange rate (REER), Index (2010=100) Adjusted by relative consumer prices","Annual","2010","99.99999999999992","Units"
"Papua New Guinea","Real effective exchange rate (REER), Index (2010=100) Adjusted by relative consumer prices","Annual","2011","110.4884561406407","Units"
"Papua New Guinea","Real effective exchange rate (REER), Index (2010=100) Adjusted by relative consumer prices","Annual","2012","130.4659790237809","Units"
"Papua New Guinea","Real effective exchange rate (REER), Index (2010=100) Adjusted by relative consumer prices","Annual","2013","127.7132987943867","Units"
"Papua New Guinea","Real effective exchange rate (REER), Index (2010=100) Adjusted by relative consumer prices","Annual","2014","121.9716811468935","Units"
"Papua New Guinea","Real effective exchange rate (REER), Index (2010=100) Adjusted by relative consumer prices","Annual","2015","124.1432896718495","Units"
"Papua New Guinea","Real effective exchange rate (REER), Index (2010=100) Adjusted by relative consumer prices","Annual","2016","117.9910166641303","Units"
"Papua New Guinea","Real effective exchange rate (REER), Index (2010=100) Adjusted by relative consumer prices","Annual","2017","119.9876461615809","Units"
"Papua New Guinea","Real effective exchange rate (REER), Index (2010=100) Adjusted by relative consumer prices","Annual","2018","117.238038012794","Units"
"Papua New Guinea","Real effective exchange rate (REER), Index (2010=100) Adjusted by relative consumer prices","Annual","2019","119.7518162743094","Units"
"Papua New Guinea","Real effective exchange rate (REER), Index (2010=100) Adjusted by relative consumer prices","Annual","2020","122.2206490320461","Units"
"Papua New Guinea","Real effective exchange rate (REER), Index (2010=100) Adjusted by relative consumer prices","Annual","2021","119.1139831859939","Units"
"Papua New Guinea","Real effective exchange rate (REER), Index (2010=100) Adjusted by relative consumer prices","Annual","2022","127.3398056583202","Units"
"Papua New Guinea","Real effective exchange rate (REER), Index (2010=100) Adjusted by relative consumer prices","Annual","2023","126.881983821045","Units"
"Papua New Guinea","Real effective exchange rate (REER), Index (2010=100) Adjusted by relative consumer prices","Annual","2024","118.911884362284","Units"
"Papua New Guinea","Real effective exchange rate (REER), Index (2010=100) Adjusted by relative consumer prices","Annual","2025","112.7118804046838","Units"
"Georgia","Real effective exchange rate (REER), Index (2010=100) Adjusted by relative consumer prices","Annual","1994","33.00195082175914","Units"
"Georgia","Real effective exchange rate (REER), Index (2010=100) Adjusted by relative consumer prices","Annual","1995","71.42793505342082","Units"
"Georgia","Real effective exchange rate (REER), Index (2010=100) Adjusted by relative consumer prices","Annual","1996","89.88763465045942","Units"
"Georgia","Real effective exchange rate (REER), Index (2010=100) Adjusted by relative consumer prices","Annual","1997","93.99458994725133","Units"
"Georgia","Real effective exchange rate (REER), Index (2010=100) Adjusted by relative consumer prices","Annual","1998","91.67431453326717","Units"
"Georgia","Real effective exchange rate (REER), Index (2010=100) Adjusted by relative consumer prices","Annual","1999","78.45770647242708","Units"
"Georgia","Real effective exchange rate (REER), Index (2010=100) Adjusted by relative consumer prices","Annual","2000","85.20589424006292","Units"
"Georgia","Real effective exchange rate (REER), Index (2010=100) Adjusted by relative consumer prices","Annual","2001","85.544244167868","Units"
"Georgia","Real effective exchange rate (REER), Index (2010=100) Adjusted by relative consumer prices","Annual","2002","82.93289944349367","Units"
"Georgia","Real effective exchange rate (REER), Index (2010=100) Adjusted by relative consumer prices","Annual","2003","78.03605912064363","Units"
"Georgia","Real effective exchange rate (REER), Index (2010=100) Adjusted by relative consumer prices","Annual","2004","83.31683996034321","Units"
"Georgia","Real effective exchange rate (REER), Index (2010=100) Adjusted by relative consumer prices","Annual","2005","88.76558908950717","Units"
"Georgia","Real effective exchange rate (REER), Index (2010=100) Adjusted by relative consumer prices","Annual","2006","93.86168778239133","Units"
"Georgia","Real effective exchange rate (REER), Index (2010=100) Adjusted by relative consumer prices","Annual","2007","97.18416808243625","Units"
"Georgia","Real effective exchange rate (REER), Index (2010=100) Adjusted by relative consumer prices","Annual","2008","107.5453169124407","Units"
"Georgia","Real effective exchange rate (REER), Index (2010=100) Adjusted by relative consumer prices","Annual","2009","104.4813290694618","Units"
"Georgia","Real effective exchange rate (REER), Index (2010=100) Adjusted by relative consumer prices","Annual","2010","100","Units"
"Georgia","Real effective exchange rate (REER), Index (2010=100) Adjusted by relative consumer prices","Annual","2011","108.5069128193973","Units"
"Georgia","Real effective exchange rate (REER), Index (2010=100) Adjusted by relative consumer prices","Annual","2012","110.4836546347631","Units"
"Georgia","Real effective exchange rate (REER), Index (2010=100) Adjusted by relative consumer prices","Annual","2013","107.2690539048385","Units"
"Georgia","Real effective exchange rate (REER), Index (2010=100) Adjusted by relative consumer prices","Annual","2014","106.4385272533133","Units"
"Georgia","Real effective exchange rate (REER), Index (2010=100) Adjusted by relative consumer prices","Annual","2015","98.39175616255825","Units"
"Georgia","Real effective exchange rate (REER), Index (2010=100) Adjusted by relative consumer prices","Annual","2016","99.25860343207017","Units"
"Georgia","Real effective exchange rate (REER), Index (2010=100) Adjusted by relative consumer prices","Annual","2017","97.01515770890808","Units"
"Georgia","Real effective exchange rate (REER), Index (2010=100) Adjusted by relative consumer prices","Annual","2018","97.24155047917433","Units"
"Georgia","Real effective exchange rate (REER), Index (2010=100) Adjusted by relative consumer prices","Annual","2019","92.62912742547408","Units"
"Georgia","Real effective exchange rate (REER), Index (2010=100) Adjusted by relative consumer prices","Annual","2020","89.52167532090567","Units"
"Georgia","Real effective exchange rate (REER), Index (2010=100) Adjusted by relative consumer prices","Annual","2021","91.2220960883035","Units"
"Georgia","Real effective exchange rate (REER), Index (2010=100) Adjusted by relative consumer prices","Annual","2022","109.709184603108","Units"
"Georgia","Real effective exchange rate (REER), Index (2010=100) Adjusted by relative consumer prices","Annual","2023","119.6004625797251","Units"
"Georgia","Real effective exchange rate (REER), Index (2010=100) Adjusted by relative consumer prices","Annual","2024","112.1355760950133","Units"
"Georgia","Real effective exchange rate (REER), Index (2010=100) Adjusted by relative consumer prices","Annual","2025","107.3664798984112","Units"
"Grenada","Real effective exchange rate (REER), Index (2010=100) Adjusted by relative consumer prices","Annual","1979","92.43475653336108","Units"
"Grenada","Real effective exchange rate (REER), Index (2010=100) Adjusted by relative consumer prices","Annual","1980","96.15864210720867","Units"
"Grenada","Real effective exchange rate (REER), Index (2010=100) Adjusted by relative consumer prices","Annual","1981","111.1932576091327","Units"
"Grenada","Real effective exchange rate (REER), Index (2010=100) Adjusted by relative consumer prices","Annual","1982","118.0285068267352","Units"
"Grenada","Real effective exchange rate (REER), Index (2010=100) Adjusted by relative consumer prices","Annual","1983","124.4196355837706","Units"
"Grenada","Real effective exchange rate (REER), Index (2010=100) Adjusted by relative consumer prices","Annual","1984","132.7193595320797","Units"
"Grenada","Real effective exchange rate (REER), Index (2010=100) Adjusted by relative consumer prices","Annual","1985","132.8480111739147","Units"
"Grenada","Real effective exchange rate (REER), Index (2010=100) Adjusted by relative consumer prices","Annual","1986","123.7221401886091","Units"
"Grenada","Real effective exchange rate (REER), Index (2010=100) Adjusted by relative consumer prices","Annual","1987","111.2450304406412","Units"
"Grenada","Real effective exchange rate (REER), Index (2010=100) Adjusted by relative consumer prices","Annual","1988","109.4365984483635","Units"
"Grenada","Real effective exchange rate (REER), Index (2010=100) Adjusted by relative consumer prices","Annual","1989","114.9579386882826","Units"
"Grenada","Real effective exchange rate (REER), Index (2010=100) Adjusted by relative consumer prices","Annual","1990","106.6243569727191","Units"
"Grenada","Real effective exchange rate (REER), Index (2010=100) Adjusted by relative consumer prices","Annual","1991","105.3965585355308","Units"
"Grenada","Real effective exchange rate (REER), Index (2010=100) Adjusted by relative consumer prices","Annual","1992","104.3805880278352","Units"
"Grenada","Real effective exchange rate (REER), Index (2010=100) Adjusted by relative consumer prices","Annual","1993","110.0021920838747","Units"
"Grenada","Real effective exchange rate (REER), Index (2010=100) Adjusted by relative consumer prices","Annual","1994","109.9990468544955","Units"
"Grenada","Real effective exchange rate (REER), Index (2010=100) Adjusted by relative consumer prices","Annual","1995","106.381481628217","Units"
"Grenada","Real effective exchange rate (REER), Index (2010=100) Adjusted by relative consumer prices","Annual","1996","106.7435131808207","Units"
"Grenada","Real effective exchange rate (REER), Index (2010=100) Adjusted by relative consumer prices","Annual","1997","107.7756813392749","Units"
"Grenada","Real effective exchange rate (REER), Index (2010=100) Adjusted by relative consumer prices","Annual","1998","108.4308490165058","Units"
"Grenada","Real effective exchange rate (REER), Index (2010=100) Adjusted by relative consumer prices","Annual","1999","109.2454763623489","Units"
"Grenada","Real effective exchange rate (REER), Index (2010=100) Adjusted by relative consumer prices","Annual","2000","111.7937912933622","Units"
"Grenada","Real effective exchange rate (REER), Index (2010=100) Adjusted by relative consumer prices","Annual","2001","112.4041704379807","Units"
"Grenada","Real effective exchange rate (REER), Index (2010=100) Adjusted by relative consumer prices","Annual","2002","110.5129624556755","Units"
"Grenada","Real effective exchange rate (REER), Index (2010=100) Adjusted by relative consumer prices","Annual","2003","106.0632618678112","Units"
"Grenada","Real effective exchange rate (REER), Index (2010=100) Adjusted by relative consumer prices","Annual","2004","102.2135460368358","Units"
"Grenada","Real effective exchange rate (REER), Index (2010=100) Adjusted by relative consumer prices","Annual","2005","101.0946485936591","Units"
"Grenada","Real effective exchange rate (REER), Index (2010=100) Adjusted by relative consumer prices","Annual","2006","101.3328326303391","Units"
"Grenada","Real effective exchange rate (REER), Index (2010=100) Adjusted by relative consumer prices","Annual","2007","98.66183719402533","Units"
"Grenada","Real effective exchange rate (REER), Index (2010=100) Adjusted by relative consumer prices","Annual","2008","98.92550725867367","Units"
"Grenada","Real effective exchange rate (REER), Index (2010=100) Adjusted by relative consumer prices","Annual","2009","100.5627378310148","Units"
"Grenada","Real effective exchange rate (REER), Index (2010=100) Adjusted by relative consumer prices","Annual","2010","100","Units"
"Grenada","Real effective exchange rate (REER), Index (2010=100) Adjusted by relative consumer prices","Annual","2011","97.06048516012925","Units"
"Grenada","Real effective exchange rate (REER), Index (2010=100) Adjusted by relative consumer prices","Annual","2012","97.7109876977085","Units"
"Grenada","Real effective exchange rate (REER), Index (2010=100) Adjusted by relative consumer prices","Annual","2013","96.48919193681942","Units"
"Grenada","Real effective exchange rate (REER), Index (2010=100) Adjusted by relative consumer prices","Annual","2014","93.61467137613133","Units"
"Grenada","Real effective exchange rate (REER), Index (2010=100) Adjusted by relative consumer prices","Annual","2015","96.41395965024033","Units"
"Grenada","Real effective exchange rate (REER), Index (2010=100) Adjusted by relative consumer prices","Annual","2016","98.67305638385667","Units"
"Grenada","Real effective exchange rate (REER), Index (2010=100) Adjusted by relative consumer prices","Annual","2017","97.7898863429025","Units"
"Grenada","Real effective exchange rate (REER), Index (2010=100) Adjusted by relative consumer prices","Annual","2018","95.63288120660325","Units"
"Grenada","Real effective exchange rate (REER), Index (2010=100) Adjusted by relative consumer prices","Annual","2019","96.56640996353642","Units"
"Grenada","Real effective exchange rate (REER), Index (2010=100) Adjusted by relative consumer prices","Annual","2020","96.01767921534858","Units"
"Grenada","Real effective exchange rate (REER), Index (2010=100) Adjusted by relative consumer prices","Annual","2021","93.20119548256875","Units"
"Grenada","Real effective exchange rate (REER), Index (2010=100) Adjusted by relative consumer prices","Annual","2022","92.05688036585225","Units"
"Grenada","Real effective exchange rate (REER), Index (2010=100) Adjusted by relative consumer prices","Annual","2023","90.38860491536542","Units"
"Grenada","Real effective exchange rate (REER), Index (2010=100) Adjusted by relative consumer prices","Annual","2024","88.99547523063183","Units"
"Grenada","Real effective exchange rate (REER), Index (2010=100) Adjusted by relative consumer prices","Annual","2025","87.07517024216775","Units"
"Austria","Real effective exchange rate (REER), Index (2010=100) Adjusted by relative consumer prices","Annual","1979","97.7132001517295","Units"
"Austria","Real effective exchange rate (REER), Index (2010=100) Adjusted by relative consumer prices","Annual","1980","97.79109108417217","Units"
"Austria","Real effective exchange rate (REER), Index (2010=100) Adjusted by relative consumer prices","Annual","1981","94.5954450292465","Units"
"Austria","Real effective exchange rate (REER), Index (2010=100) Adjusted by relative consumer prices","Annual","1982","95.86333878842417","Units"
"Austria","Real effective exchange rate (REER), Index (2010=100) Adjusted by relative consumer prices","Annual","1983","95.87452578236117","Units"
"Austria","Real effective exchange rate (REER), Index (2010=100) Adjusted by relative consumer prices","Annual","1984","96.72361465043833","Units"
"Austria","Real effective exchange rate (REER), Index (2010=100) Adjusted by relative consumer prices","Annual","1985","96.38431189925033","Units"
"Austria","Real effective exchange rate (REER), Index (2010=100) Adjusted by relative consumer prices","Annual","1986","100.5932656434635","Units"
"Austria","Real effective exchange rate (REER), Index (2010=100) Adjusted by relative consumer prices","Annual","1987","103.3383059356129","Units"
"Austria","Real effective exchange rate (REER), Index (2010=100) Adjusted by relative consumer prices","Annual","1988","103.0263105710878","Units"
"Austria","Real effective exchange rate (REER), Index (2010=100) Adjusted by relative consumer prices","Annual","1989","101.779339758708","Units"
"Austria","Real effective exchange rate (REER), Index (2010=100) Adjusted by relative consumer prices","Annual","1990","103.5905721143282","Units"
"Austria","Real effective exchange rate (REER), Index (2010=100) Adjusted by relative consumer prices","Annual","1991","101.5519247928121","Units"
"Austria","Real effective exchange rate (REER), Index (2010=100) Adjusted by relative consumer prices","Annual","1992","103.3683736934037","Units"
"Austria","Real effective exchange rate (REER), Index (2010=100) Adjusted by relative consumer prices","Annual","1993","106.0810949183672","Units"
"Austria","Real effective exchange rate (REER), Index (2010=100) Adjusted by relative consumer prices","Annual","1994","106.7549660652268","Units"
"Austria","Real effective exchange rate (REER), Index (2010=100) Adjusted by relative consumer prices","Annual","1995","110.823737403191","Units"
"Austria","Real effective exchange rate (REER), Index (2010=100) Adjusted by relative consumer prices","Annual","1996","108.2510771108212","Units"
"Austria","Real effective exchange rate (REER), Index (2010=100) Adjusted by relative consumer prices","Annual","1997","103.592523870547","Units"
"Austria","Real effective exchange rate (REER), Index (2010=100) Adjusted by relative consumer prices","Annual","1998","103.2100095084845","Units"
"Austria","Real effective exchange rate (REER), Index (2010=100) Adjusted by relative consumer prices","Annual","1999","101.417732891139","Units"
"Austria","Real effective exchange rate (REER), Index (2010=100) Adjusted by relative consumer prices","Annual","2000","98.26200132326308","Units"
"Austria","Real effective exchange rate (REER), Index (2010=100) Adjusted by relative consumer prices","Annual","2001","98.40838917696558","Units"
"Austria","Real effective exchange rate (REER), Index (2010=100) Adjusted by relative consumer prices","Annual","2002","99.217564146313","Units"
"Austria","Real effective exchange rate (REER), Index (2010=100) Adjusted by relative consumer prices","Annual","2003","102.7179574854396","Units"
"Austria","Real effective exchange rate (REER), Index (2010=100) Adjusted by relative consumer prices","Annual","2004","103.8102304085513","Units"
"Austria","Real effective exchange rate (REER), Index (2010=100) Adjusted by relative consumer prices","Annual","2005","102.7833435296729","Units"
"Austria","Real effective exchange rate (REER), Index (2010=100) Adjusted by relative consumer prices","Annual","2006","101.9112008424503","Units"
"Austria","Real effective exchange rate (REER), Index (2010=100) Adjusted by relative consumer prices","Annual","2007","102.4896486164569","Units"
"Austria","Real effective exchange rate (REER), Index (2010=100) Adjusted by relative consumer prices","Annual","2008","102.6319936353778","Units"
"Austria","Real effective exchange rate (REER), Index (2010=100) Adjusted by relative consumer prices","Annual","2009","103.4802922118438","Units"
"Austria","Real effective exchange rate (REER), Index (2010=100) Adjusted by relative consumer prices","Annual","2010","99.99999999999992","Units"
"Austria","Real effective exchange rate (REER), Index (2010=100) Adjusted by relative consumer prices","Annual","2011","100.2992088111058","Units"
"Austria","Real effective exchange rate (REER), Index (2010=100) Adjusted by relative consumer prices","Annual","2012","98.46808272788017","Units"
"Austria","Real effective exchange rate (REER), Index (2010=100) Adjusted by relative consumer prices","Annual","2013","100.5376315582143","Units"
"Austria","Real effective exchange rate (REER), Index (2010=100) Adjusted by relative consumer prices","Annual","2014","101.828244956461","Units"
"Austria","Real effective exchange rate (REER), Index (2010=100) Adjusted by relative consumer prices","Annual","2015","98.32290154761792","Units"
"Austria","Real effective exchange rate (REER), Index (2010=100) Adjusted by relative consumer prices","Annual","2016","99.87542816905625","Units"
"Austria","Real effective exchange rate (REER), Index (2010=100) Adjusted by relative consumer prices","Annual","2017","100.9990473712025","Units"
"Austria","Real effective exchange rate (REER), Index (2010=100) Adjusted by relative consumer prices","Annual","2018","102.8234646572268","Units"
"Austria","Real effective exchange rate (REER), Index (2010=100) Adjusted by relative consumer prices","Annual","2019","101.6914435019188","Units"
"Austria","Real effective exchange rate (REER), Index (2010=100) Adjusted by relative consumer prices","Annual","2020","103.630084795254","Units"
"Austria","Real effective exchange rate (REER), Index (2010=100) Adjusted by relative consumer prices","Annual","2021","103.9816995227132","Units"
"Austria","Real effective exchange rate (REER), Index (2010=100) Adjusted by relative consumer prices","Annual","2022","102.6923257827806","Units"
"Austria","Real effective exchange rate (REER), Index (2010=100) Adjusted by relative consumer prices","Annual","2023","106.5997208695271","Units"
"Austria","Real effective exchange rate (REER), Index (2010=100) Adjusted by relative consumer prices","Annual","2024","107.6052386529617","Units"
"Austria","Real effective exchange rate (REER), Index (2010=100) Adjusted by relative consumer prices","Annual","2025","109.9672336468836","Units"
"Bolivia","Real effective exchange rate (REER), Index (2010=100) Adjusted by relative consumer prices","Annual","1980","174.5705481489501","Units"
"Bolivia","Real effective exchange rate (REER), Index (2010=100) Adjusted by relative consumer prices","Annual","1981","222.3433973867932","Units"
"Bolivia","Real effective exchange rate (REER), Index (2010=100) Adjusted by relative consumer prices","Annual","1982","240.7357691349608","Units"
"Bolivia","Real effective exchange rate (REER), Index (2010=100) Adjusted by relative consumer prices","Annual","1983","225.1719495677061","Units"
"Bolivia","Real effective exchange rate (REER), Index (2010=100) Adjusted by relative consumer prices","Annual","1984","297.7606155248235","Units"
"Bolivia","Real effective exchange rate (REER), Index (2010=100) Adjusted by relative consumer prices","Annual","1985","505.1079949198173","Units"
"Bolivia","Real effective exchange rate (REER), Index (2010=100) Adjusted by relative consumer prices","Annual","1986","147.6153258478224","Units"
"Bolivia","Real effective exchange rate (REER), Index (2010=100) Adjusted by relative consumer prices","Annual","1987","139.9470860914731","Units"
"Bolivia","Real effective exchange rate (REER), Index (2010=100) Adjusted by relative consumer prices","Annual","1988","134.1983340469407","Units"
"Bolivia","Real effective exchange rate (REER), Index (2010=100) Adjusted by relative consumer prices","Annual","1989","129.5237028395675","Units"
"Bolivia","Real effective exchange rate (REER), Index (2010=100) Adjusted by relative consumer prices","Annual","1990","106.5858399122053","Units"
"Bolivia","Real effective exchange rate (REER), Index (2010=100) Adjusted by relative consumer prices","Annual","1991","110.7819400473171","Units"
"Bolivia","Real effective exchange rate (REER), Index (2010=100) Adjusted by relative consumer prices","Annual","1992","108.7691716046622","Units"
"Bolivia","Real effective exchange rate (REER), Index (2010=100) Adjusted by relative consumer prices","Annual","1993","107.5467379142732","Units"
"Bolivia","Real effective exchange rate (REER), Index (2010=100) Adjusted by relative consumer prices","Annual","1994","102.6717943406583","Units"
"Bolivia","Real effective exchange rate (REER), Index (2010=100) Adjusted by relative consumer prices","Annual","1995","99.8644651722435","Units"
"Bolivia","Real effective exchange rate (REER), Index (2010=100) Adjusted by relative consumer prices","Annual","1996","104.4722293644702","Units"
"Bolivia","Real effective exchange rate (REER), Index (2010=100) Adjusted by relative consumer prices","Annual","1997","106.7658937685857","Units"
"Bolivia","Real effective exchange rate (REER), Index (2010=100) Adjusted by relative consumer prices","Annual","1998","111.6466500427233","Units"
"Bolivia","Real effective exchange rate (REER), Index (2010=100) Adjusted by relative consumer prices","Annual","1999","114.9658758418474","Units"
"Bolivia","Real effective exchange rate (REER), Index (2010=100) Adjusted by relative consumer prices","Annual","2000","113.1159669937583","Units"
"Bolivia","Real effective exchange rate (REER), Index (2010=100) Adjusted by relative consumer prices","Annual","2001","111.1485298885172","Units"
"Bolivia","Real effective exchange rate (REER), Index (2010=100) Adjusted by relative consumer prices","Annual","2002","109.5337530771453","Units"
"Bolivia","Real effective exchange rate (REER), Index (2010=100) Adjusted by relative consumer prices","Annual","2003","98.59464027693267","Units"
"Bolivia","Real effective exchange rate (REER), Index (2010=100) Adjusted by relative consumer prices","Annual","2004","92.13084481827008","Units"
"Bolivia","Real effective exchange rate (REER), Index (2010=100) Adjusted by relative consumer prices","Annual","2005","87.03602570727967","Units"
"Bolivia","Real effective exchange rate (REER), Index (2010=100) Adjusted by relative consumer prices","Annual","2006","85.43223095047733","Units"
"Bolivia","Real effective exchange rate (REER), Index (2010=100) Adjusted by relative consumer prices","Annual","2007","86.6403208953385","Units"
"Bolivia","Real effective exchange rate (REER), Index (2010=100) Adjusted by relative consumer prices","Annual","2008","97.11998622988242","Units"
"Bolivia","Real effective exchange rate (REER), Index (2010=100) Adjusted by relative consumer prices","Annual","2009","105.7915500846795","Units"
"Bolivia","Real effective exchange rate (REER), Index (2010=100) Adjusted by relative consumer prices","Annual","2010","100","Units"
"Bolivia","Real effective exchange rate (REER), Index (2010=100) Adjusted by relative consumer prices","Annual","2011","102.4082074819473","Units"
"Bolivia","Real effective exchange rate (REER), Index (2010=100) Adjusted by relative consumer prices","Annual","2012","106.8157870220666","Units"
"Bolivia","Real effective exchange rate (REER), Index (2010=100) Adjusted by relative consumer prices","Annual","2013","112.363771268732","Units"
"Bolivia","Real effective exchange rate (REER), Index (2010=100) Adjusted by relative consumer prices","Annual","2014","120.1746839241177","Units"
"Bolivia","Real effective exchange rate (REER), Index (2010=100) Adjusted by relative consumer prices","Annual","2015","137.5454962141815","Units"
"Bolivia","Real effective exchange rate (REER), Index (2010=100) Adjusted by relative consumer prices","Annual","2016","143.3856221526138","Units"
"Bolivia","Real effective exchange rate (REER), Index (2010=100) Adjusted by relative consumer prices","Annual","2017","140.6941338157985","Units"
"Bolivia","Real effective exchange rate (REER), Index (2010=100) Adjusted by relative consumer prices","Annual","2018","144.0525139597012","Units"
"Bolivia","Real effective exchange rate (REER), Index (2010=100) Adjusted by relative consumer prices","Annual","2019","150.6354120373313","Units"
"Bolivia","Real effective exchange rate (REER), Index (2010=100) Adjusted by relative consumer prices","Annual","2020","158.9377412310915","Units"
"Bolivia","Real effective exchange rate (REER), Index (2010=100) Adjusted by relative consumer prices","Annual","2021","152.5264264500262","Units"
"Bolivia","Real effective exchange rate (REER), Index (2010=100) Adjusted by relative consumer prices","Annual","2022","151.1231980541259","Units"
"Bolivia","Real effective exchange rate (REER), Index (2010=100) Adjusted by relative consumer prices","Annual","2023","148.7292866245779","Units"
"Bolivia","Real effective exchange rate (REER), Index (2010=100) Adjusted by relative consumer prices","Annual","2024","156.5693777865545","Units"
"Bolivia","Real effective exchange rate (REER), Index (2010=100) Adjusted by relative consumer prices","Annual","2025","181.0771848508325","Units"
"St. Kitts and Nevis","Real effective exchange rate (REER), Index (2010=100) Adjusted by relative consumer prices","Annual","1979","102.2487288671492","Units"
"St. Kitts and Nevis","Real effective exchange rate (REER), Index (2010=100) Adjusted by relative consumer prices","Annual","1980","101.7756925133613","Units"
"St. Kitts and Nevis","Real effective exchange rate (REER), Index (2010=100) Adjusted by relative consumer prices","Annual","1981","105.1443706171922","Units"
"St. Kitts and Nevis","Real effective exchange rate (REER), Index (2010=100) Adjusted by relative consumer prices","Annual","1982","107.9993987906725","Units"
"St. Kitts and Nevis","Real effective exchange rate (REER), Index (2010=100) Adjusted by relative consumer prices","Annual","1983","109.1687988119407","Units"
"St. Kitts and Nevis","Real effective exchange rate (REER), Index (2010=100) Adjusted by relative consumer prices","Annual","1984","111.2485007538265","Units"
"St. Kitts and Nevis","Real effective exchange rate (REER), Index (2010=100) Adjusted by relative consumer prices","Annual","1985","110.8468731653604","Units"
"St. Kitts and Nevis","Real effective exchange rate (REER), Index (2010=100) Adjusted by relative consumer prices","Annual","1986","106.968481137997","Units"
"St. Kitts and Nevis","Real effective exchange rate (REER), Index (2010=100) Adjusted by relative consumer prices","Annual","1987","100.4020977143282","Units"
"St. Kitts and Nevis","Real effective exchange rate (REER), Index (2010=100) Adjusted by relative consumer prices","Annual","1988","95.15660526050875","Units"
"St. Kitts and Nevis","Real effective exchange rate (REER), Index (2010=100) Adjusted by relative consumer prices","Annual","1989","98.01201597423667","Units"
"St. Kitts and Nevis","Real effective exchange rate (REER), Index (2010=100) Adjusted by relative consumer prices","Annual","1990","94.26498587362217","Units"
"St. Kitts and Nevis","Real effective exchange rate (REER), Index (2010=100) Adjusted by relative consumer prices","Annual","1991","93.77672428739008","Units"
"St. Kitts and Nevis","Real effective exchange rate (REER), Index (2010=100) Adjusted by relative consumer prices","Annual","1992","92.43254030429358","Units"
"St. Kitts and Nevis","Real effective exchange rate (REER), Index (2010=100) Adjusted by relative consumer prices","Annual","1993","94.91469604303433","Units"
"St. Kitts and Nevis","Real effective exchange rate (REER), Index (2010=100) Adjusted by relative consumer prices","Annual","1994","94.06587510231517","Units"
"St. Kitts and Nevis","Real effective exchange rate (REER), Index (2010=100) Adjusted by relative consumer prices","Annual","1995","92.07525117065017","Units"
"St. Kitts and Nevis","Real effective exchange rate (REER), Index (2010=100) Adjusted by relative consumer prices","Annual","1996","92.16351472238925","Units"
"St. Kitts and Nevis","Real effective exchange rate (REER), Index (2010=100) Adjusted by relative consumer prices","Annual","1997","99.61736352937442","Units"
"St. Kitts and Nevis","Real effective exchange rate (REER), Index (2010=100) Adjusted by relative consumer prices","Annual","1998","102.6963203354372","Units"
"St. Kitts and Nevis","Real effective exchange rate (REER), Index (2010=100) Adjusted by relative consumer prices","Annual","1999","104.2180020735778","Units"
"St. Kitts and Nevis","Real effective exchange rate (REER), Index (2010=100) Adjusted by relative consumer prices","Annual","2000","106.3347653609373","Units"
"St. Kitts and Nevis","Real effective exchange rate (REER), Index (2010=100) Adjusted by relative consumer prices","Annual","2001","107.7414093216349","Units"
"St. Kitts and Nevis","Real effective exchange rate (REER), Index (2010=100) Adjusted by relative consumer prices","Annual","2002","107.185122979762","Units"
"St. Kitts and Nevis","Real effective exchange rate (REER), Index (2010=100) Adjusted by relative consumer prices","Annual","2003","102.9718689761919","Units"
"St. Kitts and Nevis","Real effective exchange rate (REER), Index (2010=100) Adjusted by relative consumer prices","Annual","2004","98.65676430341542","Units"
"St. Kitts and Nevis","Real effective exchange rate (REER), Index (2010=100) Adjusted by relative consumer prices","Annual","2005","96.00396201488358","Units"
"St. Kitts and Nevis","Real effective exchange rate (REER), Index (2010=100) Adjusted by relative consumer prices","Annual","2006","100.0441095803301","Units"
"St. Kitts and Nevis","Real effective exchange rate (REER), Index (2010=100) Adjusted by relative consumer prices","Annual","2007","98.68513753365317","Units"
"St. Kitts and Nevis","Real effective exchange rate (REER), Index (2010=100) Adjusted by relative consumer prices","Annual","2008","97.47452558747433","Units"
"St. Kitts and Nevis","Real effective exchange rate (REER), Index (2010=100) Adjusted by relative consumer prices","Annual","2009","101.7117551915358","Units"
"St. Kitts and Nevis","Real effective exchange rate (REER), Index (2010=100) Adjusted by relative consumer prices","Annual","2010","100","Units"
"St. Kitts and Nevis","Real effective exchange rate (REER), Index (2010=100) Adjusted by relative consumer prices","Annual","2011","100.3837620709956","Units"
"St. Kitts and Nevis","Real effective exchange rate (REER), Index (2010=100) Adjusted by relative consumer prices","Annual","2012","101.0442680898487","Units"
"St. Kitts and Nevis","Real effective exchange rate (REER), Index (2010=100) Adjusted by relative consumer prices","Annual","2013","100.4102944926322","Units"
"St. Kitts and Nevis","Real effective exchange rate (REER), Index (2010=100) Adjusted by relative consumer prices","Annual","2014","99.84233423641517","Units"
"St. Kitts and Nevis","Real effective exchange rate (REER), Index (2010=100) Adjusted by relative consumer prices","Annual","2015","103.3779160024602","Units"
"St. Kitts and Nevis","Real effective exchange rate (REER), Index (2010=100) Adjusted by relative consumer prices","Annual","2016","103.698894924014","Units"
"St. Kitts and Nevis","Real effective exchange rate (REER), Index (2010=100) Adjusted by relative consumer prices","Annual","2017","102.2276030000932","Units"
"St. Kitts and Nevis","Real effective exchange rate (REER), Index (2010=100) Adjusted by relative consumer prices","Annual","2018","98.46927320501842","Units"
"St. Kitts and Nevis","Real effective exchange rate (REER), Index (2010=100) Adjusted by relative consumer prices","Annual","2019","98.3172254665845","Units"
"St. Kitts and Nevis","Real effective exchange rate (REER), Index (2010=100) Adjusted by relative consumer prices","Annual","2020","97.29307316346625","Units"
"St. Kitts and Nevis","Real effective exchange rate (REER), Index (2010=100) Adjusted by relative consumer prices","Annual","2021","94.28919548444283","Units"
"St. Kitts and Nevis","Real effective exchange rate (REER), Index (2010=100) Adjusted by relative consumer prices","Annual","2022","92.94579143575958","Units"
"St. Kitts and Nevis","Real effective exchange rate (REER), Index (2010=100) Adjusted by relative consumer prices","Annual","2023","92.3037208693725","Units"
"St. Kitts and Nevis","Real effective exchange rate (REER), Index (2010=100) Adjusted by relative consumer prices","Annual","2024","91.00252921357733","Units"
"St. Kitts and Nevis","Real effective exchange rate (REER), Index (2010=100) Adjusted by relative consumer prices","Annual","2025","90.41838033672283","Units"
"Czech Republic","Real effective exchange rate (REER), Index (2010=100) Adjusted by relative consumer prices","Annual","1990","47.05218777975533","Units"
"Czech Republic","Real effective exchange rate (REER), Index (2010=100) Adjusted by relative consumer prices","Annual","1991","43.11325451294925","Units"
"Czech Republic","Real effective exchange rate (REER), Index (2010=100) Adjusted by relative consumer prices","Annual","1992","45.09218128731745","Units"
"Czech Republic","Real effective exchange rate (REER), Index (2010=100) Adjusted by relative consumer prices","Annual","1993","52.21796765038698","Units"
"Czech Republic","Real effective exchange rate (REER), Index (2010=100) Adjusted by relative consumer prices","Annual","1994","55.22394332903999","Units"
"Czech Republic","Real effective exchange rate (REER), Index (2010=100) Adjusted by relative consumer prices","Annual","1995","57.00600937483138","Units"
"Czech Republic","Real effective exchange rate (REER), Index (2010=100) Adjusted by relative consumer prices","Annual","1996","60.6561891209427","Units"
"Czech Republic","Real effective exchange rate (REER), Index (2010=100) Adjusted by relative consumer prices","Annual","1997","61.58350243253275","Units"
"Czech Republic","Real effective exchange rate (REER), Index (2010=100) Adjusted by relative consumer prices","Annual","1998","67.17069399666477","Units"
"Czech Republic","Real effective exchange rate (REER), Index (2010=100) Adjusted by relative consumer prices","Annual","1999","66.00020053511652","Units"
"Czech Republic","Real effective exchange rate (REER), Index (2010=100) Adjusted by relative consumer prices","Annual","2000","67.04727898642678","Units"
"Czech Republic","Real effective exchange rate (REER), Index (2010=100) Adjusted by relative consumer prices","Annual","2001","71.23455100087522","Units"
"Czech Republic","Real effective exchange rate (REER), Index (2010=100) Adjusted by relative consumer prices","Annual","2002","79.43236959341788","Units"
"Czech Republic","Real effective exchange rate (REER), Index (2010=100) Adjusted by relative consumer prices","Annual","2003","78.03524425354063","Units"
"Czech Republic","Real effective exchange rate (REER), Index (2010=100) Adjusted by relative consumer prices","Annual","2004","78.79462146550629","Units"
"Czech Republic","Real effective exchange rate (REER), Index (2010=100) Adjusted by relative consumer prices","Annual","2005","83.16677812308939","Units"
"Czech Republic","Real effective exchange rate (REER), Index (2010=100) Adjusted by relative consumer prices","Annual","2006","87.618119578407","Units"
"Czech Republic","Real effective exchange rate (REER), Index (2010=100) Adjusted by relative consumer prices","Annual","2007","90.03543001535867","Units"
"Czech Republic","Real effective exchange rate (REER), Index (2010=100) Adjusted by relative consumer prices","Annual","2008","103.5031305683725","Units"
"Czech Republic","Real effective exchange rate (REER), Index (2010=100) Adjusted by relative consumer prices","Annual","2009","99.33456430881225","Units"
"Czech Republic","Real effective exchange rate (REER), Index (2010=100) Adjusted by relative consumer prices","Annual","2010","100","Units"
"Czech Republic","Real effective exchange rate (REER), Index (2010=100) Adjusted by relative consumer prices","Annual","2011","101.8683759895988","Units"
"Czech Republic","Real effective exchange rate (REER), Index (2010=100) Adjusted by relative consumer prices","Annual","2012","98.41178889085392","Units"
"Czech Republic","Real effective exchange rate (REER), Index (2010=100) Adjusted by relative consumer prices","Annual","2013","96.43910751471117","Units"
"Czech Republic","Real effective exchange rate (REER), Index (2010=100) Adjusted by relative consumer prices","Annual","2014","90.85552192498442","Units"
"Czech Republic","Real effective exchange rate (REER), Index (2010=100) Adjusted by relative consumer prices","Annual","2015","88.60895933525183","Units"
"Czech Republic","Real effective exchange rate (REER), Index (2010=100) Adjusted by relative consumer prices","Annual","2016","90.96217246708217","Units"
"Czech Republic","Real effective exchange rate (REER), Index (2010=100) Adjusted by relative consumer prices","Annual","2017","94.86797608294533","Units"
"Czech Republic","Real effective exchange rate (REER), Index (2010=100) Adjusted by relative consumer prices","Annual","2018","99.24622485503767","Units"
"Czech Republic","Real effective exchange rate (REER), Index (2010=100) Adjusted by relative consumer prices","Annual","2019","99.58886504384733","Units"
"Czech Republic","Real effective exchange rate (REER), Index (2010=100) Adjusted by relative consumer prices","Annual","2020","100.2419924945672","Units"
"Czech Republic","Real effective exchange rate (REER), Index (2010=100) Adjusted by relative consumer prices","Annual","2021","104.8747493154593","Units"
"Czech Republic","Real effective exchange rate (REER), Index (2010=100) Adjusted by relative consumer prices","Annual","2022","115.2639019464818","Units"
"Czech Republic","Real effective exchange rate (REER), Index (2010=100) Adjusted by relative consumer prices","Annual","2023","125.8643862986254","Units"
"Czech Republic","Real effective exchange rate (REER), Index (2010=100) Adjusted by relative consumer prices","Annual","2024","120.333735544138","Units"
"Czech Republic","Real effective exchange rate (REER), Index (2010=100) Adjusted by relative consumer prices","Annual","2025","123.6329203939998","Units"
"Japan","Real effective exchange rate (REER), Index (2010=100) Adjusted by relative consumer prices","Annual","1980","73.62952897120153","Units"
"Japan","Real effective exchange rate (REER), Index (2010=100) Adjusted by relative consumer prices","Annual","1981","78.92946559418719","Units"
"Japan","Real effective exchange rate (REER), Index (2010=100) Adjusted by relative consumer prices","Annual","1982","71.52960347935082","Units"
"Japan","Real effective exchange rate (REER), Index (2010=100) Adjusted by relative consumer prices","Annual","1983","77.43824777172022","Units"
"Japan","Real effective exchange rate (REER), Index (2010=100) Adjusted by relative consumer prices","Annual","1984","80.92502410303574","Units"
"Japan","Real effective exchange rate (REER), Index (2010=100) Adjusted by relative consumer prices","Annual","1985","82.52142245516406","Units"
"Japan","Real effective exchange rate (REER), Index (2010=100) Adjusted by relative consumer prices","Annual","1986","105.574523049599","Units"
"Japan","Real effective exchange rate (REER), Index (2010=100) Adjusted by relative consumer prices","Annual","1987","111.3113433621511","Units"
"Japan","Real effective exchange rate (REER), Index (2010=100) Adjusted by relative consumer prices","Annual","1988","118.4296761467208","Units"
"Japan","Real effective exchange rate (REER), Index (2010=100) Adjusted by relative consumer prices","Annual","1989","108.7159378466039","Units"
"Japan","Real effective exchange rate (REER), Index (2010=100) Adjusted by relative consumer prices","Annual","1990","97.17599550116925","Units"
"Japan","Real effective exchange rate (REER), Index (2010=100) Adjusted by relative consumer prices","Annual","1991","103.7368051039966","Units"
"Japan","Real effective exchange rate (REER), Index (2010=100) Adjusted by relative consumer prices","Annual","1992","106.5784603537906","Units"
"Japan","Real effective exchange rate (REER), Index (2010=100) Adjusted by relative consumer prices","Annual","1993","124.6234751346992","Units"
"Japan","Real effective exchange rate (REER), Index (2010=100) Adjusted by relative consumer prices","Annual","1994","132.6926026402634","Units"
"Japan","Real effective exchange rate (REER), Index (2010=100) Adjusted by relative consumer prices","Annual","1995","134.8270060527638","Units"
"Japan","Real effective exchange rate (REER), Index (2010=100) Adjusted by relative consumer prices","Annual","1996","113.3400672099358","Units"
"Japan","Real effective exchange rate (REER), Index (2010=100) Adjusted by relative consumer prices","Annual","1997","106.5981217766025","Units"
"Japan","Real effective exchange rate (REER), Index (2010=100) Adjusted by relative consumer prices","Annual","1998","106.4635117017043","Units"
"Japan","Real effective exchange rate (REER), Index (2010=100) Adjusted by relative consumer prices","Annual","1999","118.3131014373632","Units"
"Japan","Real effective exchange rate (REER), Index (2010=100) Adjusted by relative consumer prices","Annual","2000","124.7767405167981","Units"
"Japan","Real effective exchange rate (REER), Index (2010=100) Adjusted by relative consumer prices","Annual","2001","110.9965071012245","Units"
"Japan","Real effective exchange rate (REER), Index (2010=100) Adjusted by relative consumer prices","Annual","2002","103.5128142035871","Units"
"Japan","Real effective exchange rate (REER), Index (2010=100) Adjusted by relative consumer prices","Annual","2003","104.6596551102648","Units"
"Japan","Real effective exchange rate (REER), Index (2010=100) Adjusted by relative consumer prices","Annual","2004","105.861555777626","Units"
"Japan","Real effective exchange rate (REER), Index (2010=100) Adjusted by relative consumer prices","Annual","2005","99.28898415259842","Units"
"Japan","Real effective exchange rate (REER), Index (2010=100) Adjusted by relative consumer prices","Annual","2006","89.85534478587992","Units"
"Japan","Real effective exchange rate (REER), Index (2010=100) Adjusted by relative consumer prices","Annual","2007","82.36697321196092","Units"
"Japan","Real effective exchange rate (REER), Index (2010=100) Adjusted by relative consumer prices","Annual","2008","88.46038410865758","Units"
"Japan","Real effective exchange rate (REER), Index (2010=100) Adjusted by relative consumer prices","Annual","2009","99.33750409096508","Units"
"Japan","Real effective exchange rate (REER), Index (2010=100) Adjusted by relative consumer prices","Annual","2010","100","Units"
"Japan","Real effective exchange rate (REER), Index (2010=100) Adjusted by relative consumer prices","Annual","2011","101.237607083099","Units"
"Japan","Real effective exchange rate (REER), Index (2010=100) Adjusted by relative consumer prices","Annual","2012","100.0108806644557","Units"
"Japan","Real effective exchange rate (REER), Index (2010=100) Adjusted by relative consumer prices","Annual","2013","79.66134010116066","Units"
"Japan","Real effective exchange rate (REER), Index (2010=100) Adjusted by relative consumer prices","Annual","2014","74.54618645149128","Units"
"Japan","Real effective exchange rate (REER), Index (2010=100) Adjusted by relative consumer prices","Annual","2015","69.27686622616767","Units"
"Japan","Real effective exchange rate (REER), Index (2010=100) Adjusted by relative consumer prices","Annual","2016","78.77491074773388","Units"
"Japan","Real effective exchange rate (REER), Index (2010=100) Adjusted by relative consumer prices","Annual","2017","75.0381986789678","Units"
"Japan","Real effective exchange rate (REER), Index (2010=100) Adjusted by relative consumer prices","Annual","2018","74.33092890208208","Units"
"Japan","Real effective exchange rate (REER), Index (2010=100) Adjusted by relative consumer prices","Annual","2019","76.41870630978761","Units"
"Japan","Real effective exchange rate (REER), Index (2010=100) Adjusted by relative consumer prices","Annual","2020","77.09536714271888","Units"
"Japan","Real effective exchange rate (REER), Index (2010=100) Adjusted by relative consumer prices","Annual","2021","70.54265963471311","Units"
"Japan","Real effective exchange rate (REER), Index (2010=100) Adjusted by relative consumer prices","Annual","2022","60.87518707188817","Units"
"Japan","Real effective exchange rate (REER), Index (2010=100) Adjusted by relative consumer prices","Annual","2023","57.98066157586461","Units"
"Japan","Real effective exchange rate (REER), Index (2010=100) Adjusted by relative consumer prices","Annual","2024","54.92061083437652","Units"
"Japan","Real effective exchange rate (REER), Index (2010=100) Adjusted by relative consumer prices","Annual","2025","55.98461607495429","Units"
"Trinidad and Tobago","Real effective exchange rate (REER), Index (2010=100) Adjusted by relative consumer prices","Annual","1979","76.54928446190738","Units"
"Trinidad and Tobago","Real effective exchange rate (REER), Index (2010=100) Adjusted by relative consumer prices","Annual","1980","78.52640614769322","Units"
"Trinidad and Tobago","Real effective exchange rate (REER), Index (2010=100) Adjusted by relative consumer prices","Annual","1981","86.42768739380158","Units"
"Trinidad and Tobago","Real effective exchange rate (REER), Index (2010=100) Adjusted by relative consumer prices","Annual","1982","95.791493748597","Units"
"Trinidad and Tobago","Real effective exchange rate (REER), Index (2010=100) Adjusted by relative consumer prices","Annual","1983","109.7247587081792","Units"
"Trinidad and Tobago","Real effective exchange rate (REER), Index (2010=100) Adjusted by relative consumer prices","Annual","1984","125.9753528458945","Units"
"Trinidad and Tobago","Real effective exchange rate (REER), Index (2010=100) Adjusted by relative consumer prices","Annual","1985","131.7253672462715","Units"
"Trinidad and Tobago","Real effective exchange rate (REER), Index (2010=100) Adjusted by relative consumer prices","Annual","1986","91.12876709754492","Units"
"Trinidad and Tobago","Real effective exchange rate (REER), Index (2010=100) Adjusted by relative consumer prices","Annual","1987","84.450346650246","Units"
"Trinidad and Tobago","Real effective exchange rate (REER), Index (2010=100) Adjusted by relative consumer prices","Annual","1988","79.82539435621158","Units"
"Trinidad and Tobago","Real effective exchange rate (REER), Index (2010=100) Adjusted by relative consumer prices","Annual","1989","79.00735277399168","Units"
"Trinidad and Tobago","Real effective exchange rate (REER), Index (2010=100) Adjusted by relative consumer prices","Annual","1990","80.96030576601808","Units"
"Trinidad and Tobago","Real effective exchange rate (REER), Index (2010=100) Adjusted by relative consumer prices","Annual","1991","80.99946118147305","Units"
"Trinidad and Tobago","Real effective exchange rate (REER), Index (2010=100) Adjusted by relative consumer prices","Annual","1992","82.70651977641055","Units"
"Trinidad and Tobago","Real effective exchange rate (REER), Index (2010=100) Adjusted by relative consumer prices","Annual","1993","74.64846723497588","Units"
"Trinidad and Tobago","Real effective exchange rate (REER), Index (2010=100) Adjusted by relative consumer prices","Annual","1994","69.55468906941802","Units"
"Trinidad and Tobago","Real effective exchange rate (REER), Index (2010=100) Adjusted by relative consumer prices","Annual","1995","67.97140607183717","Units"
"Trinidad and Tobago","Real effective exchange rate (REER), Index (2010=100) Adjusted by relative consumer prices","Annual","1996","68.64392988817571","Units"
"Trinidad and Tobago","Real effective exchange rate (REER), Index (2010=100) Adjusted by relative consumer prices","Annual","1997","67.16837259965124","Units"
"Trinidad and Tobago","Real effective exchange rate (REER), Index (2010=100) Adjusted by relative consumer prices","Annual","1998","69.79634001768691","Units"
"Trinidad and Tobago","Real effective exchange rate (REER), Index (2010=100) Adjusted by relative consumer prices","Annual","1999","70.9455528188034","Units"
"Trinidad and Tobago","Real effective exchange rate (REER), Index (2010=100) Adjusted by relative consumer prices","Annual","2000","72.54154710822322","Units"
"Trinidad and Tobago","Real effective exchange rate (REER), Index (2010=100) Adjusted by relative consumer prices","Annual","2001","76.6544572482459","Units"
"Trinidad and Tobago","Real effective exchange rate (REER), Index (2010=100) Adjusted by relative consumer prices","Annual","2002","78.59840210859735","Units"
"Trinidad and Tobago","Real effective exchange rate (REER), Index (2010=100) Adjusted by relative consumer prices","Annual","2003","77.26719169584157","Units"
"Trinidad and Tobago","Real effective exchange rate (REER), Index (2010=100) Adjusted by relative consumer prices","Annual","2004","75.88644111432952","Units"
"Trinidad and Tobago","Real effective exchange rate (REER), Index (2010=100) Adjusted by relative consumer prices","Annual","2005","77.18383684597516","Units"
"Trinidad and Tobago","Real effective exchange rate (REER), Index (2010=100) Adjusted by relative consumer prices","Annual","2006","80.32178663604114","Units"
"Trinidad and Tobago","Real effective exchange rate (REER), Index (2010=100) Adjusted by relative consumer prices","Annual","2007","81.80015290816854","Units"
"Trinidad and Tobago","Real effective exchange rate (REER), Index (2010=100) Adjusted by relative consumer prices","Annual","2008","86.67182943859283","Units"
"Trinidad and Tobago","Real effective exchange rate (REER), Index (2010=100) Adjusted by relative consumer prices","Annual","2009","94.68736035987667","Units"
"Trinidad and Tobago","Real effective exchange rate (REER), Index (2010=100) Adjusted by relative consumer prices","Annual","2010","99.99999999999992","Units"
"Trinidad and Tobago","Real effective exchange rate (REER), Index (2010=100) Adjusted by relative consumer prices","Annual","2011","98.78997845777892","Units"
"Trinidad and Tobago","Real effective exchange rate (REER), Index (2010=100) Adjusted by relative consumer prices","Annual","2012","107.4298930164082","Units"
"Trinidad and Tobago","Real effective exchange rate (REER), Index (2010=100) Adjusted by relative consumer prices","Annual","2013","111.2899499657532","Units"
"Trinidad and Tobago","Real effective exchange rate (REER), Index (2010=100) Adjusted by relative consumer prices","Annual","2014","117.2792509379355","Units"
"Trinidad and Tobago","Real effective exchange rate (REER), Index (2010=100) Adjusted by relative consumer prices","Annual","2015","131.0429990088632","Units"
"Trinidad and Tobago","Real effective exchange rate (REER), Index (2010=100) Adjusted by relative consumer prices","Annual","2016","129.3045199147714","Units"
"Trinidad and Tobago","Real effective exchange rate (REER), Index (2010=100) Adjusted by relative consumer prices","Annual","2017","126.4561171432198","Units"
"Trinidad and Tobago","Real effective exchange rate (REER), Index (2010=100) Adjusted by relative consumer prices","Annual","2018","124.6297996446688","Units"
"Trinidad and Tobago","Real effective exchange rate (REER), Index (2010=100) Adjusted by relative consumer prices","Annual","2019","126.7161032688554","Units"
"Trinidad and Tobago","Real effective exchange rate (REER), Index (2010=100) Adjusted by relative consumer prices","Annual","2020","127.9172157156412","Units"
"Trinidad and Tobago","Real effective exchange rate (REER), Index (2010=100) Adjusted by relative consumer prices","Annual","2021","123.8835179350032","Units"
"Trinidad and Tobago","Real effective exchange rate (REER), Index (2010=100) Adjusted by relative consumer prices","Annual","2022","128.5010600628931","Units"
"Trinidad and Tobago","Real effective exchange rate (REER), Index (2010=100) Adjusted by relative consumer prices","Annual","2023","129.66275115453","Units"
"Trinidad and Tobago","Real effective exchange rate (REER), Index (2010=100) Adjusted by relative consumer prices","Annual","2024","128.34717926698","Units"
"Trinidad and Tobago","Real effective exchange rate (REER), Index (2010=100) Adjusted by relative consumer prices","Annual","2025","126.0654898010375","Units"
"Finland","Real effective exchange rate (REER), Index (2010=100) Adjusted by relative consumer prices","Annual","1979","112.6241826459048","Units"
"Finland","Real effective exchange rate (REER), Index (2010=100) Adjusted by relative consumer prices","Annual","1980","116.6353242001401","Units"
"Finland","Real effective exchange rate (REER), Index (2010=100) Adjusted by relative consumer prices","Annual","1981","119.8720695447138","Units"
"Finland","Real effective exchange rate (REER), Index (2010=100) Adjusted by relative consumer prices","Annual","1982","123.3294258346932","Units"
"Finland","Real effective exchange rate (REER), Index (2010=100) Adjusted by relative consumer prices","Annual","1983","119.6690638864202","Units"
"Finland","Real effective exchange rate (REER), Index (2010=100) Adjusted by relative consumer prices","Annual","1984","123.657903234766","Units"
"Finland","Real effective exchange rate (REER), Index (2010=100) Adjusted by relative consumer prices","Annual","1985","124.5650823502575","Units"
"Finland","Real effective exchange rate (REER), Index (2010=100) Adjusted by relative consumer prices","Annual","1986","123.7591535433995","Units"
"Finland","Real effective exchange rate (REER), Index (2010=100) Adjusted by relative consumer prices","Annual","1987","126.863327907379","Units"
"Finland","Real effective exchange rate (REER), Index (2010=100) Adjusted by relative consumer prices","Annual","1988","131.291250590282","Units"
"Finland","Real effective exchange rate (REER), Index (2010=100) Adjusted by relative consumer prices","Annual","1989","138.4087111021431","Units"
"Finland","Real effective exchange rate (REER), Index (2010=100) Adjusted by relative consumer prices","Annual","1990","142.2012876155438","Units"
"Finland","Real effective exchange rate (REER), Index (2010=100) Adjusted by relative consumer prices","Annual","1991","135.3321860782435","Units"
"Finland","Real effective exchange rate (REER), Index (2010=100) Adjusted by relative consumer prices","Annual","1992","117.4201150483558","Units"
"Finland","Real effective exchange rate (REER), Index (2010=100) Adjusted by relative consumer prices","Annual","1993","99.90221185374883","Units"
"Finland","Real effective exchange rate (REER), Index (2010=100) Adjusted by relative consumer prices","Annual","1994","106.3837172699335","Units"
"Finland","Real effective exchange rate (REER), Index (2010=100) Adjusted by relative consumer prices","Annual","1995","115.8570210374513","Units"
"Finland","Real effective exchange rate (REER), Index (2010=100) Adjusted by relative consumer prices","Annual","1996","110.5560982167279","Units"
"Finland","Real effective exchange rate (REER), Index (2010=100) Adjusted by relative consumer prices","Annual","1997","105.6490775277901","Units"
"Finland","Real effective exchange rate (REER), Index (2010=100) Adjusted by relative consumer prices","Annual","1998","106.223852744579","Units"
"Finland","Real effective exchange rate (REER), Index (2010=100) Adjusted by relative consumer prices","Annual","1999","105.2755362601498","Units"
"Finland","Real effective exchange rate (REER), Index (2010=100) Adjusted by relative consumer prices","Annual","2000","99.89611098213608","Units"
"Finland","Real effective exchange rate (REER), Index (2010=100) Adjusted by relative consumer prices","Annual","2001","100.5418341355903","Units"
"Finland","Real effective exchange rate (REER), Index (2010=100) Adjusted by relative consumer prices","Annual","2002","101.9902427807068","Units"
"Finland","Real effective exchange rate (REER), Index (2010=100) Adjusted by relative consumer prices","Annual","2003","106.9660276353254","Units"
"Finland","Real effective exchange rate (REER), Index (2010=100) Adjusted by relative consumer prices","Annual","2004","106.8657967555351","Units"
"Finland","Real effective exchange rate (REER), Index (2010=100) Adjusted by relative consumer prices","Annual","2005","103.7128904659369","Units"
"Finland","Real effective exchange rate (REER), Index (2010=100) Adjusted by relative consumer prices","Annual","2006","102.3421024395988","Units"
"Finland","Real effective exchange rate (REER), Index (2010=100) Adjusted by relative consumer prices","Annual","2007","103.8367543821944","Units"
"Finland","Real effective exchange rate (REER), Index (2010=100) Adjusted by relative consumer prices","Annual","2008","105.5357778382763","Units"
"Finland","Real effective exchange rate (REER), Index (2010=100) Adjusted by relative consumer prices","Annual","2009","106.5571649541322","Units"
"Finland","Real effective exchange rate (REER), Index (2010=100) Adjusted by relative consumer prices","Annual","2010","100","Units"
"Finland","Real effective exchange rate (REER), Index (2010=100) Adjusted by relative consumer prices","Annual","2011","99.87625427078958","Units"
"Finland","Real effective exchange rate (REER), Index (2010=100) Adjusted by relative consumer prices","Annual","2012","97.10255955665175","Units"
"Finland","Real effective exchange rate (REER), Index (2010=100) Adjusted by relative consumer prices","Annual","2013","99.06957752893167","Units"
"Finland","Real effective exchange rate (REER), Index (2010=100) Adjusted by relative consumer prices","Annual","2014","100.5675169108111","Units"
"Finland","Real effective exchange rate (REER), Index (2010=100) Adjusted by relative consumer prices","Annual","2015","96.08777309082","Units"
"Finland","Real effective exchange rate (REER), Index (2010=100) Adjusted by relative consumer prices","Annual","2016","97.3737980439155","Units"
"Finland","Real effective exchange rate (REER), Index (2010=100) Adjusted by relative consumer prices","Annual","2017","96.78445926218725","Units"
"Finland","Real effective exchange rate (REER), Index (2010=100) Adjusted by relative consumer prices","Annual","2018","98.59735781855733","Units"
"Finland","Real effective exchange rate (REER), Index (2010=100) Adjusted by relative consumer prices","Annual","2019","96.93492959452308","Units"
"Finland","Real effective exchange rate (REER), Index (2010=100) Adjusted by relative consumer prices","Annual","2020","98.19119901082992","Units"
"Finland","Real effective exchange rate (REER), Index (2010=100) Adjusted by relative consumer prices","Annual","2021","97.79591255718717","Units"
"Finland","Real effective exchange rate (REER), Index (2010=100) Adjusted by relative consumer prices","Annual","2022","94.53543376861792","Units"
"Finland","Real effective exchange rate (REER), Index (2010=100) Adjusted by relative consumer prices","Annual","2023","99.05020303852642","Units"
"Finland","Real effective exchange rate (REER), Index (2010=100) Adjusted by relative consumer prices","Annual","2024","98.74285341889542","Units"
"Finland","Real effective exchange rate (REER), Index (2010=100) Adjusted by relative consumer prices","Annual","2025","97.59206330576433","Units"
"Slovak Republic","Real effective exchange rate (REER), Index (2010=100) Adjusted by relative consumer prices","Annual","1990","45.91025013314814","Units"
"Slovak Republic","Real effective exchange rate (REER), Index (2010=100) Adjusted by relative consumer prices","Annual","1991","44.38846402816162","Units"
"Slovak Republic","Real effective exchange rate (REER), Index (2010=100) Adjusted by relative consumer prices","Annual","1992","44.9826053265159","Units"
"Slovak Republic","Real effective exchange rate (REER), Index (2010=100) Adjusted by relative consumer prices","Annual","1993","47.5670011426609","Units"
"Slovak Republic","Real effective exchange rate (REER), Index (2010=100) Adjusted by relative consumer prices","Annual","1994","48.00377113476518","Units"
"Slovak Republic","Real effective exchange rate (REER), Index (2010=100) Adjusted by relative consumer prices","Annual","1995","49.34225382942648","Units"
"Slovak Republic","Real effective exchange rate (REER), Index (2010=100) Adjusted by relative consumer prices","Annual","1996","50.03925342090894","Units"
"Slovak Republic","Real effective exchange rate (REER), Index (2010=100) Adjusted by relative consumer prices","Annual","1997","52.91211241558518","Units"
"Slovak Republic","Real effective exchange rate (REER), Index (2010=100) Adjusted by relative consumer prices","Annual","1998","53.69542298775897","Units"
"Slovak Republic","Real effective exchange rate (REER), Index (2010=100) Adjusted by relative consumer prices","Annual","1999","52.2811904332843","Units"
"Slovak Republic","Real effective exchange rate (REER), Index (2010=100) Adjusted by relative consumer prices","Annual","2000","57.55407092530566","Units"
"Slovak Republic","Real effective exchange rate (REER), Index (2010=100) Adjusted by relative consumer prices","Annual","2001","58.64867970778248","Units"
"Slovak Republic","Real effective exchange rate (REER), Index (2010=100) Adjusted by relative consumer prices","Annual","2002","60.15355035267102","Units"
"Slovak Republic","Real effective exchange rate (REER), Index (2010=100) Adjusted by relative consumer prices","Annual","2003","68.29785840182668","Units"
"Slovak Republic","Real effective exchange rate (REER), Index (2010=100) Adjusted by relative consumer prices","Annual","2004","74.79329248916355","Units"
"Slovak Republic","Real effective exchange rate (REER), Index (2010=100) Adjusted by relative consumer prices","Annual","2005","76.68171380155782","Units"
"Slovak Republic","Real effective exchange rate (REER), Index (2010=100) Adjusted by relative consumer prices","Annual","2006","81.07312773544888","Units"
"Slovak Republic","Real effective exchange rate (REER), Index (2010=100) Adjusted by relative consumer prices","Annual","2007","89.6126520462615","Units"
"Slovak Republic","Real effective exchange rate (REER), Index (2010=100) Adjusted by relative consumer prices","Annual","2008","97.61838895222675","Units"
"Slovak Republic","Real effective exchange rate (REER), Index (2010=100) Adjusted by relative consumer prices","Annual","2009","104.7774073912253","Units"
"Slovak Republic","Real effective exchange rate (REER), Index (2010=100) Adjusted by relative consumer prices","Annual","2010","100","Units"
"Slovak Republic","Real effective exchange rate (REER), Index (2010=100) Adjusted by relative consumer prices","Annual","2011","100.8861252570135","Units"
"Slovak Republic","Real effective exchange rate (REER), Index (2010=100) Adjusted by relative consumer prices","Annual","2012","100.1084532192853","Units"
"Slovak Republic","Real effective exchange rate (REER), Index (2010=100) Adjusted by relative consumer prices","Annual","2013","101.3578071944176","Units"
"Slovak Republic","Real effective exchange rate (REER), Index (2010=100) Adjusted by relative consumer prices","Annual","2014","101.2974819570384","Units"
"Slovak Republic","Real effective exchange rate (REER), Index (2010=100) Adjusted by relative consumer prices","Annual","2015","97.51732318765367","Units"
"Slovak Republic","Real effective exchange rate (REER), Index (2010=100) Adjusted by relative consumer prices","Annual","2016","98.156473398408","Units"
"Slovak Republic","Real effective exchange rate (REER), Index (2010=100) Adjusted by relative consumer prices","Annual","2017","98.33125549104217","Units"
"Slovak Republic","Real effective exchange rate (REER), Index (2010=100) Adjusted by relative consumer prices","Annual","2018","100.4974796590279","Units"
"Slovak Republic","Real effective exchange rate (REER), Index (2010=100) Adjusted by relative consumer prices","Annual","2019","100.7241832084611","Units"
"Slovak Republic","Real effective exchange rate (REER), Index (2010=100) Adjusted by relative consumer prices","Annual","2020","103.0463109167888","Units"
"Slovak Republic","Real effective exchange rate (REER), Index (2010=100) Adjusted by relative consumer prices","Annual","2021","103.6248691123402","Units"
"Slovak Republic","Real effective exchange rate (REER), Index (2010=100) Adjusted by relative consumer prices","Annual","2022","106.226019319008","Units"
"Slovak Republic","Real effective exchange rate (REER), Index (2010=100) Adjusted by relative consumer prices","Annual","2023","113.1821713966628","Units"
"Slovak Republic","Real effective exchange rate (REER), Index (2010=100) Adjusted by relative consumer prices","Annual","2024","113.7679500786829","Units"
"Slovak Republic","Real effective exchange rate (REER), Index (2010=100) Adjusted by relative consumer prices","Annual","2025","116.2785697520994","Units"
"Chile","Real effective exchange rate (REER), Index (2010=100) Adjusted by relative consumer prices","Annual","1980","163.7646216477822","Units"
"Chile","Real effective exchange rate (REER), Index (2010=100) Adjusted by relative consumer prices","Annual","1981","194.1366717033978","Units"
"Chile","Real effective exchange rate (REER), Index (2010=100) Adjusted by relative consumer prices","Annual","1982","175.0872532732603","Units"
"Chile","Real effective exchange rate (REER), Index (2010=100) Adjusted by relative consumer prices","Annual","1983","143.3920452982697","Units"
"Chile","Real effective exchange rate (REER), Index (2010=100) Adjusted by relative consumer prices","Annual","1984","142.2221971535242","Units"
"Chile","Real effective exchange rate (REER), Index (2010=100) Adjusted by relative consumer prices","Annual","1985","120.3345652715578","Units"
"Chile","Real effective exchange rate (REER), Index (2010=100) Adjusted by relative consumer prices","Annual","1986","101.2898337266135","Units"
"Chile","Real effective exchange rate (REER), Index (2010=100) Adjusted by relative consumer prices","Annual","1987","93.02550075767467","Units"
"Chile","Real effective exchange rate (REER), Index (2010=100) Adjusted by relative consumer prices","Annual","1988","87.3799811960505","Units"
"Chile","Real effective exchange rate (REER), Index (2010=100) Adjusted by relative consumer prices","Annual","1989","89.764733184057","Units"
"Chile","Real effective exchange rate (REER), Index (2010=100) Adjusted by relative consumer prices","Annual","1990","86.036468092226","Units"
"Chile","Real effective exchange rate (REER), Index (2010=100) Adjusted by relative consumer prices","Annual","1991","88.08963963388042","Units"
"Chile","Real effective exchange rate (REER), Index (2010=100) Adjusted by relative consumer prices","Annual","1992","92.92514781143592","Units"
"Chile","Real effective exchange rate (REER), Index (2010=100) Adjusted by relative consumer prices","Annual","1993","94.663585207953","Units"
"Chile","Real effective exchange rate (REER), Index (2010=100) Adjusted by relative consumer prices","Annual","1994","98.07009802049583","Units"
"Chile","Real effective exchange rate (REER), Index (2010=100) Adjusted by relative consumer prices","Annual","1995","103.9530075385976","Units"
"Chile","Real effective exchange rate (REER), Index (2010=100) Adjusted by relative consumer prices","Annual","1996","106.6048843595615","Units"
"Chile","Real effective exchange rate (REER), Index (2010=100) Adjusted by relative consumer prices","Annual","1997","114.3717109882361","Units"
"Chile","Real effective exchange rate (REER), Index (2010=100) Adjusted by relative consumer prices","Annual","1998","112.1059816946059","Units"
"Chile","Real effective exchange rate (REER), Index (2010=100) Adjusted by relative consumer prices","Annual","1999","106.8657737995507","Units"
"Chile","Real effective exchange rate (REER), Index (2010=100) Adjusted by relative consumer prices","Annual","2000","105.9310256466712","Units"
"Chile","Real effective exchange rate (REER), Index (2010=100) Adjusted by relative consumer prices","Annual","2001","95.34758658207125","Units"
"Chile","Real effective exchange rate (REER), Index (2010=100) Adjusted by relative consumer prices","Annual","2002","91.23671138547325","Units"
"Chile","Real effective exchange rate (REER), Index (2010=100) Adjusted by relative consumer prices","Annual","2003","85.97141584207908","Units"
"Chile","Real effective exchange rate (REER), Index (2010=100) Adjusted by relative consumer prices","Annual","2004","90.87521209526633","Units"
"Chile","Real effective exchange rate (REER), Index (2010=100) Adjusted by relative consumer prices","Annual","2005","96.1555368226685","Units"
"Chile","Real effective exchange rate (REER), Index (2010=100) Adjusted by relative consumer prices","Annual","2006","99.92102370768292","Units"
"Chile","Real effective exchange rate (REER), Index (2010=100) Adjusted by relative consumer prices","Annual","2007","97.38136759069258","Units"
"Chile","Real effective exchange rate (REER), Index (2010=100) Adjusted by relative consumer prices","Annual","2008","98.08420169698967","Units"
"Chile","Real effective exchange rate (REER), Index (2010=100) Adjusted by relative consumer prices","Annual","2009","94.90576501153133","Units"
"Chile","Real effective exchange rate (REER), Index (2010=100) Adjusted by relative consumer prices","Annual","2010","100.0000000000001","Units"
"Chile","Real effective exchange rate (REER), Index (2010=100) Adjusted by relative consumer prices","Annual","2011","100.8580013679009","Units"
"Chile","Real effective exchange rate (REER), Index (2010=100) Adjusted by relative consumer prices","Annual","2012","103.0931825840056","Units"
"Chile","Real effective exchange rate (REER), Index (2010=100) Adjusted by relative consumer prices","Annual","2013","101.4224940581102","Units"
"Chile","Real effective exchange rate (REER), Index (2010=100) Adjusted by relative consumer prices","Annual","2014","91.83639673386717","Units"
"Chile","Real effective exchange rate (REER), Index (2010=100) Adjusted by relative consumer prices","Annual","2015","90.78572998088367","Units"
"Chile","Real effective exchange rate (REER), Index (2010=100) Adjusted by relative consumer prices","Annual","2016","92.46207812495408","Units"
"Chile","Real effective exchange rate (REER), Index (2010=100) Adjusted by relative consumer prices","Annual","2017","95.67054891951867","Units"
"Chile","Real effective exchange rate (REER), Index (2010=100) Adjusted by relative consumer prices","Annual","2018","96.82889959581767","Units"
"Chile","Real effective exchange rate (REER), Index (2010=100) Adjusted by relative consumer prices","Annual","2019","91.87966919861717","Units"
"Chile","Real effective exchange rate (REER), Index (2010=100) Adjusted by relative consumer prices","Annual","2020","84.37874335853233","Units"
"Chile","Real effective exchange rate (REER), Index (2010=100) Adjusted by relative consumer prices","Annual","2021","87.36142494391067","Units"
"Chile","Real effective exchange rate (REER), Index (2010=100) Adjusted by relative consumer prices","Annual","2022","84.30352851265692","Units"
"Chile","Real effective exchange rate (REER), Index (2010=100) Adjusted by relative consumer prices","Annual","2023","91.73971020375633","Units"
"Chile","Real effective exchange rate (REER), Index (2010=100) Adjusted by relative consumer prices","Annual","2024","84.0027120502205","Units"
"Chile","Real effective exchange rate (REER), Index (2010=100) Adjusted by relative consumer prices","Annual","2025","84.41932999505233","Units"
"Costa Rica","Real effective exchange rate (REER), Index (2010=100) Adjusted by relative consumer prices","Annual","1980","141.0224412104187","Units"
"Costa Rica","Real effective exchange rate (REER), Index (2010=100) Adjusted by relative consumer prices","Annual","1981","76.85141561022592","Units"
"Costa Rica","Real effective exchange rate (REER), Index (2010=100) Adjusted by relative consumer prices","Annual","1982","78.78678313396548","Units"
"Costa Rica","Real effective exchange rate (REER), Index (2010=100) Adjusted by relative consumer prices","Annual","1983","95.42399367049325","Units"
"Costa Rica","Real effective exchange rate (REER), Index (2010=100) Adjusted by relative consumer prices","Annual","1984","98.16654036847458","Units"
"Costa Rica","Real effective exchange rate (REER), Index (2010=100) Adjusted by relative consumer prices","Annual","1985","100.8630605524301","Units"
"Costa Rica","Real effective exchange rate (REER), Index (2010=100) Adjusted by relative consumer prices","Annual","1986","93.22763882349058","Units"
"Costa Rica","Real effective exchange rate (REER), Index (2010=100) Adjusted by relative consumer prices","Annual","1987","89.36786368378892","Units"
"Costa Rica","Real effective exchange rate (REER), Index (2010=100) Adjusted by relative consumer prices","Annual","1988","84.28704188940908","Units"
"Costa Rica","Real effective exchange rate (REER), Index (2010=100) Adjusted by relative consumer prices","Annual","1989","88.74655877604742","Units"
"Costa Rica","Real effective exchange rate (REER), Index (2010=100) Adjusted by relative consumer prices","Annual","1990","87.58015120371117","Units"
"Costa Rica","Real effective exchange rate (REER), Index (2010=100) Adjusted by relative consumer prices","Annual","1991","81.00489187512123","Units"
"Costa Rica","Real effective exchange rate (REER), Index (2010=100) Adjusted by relative consumer prices","Annual","1992","85.68840567796133","Units"
"Costa Rica","Real effective exchange rate (REER), Index (2010=100) Adjusted by relative consumer prices","Annual","1993","88.34893878946975","Units"
"Costa Rica","Real effective exchange rate (REER), Index (2010=100) Adjusted by relative consumer prices","Annual","1994","87.62035935082825","Units"
"Costa Rica","Real effective exchange rate (REER), Index (2010=100) Adjusted by relative consumer prices","Annual","1995","89.34009182105475","Units"
"Costa Rica","Real effective exchange rate (REER), Index (2010=100) Adjusted by relative consumer prices","Annual","1996","89.48371513451583","Units"
"Costa Rica","Real effective exchange rate (REER), Index (2010=100) Adjusted by relative consumer prices","Annual","1997","90.60845364151225","Units"
"Costa Rica","Real effective exchange rate (REER), Index (2010=100) Adjusted by relative consumer prices","Annual","1998","92.5121410588665","Units"
"Costa Rica","Real effective exchange rate (REER), Index (2010=100) Adjusted by relative consumer prices","Annual","1999","90.188838401769","Units"
"Costa Rica","Real effective exchange rate (REER), Index (2010=100) Adjusted by relative consumer prices","Annual","2000","92.07162558795683","Units"
"Costa Rica","Real effective exchange rate (REER), Index (2010=100) Adjusted by relative consumer prices","Annual","2001","95.77751733509842","Units"
"Costa Rica","Real effective exchange rate (REER), Index (2010=100) Adjusted by relative consumer prices","Annual","2002","93.54703575498367","Units"
"Costa Rica","Real effective exchange rate (REER), Index (2010=100) Adjusted by relative consumer prices","Annual","2003","87.49968306801442","Units"
"Costa Rica","Real effective exchange rate (REER), Index (2010=100) Adjusted by relative consumer prices","Annual","2004","84.75306632360408","Units"
"Costa Rica","Real effective exchange rate (REER), Index (2010=100) Adjusted by relative consumer prices","Annual","2005","84.64373758806758","Units"
"Costa Rica","Real effective exchange rate (REER), Index (2010=100) Adjusted by relative consumer prices","Annual","2006","85.23488740993233","Units"
"Costa Rica","Real effective exchange rate (REER), Index (2010=100) Adjusted by relative consumer prices","Annual","2007","86.47819640879175","Units"
"Costa Rica","Real effective exchange rate (REER), Index (2010=100) Adjusted by relative consumer prices","Annual","2008","89.06551917403567","Units"
"Costa Rica","Real effective exchange rate (REER), Index (2010=100) Adjusted by relative consumer prices","Annual","2009","90.20060354268917","Units"
"Costa Rica","Real effective exchange rate (REER), Index (2010=100) Adjusted by relative consumer prices","Annual","2010","100.0000000000001","Units"
"Costa Rica","Real effective exchange rate (REER), Index (2010=100) Adjusted by relative consumer prices","Annual","2011","101.8616215153832","Units"
"Costa Rica","Real effective exchange rate (REER), Index (2010=100) Adjusted by relative consumer prices","Annual","2012","106.2455885283362","Units"
"Costa Rica","Real effective exchange rate (REER), Index (2010=100) Adjusted by relative consumer prices","Annual","2013","110.5911676519183","Units"
"Costa Rica","Real effective exchange rate (REER), Index (2010=100) Adjusted by relative consumer prices","Annual","2014","106.4173678845252","Units"
"Costa Rica","Real effective exchange rate (REER), Index (2010=100) Adjusted by relative consumer prices","Annual","2015","114.6867735115505","Units"
"Costa Rica","Real effective exchange rate (REER), Index (2010=100) Adjusted by relative consumer prices","Annual","2016","113.9104174137473","Units"
"Costa Rica","Real effective exchange rate (REER), Index (2010=100) Adjusted by relative consumer prices","Annual","2017","108.4968760404063","Units"
"Costa Rica","Real effective exchange rate (REER), Index (2010=100) Adjusted by relative consumer prices","Annual","2018","106.0624524856159","Units"
"Costa Rica","Real effective exchange rate (REER), Index (2010=100) Adjusted by relative consumer prices","Annual","2019","106.6590846033944","Units"
"Costa Rica","Real effective exchange rate (REER), Index (2010=100) Adjusted by relative consumer prices","Annual","2020","107.7757854790913","Units"
"Costa Rica","Real effective exchange rate (REER), Index (2010=100) Adjusted by relative consumer prices","Annual","2021","97.94866715182392","Units"
"Costa Rica","Real effective exchange rate (REER), Index (2010=100) Adjusted by relative consumer prices","Annual","2022","99.72796022631267","Units"
"Costa Rica","Real effective exchange rate (REER), Index (2010=100) Adjusted by relative consumer prices","Annual","2023","114.8750716509138","Units"
"Costa Rica","Real effective exchange rate (REER), Index (2010=100) Adjusted by relative consumer prices","Annual","2024","118.9870712700893","Units"
"Costa Rica","Real effective exchange rate (REER), Index (2010=100) Adjusted by relative consumer prices","Annual","2025","118.5240451311597","Units"
"Bahrain, Kingdom of","Real effective exchange rate (REER), Index (2010=100) Adjusted by relative consumer prices","Annual","1980","175.0231711994948","Units"
"Bahrain, Kingdom of","Real effective exchange rate (REER), Index (2010=100) Adjusted by relative consumer prices","Annual","1981","194.7372937918771","Units"
"Bahrain, Kingdom of","Real effective exchange rate (REER), Index (2010=100) Adjusted by relative consumer prices","Annual","1982","218.2644194304113","Units"
"Bahrain, Kingdom of","Real effective exchange rate (REER), Index (2010=100) Adjusted by relative consumer prices","Annual","1983","226.1035935179067","Units"
"Bahrain, Kingdom of","Real effective exchange rate (REER), Index (2010=100) Adjusted by relative consumer prices","Annual","1984","231.7268200867895","Units"
"Bahrain, Kingdom of","Real effective exchange rate (REER), Index (2010=100) Adjusted by relative consumer prices","Annual","1985","223.2813762164755","Units"
"Bahrain, Kingdom of","Real effective exchange rate (REER), Index (2010=100) Adjusted by relative consumer prices","Annual","1986","180.5751438052718","Units"
"Bahrain, Kingdom of","Real effective exchange rate (REER), Index (2010=100) Adjusted by relative consumer prices","Annual","1987","156.0836739934397","Units"
"Bahrain, Kingdom of","Real effective exchange rate (REER), Index (2010=100) Adjusted by relative consumer prices","Annual","1988","145.4299309723648","Units"
"Bahrain, Kingdom of","Real effective exchange rate (REER), Index (2010=100) Adjusted by relative consumer prices","Annual","1989","148.2994902647264","Units"
"Bahrain, Kingdom of","Real effective exchange rate (REER), Index (2010=100) Adjusted by relative consumer prices","Annual","1990","135.936137353894","Units"
"Bahrain, Kingdom of","Real effective exchange rate (REER), Index (2010=100) Adjusted by relative consumer prices","Annual","1991","130.9574701502297","Units"
"Bahrain, Kingdom of","Real effective exchange rate (REER), Index (2010=100) Adjusted by relative consumer prices","Annual","1992","123.5932784093459","Units"
"Bahrain, Kingdom of","Real effective exchange rate (REER), Index (2010=100) Adjusted by relative consumer prices","Annual","1993","129.4503603101233","Units"
"Bahrain, Kingdom of","Real effective exchange rate (REER), Index (2010=100) Adjusted by relative consumer prices","Annual","1994","125.2909865867065","Units"
"Bahrain, Kingdom of","Real effective exchange rate (REER), Index (2010=100) Adjusted by relative consumer prices","Annual","1995","119.3834782032938","Units"
"Bahrain, Kingdom of","Real effective exchange rate (REER), Index (2010=100) Adjusted by relative consumer prices","Annual","1996","119.0175311491248","Units"
"Bahrain, Kingdom of","Real effective exchange rate (REER), Index (2010=100) Adjusted by relative consumer prices","Annual","1997","126.8259164672088","Units"
"Bahrain, Kingdom of","Real effective exchange rate (REER), Index (2010=100) Adjusted by relative consumer prices","Annual","1998","129.2676715409729","Units"
"Bahrain, Kingdom of","Real effective exchange rate (REER), Index (2010=100) Adjusted by relative consumer prices","Annual","1999","125.5351606443849","Units"
"Bahrain, Kingdom of","Real effective exchange rate (REER), Index (2010=100) Adjusted by relative consumer prices","Annual","2000","128.2526276785878","Units"
"Bahrain, Kingdom of","Real effective exchange rate (REER), Index (2010=100) Adjusted by relative consumer prices","Annual","2001","131.9612464773696","Units"
"Bahrain, Kingdom of","Real effective exchange rate (REER), Index (2010=100) Adjusted by relative consumer prices","Annual","2002","135.1849146959808","Units"
"Bahrain, Kingdom of","Real effective exchange rate (REER), Index (2010=100) Adjusted by relative consumer prices","Annual","2003","125.0466807151752","Units"
"Bahrain, Kingdom of","Real effective exchange rate (REER), Index (2010=100) Adjusted by relative consumer prices","Annual","2004","114.5996766463266","Units"
"Bahrain, Kingdom of","Real effective exchange rate (REER), Index (2010=100) Adjusted by relative consumer prices","Annual","2005","108.8721627298692","Units"
"Bahrain, Kingdom of","Real effective exchange rate (REER), Index (2010=100) Adjusted by relative consumer prices","Annual","2006","111.7053993058505","Units"
"Bahrain, Kingdom of","Real effective exchange rate (REER), Index (2010=100) Adjusted by relative consumer prices","Annual","2007","104.9246276513598","Units"
"Bahrain, Kingdom of","Real effective exchange rate (REER), Index (2010=100) Adjusted by relative consumer prices","Annual","2008","97.63128708741017","Units"
"Bahrain, Kingdom of","Real effective exchange rate (REER), Index (2010=100) Adjusted by relative consumer prices","Annual","2009","102.1471966758018","Units"
"Bahrain, Kingdom of","Real effective exchange rate (REER), Index (2010=100) Adjusted by relative consumer prices","Annual","2010","100","Units"
"Bahrain, Kingdom of","Real effective exchange rate (REER), Index (2010=100) Adjusted by relative consumer prices","Annual","2011","93.32338743192492","Units"
"Bahrain, Kingdom of","Real effective exchange rate (REER), Index (2010=100) Adjusted by relative consumer prices","Annual","2012","95.95169542151508","Units"
"Bahrain, Kingdom of","Real effective exchange rate (REER), Index (2010=100) Adjusted by relative consumer prices","Annual","2013","97.82056175900008","Units"
"Bahrain, Kingdom of","Real effective exchange rate (REER), Index (2010=100) Adjusted by relative consumer prices","Annual","2014","99.062701516336","Units"
"Bahrain, Kingdom of","Real effective exchange rate (REER), Index (2010=100) Adjusted by relative consumer prices","Annual","2015","105.7616530617962","Units"
"Bahrain, Kingdom of","Real effective exchange rate (REER), Index (2010=100) Adjusted by relative consumer prices","Annual","2016","108.9818601432178","Units"
"Bahrain, Kingdom of","Real effective exchange rate (REER), Index (2010=100) Adjusted by relative consumer prices","Annual","2017","109.4747091714052","Units"
"Bahrain, Kingdom of","Real effective exchange rate (REER), Index (2010=100) Adjusted by relative consumer prices","Annual","2018","108.3906180498828","Units"
"Bahrain, Kingdom of","Real effective exchange rate (REER), Index (2010=100) Adjusted by relative consumer prices","Annual","2019","110.6145494433232","Units"
"Bahrain, Kingdom of","Real effective exchange rate (REER), Index (2010=100) Adjusted by relative consumer prices","Annual","2020","107.0596011669105","Units"
"Bahrain, Kingdom of","Real effective exchange rate (REER), Index (2010=100) Adjusted by relative consumer prices","Annual","2021","102.2150468620292","Units"
"Bahrain, Kingdom of","Real effective exchange rate (REER), Index (2010=100) Adjusted by relative consumer prices","Annual","2022","106.503041391572","Units"
"Bahrain, Kingdom of","Real effective exchange rate (REER), Index (2010=100) Adjusted by relative consumer prices","Annual","2023","104.3184273664718","Units"
"Bahrain, Kingdom of","Real effective exchange rate (REER), Index (2010=100) Adjusted by relative consumer prices","Annual","2024","103.8331058581808","Units"
"Bahrain, Kingdom of","Real effective exchange rate (REER), Index (2010=100) Adjusted by relative consumer prices","Annual","2025","101.189022942616","Units"
"Latvia, Republic of","Real effective exchange rate (REER), Index (2010=100) Adjusted by relative consumer prices","Annual","1993","60.14596212437992","Units"
"Latvia, Republic of","Real effective exchange rate (REER), Index (2010=100) Adjusted by relative consumer prices","Annual","1994","67.61509922649354","Units"
"Latvia, Republic of","Real effective exchange rate (REER), Index (2010=100) Adjusted by relative consumer prices","Annual","1995","70.27641631674032","Units"
"Latvia, Republic of","Real effective exchange rate (REER), Index (2010=100) Adjusted by relative consumer prices","Annual","1996","69.83859145208831","Units"
"Latvia, Republic of","Real effective exchange rate (REER), Index (2010=100) Adjusted by relative consumer prices","Annual","1997","76.08044564430892","Units"
"Latvia, Republic of","Real effective exchange rate (REER), Index (2010=100) Adjusted by relative consumer prices","Annual","1998","80.13104610273938","Units"
"Latvia, Republic of","Real effective exchange rate (REER), Index (2010=100) Adjusted by relative consumer prices","Annual","1999","88.58520654806542","Units"
"Latvia, Republic of","Real effective exchange rate (REER), Index (2010=100) Adjusted by relative consumer prices","Annual","2000","93.637713793266","Units"
"Latvia, Republic of","Real effective exchange rate (REER), Index (2010=100) Adjusted by relative consumer prices","Annual","2001","91.52202231601558","Units"
"Latvia, Republic of","Real effective exchange rate (REER), Index (2010=100) Adjusted by relative consumer prices","Annual","2002","89.10515875137167","Units"
"Latvia, Republic of","Real effective exchange rate (REER), Index (2010=100) Adjusted by relative consumer prices","Annual","2003","85.003679277439","Units"
"Latvia, Republic of","Real effective exchange rate (REER), Index (2010=100) Adjusted by relative consumer prices","Annual","2004","85.74229850470442","Units"
"Latvia, Republic of","Real effective exchange rate (REER), Index (2010=100) Adjusted by relative consumer prices","Annual","2005","83.92540667582258","Units"
"Latvia, Republic of","Real effective exchange rate (REER), Index (2010=100) Adjusted by relative consumer prices","Annual","2006","86.39791491627108","Units"
"Latvia, Republic of","Real effective exchange rate (REER), Index (2010=100) Adjusted by relative consumer prices","Annual","2007","92.77563827387575","Units"
"Latvia, Republic of","Real effective exchange rate (REER), Index (2010=100) Adjusted by relative consumer prices","Annual","2008","102.1892598496487","Units"
"Latvia, Republic of","Real effective exchange rate (REER), Index (2010=100) Adjusted by relative consumer prices","Annual","2009","107.9824217158742","Units"
"Latvia, Republic of","Real effective exchange rate (REER), Index (2010=100) Adjusted by relative consumer prices","Annual","2010","100","Units"
"Latvia, Republic of","Real effective exchange rate (REER), Index (2010=100) Adjusted by relative consumer prices","Annual","2011","102.1101536620606","Units"
"Latvia, Republic of","Real effective exchange rate (REER), Index (2010=100) Adjusted by relative consumer prices","Annual","2012","98.88816456865917","Units"
"Latvia, Republic of","Real effective exchange rate (REER), Index (2010=100) Adjusted by relative consumer prices","Annual","2013","98.56461055573542","Units"
"Latvia, Republic of","Real effective exchange rate (REER), Index (2010=100) Adjusted by relative consumer prices","Annual","2014","99.91978929620017","Units"
"Latvia, Republic of","Real effective exchange rate (REER), Index (2010=100) Adjusted by relative consumer prices","Annual","2015","98.18966935374417","Units"
"Latvia, Republic of","Real effective exchange rate (REER), Index (2010=100) Adjusted by relative consumer prices","Annual","2016","99.75582213130625","Units"
"Latvia, Republic of","Real effective exchange rate (REER), Index (2010=100) Adjusted by relative consumer prices","Annual","2017","100.4503143502687","Units"
"Latvia, Republic of","Real effective exchange rate (REER), Index (2010=100) Adjusted by relative consumer prices","Annual","2018","103.3215251701243","Units"
"Latvia, Republic of","Real effective exchange rate (REER), Index (2010=100) Adjusted by relative consumer prices","Annual","2019","103.2815819437613","Units"
"Latvia, Republic of","Real effective exchange rate (REER), Index (2010=100) Adjusted by relative consumer prices","Annual","2020","104.5530825893209","Units"
"Latvia, Republic of","Real effective exchange rate (REER), Index (2010=100) Adjusted by relative consumer prices","Annual","2021","105.0210760997803","Units"
"Latvia, Republic of","Real effective exchange rate (REER), Index (2010=100) Adjusted by relative consumer prices","Annual","2022","109.3748370365434","Units"
"Latvia, Republic of","Real effective exchange rate (REER), Index (2010=100) Adjusted by relative consumer prices","Annual","2023","116.6635333596445","Units"
"Latvia, Republic of","Real effective exchange rate (REER), Index (2010=100) Adjusted by relative consumer prices","Annual","2024","115.8292201567485","Units"
"Latvia, Republic of","Real effective exchange rate (REER), Index (2010=100) Adjusted by relative consumer prices","Annual","2025","117.2972141760796","Units"
"Greece","Real effective exchange rate (REER), Index (2010=100) Adjusted by relative consumer prices","Annual","1980","83.97824641249375","Units"
"Greece","Real effective exchange rate (REER), Index (2010=100) Adjusted by relative consumer prices","Annual","1981","87.16708462608517","Units"
"Greece","Real effective exchange rate (REER), Index (2010=100) Adjusted by relative consumer prices","Annual","1982","90.44808496673083","Units"
"Greece","Real effective exchange rate (REER), Index (2010=100) Adjusted by relative consumer prices","Annual","1983","83.6154645899915","Units"
"Greece","Real effective exchange rate (REER), Index (2010=100) Adjusted by relative consumer prices","Annual","1984","81.06829117539304","Units"
"Greece","Real effective exchange rate (REER), Index (2010=100) Adjusted by relative consumer prices","Annual","1985","78.43487287737538","Units"
"Greece","Real effective exchange rate (REER), Index (2010=100) Adjusted by relative consumer prices","Annual","1986","73.48956096619803","Units"
"Greece","Real effective exchange rate (REER), Index (2010=100) Adjusted by relative consumer prices","Annual","1987","75.19560951291241","Units"
"Greece","Real effective exchange rate (REER), Index (2010=100) Adjusted by relative consumer prices","Annual","1988","77.33962383646128","Units"
"Greece","Real effective exchange rate (REER), Index (2010=100) Adjusted by relative consumer prices","Annual","1989","78.24621345618228","Units"
"Greece","Real effective exchange rate (REER), Index (2010=100) Adjusted by relative consumer prices","Annual","1990","82.66984692796486","Units"
"Greece","Real effective exchange rate (REER), Index (2010=100) Adjusted by relative consumer prices","Annual","1991","83.56052913457567","Units"
"Greece","Real effective exchange rate (REER), Index (2010=100) Adjusted by relative consumer prices","Annual","1992","85.99255065251175","Units"
"Greece","Real effective exchange rate (REER), Index (2010=100) Adjusted by relative consumer prices","Annual","1993","86.55052325499475","Units"
"Greece","Real effective exchange rate (REER), Index (2010=100) Adjusted by relative consumer prices","Annual","1994","87.62126314444908","Units"
"Greece","Real effective exchange rate (REER), Index (2010=100) Adjusted by relative consumer prices","Annual","1995","90.46872535001942","Units"
"Greece","Real effective exchange rate (REER), Index (2010=100) Adjusted by relative consumer prices","Annual","1996","94.42149940744633","Units"
"Greece","Real effective exchange rate (REER), Index (2010=100) Adjusted by relative consumer prices","Annual","1997","94.11636483325417","Units"
"Greece","Real effective exchange rate (REER), Index (2010=100) Adjusted by relative consumer prices","Annual","1998","91.45001588983342","Units"
"Greece","Real effective exchange rate (REER), Index (2010=100) Adjusted by relative consumer prices","Annual","1999","91.42691932036983","Units"
"Greece","Real effective exchange rate (REER), Index (2010=100) Adjusted by relative consumer prices","Annual","2000","85.15835613909142","Units"
"Greece","Real effective exchange rate (REER), Index (2010=100) Adjusted by relative consumer prices","Annual","2001","86.216712373468","Units"
"Greece","Real effective exchange rate (REER), Index (2010=100) Adjusted by relative consumer prices","Annual","2002","88.85948094953842","Units"
"Greece","Real effective exchange rate (REER), Index (2010=100) Adjusted by relative consumer prices","Annual","2003","94.70831467351008","Units"
"Greece","Real effective exchange rate (REER), Index (2010=100) Adjusted by relative consumer prices","Annual","2004","96.29607705296775","Units"
"Greece","Real effective exchange rate (REER), Index (2010=100) Adjusted by relative consumer prices","Annual","2005","96.09240376001283","Units"
"Greece","Real effective exchange rate (REER), Index (2010=100) Adjusted by relative consumer prices","Annual","2006","96.647044243228","Units"
"Greece","Real effective exchange rate (REER), Index (2010=100) Adjusted by relative consumer prices","Annual","2007","97.8931501108365","Units"
"Greece","Real effective exchange rate (REER), Index (2010=100) Adjusted by relative consumer prices","Annual","2008","99.46430507261192","Units"
"Greece","Real effective exchange rate (REER), Index (2010=100) Adjusted by relative consumer prices","Annual","2009","100.7726584426119","Units"
"Greece","Real effective exchange rate (REER), Index (2010=100) Adjusted by relative consumer prices","Annual","2010","99.99999999999992","Units"
"Greece","Real effective exchange rate (REER), Index (2010=100) Adjusted by relative consumer prices","Annual","2011","100.7258501713729","Units"
"Greece","Real effective exchange rate (REER), Index (2010=100) Adjusted by relative consumer prices","Annual","2012","97.49178007969567","Units"
"Greece","Real effective exchange rate (REER), Index (2010=100) Adjusted by relative consumer prices","Annual","2013","96.46074495336017","Units"
"Greece","Real effective exchange rate (REER), Index (2010=100) Adjusted by relative consumer prices","Annual","2014","94.78883466331092","Units"
"Greece","Real effective exchange rate (REER), Index (2010=100) Adjusted by relative consumer prices","Annual","2015","89.23603113571358","Units"
"Greece","Real effective exchange rate (REER), Index (2010=100) Adjusted by relative consumer prices","Annual","2016","89.45317193313358","Units"
"Greece","Real effective exchange rate (REER), Index (2010=100) Adjusted by relative consumer prices","Annual","2017","89.88096219714608","Units"
"Greece","Real effective exchange rate (REER), Index (2010=100) Adjusted by relative consumer prices","Annual","2018","90.40832705685233","Units"
"Greece","Real effective exchange rate (REER), Index (2010=100) Adjusted by relative consumer prices","Annual","2019","88.61002534659125","Units"
"Greece","Real effective exchange rate (REER), Index (2010=100) Adjusted by relative consumer prices","Annual","2020","88.217226794857","Units"
"Greece","Real effective exchange rate (REER), Index (2010=100) Adjusted by relative consumer prices","Annual","2021","87.59834687521083","Units"
"Greece","Real effective exchange rate (REER), Index (2010=100) Adjusted by relative consumer prices","Annual","2022","87.51477814674492","Units"
"Greece","Real effective exchange rate (REER), Index (2010=100) Adjusted by relative consumer prices","Annual","2023","87.38258829980575","Units"
"Greece","Real effective exchange rate (REER), Index (2010=100) Adjusted by relative consumer prices","Annual","2024","87.25560327663642","Units"
"Greece","Real effective exchange rate (REER), Index (2010=100) Adjusted by relative consumer prices","Annual","2025","88.01172793613292","Units"
"Norway","Real effective exchange rate (REER), Index (2010=100) Adjusted by relative consumer prices","Annual","1979","93.05012468036425","Units"
"Norway","Real effective exchange rate (REER), Index (2010=100) Adjusted by relative consumer prices","Annual","1980","94.4727211451195","Units"
"Norway","Real effective exchange rate (REER), Index (2010=100) Adjusted by relative consumer prices","Annual","1981","98.03426589932775","Units"
"Norway","Real effective exchange rate (REER), Index (2010=100) Adjusted by relative consumer prices","Annual","1982","102.1911362767826","Units"
"Norway","Real effective exchange rate (REER), Index (2010=100) Adjusted by relative consumer prices","Annual","1983","101.3622902705012","Units"
"Norway","Real effective exchange rate (REER), Index (2010=100) Adjusted by relative consumer prices","Annual","1984","99.77634394655525","Units"
"Norway","Real effective exchange rate (REER), Index (2010=100) Adjusted by relative consumer prices","Annual","1985","98.69077081774533","Units"
"Norway","Real effective exchange rate (REER), Index (2010=100) Adjusted by relative consumer prices","Annual","1986","97.24245144043783","Units"
"Norway","Real effective exchange rate (REER), Index (2010=100) Adjusted by relative consumer prices","Annual","1987","99.23648632450667","Units"
"Norway","Real effective exchange rate (REER), Index (2010=100) Adjusted by relative consumer prices","Annual","1988","102.0404927177796","Units"
"Norway","Real effective exchange rate (REER), Index (2010=100) Adjusted by relative consumer prices","Annual","1989","101.5733335717797","Units"
"Norway","Real effective exchange rate (REER), Index (2010=100) Adjusted by relative consumer prices","Annual","1990","100.822437040604","Units"
"Norway","Real effective exchange rate (REER), Index (2010=100) Adjusted by relative consumer prices","Annual","1991","97.13089939919267","Units"
"Norway","Real effective exchange rate (REER), Index (2010=100) Adjusted by relative consumer prices","Annual","1992","97.24918104271733","Units"
"Norway","Real effective exchange rate (REER), Index (2010=100) Adjusted by relative consumer prices","Annual","1993","93.48525371881842","Units"
"Norway","Real effective exchange rate (REER), Index (2010=100) Adjusted by relative consumer prices","Annual","1994","91.30424513828975","Units"
"Norway","Real effective exchange rate (REER), Index (2010=100) Adjusted by relative consumer prices","Annual","1995","94.0136286569375","Units"
"Norway","Real effective exchange rate (REER), Index (2010=100) Adjusted by relative consumer prices","Annual","1996","93.47181660418867","Units"
"Norway","Real effective exchange rate (REER), Index (2010=100) Adjusted by relative consumer prices","Annual","1997","94.10886397022033","Units"
"Norway","Real effective exchange rate (REER), Index (2010=100) Adjusted by relative consumer prices","Annual","1998","91.81788293359617","Units"
"Norway","Real effective exchange rate (REER), Index (2010=100) Adjusted by relative consumer prices","Annual","1999","91.39470276101008","Units"
"Norway","Real effective exchange rate (REER), Index (2010=100) Adjusted by relative consumer prices","Annual","2000","89.35754331371192","Units"
"Norway","Real effective exchange rate (REER), Index (2010=100) Adjusted by relative consumer prices","Annual","2001","92.48546812064558","Units"
"Norway","Real effective exchange rate (REER), Index (2010=100) Adjusted by relative consumer prices","Annual","2002","100.3665136683292","Units"
"Norway","Real effective exchange rate (REER), Index (2010=100) Adjusted by relative consumer prices","Annual","2003","99.86437840818917","Units"
"Norway","Real effective exchange rate (REER), Index (2010=100) Adjusted by relative consumer prices","Annual","2004","95.69307592295517","Units"
"Norway","Real effective exchange rate (REER), Index (2010=100) Adjusted by relative consumer prices","Annual","2005","98.92470865003983","Units"
"Norway","Real effective exchange rate (REER), Index (2010=100) Adjusted by relative consumer prices","Annual","2006","98.63147382740458","Units"
"Norway","Real effective exchange rate (REER), Index (2010=100) Adjusted by relative consumer prices","Annual","2007","98.8227339568065","Units"
"Norway","Real effective exchange rate (REER), Index (2010=100) Adjusted by relative consumer prices","Annual","2008","98.95015916402567","Units"
"Norway","Real effective exchange rate (REER), Index (2010=100) Adjusted by relative consumer prices","Annual","2009","96.45151164618942","Units"
"Norway","Real effective exchange rate (REER), Index (2010=100) Adjusted by relative consumer prices","Annual","2010","100.0000000000001","Units"
"Norway","Real effective exchange rate (REER), Index (2010=100) Adjusted by relative consumer prices","Annual","2011","100.4294700657749","Units"
"Norway","Real effective exchange rate (REER), Index (2010=100) Adjusted by relative consumer prices","Annual","2012","99.67097285112775","Units"
"Norway","Real effective exchange rate (REER), Index (2010=100) Adjusted by relative consumer prices","Annual","2013","98.14526737013408","Units"
"Norway","Real effective exchange rate (REER), Index (2010=100) Adjusted by relative consumer prices","Annual","2014","93.18858454933475","Units"
"Norway","Real effective exchange rate (REER), Index (2010=100) Adjusted by relative consumer prices","Annual","2015","84.22774277151458","Units"
"Norway","Real effective exchange rate (REER), Index (2010=100) Adjusted by relative consumer prices","Annual","2016","84.72860500335","Units"
"Norway","Real effective exchange rate (REER), Index (2010=100) Adjusted by relative consumer prices","Annual","2017","85.53377854331708","Units"
"Norway","Real effective exchange rate (REER), Index (2010=100) Adjusted by relative consumer prices","Annual","2018","85.9489489142765","Units"
"Norway","Real effective exchange rate (REER), Index (2010=100) Adjusted by relative consumer prices","Annual","2019","83.5732416165975","Units"
"Norway","Real effective exchange rate (REER), Index (2010=100) Adjusted by relative consumer prices","Annual","2020","78.07714003110033","Units"
"Norway","Real effective exchange rate (REER), Index (2010=100) Adjusted by relative consumer prices","Annual","2021","83.06645078947505","Units"
"Norway","Real effective exchange rate (REER), Index (2010=100) Adjusted by relative consumer prices","Annual","2022","80.87875779429716","Units"
"Norway","Real effective exchange rate (REER), Index (2010=100) Adjusted by relative consumer prices","Annual","2023","74.05968707445172","Units"
"Norway","Real effective exchange rate (REER), Index (2010=100) Adjusted by relative consumer prices","Annual","2024","73.64820229598403","Units"
"Norway","Real effective exchange rate (REER), Index (2010=100) Adjusted by relative consumer prices","Annual","2025","74.66700196715236","Units"
"Gabon","Real effective exchange rate (REER), Index (2010=100) Adjusted by relative consumer prices","Annual","1980","223.01897881343","Units"
"Gabon","Real effective exchange rate (REER), Index (2010=100) Adjusted by relative consumer prices","Annual","1981","199.2757126988536","Units"
"Gabon","Real effective exchange rate (REER), Index (2010=100) Adjusted by relative consumer prices","Annual","1982","201.1959802228209","Units"
"Gabon","Real effective exchange rate (REER), Index (2010=100) Adjusted by relative consumer prices","Annual","1983","198.0532085136572","Units"
"Gabon","Real effective exchange rate (REER), Index (2010=100) Adjusted by relative consumer prices","Annual","1984","190.3028703753901","Units"
"Gabon","Real effective exchange rate (REER), Index (2010=100) Adjusted by relative consumer prices","Annual","1985","195.5077992918319","Units"
"Gabon","Real effective exchange rate (REER), Index (2010=100) Adjusted by relative consumer prices","Annual","1986","212.0206245799628","Units"
"Gabon","Real effective exchange rate (REER), Index (2010=100) Adjusted by relative consumer prices","Annual","1987","208.1540794884449","Units"
"Gabon","Real effective exchange rate (REER), Index (2010=100) Adjusted by relative consumer prices","Annual","1988","180.6168593005741","Units"
"Gabon","Real effective exchange rate (REER), Index (2010=100) Adjusted by relative consumer prices","Annual","1989","213.8616605915394","Units"
"Gabon","Real effective exchange rate (REER), Index (2010=100) Adjusted by relative consumer prices","Annual","1990","214.9776146098163","Units"
"Gabon","Real effective exchange rate (REER), Index (2010=100) Adjusted by relative consumer prices","Annual","1991","167.4353575920447","Units"
"Gabon","Real effective exchange rate (REER), Index (2010=100) Adjusted by relative consumer prices","Annual","1992","150.8883784396139","Units"
"Gabon","Real effective exchange rate (REER), Index (2010=100) Adjusted by relative consumer prices","Annual","1993","146.2203840810977","Units"
"Gabon","Real effective exchange rate (REER), Index (2010=100) Adjusted by relative consumer prices","Annual","1994","98.7838695660495","Units"
"Gabon","Real effective exchange rate (REER), Index (2010=100) Adjusted by relative consumer prices","Annual","1995","109.1369547486018","Units"
"Gabon","Real effective exchange rate (REER), Index (2010=100) Adjusted by relative consumer prices","Annual","1996","107.8246797969212","Units"
"Gabon","Real effective exchange rate (REER), Index (2010=100) Adjusted by relative consumer prices","Annual","1997","106.0163423219517","Units"
"Gabon","Real effective exchange rate (REER), Index (2010=100) Adjusted by relative consumer prices","Annual","1998","106.8065996994694","Units"
"Gabon","Real effective exchange rate (REER), Index (2010=100) Adjusted by relative consumer prices","Annual","1999","101.8204236163275","Units"
"Gabon","Real effective exchange rate (REER), Index (2010=100) Adjusted by relative consumer prices","Annual","2000","96.01124741307192","Units"
"Gabon","Real effective exchange rate (REER), Index (2010=100) Adjusted by relative consumer prices","Annual","2001","96.135068264541","Units"
"Gabon","Real effective exchange rate (REER), Index (2010=100) Adjusted by relative consumer prices","Annual","2002","96.04129205348775","Units"
"Gabon","Real effective exchange rate (REER), Index (2010=100) Adjusted by relative consumer prices","Annual","2003","100.7004116961328","Units"
"Gabon","Real effective exchange rate (REER), Index (2010=100) Adjusted by relative consumer prices","Annual","2004","100.6479681859177","Units"
"Gabon","Real effective exchange rate (REER), Index (2010=100) Adjusted by relative consumer prices","Annual","2005","101.5372680677806","Units"
"Gabon","Real effective exchange rate (REER), Index (2010=100) Adjusted by relative consumer prices","Annual","2006","97.68279725543067","Units"
"Gabon","Real effective exchange rate (REER), Index (2010=100) Adjusted by relative consumer prices","Annual","2007","102.1263167833192","Units"
"Gabon","Real effective exchange rate (REER), Index (2010=100) Adjusted by relative consumer prices","Annual","2008","105.5190062000041","Units"
"Gabon","Real effective exchange rate (REER), Index (2010=100) Adjusted by relative consumer prices","Annual","2009","106.2825377734702","Units"
"Gabon","Real effective exchange rate (REER), Index (2010=100) Adjusted by relative consumer prices","Annual","2010","100","Units"
"Gabon","Real effective exchange rate (REER), Index (2010=100) Adjusted by relative consumer prices","Annual","2011","98.35114761227825","Units"
"Gabon","Real effective exchange rate (REER), Index (2010=100) Adjusted by relative consumer prices","Annual","2012","95.06372929124067","Units"
"Gabon","Real effective exchange rate (REER), Index (2010=100) Adjusted by relative consumer prices","Annual","2013","96.038152920332","Units"
"Gabon","Real effective exchange rate (REER), Index (2010=100) Adjusted by relative consumer prices","Annual","2014","99.44885318366842","Units"
"Gabon","Real effective exchange rate (REER), Index (2010=100) Adjusted by relative consumer prices","Annual","2015","92.79566296854392","Units"
"Gabon","Real effective exchange rate (REER), Index (2010=100) Adjusted by relative consumer prices","Annual","2016","93.93972627694575","Units"
"Gabon","Real effective exchange rate (REER), Index (2010=100) Adjusted by relative consumer prices","Annual","2017","96.12309769341683","Units"
"Gabon","Real effective exchange rate (REER), Index (2010=100) Adjusted by relative consumer prices","Annual","2018","101.3105152228928","Units"
"Gabon","Real effective exchange rate (REER), Index (2010=100) Adjusted by relative consumer prices","Annual","2019","100.6206371805592","Units"
"Gabon","Real effective exchange rate (REER), Index (2010=100) Adjusted by relative consumer prices","Annual","2020","103.2474144981569","Units"
"Gabon","Real effective exchange rate (REER), Index (2010=100) Adjusted by relative consumer prices","Annual","2021","102.3534194842397","Units"
"Gabon","Real effective exchange rate (REER), Index (2010=100) Adjusted by relative consumer prices","Annual","2022","97.55616545069292","Units"
"Gabon","Real effective exchange rate (REER), Index (2010=100) Adjusted by relative consumer prices","Annual","2023","101.1300589318095","Units"
"Gabon","Real effective exchange rate (REER), Index (2010=100) Adjusted by relative consumer prices","Annual","2024","101.1179035417168","Units"
"Gabon","Real effective exchange rate (REER), Index (2010=100) Adjusted by relative consumer prices","Annual","2025","103.161348684504","Units"
"Dominican Republic","Real effective exchange rate (REER), Index (2010=100) Adjusted by relative consumer prices","Annual","1980","143.7991941907688","Units"
"Dominican Republic","Real effective exchange rate (REER), Index (2010=100) Adjusted by relative consumer prices","Annual","1981","146.3558483510094","Units"
"Dominican Republic","Real effective exchange rate (REER), Index (2010=100) Adjusted by relative consumer prices","Annual","1982","148.0930749647448","Units"
"Dominican Republic","Real effective exchange rate (REER), Index (2010=100) Adjusted by relative consumer prices","Annual","1983","141.408633549317","Units"
"Dominican Republic","Real effective exchange rate (REER), Index (2010=100) Adjusted by relative consumer prices","Annual","1984","98.6363642872785","Units"
"Dominican Republic","Real effective exchange rate (REER), Index (2010=100) Adjusted by relative consumer prices","Annual","1985","113.2796456973666","Units"
"Dominican Republic","Real effective exchange rate (REER), Index (2010=100) Adjusted by relative consumer prices","Annual","1986","103.6309416887298","Units"
"Dominican Republic","Real effective exchange rate (REER), Index (2010=100) Adjusted by relative consumer prices","Annual","1987","84.78943124650108","Units"
"Dominican Republic","Real effective exchange rate (REER), Index (2010=100) Adjusted by relative consumer prices","Annual","1988","71.19593477478905","Units"
"Dominican Republic","Real effective exchange rate (REER), Index (2010=100) Adjusted by relative consumer prices","Annual","1989","85.92629960283792","Units"
"Dominican Republic","Real effective exchange rate (REER), Index (2010=100) Adjusted by relative consumer prices","Annual","1990","84.61419428114592","Units"
"Dominican Republic","Real effective exchange rate (REER), Index (2010=100) Adjusted by relative consumer prices","Annual","1991","85.36210642173792","Units"
"Dominican Republic","Real effective exchange rate (REER), Index (2010=100) Adjusted by relative consumer prices","Annual","1992","86.03248502854333","Units"
"Dominican Republic","Real effective exchange rate (REER), Index (2010=100) Adjusted by relative consumer prices","Annual","1993","89.7736427012995","Units"
"Dominican Republic","Real effective exchange rate (REER), Index (2010=100) Adjusted by relative consumer prices","Annual","1994","94.0601642835775","Units"
"Dominican Republic","Real effective exchange rate (REER), Index (2010=100) Adjusted by relative consumer prices","Annual","1995","98.90805083896842","Units"
"Dominican Republic","Real effective exchange rate (REER), Index (2010=100) Adjusted by relative consumer prices","Annual","1996","102.6037487176611","Units"
"Dominican Republic","Real effective exchange rate (REER), Index (2010=100) Adjusted by relative consumer prices","Annual","1997","102.4981316706308","Units"
"Dominican Republic","Real effective exchange rate (REER), Index (2010=100) Adjusted by relative consumer prices","Annual","1998","102.6384698500788","Units"
"Dominican Republic","Real effective exchange rate (REER), Index (2010=100) Adjusted by relative consumer prices","Annual","1999","98.99112882784792","Units"
"Dominican Republic","Real effective exchange rate (REER), Index (2010=100) Adjusted by relative consumer prices","Annual","2000","103.4831617494985","Units"
"Dominican Republic","Real effective exchange rate (REER), Index (2010=100) Adjusted by relative consumer prices","Annual","2001","108.2452535919611","Units"
"Dominican Republic","Real effective exchange rate (REER), Index (2010=100) Adjusted by relative consumer prices","Annual","2002","105.647899605019","Units"
"Dominican Republic","Real effective exchange rate (REER), Index (2010=100) Adjusted by relative consumer prices","Annual","2003","79.91906235667359","Units"
"Dominican Republic","Real effective exchange rate (REER), Index (2010=100) Adjusted by relative consumer prices","Annual","2004","79.96401207047132","Units"
"Dominican Republic","Real effective exchange rate (REER), Index (2010=100) Adjusted by relative consumer prices","Annual","2005","106.8584536270615","Units"
"Dominican Republic","Real effective exchange rate (REER), Index (2010=100) Adjusted by relative consumer prices","Annual","2006","100.5191560720703","Units"
"Dominican Republic","Real effective exchange rate (REER), Index (2010=100) Adjusted by relative consumer prices","Annual","2007","100.67580420108","Units"
"Dominican Republic","Real effective exchange rate (REER), Index (2010=100) Adjusted by relative consumer prices","Annual","2008","99.764459625893","Units"
"Dominican Republic","Real effective exchange rate (REER), Index (2010=100) Adjusted by relative consumer prices","Annual","2009","99.57863681733983","Units"
"Dominican Republic","Real effective exchange rate (REER), Index (2010=100) Adjusted by relative consumer prices","Annual","2010","99.99999999999992","Units"
"Dominican Republic","Real effective exchange rate (REER), Index (2010=100) Adjusted by relative consumer prices","Annual","2011","96.422698209289","Units"
"Dominican Republic","Real effective exchange rate (REER), Index (2010=100) Adjusted by relative consumer prices","Annual","2012","96.33181706551908","Units"
"Dominican Republic","Real effective exchange rate (REER), Index (2010=100) Adjusted by relative consumer prices","Annual","2013","93.58202899896342","Units"
"Dominican Republic","Real effective exchange rate (REER), Index (2010=100) Adjusted by relative consumer prices","Annual","2014","91.69277388536308","Units"
"Dominican Republic","Real effective exchange rate (REER), Index (2010=100) Adjusted by relative consumer prices","Annual","2015","94.25840522866333","Units"
"Dominican Republic","Real effective exchange rate (REER), Index (2010=100) Adjusted by relative consumer prices","Annual","2016","93.69159742539025","Units"
"Dominican Republic","Real effective exchange rate (REER), Index (2010=100) Adjusted by relative consumer prices","Annual","2017","90.79358682571133","Units"
"Dominican Republic","Real effective exchange rate (REER), Index (2010=100) Adjusted by relative consumer prices","Annual","2018","87.79418646858367","Units"
"Dominican Republic","Real effective exchange rate (REER), Index (2010=100) Adjusted by relative consumer prices","Annual","2019","89.21908926252333","Units"
"Dominican Republic","Real effective exchange rate (REER), Index (2010=100) Adjusted by relative consumer prices","Annual","2020","86.94710141395008","Units"
"Dominican Republic","Real effective exchange rate (REER), Index (2010=100) Adjusted by relative consumer prices","Annual","2021","87.86594608482367","Units"
"Dominican Republic","Real effective exchange rate (REER), Index (2010=100) Adjusted by relative consumer prices","Annual","2022","91.04034429258692","Units"
"Dominican Republic","Real effective exchange rate (REER), Index (2010=100) Adjusted by relative consumer prices","Annual","2023","90.87939509398267","Units"
"Dominican Republic","Real effective exchange rate (REER), Index (2010=100) Adjusted by relative consumer prices","Annual","2024","86.46242033345125","Units"
"Dominican Republic","Real effective exchange rate (REER), Index (2010=100) Adjusted by relative consumer prices","Annual","2025","83.90964196989092","Units"
"Central African Republic","Real effective exchange rate (REER), Index (2010=100) Adjusted by relative consumer prices","Annual","1980","202.8212298458707","Units"
"Central African Republic","Real effective exchange rate (REER), Index (2010=100) Adjusted by relative consumer prices","Annual","1981","177.2045334876542","Units"
"Central African Republic","Real effective exchange rate (REER), Index (2010=100) Adjusted by relative consumer prices","Annual","1982","174.3079080465988","Units"
"Central African Republic","Real effective exchange rate (REER), Index (2010=100) Adjusted by relative consumer prices","Annual","1983","178.8190201383469","Units"
"Central African Republic","Real effective exchange rate (REER), Index (2010=100) Adjusted by relative consumer prices","Annual","1984","168.5283234760256","Units"
"Central African Republic","Real effective exchange rate (REER), Index (2010=100) Adjusted by relative consumer prices","Annual","1985","179.6986787450762","Units"
"Central African Republic","Real effective exchange rate (REER), Index (2010=100) Adjusted by relative consumer prices","Annual","1986","188.5683967326762","Units"
"Central African Republic","Real effective exchange rate (REER), Index (2010=100) Adjusted by relative consumer prices","Annual","1987","174.172532440077","Units"
"Central African Republic","Real effective exchange rate (REER), Index (2010=100) Adjusted by relative consumer prices","Annual","1988","160.7602941899644","Units"
"Central African Republic","Real effective exchange rate (REER), Index (2010=100) Adjusted by relative consumer prices","Annual","1989","153.8797487277926","Units"
"Central African Republic","Real effective exchange rate (REER), Index (2010=100) Adjusted by relative consumer prices","Annual","1990","155.6001995605104","Units"
"Central African Republic","Real effective exchange rate (REER), Index (2010=100) Adjusted by relative consumer prices","Annual","1991","144.1293588388178","Units"
"Central African Republic","Real effective exchange rate (REER), Index (2010=100) Adjusted by relative consumer prices","Annual","1992","141.3185530816943","Units"
"Central African Republic","Real effective exchange rate (REER), Index (2010=100) Adjusted by relative consumer prices","Annual","1993","132.6457141687929","Units"
"Central African Republic","Real effective exchange rate (REER), Index (2010=100) Adjusted by relative consumer prices","Annual","1994","83.07978007877478","Units"
"Central African Republic","Real effective exchange rate (REER), Index (2010=100) Adjusted by relative consumer prices","Annual","1995","98.17412088123092","Units"
"Central African Republic","Real effective exchange rate (REER), Index (2010=100) Adjusted by relative consumer prices","Annual","1996","99.92321614845958","Units"
"Central African Republic","Real effective exchange rate (REER), Index (2010=100) Adjusted by relative consumer prices","Annual","1997","96.38628308204433","Units"
"Central African Republic","Real effective exchange rate (REER), Index (2010=100) Adjusted by relative consumer prices","Annual","1998","94.13496993829858","Units"
"Central African Republic","Real effective exchange rate (REER), Index (2010=100) Adjusted by relative consumer prices","Annual","1999","90.05566698110958","Units"
"Central African Republic","Real effective exchange rate (REER), Index (2010=100) Adjusted by relative consumer prices","Annual","2000","87.061643707692","Units"
"Central African Republic","Real effective exchange rate (REER), Index (2010=100) Adjusted by relative consumer prices","Annual","2001","88.944482830298","Units"
"Central African Republic","Real effective exchange rate (REER), Index (2010=100) Adjusted by relative consumer prices","Annual","2002","90.86142714423858","Units"
"Central African Republic","Real effective exchange rate (REER), Index (2010=100) Adjusted by relative consumer prices","Annual","2003","97.07941734782017","Units"
"Central African Republic","Real effective exchange rate (REER), Index (2010=100) Adjusted by relative consumer prices","Annual","2004","93.902710669209","Units"
"Central African Republic","Real effective exchange rate (REER), Index (2010=100) Adjusted by relative consumer prices","Annual","2005","93.08013673389192","Units"
"Central African Republic","Real effective exchange rate (REER), Index (2010=100) Adjusted by relative consumer prices","Annual","2006","96.62587270028233","Units"
"Central African Republic","Real effective exchange rate (REER), Index (2010=100) Adjusted by relative consumer prices","Annual","2007","97.56372195983442","Units"
"Central African Republic","Real effective exchange rate (REER), Index (2010=100) Adjusted by relative consumer prices","Annual","2008","104.1725219066158","Units"
"Central African Republic","Real effective exchange rate (REER), Index (2010=100) Adjusted by relative consumer prices","Annual","2009","106.4539640107212","Units"
"Central African Republic","Real effective exchange rate (REER), Index (2010=100) Adjusted by relative consumer prices","Annual","2010","100","Units"
"Central African Republic","Real effective exchange rate (REER), Index (2010=100) Adjusted by relative consumer prices","Annual","2011","98.49270859471042","Units"
"Central African Republic","Real effective exchange rate (REER), Index (2010=100) Adjusted by relative consumer prices","Annual","2012","97.94421239817408","Units"
"Central African Republic","Real effective exchange rate (REER), Index (2010=100) Adjusted by relative consumer prices","Annual","2013","102.6659938123653","Units"
"Central African Republic","Real effective exchange rate (REER), Index (2010=100) Adjusted by relative consumer prices","Annual","2014","119.8846683882414","Units"
"Central African Republic","Real effective exchange rate (REER), Index (2010=100) Adjusted by relative consumer prices","Annual","2015","112.5859486142434","Units"
"Central African Republic","Real effective exchange rate (REER), Index (2010=100) Adjusted by relative consumer prices","Annual","2016","118.7026278305452","Units"
"Central African Republic","Real effective exchange rate (REER), Index (2010=100) Adjusted by relative consumer prices","Annual","2017","122.5380694392724","Units"
"Central African Republic","Real effective exchange rate (REER), Index (2010=100) Adjusted by relative consumer prices","Annual","2018","125.8840071691462","Units"
"Central African Republic","Real effective exchange rate (REER), Index (2010=100) Adjusted by relative consumer prices","Annual","2019","125.2018075293642","Units"
"Central African Republic","Real effective exchange rate (REER), Index (2010=100) Adjusted by relative consumer prices","Annual","2020","126.8015119235068","Units"
"Central African Republic","Real effective exchange rate (REER), Index (2010=100) Adjusted by relative consumer prices","Annual","2021","130.1989985616488","Units"
"Central African Republic","Real effective exchange rate (REER), Index (2010=100) Adjusted by relative consumer prices","Annual","2022","124.7393222340743","Units"
"Central African Republic","Real effective exchange rate (REER), Index (2010=100) Adjusted by relative consumer prices","Annual","2023","127.4708700524951","Units"
"Central African Republic","Real effective exchange rate (REER), Index (2010=100) Adjusted by relative consumer prices","Annual","2024","127.1312241547489","Units"
"Central African Republic","Real effective exchange rate (REER), Index (2010=100) Adjusted by relative consumer prices","Annual","2025","128.4260782760652","Units"
"United Kingdom","Real effective exchange rate (REER), Index (2010=100) Adjusted by relative consumer prices","Annual","1979","119.0974656605747","Units"
"United Kingdom","Real effective exchange rate (REER), Index (2010=100) Adjusted by relative consumer prices","Annual","1980","139.2817064619529","Units"
"United Kingdom","Real effective exchange rate (REER), Index (2010=100) Adjusted by relative consumer prices","Annual","1981","143.9994078922465","Units"
"United Kingdom","Real effective exchange rate (REER), Index (2010=100) Adjusted by relative consumer prices","Annual","1982","138.8802685831752","Units"
"United Kingdom","Real effective exchange rate (REER), Index (2010=100) Adjusted by relative consumer prices","Annual","1983","127.5283896571069","Units"
"United Kingdom","Real effective exchange rate (REER), Index (2010=100) Adjusted by relative consumer prices","Annual","1984","122.0464548308924","Units"
"United Kingdom","Real effective exchange rate (REER), Index (2010=100) Adjusted by relative consumer prices","Annual","1985","124.0459405657181","Units"
"United Kingdom","Real effective exchange rate (REER), Index (2010=100) Adjusted by relative consumer prices","Annual","1986","115.1751937016967","Units"
"United Kingdom","Real effective exchange rate (REER), Index (2010=100) Adjusted by relative consumer prices","Annual","1987","114.9659622879129","Units"
"United Kingdom","Real effective exchange rate (REER), Index (2010=100) Adjusted by relative consumer prices","Annual","1988","118.6797250359418","Units"
"United Kingdom","Real effective exchange rate (REER), Index (2010=100) Adjusted by relative consumer prices","Annual","1989","117.0861519463145","Units"
"United Kingdom","Real effective exchange rate (REER), Index (2010=100) Adjusted by relative consumer prices","Annual","1990","119.4247486397948","Units"
"United Kingdom","Real effective exchange rate (REER), Index (2010=100) Adjusted by relative consumer prices","Annual","1991","123.514223177462","Units"
"United Kingdom","Real effective exchange rate (REER), Index (2010=100) Adjusted by relative consumer prices","Annual","1992","120.0631090336474","Units"
"United Kingdom","Real effective exchange rate (REER), Index (2010=100) Adjusted by relative consumer prices","Annual","1993","108.4788136507257","Units"
"United Kingdom","Real effective exchange rate (REER), Index (2010=100) Adjusted by relative consumer prices","Annual","1994","108.565024290063","Units"
"United Kingdom","Real effective exchange rate (REER), Index (2010=100) Adjusted by relative consumer prices","Annual","1995","103.9397096056772","Units"
"United Kingdom","Real effective exchange rate (REER), Index (2010=100) Adjusted by relative consumer prices","Annual","1996","106.3166126647007","Units"
"United Kingdom","Real effective exchange rate (REER), Index (2010=100) Adjusted by relative consumer prices","Annual","1997","123.1663403606216","Units"
"United Kingdom","Real effective exchange rate (REER), Index (2010=100) Adjusted by relative consumer prices","Annual","1998","129.0896232648966","Units"
"United Kingdom","Real effective exchange rate (REER), Index (2010=100) Adjusted by relative consumer prices","Annual","1999","128.9457868685138","Units"
"United Kingdom","Real effective exchange rate (REER), Index (2010=100) Adjusted by relative consumer prices","Annual","2000","130.2565419733227","Units"
"United Kingdom","Real effective exchange rate (REER), Index (2010=100) Adjusted by relative consumer prices","Annual","2001","127.1059376692763","Units"
"United Kingdom","Real effective exchange rate (REER), Index (2010=100) Adjusted by relative consumer prices","Annual","2002","128.0045437859794","Units"
"United Kingdom","Real effective exchange rate (REER), Index (2010=100) Adjusted by relative consumer prices","Annual","2003","122.7822796090822","Units"
"United Kingdom","Real effective exchange rate (REER), Index (2010=100) Adjusted by relative consumer prices","Annual","2004","127.5506376278688","Units"
"United Kingdom","Real effective exchange rate (REER), Index (2010=100) Adjusted by relative consumer prices","Annual","2005","125.2519770564712","Units"
"United Kingdom","Real effective exchange rate (REER), Index (2010=100) Adjusted by relative consumer prices","Annual","2006","125.9880797496983","Units"
"United Kingdom","Real effective exchange rate (REER), Index (2010=100) Adjusted by relative consumer prices","Annual","2007","128.1229624983179","Units"
"United Kingdom","Real effective exchange rate (REER), Index (2010=100) Adjusted by relative consumer prices","Annual","2008","111.6003910382042","Units"
"United Kingdom","Real effective exchange rate (REER), Index (2010=100) Adjusted by relative consumer prices","Annual","2009","100.1393993861794","Units"
"United Kingdom","Real effective exchange rate (REER), Index (2010=100) Adjusted by relative consumer prices","Annual","2010","100","Units"
"United Kingdom","Real effective exchange rate (REER), Index (2010=100) Adjusted by relative consumer prices","Annual","2011","99.91152652617358","Units"
"United Kingdom","Real effective exchange rate (REER), Index (2010=100) Adjusted by relative consumer prices","Annual","2012","103.536511292287","Units"
"United Kingdom","Real effective exchange rate (REER), Index (2010=100) Adjusted by relative consumer prices","Annual","2013","102.1410194214183","Units"
"United Kingdom","Real effective exchange rate (REER), Index (2010=100) Adjusted by relative consumer prices","Annual","2014","108.7513692926492","Units"
"United Kingdom","Real effective exchange rate (REER), Index (2010=100) Adjusted by relative consumer prices","Annual","2015","113.7248327884149","Units"
"United Kingdom","Real effective exchange rate (REER), Index (2010=100) Adjusted by relative consumer prices","Annual","2016","102.4801981960168","Units"
"United Kingdom","Real effective exchange rate (REER), Index (2010=100) Adjusted by relative consumer prices","Annual","2017","97.29441681575025","Units"
"United Kingdom","Real effective exchange rate (REER), Index (2010=100) Adjusted by relative consumer prices","Annual","2018","98.98661949363267","Units"
"United Kingdom","Real effective exchange rate (REER), Index (2010=100) Adjusted by relative consumer prices","Annual","2019","98.51100737636225","Units"
"United Kingdom","Real effective exchange rate (REER), Index (2010=100) Adjusted by relative consumer prices","Annual","2020","98.70174390845667","Units"
"United Kingdom","Real effective exchange rate (REER), Index (2010=100) Adjusted by relative consumer prices","Annual","2021","102.5719067255638","Units"
"United Kingdom","Real effective exchange rate (REER), Index (2010=100) Adjusted by relative consumer prices","Annual","2022","101.1615884365646","Units"
"United Kingdom","Real effective exchange rate (REER), Index (2010=100) Adjusted by relative consumer prices","Annual","2023","103.8384040488593","Units"
"United Kingdom","Real effective exchange rate (REER), Index (2010=100) Adjusted by relative consumer prices","Annual","2024","108.3018356906802","Units"
"United Kingdom","Real effective exchange rate (REER), Index (2010=100) Adjusted by relative consumer prices","Annual","2025","110.6356349945369","Units"
"Uganda","Real effective exchange rate (REER), Index (2010=100) Adjusted by relative consumer prices","Annual","1980","2203.312478216127","Units"
"Uganda","Real effective exchange rate (REER), Index (2010=100) Adjusted by relative consumer prices","Annual","1981","1564.819989539164","Units"
"Uganda","Real effective exchange rate (REER), Index (2010=100) Adjusted by relative consumer prices","Annual","1982","543.0322512971217","Units"
"Uganda","Real effective exchange rate (REER), Index (2010=100) Adjusted by relative consumer prices","Annual","1983","429.6467158135178","Units"
"Uganda","Real effective exchange rate (REER), Index (2010=100) Adjusted by relative consumer prices","Annual","1984","293.5428913613399","Units"
"Uganda","Real effective exchange rate (REER), Index (2010=100) Adjusted by relative consumer prices","Annual","1985","384.4718507860308","Units"
"Uganda","Real effective exchange rate (REER), Index (2010=100) Adjusted by relative consumer prices","Annual","1986","401.2387469150465","Units"
"Uganda","Real effective exchange rate (REER), Index (2010=100) Adjusted by relative consumer prices","Annual","1987","511.9557047337869","Units"
"Uganda","Real effective exchange rate (REER), Index (2010=100) Adjusted by relative consumer prices","Annual","1988","470.5473446028626","Units"
"Uganda","Real effective exchange rate (REER), Index (2010=100) Adjusted by relative consumer prices","Annual","1989","384.9745494235798","Units"
"Uganda","Real effective exchange rate (REER), Index (2010=100) Adjusted by relative consumer prices","Annual","1990","245.1312344820962","Units"
"Uganda","Real effective exchange rate (REER), Index (2010=100) Adjusted by relative consumer prices","Annual","1991","180.0034549012819","Units"
"Uganda","Real effective exchange rate (REER), Index (2010=100) Adjusted by relative consumer prices","Annual","1992","120.2107921115522","Units"
"Uganda","Real effective exchange rate (REER), Index (2010=100) Adjusted by relative consumer prices","Annual","1993","118.7248180599419","Units"
"Uganda","Real effective exchange rate (REER), Index (2010=100) Adjusted by relative consumer prices","Annual","1994","148.6255651552238","Units"
"Uganda","Real effective exchange rate (REER), Index (2010=100) Adjusted by relative consumer prices","Annual","1995","145.3158301572801","Units"
"Uganda","Real effective exchange rate (REER), Index (2010=100) Adjusted by relative consumer prices","Annual","1996","145.5466177438133","Units"
"Uganda","Real effective exchange rate (REER), Index (2010=100) Adjusted by relative consumer prices","Annual","1997","152.5287024843898","Units"
"Uganda","Real effective exchange rate (REER), Index (2010=100) Adjusted by relative consumer prices","Annual","1998","135.6250927729989","Units"
"Uganda","Real effective exchange rate (REER), Index (2010=100) Adjusted by relative consumer prices","Annual","1999","123.4362924099601","Units"
"Uganda","Real effective exchange rate (REER), Index (2010=100) Adjusted by relative consumer prices","Annual","2000","117.0101629443952","Units"
"Uganda","Real effective exchange rate (REER), Index (2010=100) Adjusted by relative consumer prices","Annual","2001","114.139127588885","Units"
"Uganda","Real effective exchange rate (REER), Index (2010=100) Adjusted by relative consumer prices","Annual","2002","109.2236585865486","Units"
"Uganda","Real effective exchange rate (REER), Index (2010=100) Adjusted by relative consumer prices","Annual","2003","95.85543691485692","Units"
"Uganda","Real effective exchange rate (REER), Index (2010=100) Adjusted by relative consumer prices","Annual","2004","99.42031060762208","Units"
"Uganda","Real effective exchange rate (REER), Index (2010=100) Adjusted by relative consumer prices","Annual","2005","104.1448140597623","Units"
"Uganda","Real effective exchange rate (REER), Index (2010=100) Adjusted by relative consumer prices","Annual","2006","104.3471352541688","Units"
"Uganda","Real effective exchange rate (REER), Index (2010=100) Adjusted by relative consumer prices","Annual","2007","107.9338545518548","Units"
"Uganda","Real effective exchange rate (REER), Index (2010=100) Adjusted by relative consumer prices","Annual","2008","111.2867567790861","Units"
"Uganda","Real effective exchange rate (REER), Index (2010=100) Adjusted by relative consumer prices","Annual","2009","108.3530843572668","Units"
"Uganda","Real effective exchange rate (REER), Index (2010=100) Adjusted by relative consumer prices","Annual","2010","99.99999999999992","Units"
"Uganda","Real effective exchange rate (REER), Index (2010=100) Adjusted by relative consumer prices","Annual","2011","94.10404959503067","Units"
"Uganda","Real effective exchange rate (REER), Index (2010=100) Adjusted by relative consumer prices","Annual","2012","104.9581830568407","Units"
"Uganda","Real effective exchange rate (REER), Index (2010=100) Adjusted by relative consumer prices","Annual","2013","106.0146083394433","Units"
"Uganda","Real effective exchange rate (REER), Index (2010=100) Adjusted by relative consumer prices","Annual","2014","107.7168157171002","Units"
"Uganda","Real effective exchange rate (REER), Index (2010=100) Adjusted by relative consumer prices","Annual","2015","101.2140384172899","Units"
"Uganda","Real effective exchange rate (REER), Index (2010=100) Adjusted by relative consumer prices","Annual","2016","98.00474721533142","Units"
"Uganda","Real effective exchange rate (REER), Index (2010=100) Adjusted by relative consumer prices","Annual","2017","95.53296160126608","Units"
"Uganda","Real effective exchange rate (REER), Index (2010=100) Adjusted by relative consumer prices","Annual","2018","92.12696231422333","Units"
"Uganda","Real effective exchange rate (REER), Index (2010=100) Adjusted by relative consumer prices","Annual","2019","95.4711639898355","Units"
"Uganda","Real effective exchange rate (REER), Index (2010=100) Adjusted by relative consumer prices","Annual","2020","97.20829448480083","Units"
"Uganda","Real effective exchange rate (REER), Index (2010=100) Adjusted by relative consumer prices","Annual","2021","98.70847075946533","Units"
"Uganda","Real effective exchange rate (REER), Index (2010=100) Adjusted by relative consumer prices","Annual","2022","102.8347233233313","Units"
"Uganda","Real effective exchange rate (REER), Index (2010=100) Adjusted by relative consumer prices","Annual","2023","107.6976704085219","Units"
"Uganda","Real effective exchange rate (REER), Index (2010=100) Adjusted by relative consumer prices","Annual","2024","110.2375769004314","Units"
"Uganda","Real effective exchange rate (REER), Index (2010=100) Adjusted by relative consumer prices","Annual","2025","116.301131927873","Units"
"Mexico","Real effective exchange rate (REER), Index (2010=100) Adjusted by relative consumer prices","Annual","1980","120.8197487282391","Units"
"Mexico","Real effective exchange rate (REER), Index (2010=100) Adjusted by relative consumer prices","Annual","1981","137.4687157713937","Units"
"Mexico","Real effective exchange rate (REER), Index (2010=100) Adjusted by relative consumer prices","Annual","1982","98.6795396251575","Units"
"Mexico","Real effective exchange rate (REER), Index (2010=100) Adjusted by relative consumer prices","Annual","1983","86.96473087412167","Units"
"Mexico","Real effective exchange rate (REER), Index (2010=100) Adjusted by relative consumer prices","Annual","1984","101.8700290433079","Units"
"Mexico","Real effective exchange rate (REER), Index (2010=100) Adjusted by relative consumer prices","Annual","1985","104.7141400077268","Units"
"Mexico","Real effective exchange rate (REER), Index (2010=100) Adjusted by relative consumer prices","Annual","1986","73.13063763097262","Units"
"Mexico","Real effective exchange rate (REER), Index (2010=100) Adjusted by relative consumer prices","Annual","1987","67.34954971882948","Units"
"Mexico","Real effective exchange rate (REER), Index (2010=100) Adjusted by relative consumer prices","Annual","1988","83.600194872998","Units"
"Mexico","Real effective exchange rate (REER), Index (2010=100) Adjusted by relative consumer prices","Annual","1989","89.7356295141555","Units"
"Mexico","Real effective exchange rate (REER), Index (2010=100) Adjusted by relative consumer prices","Annual","1990","91.92317538318083","Units"
"Mexico","Real effective exchange rate (REER), Index (2010=100) Adjusted by relative consumer prices","Annual","1991","100.767645400903","Units"
"Mexico","Real effective exchange rate (REER), Index (2010=100) Adjusted by relative consumer prices","Annual","1992","108.9665443587758","Units"
"Mexico","Real effective exchange rate (REER), Index (2010=100) Adjusted by relative consumer prices","Annual","1993","117.1646505648238","Units"
"Mexico","Real effective exchange rate (REER), Index (2010=100) Adjusted by relative consumer prices","Annual","1994","112.381130108138","Units"
"Mexico","Real effective exchange rate (REER), Index (2010=100) Adjusted by relative consumer prices","Annual","1995","75.51416801466222","Units"
"Mexico","Real effective exchange rate (REER), Index (2010=100) Adjusted by relative consumer prices","Annual","1996","84.77106134887083","Units"
"Mexico","Real effective exchange rate (REER), Index (2010=100) Adjusted by relative consumer prices","Annual","1997","97.60362566886833","Units"
"Mexico","Real effective exchange rate (REER), Index (2010=100) Adjusted by relative consumer prices","Annual","1998","98.38457194481675","Units"
"Mexico","Real effective exchange rate (REER), Index (2010=100) Adjusted by relative consumer prices","Annual","1999","106.7840256299988","Units"
"Mexico","Real effective exchange rate (REER), Index (2010=100) Adjusted by relative consumer prices","Annual","2000","115.5533999924985","Units"
"Mexico","Real effective exchange rate (REER), Index (2010=100) Adjusted by relative consumer prices","Annual","2001","123.0286471709875","Units"
"Mexico","Real effective exchange rate (REER), Index (2010=100) Adjusted by relative consumer prices","Annual","2002","123.0606376660749","Units"
"Mexico","Real effective exchange rate (REER), Index (2010=100) Adjusted by relative consumer prices","Annual","2003","110.1973729647738","Units"
"Mexico","Real effective exchange rate (REER), Index (2010=100) Adjusted by relative consumer prices","Annual","2004","105.9688099083852","Units"
"Mexico","Real effective exchange rate (REER), Index (2010=100) Adjusted by relative consumer prices","Annual","2005","109.7935401125957","Units"
"Mexico","Real effective exchange rate (REER), Index (2010=100) Adjusted by relative consumer prices","Annual","2006","109.8946716469602","Units"
"Mexico","Real effective exchange rate (REER), Index (2010=100) Adjusted by relative consumer prices","Annual","2007","108.3631214125208","Units"
"Mexico","Real effective exchange rate (REER), Index (2010=100) Adjusted by relative consumer prices","Annual","2008","106.0633184651708","Units"
"Mexico","Real effective exchange rate (REER), Index (2010=100) Adjusted by relative consumer prices","Annual","2009","92.76977873307533","Units"
"Mexico","Real effective exchange rate (REER), Index (2010=100) Adjusted by relative consumer prices","Annual","2010","100","Units"
"Mexico","Real effective exchange rate (REER), Index (2010=100) Adjusted by relative consumer prices","Annual","2011","99.84848954268808","Units"
"Mexico","Real effective exchange rate (REER), Index (2010=100) Adjusted by relative consumer prices","Annual","2012","96.68203149012933","Units"
"Mexico","Real effective exchange rate (REER), Index (2010=100) Adjusted by relative consumer prices","Annual","2013","102.3043859282022","Units"
"Mexico","Real effective exchange rate (REER), Index (2010=100) Adjusted by relative consumer prices","Annual","2014","101.2076512333592","Units"
"Mexico","Real effective exchange rate (REER), Index (2010=100) Adjusted by relative consumer prices","Annual","2015","90.6826161290595","Units"
"Mexico","Real effective exchange rate (REER), Index (2010=100) Adjusted by relative consumer prices","Annual","2016","79.05897905182995","Units"
"Mexico","Real effective exchange rate (REER), Index (2010=100) Adjusted by relative consumer prices","Annual","2017","81.01619728341848","Units"
"Mexico","Real effective exchange rate (REER), Index (2010=100) Adjusted by relative consumer prices","Annual","2018","80.97120954755192","Units"
"Mexico","Real effective exchange rate (REER), Index (2010=100) Adjusted by relative consumer prices","Annual","2019","83.58897236170267","Units"
"Mexico","Real effective exchange rate (REER), Index (2010=100) Adjusted by relative consumer prices","Annual","2020","77.14491143326682","Units"
"Mexico","Real effective exchange rate (REER), Index (2010=100) Adjusted by relative consumer prices","Annual","2021","81.69688462801834","Units"
"Mexico","Real effective exchange rate (REER), Index (2010=100) Adjusted by relative consumer prices","Annual","2022","86.02014394728042","Units"
"Mexico","Real effective exchange rate (REER), Index (2010=100) Adjusted by relative consumer prices","Annual","2023","100.0981321667529","Units"
"Mexico","Real effective exchange rate (REER), Index (2010=100) Adjusted by relative consumer prices","Annual","2024","100.2793275360652","Units"
"Mexico","Real effective exchange rate (REER), Index (2010=100) Adjusted by relative consumer prices","Annual","2025","96.13813471613558","Units"
"Cyprus","Real effective exchange rate (REER), Index (2010=100) Adjusted by relative consumer prices","Annual","1980","111.6095416058058","Units"
"Cyprus","Real effective exchange rate (REER), Index (2010=100) Adjusted by relative consumer prices","Annual","1981","107.8447983519663","Units"
"Cyprus","Real effective exchange rate (REER), Index (2010=100) Adjusted by relative consumer prices","Annual","1982","105.3259867055702","Units"
"Cyprus","Real effective exchange rate (REER), Index (2010=100) Adjusted by relative consumer prices","Annual","1983","103.0922409400748","Units"
"Cyprus","Real effective exchange rate (REER), Index (2010=100) Adjusted by relative consumer prices","Annual","1984","102.1360903390948","Units"
"Cyprus","Real effective exchange rate (REER), Index (2010=100) Adjusted by relative consumer prices","Annual","1985","102.3070715772762","Units"
"Cyprus","Real effective exchange rate (REER), Index (2010=100) Adjusted by relative consumer prices","Annual","1986","98.20951571437417","Units"
"Cyprus","Real effective exchange rate (REER), Index (2010=100) Adjusted by relative consumer prices","Annual","1987","93.28627383812633","Units"
"Cyprus","Real effective exchange rate (REER), Index (2010=100) Adjusted by relative consumer prices","Annual","1988","92.43645827245883","Units"
"Cyprus","Real effective exchange rate (REER), Index (2010=100) Adjusted by relative consumer prices","Annual","1989","90.68489132162292","Units"
"Cyprus","Real effective exchange rate (REER), Index (2010=100) Adjusted by relative consumer prices","Annual","1990","89.12394017419208","Units"
"Cyprus","Real effective exchange rate (REER), Index (2010=100) Adjusted by relative consumer prices","Annual","1991","88.69598412483133","Units"
"Cyprus","Real effective exchange rate (REER), Index (2010=100) Adjusted by relative consumer prices","Annual","1992","91.554636166482","Units"
"Cyprus","Real effective exchange rate (REER), Index (2010=100) Adjusted by relative consumer prices","Annual","1993","91.30246503118367","Units"
"Cyprus","Real effective exchange rate (REER), Index (2010=100) Adjusted by relative consumer prices","Annual","1994","93.60076167547108","Units"
"Cyprus","Real effective exchange rate (REER), Index (2010=100) Adjusted by relative consumer prices","Annual","1995","94.72044393503625","Units"
"Cyprus","Real effective exchange rate (REER), Index (2010=100) Adjusted by relative consumer prices","Annual","1996","93.7882787889155","Units"
"Cyprus","Real effective exchange rate (REER), Index (2010=100) Adjusted by relative consumer prices","Annual","1997","92.22083018928017","Units"
"Cyprus","Real effective exchange rate (REER), Index (2010=100) Adjusted by relative consumer prices","Annual","1998","95.66544608672442","Units"
"Cyprus","Real effective exchange rate (REER), Index (2010=100) Adjusted by relative consumer prices","Annual","1999","93.76814046653833","Units"
"Cyprus","Real effective exchange rate (REER), Index (2010=100) Adjusted by relative consumer prices","Annual","2000","91.14641013818992","Units"
"Cyprus","Real effective exchange rate (REER), Index (2010=100) Adjusted by relative consumer prices","Annual","2001","92.1081837441305","Units"
"Cyprus","Real effective exchange rate (REER), Index (2010=100) Adjusted by relative consumer prices","Annual","2002","94.899432785659","Units"
"Cyprus","Real effective exchange rate (REER), Index (2010=100) Adjusted by relative consumer prices","Annual","2003","101.5185192316573","Units"
"Cyprus","Real effective exchange rate (REER), Index (2010=100) Adjusted by relative consumer prices","Annual","2004","103.0206969089912","Units"
"Cyprus","Real effective exchange rate (REER), Index (2010=100) Adjusted by relative consumer prices","Annual","2005","102.3784515063868","Units"
"Cyprus","Real effective exchange rate (REER), Index (2010=100) Adjusted by relative consumer prices","Annual","2006","101.7331668467589","Units"
"Cyprus","Real effective exchange rate (REER), Index (2010=100) Adjusted by relative consumer prices","Annual","2007","100.9419227434759","Units"
"Cyprus","Real effective exchange rate (REER), Index (2010=100) Adjusted by relative consumer prices","Annual","2008","103.7612978558862","Units"
"Cyprus","Real effective exchange rate (REER), Index (2010=100) Adjusted by relative consumer prices","Annual","2009","104.6770964047952","Units"
"Cyprus","Real effective exchange rate (REER), Index (2010=100) Adjusted by relative consumer prices","Annual","2010","100","Units"
"Cyprus","Real effective exchange rate (REER), Index (2010=100) Adjusted by relative consumer prices","Annual","2011","100.0573476199116","Units"
"Cyprus","Real effective exchange rate (REER), Index (2010=100) Adjusted by relative consumer prices","Annual","2012","97.37315840139992","Units"
"Cyprus","Real effective exchange rate (REER), Index (2010=100) Adjusted by relative consumer prices","Annual","2013","97.381756282124","Units"
"Cyprus","Real effective exchange rate (REER), Index (2010=100) Adjusted by relative consumer prices","Annual","2014","96.5927235945975","Units"
"Cyprus","Real effective exchange rate (REER), Index (2010=100) Adjusted by relative consumer prices","Annual","2015","88.18635182112083","Units"
"Cyprus","Real effective exchange rate (REER), Index (2010=100) Adjusted by relative consumer prices","Annual","2016","87.44874145004692","Units"
"Cyprus","Real effective exchange rate (REER), Index (2010=100) Adjusted by relative consumer prices","Annual","2017","87.52907523522367","Units"
"Cyprus","Real effective exchange rate (REER), Index (2010=100) Adjusted by relative consumer prices","Annual","2018","89.19966472306267","Units"
"Cyprus","Real effective exchange rate (REER), Index (2010=100) Adjusted by relative consumer prices","Annual","2019","87.43130939966708","Units"
"Cyprus","Real effective exchange rate (REER), Index (2010=100) Adjusted by relative consumer prices","Annual","2020","87.58345461226483","Units"
"Cyprus","Real effective exchange rate (REER), Index (2010=100) Adjusted by relative consumer prices","Annual","2021","87.67462917991392","Units"
"Cyprus","Real effective exchange rate (REER), Index (2010=100) Adjusted by relative consumer prices","Annual","2022","86.55350380870108","Units"
"Cyprus","Real effective exchange rate (REER), Index (2010=100) Adjusted by relative consumer prices","Annual","2023","88.16329831108383","Units"
"Cyprus","Real effective exchange rate (REER), Index (2010=100) Adjusted by relative consumer prices","Annual","2024","88.04895142933567","Units"
"Cyprus","Real effective exchange rate (REER), Index (2010=100) Adjusted by relative consumer prices","Annual","2025","87.53833065345425","Units"
"China, People's Republic of","Real effective exchange rate (REER), Index (2010=100) Adjusted by relative consumer prices","Annual","1980","270.0781187789521","Units"
"China, People's Republic of","Real effective exchange rate (REER), Index (2010=100) Adjusted by relative consumer prices","Annual","1981","242.9862078117527","Units"
"China, People's Republic of","Real effective exchange rate (REER), Index (2010=100) Adjusted by relative consumer prices","Annual","1982","231.9510939671814","Units"
"China, People's Republic of","Real effective exchange rate (REER), Index (2010=100) Adjusted by relative consumer prices","Annual","1983","227.8894343890742","Units"
"China, People's Republic of","Real effective exchange rate (REER), Index (2010=100) Adjusted by relative consumer prices","Annual","1984","203.2601263501182","Units"
"China, People's Republic of","Real effective exchange rate (REER), Index (2010=100) Adjusted by relative consumer prices","Annual","1985","171.7734099297004","Units"
"China, People's Republic of","Real effective exchange rate (REER), Index (2010=100) Adjusted by relative consumer prices","Annual","1986","123.5557857913712","Units"
"China, People's Republic of","Real effective exchange rate (REER), Index (2010=100) Adjusted by relative consumer prices","Annual","1987","106.6896273700831","Units"
"China, People's Republic of","Real effective exchange rate (REER), Index (2010=100) Adjusted by relative consumer prices","Annual","1988","116.9257029971735","Units"
"China, People's Republic of","Real effective exchange rate (REER), Index (2010=100) Adjusted by relative consumer prices","Annual","1989","136.3046683073773","Units"
"China, People's Republic of","Real effective exchange rate (REER), Index (2010=100) Adjusted by relative consumer prices","Annual","1990","100.4734780751903","Units"
"China, People's Republic of","Real effective exchange rate (REER), Index (2010=100) Adjusted by relative consumer prices","Annual","1991","88.19224599273508","Units"
"China, People's Republic of","Real effective exchange rate (REER), Index (2010=100) Adjusted by relative consumer prices","Annual","1992","84.25665417614992","Units"
"China, People's Republic of","Real effective exchange rate (REER), Index (2010=100) Adjusted by relative consumer prices","Annual","1993","89.5077341103215","Units"
"China, People's Republic of","Real effective exchange rate (REER), Index (2010=100) Adjusted by relative consumer prices","Annual","1994","70.21429867135391","Units"
"China, People's Republic of","Real effective exchange rate (REER), Index (2010=100) Adjusted by relative consumer prices","Annual","1995","78.2290568937085","Units"
"China, People's Republic of","Real effective exchange rate (REER), Index (2010=100) Adjusted by relative consumer prices","Annual","1996","86.03231968559017","Units"
"China, People's Republic of","Real effective exchange rate (REER), Index (2010=100) Adjusted by relative consumer prices","Annual","1997","92.64066982174392","Units"
"China, People's Republic of","Real effective exchange rate (REER), Index (2010=100) Adjusted by relative consumer prices","Annual","1998","97.4851224058525","Units"
"China, People's Republic of","Real effective exchange rate (REER), Index (2010=100) Adjusted by relative consumer prices","Annual","1999","92.18265487369283","Units"
"China, People's Republic of","Real effective exchange rate (REER), Index (2010=100) Adjusted by relative consumer prices","Annual","2000","92.16757361175075","Units"
"China, People's Republic of","Real effective exchange rate (REER), Index (2010=100) Adjusted by relative consumer prices","Annual","2001","96.09717949230792","Units"
"China, People's Republic of","Real effective exchange rate (REER), Index (2010=100) Adjusted by relative consumer prices","Annual","2002","93.99415391772517","Units"
"China, People's Republic of","Real effective exchange rate (REER), Index (2010=100) Adjusted by relative consumer prices","Annual","2003","88.02050286185408","Units"
"China, People's Republic of","Real effective exchange rate (REER), Index (2010=100) Adjusted by relative consumer prices","Annual","2004","85.60484250818975","Units"
"China, People's Republic of","Real effective exchange rate (REER), Index (2010=100) Adjusted by relative consumer prices","Annual","2005","84.70657144923767","Units"
"China, People's Republic of","Real effective exchange rate (REER), Index (2010=100) Adjusted by relative consumer prices","Annual","2006","86.03378303576683","Units"
"China, People's Republic of","Real effective exchange rate (REER), Index (2010=100) Adjusted by relative consumer prices","Annual","2007","89.18855500760333","Units"
"China, People's Republic of","Real effective exchange rate (REER), Index (2010=100) Adjusted by relative consumer prices","Annual","2008","96.8298183671465","Units"
"China, People's Republic of","Real effective exchange rate (REER), Index (2010=100) Adjusted by relative consumer prices","Annual","2009","100.8832136338758","Units"
"China, People's Republic of","Real effective exchange rate (REER), Index (2010=100) Adjusted by relative consumer prices","Annual","2010","100","Units"
"China, People's Republic of","Real effective exchange rate (REER), Index (2010=100) Adjusted by relative consumer prices","Annual","2011","102.8408243297857","Units"
"China, People's Republic of","Real effective exchange rate (REER), Index (2010=100) Adjusted by relative consumer prices","Annual","2012","108.8870026474736","Units"
"China, People's Republic of","Real effective exchange rate (REER), Index (2010=100) Adjusted by relative consumer prices","Annual","2013","114.810442117821","Units"
"China, People's Republic of","Real effective exchange rate (REER), Index (2010=100) Adjusted by relative consumer prices","Annual","2014","118.4349343443374","Units"
"China, People's Republic of","Real effective exchange rate (REER), Index (2010=100) Adjusted by relative consumer prices","Annual","2015","129.9572034781656","Units"
"China, People's Republic of","Real effective exchange rate (REER), Index (2010=100) Adjusted by relative consumer prices","Annual","2016","123.7990229419594","Units"
"China, People's Republic of","Real effective exchange rate (REER), Index (2010=100) Adjusted by relative consumer prices","Annual","2017","120.2080139805434","Units"
"China, People's Republic of","Real effective exchange rate (REER), Index (2010=100) Adjusted by relative consumer prices","Annual","2018","121.6795713831689","Units"
"China, People's Republic of","Real effective exchange rate (REER), Index (2010=100) Adjusted by relative consumer prices","Annual","2019","120.9573503613696","Units"
"China, People's Republic of","Real effective exchange rate (REER), Index (2010=100) Adjusted by relative consumer prices","Annual","2020","123.4076355251066","Units"
"China, People's Republic of","Real effective exchange rate (REER), Index (2010=100) Adjusted by relative consumer prices","Annual","2021","127.2224297138559","Units"
"China, People's Republic of","Real effective exchange rate (REER), Index (2010=100) Adjusted by relative consumer prices","Annual","2022","125.8617931129145","Units"
"China, People's Republic of","Real effective exchange rate (REER), Index (2010=100) Adjusted by relative consumer prices","Annual","2023","115.8821343772053","Units"
"China, People's Republic of","Real effective exchange rate (REER), Index (2010=100) Adjusted by relative consumer prices","Annual","2024","113.0190941663818","Units"
"China, People's Republic of","Real effective exchange rate (REER), Index (2010=100) Adjusted by relative consumer prices","Annual","2025","109.0185494053318","Units"
"Zambia","Real effective exchange rate (REER), Index (2010=100) Adjusted by relative consumer prices","Annual","1988","50.12392190911359","Units"
"Zambia","Real effective exchange rate (REER), Index (2010=100) Adjusted by relative consumer prices","Annual","1989","64.84180010914311","Units"
"Zambia","Real effective exchange rate (REER), Index (2010=100) Adjusted by relative consumer prices","Annual","1990","53.15455580531802","Units"
"Zambia","Real effective exchange rate (REER), Index (2010=100) Adjusted by relative consumer prices","Annual","1991","49.07086746165236","Units"
"Zambia","Real effective exchange rate (REER), Index (2010=100) Adjusted by relative consumer prices","Annual","1992","46.75113054126924","Units"
"Zambia","Real effective exchange rate (REER), Index (2010=100) Adjusted by relative consumer prices","Annual","1993","53.06529111550397","Units"
"Zambia","Real effective exchange rate (REER), Index (2010=100) Adjusted by relative consumer prices","Annual","1994","51.00914941899616","Units"
"Zambia","Real effective exchange rate (REER), Index (2010=100) Adjusted by relative consumer prices","Annual","1995","48.93780652102475","Units"
"Zambia","Real effective exchange rate (REER), Index (2010=100) Adjusted by relative consumer prices","Annual","1996","53.52873062799511","Units"
"Zambia","Real effective exchange rate (REER), Index (2010=100) Adjusted by relative consumer prices","Annual","1997","61.95867707779685","Units"
"Zambia","Real effective exchange rate (REER), Index (2010=100) Adjusted by relative consumer prices","Annual","1998","57.82744525791922","Units"
"Zambia","Real effective exchange rate (REER), Index (2010=100) Adjusted by relative consumer prices","Annual","1999","57.96394864849056","Units"
"Zambia","Real effective exchange rate (REER), Index (2010=100) Adjusted by relative consumer prices","Annual","2000","59.49675728980069","Units"
"Zambia","Real effective exchange rate (REER), Index (2010=100) Adjusted by relative consumer prices","Annual","2001","68.04605507065282","Units"
"Zambia","Real effective exchange rate (REER), Index (2010=100) Adjusted by relative consumer prices","Annual","2002","69.75964147898829","Units"
"Zambia","Real effective exchange rate (REER), Index (2010=100) Adjusted by relative consumer prices","Annual","2003","61.73487880036618","Units"
"Zambia","Real effective exchange rate (REER), Index (2010=100) Adjusted by relative consumer prices","Annual","2004","64.94713647803492","Units"
"Zambia","Real effective exchange rate (REER), Index (2010=100) Adjusted by relative consumer prices","Annual","2005","80.21649184481409","Units"
"Zambia","Real effective exchange rate (REER), Index (2010=100) Adjusted by relative consumer prices","Annual","2006","105.3567133365432","Units"
"Zambia","Real effective exchange rate (REER), Index (2010=100) Adjusted by relative consumer prices","Annual","2007","97.472036797964","Units"
"Zambia","Real effective exchange rate (REER), Index (2010=100) Adjusted by relative consumer prices","Annual","2008","112.477806799088","Units"
"Zambia","Real effective exchange rate (REER), Index (2010=100) Adjusted by relative consumer prices","Annual","2009","95.43994586507017","Units"
"Zambia","Real effective exchange rate (REER), Index (2010=100) Adjusted by relative consumer prices","Annual","2010","100","Units"
"Zambia","Real effective exchange rate (REER), Index (2010=100) Adjusted by relative consumer prices","Annual","2011","97.29640058670892","Units"
"Zambia","Real effective exchange rate (REER), Index (2010=100) Adjusted by relative consumer prices","Annual","2012","99.93763347002492","Units"
"Zambia","Real effective exchange rate (REER), Index (2010=100) Adjusted by relative consumer prices","Annual","2013","103.1948844134739","Units"
"Zambia","Real effective exchange rate (REER), Index (2010=100) Adjusted by relative consumer prices","Annual","2014","98.51817168680175","Units"
"Zambia","Real effective exchange rate (REER), Index (2010=100) Adjusted by relative consumer prices","Annual","2015","86.67800172778508","Units"
"Zambia","Real effective exchange rate (REER), Index (2010=100) Adjusted by relative consumer prices","Annual","2016","85.64226327206417","Units"
"Zambia","Real effective exchange rate (REER), Index (2010=100) Adjusted by relative consumer prices","Annual","2017","94.18388575674667","Units"
"Zambia","Real effective exchange rate (REER), Index (2010=100) Adjusted by relative consumer prices","Annual","2018","88.43559123051892","Units"
"Zambia","Real effective exchange rate (REER), Index (2010=100) Adjusted by relative consumer prices","Annual","2019","79.68017485641992","Units"
"Zambia","Real effective exchange rate (REER), Index (2010=100) Adjusted by relative consumer prices","Annual","2020","66.35940517099589","Units"
"Zambia","Real effective exchange rate (REER), Index (2010=100) Adjusted by relative consumer prices","Annual","2021","69.72403980926682","Units"
"Zambia","Real effective exchange rate (REER), Index (2010=100) Adjusted by relative consumer prices","Annual","2022","90.8787000856765","Units"
"Zambia","Real effective exchange rate (REER), Index (2010=100) Adjusted by relative consumer prices","Annual","2023","84.4676744021485","Units"
"Zambia","Real effective exchange rate (REER), Index (2010=100) Adjusted by relative consumer prices","Annual","2024","73.24206252731991","Units"
"Zambia","Real effective exchange rate (REER), Index (2010=100) Adjusted by relative consumer prices","Annual","2025","83.31216647499937","Units"
"United States","Real effective exchange rate (REER), Index (2010=100) Adjusted by relative consumer prices","Annual","1980","105.855086723633","Units"
"United States","Real effective exchange rate (REER), Index (2010=100) Adjusted by relative consumer prices","Annual","1981","116.9335106102268","Units"
"United States","Real effective exchange rate (REER), Index (2010=100) Adjusted by relative consumer prices","Annual","1982","130.8897933828211","Units"
"United States","Real effective exchange rate (REER), Index (2010=100) Adjusted by relative consumer prices","Annual","1983","136.9948987526499","Units"
"United States","Real effective exchange rate (REER), Index (2010=100) Adjusted by relative consumer prices","Annual","1984","145.5271803378986","Units"
"United States","Real effective exchange rate (REER), Index (2010=100) Adjusted by relative consumer prices","Annual","1985","150.1872012445847","Units"
"United States","Real effective exchange rate (REER), Index (2010=100) Adjusted by relative consumer prices","Annual","1986","125.7288295595989","Units"
"United States","Real effective exchange rate (REER), Index (2010=100) Adjusted by relative consumer prices","Annual","1987","113.1454904049617","Units"
"United States","Real effective exchange rate (REER), Index (2010=100) Adjusted by relative consumer prices","Annual","1988","107.1587073723058","Units"
"United States","Real effective exchange rate (REER), Index (2010=100) Adjusted by relative consumer prices","Annual","1989","110.9660756749066","Units"
"United States","Real effective exchange rate (REER), Index (2010=100) Adjusted by relative consumer prices","Annual","1990","105.7296502482768","Units"
"United States","Real effective exchange rate (REER), Index (2010=100) Adjusted by relative consumer prices","Annual","1991","104.232438647154","Units"
"United States","Real effective exchange rate (REER), Index (2010=100) Adjusted by relative consumer prices","Annual","1992","101.5022227998162","Units"
"United States","Real effective exchange rate (REER), Index (2010=100) Adjusted by relative consumer prices","Annual","1993","104.3697502851728","Units"
"United States","Real effective exchange rate (REER), Index (2010=100) Adjusted by relative consumer prices","Annual","1994","103.9036469398276","Units"
"United States","Real effective exchange rate (REER), Index (2010=100) Adjusted by relative consumer prices","Annual","1995","100.4573757188687","Units"
"United States","Real effective exchange rate (REER), Index (2010=100) Adjusted by relative consumer prices","Annual","1996","103.5484601233104","Units"
"United States","Real effective exchange rate (REER), Index (2010=100) Adjusted by relative consumer prices","Annual","1997","108.6244102158873","Units"
"United States","Real effective exchange rate (REER), Index (2010=100) Adjusted by relative consumer prices","Annual","1998","116.3097556537513","Units"
"United States","Real effective exchange rate (REER), Index (2010=100) Adjusted by relative consumer prices","Annual","1999","115.1753302562593","Units"
"United States","Real effective exchange rate (REER), Index (2010=100) Adjusted by relative consumer prices","Annual","2000","118.9693639310922","Units"
"United States","Real effective exchange rate (REER), Index (2010=100) Adjusted by relative consumer prices","Annual","2001","125.6365638568957","Units"
"United States","Real effective exchange rate (REER), Index (2010=100) Adjusted by relative consumer prices","Annual","2002","125.4233355119249","Units"
"United States","Real effective exchange rate (REER), Index (2010=100) Adjusted by relative consumer prices","Annual","2003","117.7010528276441","Units"
"United States","Real effective exchange rate (REER), Index (2010=100) Adjusted by relative consumer prices","Annual","2004","112.2270357602049","Units"
"United States","Real effective exchange rate (REER), Index (2010=100) Adjusted by relative consumer prices","Annual","2005","110.6886086882493","Units"
"United States","Real effective exchange rate (REER), Index (2010=100) Adjusted by relative consumer prices","Annual","2006","109.7514443336289","Units"
"United States","Real effective exchange rate (REER), Index (2010=100) Adjusted by relative consumer prices","Annual","2007","104.7900084900614","Units"
"United States","Real effective exchange rate (REER), Index (2010=100) Adjusted by relative consumer prices","Annual","2008","100.3075582268007","Units"
"United States","Real effective exchange rate (REER), Index (2010=100) Adjusted by relative consumer prices","Annual","2009","104.5430214164382","Units"
"United States","Real effective exchange rate (REER), Index (2010=100) Adjusted by relative consumer prices","Annual","2010","100","Units"
"United States","Real effective exchange rate (REER), Index (2010=100) Adjusted by relative consumer prices","Annual","2011","95.08747360285742","Units"
"United States","Real effective exchange rate (REER), Index (2010=100) Adjusted by relative consumer prices","Annual","2012","97.48189363945717","Units"
"United States","Real effective exchange rate (REER), Index (2010=100) Adjusted by relative consumer prices","Annual","2013","97.6106022178745","Units"
"United States","Real effective exchange rate (REER), Index (2010=100) Adjusted by relative consumer prices","Annual","2014","99.20429571155425","Units"
"United States","Real effective exchange rate (REER), Index (2010=100) Adjusted by relative consumer prices","Annual","2015","109.8387156900296","Units"
"United States","Real effective exchange rate (REER), Index (2010=100) Adjusted by relative consumer prices","Annual","2016","114.5313703050074","Units"
"United States","Real effective exchange rate (REER), Index (2010=100) Adjusted by relative consumer prices","Annual","2017","114.3299985064012","Units"
"United States","Real effective exchange rate (REER), Index (2010=100) Adjusted by relative consumer prices","Annual","2018","113.155355254058","Units"
"United States","Real effective exchange rate (REER), Index (2010=100) Adjusted by relative consumer prices","Annual","2019","116.3415443602462","Units"
"United States","Real effective exchange rate (REER), Index (2010=100) Adjusted by relative consumer prices","Annual","2020","117.8972916189519","Units"
"United States","Real effective exchange rate (REER), Index (2010=100) Adjusted by relative consumer prices","Annual","2021","115.5746537263217","Units"
"United States","Real effective exchange rate (REER), Index (2010=100) Adjusted by relative consumer prices","Annual","2022","126.5714779310238","Units"
"United States","Real effective exchange rate (REER), Index (2010=100) Adjusted by relative consumer prices","Annual","2023","127.4530375529918","Units"
"United States","Real effective exchange rate (REER), Index (2010=100) Adjusted by relative consumer prices","Annual","2024","130.5411661353187","Units"
"United States","Real effective exchange rate (REER), Index (2010=100) Adjusted by relative consumer prices","Annual","2025","130.9820686160875","Units"
"Spain","Real effective exchange rate (REER), Index (2010=100) Adjusted by relative consumer prices","Annual","1980","93.94668537891033","Units"
"Spain","Real effective exchange rate (REER), Index (2010=100) Adjusted by relative consumer prices","Annual","1981","88.63332414958825","Units"
"Spain","Real effective exchange rate (REER), Index (2010=100) Adjusted by relative consumer prices","Annual","1982","88.45934432914992","Units"
"Spain","Real effective exchange rate (REER), Index (2010=100) Adjusted by relative consumer prices","Annual","1983","77.59883104344388","Units"
"Spain","Real effective exchange rate (REER), Index (2010=100) Adjusted by relative consumer prices","Annual","1984","79.92834874323142","Units"
"Spain","Real effective exchange rate (REER), Index (2010=100) Adjusted by relative consumer prices","Annual","1985","81.43348292139278","Units"
"Spain","Real effective exchange rate (REER), Index (2010=100) Adjusted by relative consumer prices","Annual","1986","86.63896078073075","Units"
"Spain","Real effective exchange rate (REER), Index (2010=100) Adjusted by relative consumer prices","Annual","1987","90.16928768271467","Units"
"Spain","Real effective exchange rate (REER), Index (2010=100) Adjusted by relative consumer prices","Annual","1988","94.42942064351883","Units"
"Spain","Real effective exchange rate (REER), Index (2010=100) Adjusted by relative consumer prices","Annual","1989","100.1770848404504","Units"
"Spain","Real effective exchange rate (REER), Index (2010=100) Adjusted by relative consumer prices","Annual","1990","107.1928120929614","Units"
"Spain","Real effective exchange rate (REER), Index (2010=100) Adjusted by relative consumer prices","Annual","1991","107.7979382670503","Units"
"Spain","Real effective exchange rate (REER), Index (2010=100) Adjusted by relative consumer prices","Annual","1992","107.2389880121092","Units"
"Spain","Real effective exchange rate (REER), Index (2010=100) Adjusted by relative consumer prices","Annual","1993","95.45271143270475","Units"
"Spain","Real effective exchange rate (REER), Index (2010=100) Adjusted by relative consumer prices","Annual","1994","91.0456308980925","Units"
"Spain","Real effective exchange rate (REER), Index (2010=100) Adjusted by relative consumer prices","Annual","1995","92.68558082369692","Units"
"Spain","Real effective exchange rate (REER), Index (2010=100) Adjusted by relative consumer prices","Annual","1996","94.57019161276092","Units"
"Spain","Real effective exchange rate (REER), Index (2010=100) Adjusted by relative consumer prices","Annual","1997","90.40341002234925","Units"
"Spain","Real effective exchange rate (REER), Index (2010=100) Adjusted by relative consumer prices","Annual","1998","90.89338410425975","Units"
"Spain","Real effective exchange rate (REER), Index (2010=100) Adjusted by relative consumer prices","Annual","1999","90.29189581651817","Units"
"Spain","Real effective exchange rate (REER), Index (2010=100) Adjusted by relative consumer prices","Annual","2000","88.37122452773125","Units"
"Spain","Real effective exchange rate (REER), Index (2010=100) Adjusted by relative consumer prices","Annual","2001","90.02123658275217","Units"
"Spain","Real effective exchange rate (REER), Index (2010=100) Adjusted by relative consumer prices","Annual","2002","92.09183525587333","Units"
"Spain","Real effective exchange rate (REER), Index (2010=100) Adjusted by relative consumer prices","Annual","2003","96.67002110536583","Units"
"Spain","Real effective exchange rate (REER), Index (2010=100) Adjusted by relative consumer prices","Annual","2004","98.60034904684342","Units"
"Spain","Real effective exchange rate (REER), Index (2010=100) Adjusted by relative consumer prices","Annual","2005","99.03254023371367","Units"
"Spain","Real effective exchange rate (REER), Index (2010=100) Adjusted by relative consumer prices","Annual","2006","100.3641760470824","Units"
"Spain","Real effective exchange rate (REER), Index (2010=100) Adjusted by relative consumer prices","Annual","2007","101.9310112633444","Units"
"Spain","Real effective exchange rate (REER), Index (2010=100) Adjusted by relative consumer prices","Annual","2008","103.8037085609521","Units"
"Spain","Real effective exchange rate (REER), Index (2010=100) Adjusted by relative consumer prices","Annual","2009","103.6702323874682","Units"
"Spain","Real effective exchange rate (REER), Index (2010=100) Adjusted by relative consumer prices","Annual","2010","100","Units"
"Spain","Real effective exchange rate (REER), Index (2010=100) Adjusted by relative consumer prices","Annual","2011","100.4549689679498","Units"
"Spain","Real effective exchange rate (REER), Index (2010=100) Adjusted by relative consumer prices","Annual","2012","98.065806409239","Units"
"Spain","Real effective exchange rate (REER), Index (2010=100) Adjusted by relative consumer prices","Annual","2013","99.79571706795625","Units"
"Spain","Real effective exchange rate (REER), Index (2010=100) Adjusted by relative consumer prices","Annual","2014","99.25181753515367","Units"
"Spain","Real effective exchange rate (REER), Index (2010=100) Adjusted by relative consumer prices","Annual","2015","93.84432604592058","Units"
"Spain","Real effective exchange rate (REER), Index (2010=100) Adjusted by relative consumer prices","Annual","2016","94.64542791122","Units"
"Spain","Real effective exchange rate (REER), Index (2010=100) Adjusted by relative consumer prices","Annual","2017","95.95781894416508","Units"
"Spain","Real effective exchange rate (REER), Index (2010=100) Adjusted by relative consumer prices","Annual","2018","97.81899077231333","Units"
"Spain","Real effective exchange rate (REER), Index (2010=100) Adjusted by relative consumer prices","Annual","2019","95.880087564357","Units"
"Spain","Real effective exchange rate (REER), Index (2010=100) Adjusted by relative consumer prices","Annual","2020","96.29757036226775","Units"
"Spain","Real effective exchange rate (REER), Index (2010=100) Adjusted by relative consumer prices","Annual","2021","97.25043670821517","Units"
"Spain","Real effective exchange rate (REER), Index (2010=100) Adjusted by relative consumer prices","Annual","2022","96.21590648619808","Units"
"Spain","Real effective exchange rate (REER), Index (2010=100) Adjusted by relative consumer prices","Annual","2023","96.61048216984567","Units"
"Spain","Real effective exchange rate (REER), Index (2010=100) Adjusted by relative consumer prices","Annual","2024","97.18827937693533","Units"
"Spain","Real effective exchange rate (REER), Index (2010=100) Adjusted by relative consumer prices","Annual","2025","98.88920311597658","Units"
"Pakistan","Real effective exchange rate (REER), Index (2010=100) Adjusted by relative consumer prices","Annual","1980","209.3115385505238","Units"
"Pakistan","Real effective exchange rate (REER), Index (2010=100) Adjusted by relative consumer prices","Annual","1981","237.5150166933491","Units"
"Pakistan","Real effective exchange rate (REER), Index (2010=100) Adjusted by relative consumer prices","Annual","1982","217.5584456404918","Units"
"Pakistan","Real effective exchange rate (REER), Index (2010=100) Adjusted by relative consumer prices","Annual","1983","210.0980015880876","Units"
"Pakistan","Real effective exchange rate (REER), Index (2010=100) Adjusted by relative consumer prices","Annual","1984","214.5589849535798","Units"
"Pakistan","Real effective exchange rate (REER), Index (2010=100) Adjusted by relative consumer prices","Annual","1985","200.4397888186883","Units"
"Pakistan","Real effective exchange rate (REER), Index (2010=100) Adjusted by relative consumer prices","Annual","1986","165.469733441756","Units"
"Pakistan","Real effective exchange rate (REER), Index (2010=100) Adjusted by relative consumer prices","Annual","1987","146.3375113908545","Units"
"Pakistan","Real effective exchange rate (REER), Index (2010=100) Adjusted by relative consumer prices","Annual","1988","142.4942420837617","Units"
"Pakistan","Real effective exchange rate (REER), Index (2010=100) Adjusted by relative consumer prices","Annual","1989","133.7152587990737","Units"
"Pakistan","Real effective exchange rate (REER), Index (2010=100) Adjusted by relative consumer prices","Annual","1990","126.5701878422059","Units"
"Pakistan","Real effective exchange rate (REER), Index (2010=100) Adjusted by relative consumer prices","Annual","1991","123.8348607089662","Units"
"Pakistan","Real effective exchange rate (REER), Index (2010=100) Adjusted by relative consumer prices","Annual","1992","121.2850819972705","Units"
"Pakistan","Real effective exchange rate (REER), Index (2010=100) Adjusted by relative consumer prices","Annual","1993","119.5593210258115","Units"
"Pakistan","Real effective exchange rate (REER), Index (2010=100) Adjusted by relative consumer prices","Annual","1994","118.8681603919582","Units"
"Pakistan","Real effective exchange rate (REER), Index (2010=100) Adjusted by relative consumer prices","Annual","1995","118.1002806767988","Units"
"Pakistan","Real effective exchange rate (REER), Index (2010=100) Adjusted by relative consumer prices","Annual","1996","115.0479360918863","Units"
"Pakistan","Real effective exchange rate (REER), Index (2010=100) Adjusted by relative consumer prices","Annual","1997","116.6818970710026","Units"
"Pakistan","Real effective exchange rate (REER), Index (2010=100) Adjusted by relative consumer prices","Annual","1998","118.2606853015351","Units"
"Pakistan","Real effective exchange rate (REER), Index (2010=100) Adjusted by relative consumer prices","Annual","1999","109.3925544300025","Units"
"Pakistan","Real effective exchange rate (REER), Index (2010=100) Adjusted by relative consumer prices","Annual","2000","107.422784852461","Units"
"Pakistan","Real effective exchange rate (REER), Index (2010=100) Adjusted by relative consumer prices","Annual","2001","97.55905213338933","Units"
"Pakistan","Real effective exchange rate (REER), Index (2010=100) Adjusted by relative consumer prices","Annual","2002","101.156867517057","Units"
"Pakistan","Real effective exchange rate (REER), Index (2010=100) Adjusted by relative consumer prices","Annual","2003","98.5603551070805","Units"
"Pakistan","Real effective exchange rate (REER), Index (2010=100) Adjusted by relative consumer prices","Annual","2004","97.87799290056967","Units"
"Pakistan","Real effective exchange rate (REER), Index (2010=100) Adjusted by relative consumer prices","Annual","2005","100.8533483349128","Units"
"Pakistan","Real effective exchange rate (REER), Index (2010=100) Adjusted by relative consumer prices","Annual","2006","103.6446160260105","Units"
"Pakistan","Real effective exchange rate (REER), Index (2010=100) Adjusted by relative consumer prices","Annual","2007","102.2402620162802","Units"
"Pakistan","Real effective exchange rate (REER), Index (2010=100) Adjusted by relative consumer prices","Annual","2008","97.26963864650275","Units"
"Pakistan","Real effective exchange rate (REER), Index (2010=100) Adjusted by relative consumer prices","Annual","2009","96.33845852899708","Units"
"Pakistan","Real effective exchange rate (REER), Index (2010=100) Adjusted by relative consumer prices","Annual","2010","100","Units"
"Pakistan","Real effective exchange rate (REER), Index (2010=100) Adjusted by relative consumer prices","Annual","2011","102.4966603452175","Units"
"Pakistan","Real effective exchange rate (REER), Index (2010=100) Adjusted by relative consumer prices","Annual","2012","103.8929867066931","Units"
"Pakistan","Real effective exchange rate (REER), Index (2010=100) Adjusted by relative consumer prices","Annual","2013","100.9122587026015","Units"
"Pakistan","Real effective exchange rate (REER), Index (2010=100) Adjusted by relative consumer prices","Annual","2014","107.7918659357619","Units"
"Pakistan","Real effective exchange rate (REER), Index (2010=100) Adjusted by relative consumer prices","Annual","2015","115.8632754529776","Units"
"Pakistan","Real effective exchange rate (REER), Index (2010=100) Adjusted by relative consumer prices","Annual","2016","119.5376566199342","Units"
"Pakistan","Real effective exchange rate (REER), Index (2010=100) Adjusted by relative consumer prices","Annual","2017","121.5400866904063","Units"
"Pakistan","Real effective exchange rate (REER), Index (2010=100) Adjusted by relative consumer prices","Annual","2018","106.9912425592614","Units"
"Pakistan","Real effective exchange rate (REER), Index (2010=100) Adjusted by relative consumer prices","Annual","2019","97.09074987757242","Units"
"Pakistan","Real effective exchange rate (REER), Index (2010=100) Adjusted by relative consumer prices","Annual","2020","97.405942159417","Units"
"Pakistan","Real effective exchange rate (REER), Index (2010=100) Adjusted by relative consumer prices","Annual","2021","100.1469813184241","Units"
"Pakistan","Real effective exchange rate (REER), Index (2010=100) Adjusted by relative consumer prices","Annual","2022","96.93749752772233","Units"
"Pakistan","Real effective exchange rate (REER), Index (2010=100) Adjusted by relative consumer prices","Annual","2023","91.27924725467308","Units"
"Pakistan","Real effective exchange rate (REER), Index (2010=100) Adjusted by relative consumer prices","Annual","2024","102.4069855900332","Units"
"Pakistan","Real effective exchange rate (REER), Index (2010=100) Adjusted by relative consumer prices","Annual","2025","101.8444515409817","Units"
"Gambia, The","Real effective exchange rate (REER), Index (2010=100) Adjusted by relative consumer prices","Annual","1980","270.3750793618813","Units"
"Gambia, The","Real effective exchange rate (REER), Index (2010=100) Adjusted by relative consumer prices","Annual","1981","259.0139697465485","Units"
"Gambia, The","Real effective exchange rate (REER), Index (2010=100) Adjusted by relative consumer prices","Annual","1982","260.2571809644533","Units"
"Gambia, The","Real effective exchange rate (REER), Index (2010=100) Adjusted by relative consumer prices","Annual","1983","262.2934047447987","Units"
"Gambia, The","Real effective exchange rate (REER), Index (2010=100) Adjusted by relative consumer prices","Annual","1984","249.2435333044938","Units"
"Gambia, The","Real effective exchange rate (REER), Index (2010=100) Adjusted by relative consumer prices","Annual","1985","267.3257161787252","Units"
"Gambia, The","Real effective exchange rate (REER), Index (2010=100) Adjusted by relative consumer prices","Annual","1986","192.1252550196358","Units"
"Gambia, The","Real effective exchange rate (REER), Index (2010=100) Adjusted by relative consumer prices","Annual","1987","202.5448710685203","Units"
"Gambia, The","Real effective exchange rate (REER), Index (2010=100) Adjusted by relative consumer prices","Annual","1988","222.6537168721053","Units"
"Gambia, The","Real effective exchange rate (REER), Index (2010=100) Adjusted by relative consumer prices","Annual","1989","215.2518559246385","Units"
"Gambia, The","Real effective exchange rate (REER), Index (2010=100) Adjusted by relative consumer prices","Annual","1990","205.5321740777368","Units"
"Gambia, The","Real effective exchange rate (REER), Index (2010=100) Adjusted by relative consumer prices","Annual","1991","197.4592930088728","Units"
"Gambia, The","Real effective exchange rate (REER), Index (2010=100) Adjusted by relative consumer prices","Annual","1992","198.8778091090722","Units"
"Gambia, The","Real effective exchange rate (REER), Index (2010=100) Adjusted by relative consumer prices","Annual","1993","212.3917339127158","Units"
"Gambia, The","Real effective exchange rate (REER), Index (2010=100) Adjusted by relative consumer prices","Annual","1994","201.3267326490742","Units"
"Gambia, The","Real effective exchange rate (REER), Index (2010=100) Adjusted by relative consumer prices","Annual","1995","195.1412246939467","Units"
"Gambia, The","Real effective exchange rate (REER), Index (2010=100) Adjusted by relative consumer prices","Annual","1996","191.6221611096652","Units"
"Gambia, The","Real effective exchange rate (REER), Index (2010=100) Adjusted by relative consumer prices","Annual","1997","197.6779298214043","Units"
"Gambia, The","Real effective exchange rate (REER), Index (2010=100) Adjusted by relative consumer prices","Annual","1998","196.6026044583537","Units"
"Gambia, The","Real effective exchange rate (REER), Index (2010=100) Adjusted by relative consumer prices","Annual","1999","192.0427037739602","Units"
"Gambia, The","Real effective exchange rate (REER), Index (2010=100) Adjusted by relative consumer prices","Annual","2000","183.5772368217086","Units"
"Gambia, The","Real effective exchange rate (REER), Index (2010=100) Adjusted by relative consumer prices","Annual","2001","158.5350778376529","Units"
"Gambia, The","Real effective exchange rate (REER), Index (2010=100) Adjusted by relative consumer prices","Annual","2002","131.5890046813127","Units"
"Gambia, The","Real effective exchange rate (REER), Index (2010=100) Adjusted by relative consumer prices","Annual","2003","95.25174858163925","Units"
"Gambia, The","Real effective exchange rate (REER), Index (2010=100) Adjusted by relative consumer prices","Annual","2004","93.78873039145425","Units"
"Gambia, The","Real effective exchange rate (REER), Index (2010=100) Adjusted by relative consumer prices","Annual","2005","99.65897863543983","Units"
"Gambia, The","Real effective exchange rate (REER), Index (2010=100) Adjusted by relative consumer prices","Annual","2006","99.18228181953625","Units"
"Gambia, The","Real effective exchange rate (REER), Index (2010=100) Adjusted by relative consumer prices","Annual","2007","107.5304489732696","Units"
"Gambia, The","Real effective exchange rate (REER), Index (2010=100) Adjusted by relative consumer prices","Annual","2008","113.7254995981677","Units"
"Gambia, The","Real effective exchange rate (REER), Index (2010=100) Adjusted by relative consumer prices","Annual","2009","102.7766936623104","Units"
"Gambia, The","Real effective exchange rate (REER), Index (2010=100) Adjusted by relative consumer prices","Annual","2010","100","Units"
"Gambia, The","Real effective exchange rate (REER), Index (2010=100) Adjusted by relative consumer prices","Annual","2011","92.53199355938717","Units"
"Gambia, The","Real effective exchange rate (REER), Index (2010=100) Adjusted by relative consumer prices","Annual","2012","89.04995207860092","Units"
"Gambia, The","Real effective exchange rate (REER), Index (2010=100) Adjusted by relative consumer prices","Annual","2013","81.48377090582902","Units"
"Gambia, The","Real effective exchange rate (REER), Index (2010=100) Adjusted by relative consumer prices","Annual","2014","73.59149712682141","Units"
"Gambia, The","Real effective exchange rate (REER), Index (2010=100) Adjusted by relative consumer prices","Annual","2015","72.69606780763699","Units"
"Gambia, The","Real effective exchange rate (REER), Index (2010=100) Adjusted by relative consumer prices","Annual","2016","88.0813180763025","Units"
"Gambia, The","Real effective exchange rate (REER), Index (2010=100) Adjusted by relative consumer prices","Annual","2017","89.57812317034533","Units"
"Gambia, The","Real effective exchange rate (REER), Index (2010=100) Adjusted by relative consumer prices","Annual","2018","88.817042032861","Units"
"Gambia, The","Real effective exchange rate (REER), Index (2010=100) Adjusted by relative consumer prices","Annual","2019","93.36385760379725","Units"
"Gambia, The","Real effective exchange rate (REER), Index (2010=100) Adjusted by relative consumer prices","Annual","2020","95.43359004320367","Units"
"Gambia, The","Real effective exchange rate (REER), Index (2010=100) Adjusted by relative consumer prices","Annual","2021","96.88161606414425","Units"
"Gambia, The","Real effective exchange rate (REER), Index (2010=100) Adjusted by relative consumer prices","Annual","2022","102.7835875216472","Units"
"Gambia, The","Real effective exchange rate (REER), Index (2010=100) Adjusted by relative consumer prices","Annual","2023","104.9657304288407","Units"
"Gambia, The","Real effective exchange rate (REER), Index (2010=100) Adjusted by relative consumer prices","Annual","2024","103.6676795393153","Units"
"Gambia, The","Real effective exchange rate (REER), Index (2010=100) Adjusted by relative consumer prices","Annual","2025","102.0753676922473","Units"
"Tunisia","Real effective exchange rate (REER), Index (2010=100) Adjusted by relative consumer prices","Annual","1979","226.8033806052914","Units"
"Tunisia","Real effective exchange rate (REER), Index (2010=100) Adjusted by relative consumer prices","Annual","1980","221.0636975051231","Units"
"Tunisia","Real effective exchange rate (REER), Index (2010=100) Adjusted by relative consumer prices","Annual","1981","221.0954646830366","Units"
"Tunisia","Real effective exchange rate (REER), Index (2010=100) Adjusted by relative consumer prices","Annual","1982","220.0271420467874","Units"
"Tunisia","Real effective exchange rate (REER), Index (2010=100) Adjusted by relative consumer prices","Annual","1983","217.5027769987626","Units"
"Tunisia","Real effective exchange rate (REER), Index (2010=100) Adjusted by relative consumer prices","Annual","1984","217.4674603499207","Units"
"Tunisia","Real effective exchange rate (REER), Index (2010=100) Adjusted by relative consumer prices","Annual","1985","215.0008382474521","Units"
"Tunisia","Real effective exchange rate (REER), Index (2010=100) Adjusted by relative consumer prices","Annual","1986","184.564751434805","Units"
"Tunisia","Real effective exchange rate (REER), Index (2010=100) Adjusted by relative consumer prices","Annual","1987","147.8291919743189","Units"
"Tunisia","Real effective exchange rate (REER), Index (2010=100) Adjusted by relative consumer prices","Annual","1988","132.8746848440233","Units"
"Tunisia","Real effective exchange rate (REER), Index (2010=100) Adjusted by relative consumer prices","Annual","1989","131.1810644169527","Units"
"Tunisia","Real effective exchange rate (REER), Index (2010=100) Adjusted by relative consumer prices","Annual","1990","127.8710340912323","Units"
"Tunisia","Real effective exchange rate (REER), Index (2010=100) Adjusted by relative consumer prices","Annual","1991","130.45653962463","Units"
"Tunisia","Real effective exchange rate (REER), Index (2010=100) Adjusted by relative consumer prices","Annual","1992","133.124638768571","Units"
"Tunisia","Real effective exchange rate (REER), Index (2010=100) Adjusted by relative consumer prices","Annual","1993","128.0970697314622","Units"
"Tunisia","Real effective exchange rate (REER), Index (2010=100) Adjusted by relative consumer prices","Annual","1994","129.1396215673993","Units"
"Tunisia","Real effective exchange rate (REER), Index (2010=100) Adjusted by relative consumer prices","Annual","1995","131.8082057219436","Units"
"Tunisia","Real effective exchange rate (REER), Index (2010=100) Adjusted by relative consumer prices","Annual","1996","131.9911776304042","Units"
"Tunisia","Real effective exchange rate (REER), Index (2010=100) Adjusted by relative consumer prices","Annual","1997","131.3767476605254","Units"
"Tunisia","Real effective exchange rate (REER), Index (2010=100) Adjusted by relative consumer prices","Annual","1998","131.7230496358758","Units"
"Tunisia","Real effective exchange rate (REER), Index (2010=100) Adjusted by relative consumer prices","Annual","1999","132.7032208911658","Units"
"Tunisia","Real effective exchange rate (REER), Index (2010=100) Adjusted by relative consumer prices","Annual","2000","131.0190766570467","Units"
"Tunisia","Real effective exchange rate (REER), Index (2010=100) Adjusted by relative consumer prices","Annual","2001","128.9730202978461","Units"
"Tunisia","Real effective exchange rate (REER), Index (2010=100) Adjusted by relative consumer prices","Annual","2002","127.5339178927119","Units"
"Tunisia","Real effective exchange rate (REER), Index (2010=100) Adjusted by relative consumer prices","Annual","2003","121.3102009588782","Units"
"Tunisia","Real effective exchange rate (REER), Index (2010=100) Adjusted by relative consumer prices","Annual","2004","116.7482580610918","Units"
"Tunisia","Real effective exchange rate (REER), Index (2010=100) Adjusted by relative consumer prices","Annual","2005","111.0604912993802","Units"
"Tunisia","Real effective exchange rate (REER), Index (2010=100) Adjusted by relative consumer prices","Annual","2006","108.2898937855232","Units"
"Tunisia","Real effective exchange rate (REER), Index (2010=100) Adjusted by relative consumer prices","Annual","2007","104.6230410642484","Units"
"Tunisia","Real effective exchange rate (REER), Index (2010=100) Adjusted by relative consumer prices","Annual","2008","103.3306271018445","Units"
"Tunisia","Real effective exchange rate (REER), Index (2010=100) Adjusted by relative consumer prices","Annual","2009","102.5199972247523","Units"
"Tunisia","Real effective exchange rate (REER), Index (2010=100) Adjusted by relative consumer prices","Annual","2010","100.0000000000001","Units"
"Tunisia","Real effective exchange rate (REER), Index (2010=100) Adjusted by relative consumer prices","Annual","2011","97.7994085790285","Units"
"Tunisia","Real effective exchange rate (REER), Index (2010=100) Adjusted by relative consumer prices","Annual","2012","96.38125151634817","Units"
"Tunisia","Real effective exchange rate (REER), Index (2010=100) Adjusted by relative consumer prices","Annual","2013","93.54523724831208","Units"
"Tunisia","Real effective exchange rate (REER), Index (2010=100) Adjusted by relative consumer prices","Annual","2014","93.47994682810908","Units"
"Tunisia","Real effective exchange rate (REER), Index (2010=100) Adjusted by relative consumer prices","Annual","2015","97.49275565330408","Units"
"Tunisia","Real effective exchange rate (REER), Index (2010=100) Adjusted by relative consumer prices","Annual","2016","92.4990441373995","Units"
"Tunisia","Real effective exchange rate (REER), Index (2010=100) Adjusted by relative consumer prices","Annual","2017","84.40256624226242","Units"
"Tunisia","Real effective exchange rate (REER), Index (2010=100) Adjusted by relative consumer prices","Annual","2018","79.22455049143002","Units"
"Tunisia","Real effective exchange rate (REER), Index (2010=100) Adjusted by relative consumer prices","Annual","2019","78.38389204059529","Units"
"Tunisia","Real effective exchange rate (REER), Index (2010=100) Adjusted by relative consumer prices","Annual","2020","85.19905818809875","Units"
"Tunisia","Real effective exchange rate (REER), Index (2010=100) Adjusted by relative consumer prices","Annual","2021","85.84013515950708","Units"
"Tunisia","Real effective exchange rate (REER), Index (2010=100) Adjusted by relative consumer prices","Annual","2022","86.42315680692833","Units"
"Tunisia","Real effective exchange rate (REER), Index (2010=100) Adjusted by relative consumer prices","Annual","2023","88.563880002124","Units"
"Tunisia","Real effective exchange rate (REER), Index (2010=100) Adjusted by relative consumer prices","Annual","2024","93.21577688939367","Units"
"Tunisia","Real effective exchange rate (REER), Index (2010=100) Adjusted by relative consumer prices","Annual","2025","96.64306535485667","Units"
"Malaysia","Real effective exchange rate (REER), Index (2010=100) Adjusted by relative consumer prices","Annual","1979","163.8118261548245","Units"
"Malaysia","Real effective exchange rate (REER), Index (2010=100) Adjusted by relative consumer prices","Annual","1980","157.9346996438705","Units"
"Malaysia","Real effective exchange rate (REER), Index (2010=100) Adjusted by relative consumer prices","Annual","1981","158.7141231324445","Units"
"Malaysia","Real effective exchange rate (REER), Index (2010=100) Adjusted by relative consumer prices","Annual","1982","168.7576566265771","Units"
"Malaysia","Real effective exchange rate (REER), Index (2010=100) Adjusted by relative consumer prices","Annual","1983","176.7144281869012","Units"
"Malaysia","Real effective exchange rate (REER), Index (2010=100) Adjusted by relative consumer prices","Annual","1984","183.6003935638638","Units"
"Malaysia","Real effective exchange rate (REER), Index (2010=100) Adjusted by relative consumer prices","Annual","1985","174.4698030339105","Units"
"Malaysia","Real effective exchange rate (REER), Index (2010=100) Adjusted by relative consumer prices","Annual","1986","146.4835998178873","Units"
"Malaysia","Real effective exchange rate (REER), Index (2010=100) Adjusted by relative consumer prices","Annual","1987","138.8556624190908","Units"
"Malaysia","Real effective exchange rate (REER), Index (2010=100) Adjusted by relative consumer prices","Annual","1988","126.2328798647952","Units"
"Malaysia","Real effective exchange rate (REER), Index (2010=100) Adjusted by relative consumer prices","Annual","1989","124.0804171741231","Units"
"Malaysia","Real effective exchange rate (REER), Index (2010=100) Adjusted by relative consumer prices","Annual","1990","118.8190866007945","Units"
"Malaysia","Real effective exchange rate (REER), Index (2010=100) Adjusted by relative consumer prices","Annual","1991","115.3666303206744","Units"
"Malaysia","Real effective exchange rate (REER), Index (2010=100) Adjusted by relative consumer prices","Annual","1992","122.8274075499842","Units"
"Malaysia","Real effective exchange rate (REER), Index (2010=100) Adjusted by relative consumer prices","Annual","1993","123.3908405395804","Units"
"Malaysia","Real effective exchange rate (REER), Index (2010=100) Adjusted by relative consumer prices","Annual","1994","119.5796033785689","Units"
"Malaysia","Real effective exchange rate (REER), Index (2010=100) Adjusted by relative consumer prices","Annual","1995","119.7684387700942","Units"
"Malaysia","Real effective exchange rate (REER), Index (2010=100) Adjusted by relative consumer prices","Annual","1996","124.3757266056917","Units"
"Malaysia","Real effective exchange rate (REER), Index (2010=100) Adjusted by relative consumer prices","Annual","1997","120.1602145258212","Units"
"Malaysia","Real effective exchange rate (REER), Index (2010=100) Adjusted by relative consumer prices","Annual","1998","95.78927735655208","Units"
"Malaysia","Real effective exchange rate (REER), Index (2010=100) Adjusted by relative consumer prices","Annual","1999","96.63464336481542","Units"
"Malaysia","Real effective exchange rate (REER), Index (2010=100) Adjusted by relative consumer prices","Annual","2000","97.75474471620375","Units"
"Malaysia","Real effective exchange rate (REER), Index (2010=100) Adjusted by relative consumer prices","Annual","2001","102.4756419740024","Units"
"Malaysia","Real effective exchange rate (REER), Index (2010=100) Adjusted by relative consumer prices","Annual","2002","102.7335212512175","Units"
"Malaysia","Real effective exchange rate (REER), Index (2010=100) Adjusted by relative consumer prices","Annual","2003","97.45543653277833","Units"
"Malaysia","Real effective exchange rate (REER), Index (2010=100) Adjusted by relative consumer prices","Annual","2004","93.2415148157855","Units"
"Malaysia","Real effective exchange rate (REER), Index (2010=100) Adjusted by relative consumer prices","Annual","2005","93.11342074615233","Units"
"Malaysia","Real effective exchange rate (REER), Index (2010=100) Adjusted by relative consumer prices","Annual","2006","96.06877039957408","Units"
"Malaysia","Real effective exchange rate (REER), Index (2010=100) Adjusted by relative consumer prices","Annual","2007","97.967577532324","Units"
"Malaysia","Real effective exchange rate (REER), Index (2010=100) Adjusted by relative consumer prices","Annual","2008","97.6211584396645","Units"
"Malaysia","Real effective exchange rate (REER), Index (2010=100) Adjusted by relative consumer prices","Annual","2009","94.703809378747","Units"
"Malaysia","Real effective exchange rate (REER), Index (2010=100) Adjusted by relative consumer prices","Annual","2010","100.0000000000001","Units"
"Malaysia","Real effective exchange rate (REER), Index (2010=100) Adjusted by relative consumer prices","Annual","2011","99.9373215126385","Units"
"Malaysia","Real effective exchange rate (REER), Index (2010=100) Adjusted by relative consumer prices","Annual","2012","99.64714749172517","Units"
"Malaysia","Real effective exchange rate (REER), Index (2010=100) Adjusted by relative consumer prices","Annual","2013","99.0621547971495","Units"
"Malaysia","Real effective exchange rate (REER), Index (2010=100) Adjusted by relative consumer prices","Annual","2014","97.9306113754225","Units"
"Malaysia","Real effective exchange rate (REER), Index (2010=100) Adjusted by relative consumer prices","Annual","2015","89.38725703315875","Units"
"Malaysia","Real effective exchange rate (REER), Index (2010=100) Adjusted by relative consumer prices","Annual","2016","86.38795349089292","Units"
"Malaysia","Real effective exchange rate (REER), Index (2010=100) Adjusted by relative consumer prices","Annual","2017","84.98291456887125","Units"
"Malaysia","Real effective exchange rate (REER), Index (2010=100) Adjusted by relative consumer prices","Annual","2018","88.47433186100608","Units"
"Malaysia","Real effective exchange rate (REER), Index (2010=100) Adjusted by relative consumer prices","Annual","2019","87.23535281974342","Units"
"Malaysia","Real effective exchange rate (REER), Index (2010=100) Adjusted by relative consumer prices","Annual","2020","84.15233314441708","Units"
"Malaysia","Real effective exchange rate (REER), Index (2010=100) Adjusted by relative consumer prices","Annual","2021","83.10612939718498","Units"
"Malaysia","Real effective exchange rate (REER), Index (2010=100) Adjusted by relative consumer prices","Annual","2022","81.91647719616855","Units"
"Malaysia","Real effective exchange rate (REER), Index (2010=100) Adjusted by relative consumer prices","Annual","2023","79.87557329724356","Units"
"Malaysia","Real effective exchange rate (REER), Index (2010=100) Adjusted by relative consumer prices","Annual","2024","80.82229588897421","Units"
"Malaysia","Real effective exchange rate (REER), Index (2010=100) Adjusted by relative consumer prices","Annual","2025","85.25731785853608","Units"
"Bahamas, The","Real effective exchange rate (REER), Index (2010=100) Adjusted by relative consumer prices","Annual","1980","101.1198873217993","Units"
"Bahamas, The","Real effective exchange rate (REER), Index (2010=100) Adjusted by relative consumer prices","Annual","1981","106.2625044187211","Units"
"Bahamas, The","Real effective exchange rate (REER), Index (2010=100) Adjusted by relative consumer prices","Annual","1982","109.1699808512022","Units"
"Bahamas, The","Real effective exchange rate (REER), Index (2010=100) Adjusted by relative consumer prices","Annual","1983","112.4348232293974","Units"
"Bahamas, The","Real effective exchange rate (REER), Index (2010=100) Adjusted by relative consumer prices","Annual","1984","115.6591227751701","Units"
"Bahamas, The","Real effective exchange rate (REER), Index (2010=100) Adjusted by relative consumer prices","Annual","1985","118.1236003826588","Units"
"Bahamas, The","Real effective exchange rate (REER), Index (2010=100) Adjusted by relative consumer prices","Annual","1986","114.2836195954444","Units"
"Bahamas, The","Real effective exchange rate (REER), Index (2010=100) Adjusted by relative consumer prices","Annual","1987","111.9078026686434","Units"
"Bahamas, The","Real effective exchange rate (REER), Index (2010=100) Adjusted by relative consumer prices","Annual","1988","110.6925154786088","Units"
"Bahamas, The","Real effective exchange rate (REER), Index (2010=100) Adjusted by relative consumer prices","Annual","1989","112.7978159960237","Units"
"Bahamas, The","Real effective exchange rate (REER), Index (2010=100) Adjusted by relative consumer prices","Annual","1990","109.3823196790306","Units"
"Bahamas, The","Real effective exchange rate (REER), Index (2010=100) Adjusted by relative consumer prices","Annual","1991","112.7689708921905","Units"
"Bahamas, The","Real effective exchange rate (REER), Index (2010=100) Adjusted by relative consumer prices","Annual","1992","115.6397206278375","Units"
"Bahamas, The","Real effective exchange rate (REER), Index (2010=100) Adjusted by relative consumer prices","Annual","1993","118.1632060857787","Units"
"Bahamas, The","Real effective exchange rate (REER), Index (2010=100) Adjusted by relative consumer prices","Annual","1994","113.5445792203972","Units"
"Bahamas, The","Real effective exchange rate (REER), Index (2010=100) Adjusted by relative consumer prices","Annual","1995","106.8994607941616","Units"
"Bahamas, The","Real effective exchange rate (REER), Index (2010=100) Adjusted by relative consumer prices","Annual","1996","107.2267120670399","Units"
"Bahamas, The","Real effective exchange rate (REER), Index (2010=100) Adjusted by relative consumer prices","Annual","1997","111.7160288797706","Units"
"Bahamas, The","Real effective exchange rate (REER), Index (2010=100) Adjusted by relative consumer prices","Annual","1998","118.0567279691469","Units"
"Bahamas, The","Real effective exchange rate (REER), Index (2010=100) Adjusted by relative consumer prices","Annual","1999","115.2096120350343","Units"
"Bahamas, The","Real effective exchange rate (REER), Index (2010=100) Adjusted by relative consumer prices","Annual","2000","117.1047014119792","Units"
"Bahamas, The","Real effective exchange rate (REER), Index (2010=100) Adjusted by relative consumer prices","Annual","2001","120.4932853243693","Units"
"Bahamas, The","Real effective exchange rate (REER), Index (2010=100) Adjusted by relative consumer prices","Annual","2002","119.0907328071781","Units"
"Bahamas, The","Real effective exchange rate (REER), Index (2010=100) Adjusted by relative consumer prices","Annual","2003","113.0380232469602","Units"
"Bahamas, The","Real effective exchange rate (REER), Index (2010=100) Adjusted by relative consumer prices","Annual","2004","105.9762432817408","Units"
"Bahamas, The","Real effective exchange rate (REER), Index (2010=100) Adjusted by relative consumer prices","Annual","2005","102.0528949189892","Units"
"Bahamas, The","Real effective exchange rate (REER), Index (2010=100) Adjusted by relative consumer prices","Annual","2006","101.0696834997779","Units"
"Bahamas, The","Real effective exchange rate (REER), Index (2010=100) Adjusted by relative consumer prices","Annual","2007","99.41751130005358","Units"
"Bahamas, The","Real effective exchange rate (REER), Index (2010=100) Adjusted by relative consumer prices","Annual","2008","98.4056318162025","Units"
"Bahamas, The","Real effective exchange rate (REER), Index (2010=100) Adjusted by relative consumer prices","Annual","2009","101.0854423152585","Units"
"Bahamas, The","Real effective exchange rate (REER), Index (2010=100) Adjusted by relative consumer prices","Annual","2010","99.99999999999992","Units"
"Bahamas, The","Real effective exchange rate (REER), Index (2010=100) Adjusted by relative consumer prices","Annual","2011","99.33989918400467","Units"
"Bahamas, The","Real effective exchange rate (REER), Index (2010=100) Adjusted by relative consumer prices","Annual","2012","99.26589354309917","Units"
"Bahamas, The","Real effective exchange rate (REER), Index (2010=100) Adjusted by relative consumer prices","Annual","2013","98.70429909736158","Units"
"Bahamas, The","Real effective exchange rate (REER), Index (2010=100) Adjusted by relative consumer prices","Annual","2014","99.03011559635508","Units"
"Bahamas, The","Real effective exchange rate (REER), Index (2010=100) Adjusted by relative consumer prices","Annual","2015","102.2596584149556","Units"
"Bahamas, The","Real effective exchange rate (REER), Index (2010=100) Adjusted by relative consumer prices","Annual","2016","101.2831378659764","Units"
"Bahamas, The","Real effective exchange rate (REER), Index (2010=100) Adjusted by relative consumer prices","Annual","2017","100.8627271631399","Units"
"Bahamas, The","Real effective exchange rate (REER), Index (2010=100) Adjusted by relative consumer prices","Annual","2018","100.4819995475705","Units"
"Bahamas, The","Real effective exchange rate (REER), Index (2010=100) Adjusted by relative consumer prices","Annual","2019","102.1063014422059","Units"
"Bahamas, The","Real effective exchange rate (REER), Index (2010=100) Adjusted by relative consumer prices","Annual","2020","101.4754613932878","Units"
"Bahamas, The","Real effective exchange rate (REER), Index (2010=100) Adjusted by relative consumer prices","Annual","2021","99.7866342762785","Units"
"Bahamas, The","Real effective exchange rate (REER), Index (2010=100) Adjusted by relative consumer prices","Annual","2022","99.11281625225908","Units"
"Bahamas, The","Real effective exchange rate (REER), Index (2010=100) Adjusted by relative consumer prices","Annual","2023","98.65353623523508","Units"
"Bahamas, The","Real effective exchange rate (REER), Index (2010=100) Adjusted by relative consumer prices","Annual","2024","96.288121406257","Units"
"Bahamas, The","Real effective exchange rate (REER), Index (2010=100) Adjusted by relative consumer prices","Annual","2025","94.26757433317775","Units"
"Ghana","Real effective exchange rate (REER), Index (2010=100) Adjusted by relative consumer prices","Annual","1980","662.9959431272949","Units"
"Ghana","Real effective exchange rate (REER), Index (2010=100) Adjusted by relative consumer prices","Annual","1981","1480.923485449902","Units"
"Ghana","Real effective exchange rate (REER), Index (2010=100) Adjusted by relative consumer prices","Annual","1982","1849.521622283816","Units"
"Ghana","Real effective exchange rate (REER), Index (2010=100) Adjusted by relative consumer prices","Annual","1983","3050.799784872229","Units"
"Ghana","Real effective exchange rate (REER), Index (2010=100) Adjusted by relative consumer prices","Annual","1984","483.7083247454277","Units"
"Ghana","Real effective exchange rate (REER), Index (2010=100) Adjusted by relative consumer prices","Annual","1985","350.8691676028065","Units"
"Ghana","Real effective exchange rate (REER), Index (2010=100) Adjusted by relative consumer prices","Annual","1986","221.9146759878706","Units"
"Ghana","Real effective exchange rate (REER), Index (2010=100) Adjusted by relative consumer prices","Annual","1987","164.6553500578518","Units"
"Ghana","Real effective exchange rate (REER), Index (2010=100) Adjusted by relative consumer prices","Annual","1988","151.4989679428322","Units"
"Ghana","Real effective exchange rate (REER), Index (2010=100) Adjusted by relative consumer prices","Annual","1989","141.9059491957814","Units"
"Ghana","Real effective exchange rate (REER), Index (2010=100) Adjusted by relative consumer prices","Annual","1990","141.4459843746857","Units"
"Ghana","Real effective exchange rate (REER), Index (2010=100) Adjusted by relative consumer prices","Annual","1991","143.7710855634263","Units"
"Ghana","Real effective exchange rate (REER), Index (2010=100) Adjusted by relative consumer prices","Annual","1992","126.502307547765","Units"
"Ghana","Real effective exchange rate (REER), Index (2010=100) Adjusted by relative consumer prices","Annual","1993","110.3023217405972","Units"
"Ghana","Real effective exchange rate (REER), Index (2010=100) Adjusted by relative consumer prices","Annual","1994","89.406097867568","Units"
"Ghana","Real effective exchange rate (REER), Index (2010=100) Adjusted by relative consumer prices","Annual","1995","103.5249590776069","Units"
"Ghana","Real effective exchange rate (REER), Index (2010=100) Adjusted by relative consumer prices","Annual","1996","112.3666644604286","Units"
"Ghana","Real effective exchange rate (REER), Index (2010=100) Adjusted by relative consumer prices","Annual","1997","119.9362448854864","Units"
"Ghana","Real effective exchange rate (REER), Index (2010=100) Adjusted by relative consumer prices","Annual","1998","127.7781440697948","Units"
"Ghana","Real effective exchange rate (REER), Index (2010=100) Adjusted by relative consumer prices","Annual","1999","117.3373150029754","Units"
"Ghana","Real effective exchange rate (REER), Index (2010=100) Adjusted by relative consumer prices","Annual","2000","85.63617811081308","Units"
"Ghana","Real effective exchange rate (REER), Index (2010=100) Adjusted by relative consumer prices","Annual","2001","92.8411838310395","Units"
"Ghana","Real effective exchange rate (REER), Index (2010=100) Adjusted by relative consumer prices","Annual","2002","88.15088220488608","Units"
"Ghana","Real effective exchange rate (REER), Index (2010=100) Adjusted by relative consumer prices","Annual","2003","90.73752256989217","Units"
"Ghana","Real effective exchange rate (REER), Index (2010=100) Adjusted by relative consumer prices","Annual","2004","93.97022681222083","Units"
"Ghana","Real effective exchange rate (REER), Index (2010=100) Adjusted by relative consumer prices","Annual","2005","103.3910019838341","Units"
"Ghana","Real effective exchange rate (REER), Index (2010=100) Adjusted by relative consumer prices","Annual","2006","109.819789456357","Units"
"Ghana","Real effective exchange rate (REER), Index (2010=100) Adjusted by relative consumer prices","Annual","2007","109.2566020951516","Units"
"Ghana","Real effective exchange rate (REER), Index (2010=100) Adjusted by relative consumer prices","Annual","2008","104.1581597419918","Units"
"Ghana","Real effective exchange rate (REER), Index (2010=100) Adjusted by relative consumer prices","Annual","2009","94.56858307588992","Units"
"Ghana","Real effective exchange rate (REER), Index (2010=100) Adjusted by relative consumer prices","Annual","2010","100","Units"
"Ghana","Real effective exchange rate (REER), Index (2010=100) Adjusted by relative consumer prices","Annual","2011","94.72256891297133","Units"
"Ghana","Real effective exchange rate (REER), Index (2010=100) Adjusted by relative consumer prices","Annual","2012","88.36115741159858","Units"
"Ghana","Real effective exchange rate (REER), Index (2010=100) Adjusted by relative consumer prices","Annual","2013","88.57010107289933","Units"
"Ghana","Real effective exchange rate (REER), Index (2010=100) Adjusted by relative consumer prices","Annual","2014","69.49494278747088","Units"
"Ghana","Real effective exchange rate (REER), Index (2010=100) Adjusted by relative consumer prices","Annual","2015","68.16636591530432","Units"
"Ghana","Real effective exchange rate (REER), Index (2010=100) Adjusted by relative consumer prices","Annual","2016","78.25100980281497","Units"
"Ghana","Real effective exchange rate (REER), Index (2010=100) Adjusted by relative consumer prices","Annual","2017","77.71692650727615","Units"
"Ghana","Real effective exchange rate (REER), Index (2010=100) Adjusted by relative consumer prices","Annual","2018","76.62607714727701","Units"
"Ghana","Real effective exchange rate (REER), Index (2010=100) Adjusted by relative consumer prices","Annual","2019","73.4161058778777","Units"
"Ghana","Real effective exchange rate (REER), Index (2010=100) Adjusted by relative consumer prices","Annual","2020","74.55274407759638","Units"
"Ghana","Real effective exchange rate (REER), Index (2010=100) Adjusted by relative consumer prices","Annual","2021","74.24870863659851","Units"
"Ghana","Real effective exchange rate (REER), Index (2010=100) Adjusted by relative consumer prices","Annual","2022","71.23964473925951","Units"
"Ghana","Real effective exchange rate (REER), Index (2010=100) Adjusted by relative consumer prices","Annual","2023","71.25503251264149","Units"
"Ghana","Real effective exchange rate (REER), Index (2010=100) Adjusted by relative consumer prices","Annual","2024","67.81497434520183","Units"
"Ghana","Real effective exchange rate (REER), Index (2010=100) Adjusted by relative consumer prices","Annual","2025","86.10644983169517","Units"
"Belize","Real effective exchange rate (REER), Index (2010=100) Adjusted by relative consumer prices","Annual","1980","110.7821623477713","Units"
"Belize","Real effective exchange rate (REER), Index (2010=100) Adjusted by relative consumer prices","Annual","1981","118.6069755521531","Units"
"Belize","Real effective exchange rate (REER), Index (2010=100) Adjusted by relative consumer prices","Annual","1982","121.5638249321362","Units"
"Belize","Real effective exchange rate (REER), Index (2010=100) Adjusted by relative consumer prices","Annual","1983","125.6770439862078","Units"
"Belize","Real effective exchange rate (REER), Index (2010=100) Adjusted by relative consumer prices","Annual","1984","130.8522291071305","Units"
"Belize","Real effective exchange rate (REER), Index (2010=100) Adjusted by relative consumer prices","Annual","1985","140.9474335385868","Units"
"Belize","Real effective exchange rate (REER), Index (2010=100) Adjusted by relative consumer prices","Annual","1986","126.4895228721448","Units"
"Belize","Real effective exchange rate (REER), Index (2010=100) Adjusted by relative consumer prices","Annual","1987","117.5422899489099","Units"
"Belize","Real effective exchange rate (REER), Index (2010=100) Adjusted by relative consumer prices","Annual","1988","115.2486803939982","Units"
"Belize","Real effective exchange rate (REER), Index (2010=100) Adjusted by relative consumer prices","Annual","1989","115.9260968633996","Units"
"Belize","Real effective exchange rate (REER), Index (2010=100) Adjusted by relative consumer prices","Annual","1990","109.962186415684","Units"
"Belize","Real effective exchange rate (REER), Index (2010=100) Adjusted by relative consumer prices","Annual","1991","106.531726927545","Units"
"Belize","Real effective exchange rate (REER), Index (2010=100) Adjusted by relative consumer prices","Annual","1992","103.2567271106428","Units"
"Belize","Real effective exchange rate (REER), Index (2010=100) Adjusted by relative consumer prices","Annual","1993","105.0440326660258","Units"
"Belize","Real effective exchange rate (REER), Index (2010=100) Adjusted by relative consumer prices","Annual","1994","104.6819380518568","Units"
"Belize","Real effective exchange rate (REER), Index (2010=100) Adjusted by relative consumer prices","Annual","1995","102.6649900680681","Units"
"Belize","Real effective exchange rate (REER), Index (2010=100) Adjusted by relative consumer prices","Annual","1996","106.8295917811854","Units"
"Belize","Real effective exchange rate (REER), Index (2010=100) Adjusted by relative consumer prices","Annual","1997","108.3526038547938","Units"
"Belize","Real effective exchange rate (REER), Index (2010=100) Adjusted by relative consumer prices","Annual","1998","111.7671234084492","Units"
"Belize","Real effective exchange rate (REER), Index (2010=100) Adjusted by relative consumer prices","Annual","1999","112.4915704906391","Units"
"Belize","Real effective exchange rate (REER), Index (2010=100) Adjusted by relative consumer prices","Annual","2000","114.218184508734","Units"
"Belize","Real effective exchange rate (REER), Index (2010=100) Adjusted by relative consumer prices","Annual","2001","115.2703845906159","Units"
"Belize","Real effective exchange rate (REER), Index (2010=100) Adjusted by relative consumer prices","Annual","2002","114.713144437254","Units"
"Belize","Real effective exchange rate (REER), Index (2010=100) Adjusted by relative consumer prices","Annual","2003","111.9213702975399","Units"
"Belize","Real effective exchange rate (REER), Index (2010=100) Adjusted by relative consumer prices","Annual","2004","108.4012366864046","Units"
"Belize","Real effective exchange rate (REER), Index (2010=100) Adjusted by relative consumer prices","Annual","2005","105.9205056688751","Units"
"Belize","Real effective exchange rate (REER), Index (2010=100) Adjusted by relative consumer prices","Annual","2006","106.4291673604145","Units"
"Belize","Real effective exchange rate (REER), Index (2010=100) Adjusted by relative consumer prices","Annual","2007","101.2471339322832","Units"
"Belize","Real effective exchange rate (REER), Index (2010=100) Adjusted by relative consumer prices","Annual","2008","99.83903143079825","Units"
"Belize","Real effective exchange rate (REER), Index (2010=100) Adjusted by relative consumer prices","Annual","2009","102.5996968982893","Units"
"Belize","Real effective exchange rate (REER), Index (2010=100) Adjusted by relative consumer prices","Annual","2010","100","Units"
"Belize","Real effective exchange rate (REER), Index (2010=100) Adjusted by relative consumer prices","Annual","2011","95.36929148606133","Units"
"Belize","Real effective exchange rate (REER), Index (2010=100) Adjusted by relative consumer prices","Annual","2012","96.98067207967417","Units"
"Belize","Real effective exchange rate (REER), Index (2010=100) Adjusted by relative consumer prices","Annual","2013","95.48769616994983","Units"
"Belize","Real effective exchange rate (REER), Index (2010=100) Adjusted by relative consumer prices","Annual","2014","96.442800598983","Units"
"Belize","Real effective exchange rate (REER), Index (2010=100) Adjusted by relative consumer prices","Annual","2015","102.8561200558778","Units"
"Belize","Real effective exchange rate (REER), Index (2010=100) Adjusted by relative consumer prices","Annual","2016","105.0084105324754","Units"
"Belize","Real effective exchange rate (REER), Index (2010=100) Adjusted by relative consumer prices","Annual","2017","104.844522283468","Units"
"Belize","Real effective exchange rate (REER), Index (2010=100) Adjusted by relative consumer prices","Annual","2018","103.5564074649038","Units"
"Belize","Real effective exchange rate (REER), Index (2010=100) Adjusted by relative consumer prices","Annual","2019","103.9856936126173","Units"
"Belize","Real effective exchange rate (REER), Index (2010=100) Adjusted by relative consumer prices","Annual","2020","104.398891832462","Units"
"Belize","Real effective exchange rate (REER), Index (2010=100) Adjusted by relative consumer prices","Annual","2021","101.949980276793","Units"
"Belize","Real effective exchange rate (REER), Index (2010=100) Adjusted by relative consumer prices","Annual","2022","104.8493691148862","Units"
"Belize","Real effective exchange rate (REER), Index (2010=100) Adjusted by relative consumer prices","Annual","2023","105.0420267747787","Units"
"Belize","Real effective exchange rate (REER), Index (2010=100) Adjusted by relative consumer prices","Annual","2024","106.2770464687694","Units"
"Belize","Real effective exchange rate (REER), Index (2010=100) Adjusted by relative consumer prices","Annual","2025","104.2665349583246","Units"
"Netherlands, The","Real effective exchange rate (REER), Index (2010=100) Adjusted by relative consumer prices","Annual","1979","111.1286064128857","Units"
"Netherlands, The","Real effective exchange rate (REER), Index (2010=100) Adjusted by relative consumer prices","Annual","1980","107.3246021868108","Units"
"Netherlands, The","Real effective exchange rate (REER), Index (2010=100) Adjusted by relative consumer prices","Annual","1981","99.61295389184683","Units"
"Netherlands, The","Real effective exchange rate (REER), Index (2010=100) Adjusted by relative consumer prices","Annual","1982","102.6320041349538","Units"
"Netherlands, The","Real effective exchange rate (REER), Index (2010=100) Adjusted by relative consumer prices","Annual","1983","101.2087477056867","Units"
"Netherlands, The","Real effective exchange rate (REER), Index (2010=100) Adjusted by relative consumer prices","Annual","1984","97.78753720366283","Units"
"Netherlands, The","Real effective exchange rate (REER), Index (2010=100) Adjusted by relative consumer prices","Annual","1985","95.57471314148125","Units"
"Netherlands, The","Real effective exchange rate (REER), Index (2010=100) Adjusted by relative consumer prices","Annual","1986","100.942724318676","Units"
"Netherlands, The","Real effective exchange rate (REER), Index (2010=100) Adjusted by relative consumer prices","Annual","1987","102.8773182124565","Units"
"Netherlands, The","Real effective exchange rate (REER), Index (2010=100) Adjusted by relative consumer prices","Annual","1988","100.9632978691532","Units"
"Netherlands, The","Real effective exchange rate (REER), Index (2010=100) Adjusted by relative consumer prices","Annual","1989","97.1723296044295","Units"
"Netherlands, The","Real effective exchange rate (REER), Index (2010=100) Adjusted by relative consumer prices","Annual","1990","99.27054211852342","Units"
"Netherlands, The","Real effective exchange rate (REER), Index (2010=100) Adjusted by relative consumer prices","Annual","1991","96.86965064587425","Units"
"Netherlands, The","Real effective exchange rate (REER), Index (2010=100) Adjusted by relative consumer prices","Annual","1992","98.50153422320025","Units"
"Netherlands, The","Real effective exchange rate (REER), Index (2010=100) Adjusted by relative consumer prices","Annual","1993","100.0365378967434","Units"
"Netherlands, The","Real effective exchange rate (REER), Index (2010=100) Adjusted by relative consumer prices","Annual","1994","100.7716877175348","Units"
"Netherlands, The","Real effective exchange rate (REER), Index (2010=100) Adjusted by relative consumer prices","Annual","1995","105.1012414037382","Units"
"Netherlands, The","Real effective exchange rate (REER), Index (2010=100) Adjusted by relative consumer prices","Annual","1996","102.7154410402298","Units"
"Netherlands, The","Real effective exchange rate (REER), Index (2010=100) Adjusted by relative consumer prices","Annual","1997","96.99419703379642","Units"
"Netherlands, The","Real effective exchange rate (REER), Index (2010=100) Adjusted by relative consumer prices","Annual","1998","98.50248541021008","Units"
"Netherlands, The","Real effective exchange rate (REER), Index (2010=100) Adjusted by relative consumer prices","Annual","1999","97.31950446186667","Units"
"Netherlands, The","Real effective exchange rate (REER), Index (2010=100) Adjusted by relative consumer prices","Annual","2000","92.51384986102642","Units"
"Netherlands, The","Real effective exchange rate (REER), Index (2010=100) Adjusted by relative consumer prices","Annual","2001","95.01477920073108","Units"
"Netherlands, The","Real effective exchange rate (REER), Index (2010=100) Adjusted by relative consumer prices","Annual","2002","98.29060155899233","Units"
"Netherlands, The","Real effective exchange rate (REER), Index (2010=100) Adjusted by relative consumer prices","Annual","2003","104.2693174864081","Units"
"Netherlands, The","Real effective exchange rate (REER), Index (2010=100) Adjusted by relative consumer prices","Annual","2004","105.1902884086809","Units"
"Netherlands, The","Real effective exchange rate (REER), Index (2010=100) Adjusted by relative consumer prices","Annual","2005","103.7072166606223","Units"
"Netherlands, The","Real effective exchange rate (REER), Index (2010=100) Adjusted by relative consumer prices","Annual","2006","102.3332624189022","Units"
"Netherlands, The","Real effective exchange rate (REER), Index (2010=100) Adjusted by relative consumer prices","Annual","2007","103.0559630724443","Units"
"Netherlands, The","Real effective exchange rate (REER), Index (2010=100) Adjusted by relative consumer prices","Annual","2008","103.5528262756715","Units"
"Netherlands, The","Real effective exchange rate (REER), Index (2010=100) Adjusted by relative consumer prices","Annual","2009","105.0112404506215","Units"
"Netherlands, The","Real effective exchange rate (REER), Index (2010=100) Adjusted by relative consumer prices","Annual","2010","100","Units"
"Netherlands, The","Real effective exchange rate (REER), Index (2010=100) Adjusted by relative consumer prices","Annual","2011","99.45988564539867","Units"
"Netherlands, The","Real effective exchange rate (REER), Index (2010=100) Adjusted by relative consumer prices","Annual","2012","96.77089679416808","Units"
"Netherlands, The","Real effective exchange rate (REER), Index (2010=100) Adjusted by relative consumer prices","Annual","2013","99.84788931034633","Units"
"Netherlands, The","Real effective exchange rate (REER), Index (2010=100) Adjusted by relative consumer prices","Annual","2014","100.347758823107","Units"
"Netherlands, The","Real effective exchange rate (REER), Index (2010=100) Adjusted by relative consumer prices","Annual","2015","95.935711970059","Units"
"Netherlands, The","Real effective exchange rate (REER), Index (2010=100) Adjusted by relative consumer prices","Annual","2016","97.30219759726308","Units"
"Netherlands, The","Real effective exchange rate (REER), Index (2010=100) Adjusted by relative consumer prices","Annual","2017","97.93201992914042","Units"
"Netherlands, The","Real effective exchange rate (REER), Index (2010=100) Adjusted by relative consumer prices","Annual","2018","99.78713562026175","Units"
"Netherlands, The","Real effective exchange rate (REER), Index (2010=100) Adjusted by relative consumer prices","Annual","2019","99.742980814301","Units"
"Netherlands, The","Real effective exchange rate (REER), Index (2010=100) Adjusted by relative consumer prices","Annual","2020","101.8030031848944","Units"
"Netherlands, The","Real effective exchange rate (REER), Index (2010=100) Adjusted by relative consumer prices","Annual","2021","102.0645945650477","Units"
"Netherlands, The","Real effective exchange rate (REER), Index (2010=100) Adjusted by relative consumer prices","Annual","2022","102.2174886646414","Units"
"Netherlands, The","Real effective exchange rate (REER), Index (2010=100) Adjusted by relative consumer prices","Annual","2023","103.2881939090776","Units"
"Netherlands, The","Real effective exchange rate (REER), Index (2010=100) Adjusted by relative consumer prices","Annual","2024","104.5706596883583","Units"
"Netherlands, The","Real effective exchange rate (REER), Index (2010=100) Adjusted by relative consumer prices","Annual","2025","106.8760467187003","Units"
"Colombia","Real effective exchange rate (REER), Index (2010=100) Adjusted by relative consumer prices","Annual","1980","136.651796532505","Units"
"Colombia","Real effective exchange rate (REER), Index (2010=100) Adjusted by relative consumer prices","Annual","1981","147.5745061258379","Units"
"Colombia","Real effective exchange rate (REER), Index (2010=100) Adjusted by relative consumer prices","Annual","1982","157.2332977408597","Units"
"Colombia","Real effective exchange rate (REER), Index (2010=100) Adjusted by relative consumer prices","Annual","1983","156.1420241017521","Units"
"Colombia","Real effective exchange rate (REER), Index (2010=100) Adjusted by relative consumer prices","Annual","1984","145.5740651889557","Units"
"Colombia","Real effective exchange rate (REER), Index (2010=100) Adjusted by relative consumer prices","Annual","1985","127.2718739459353","Units"
"Colombia","Real effective exchange rate (REER), Index (2010=100) Adjusted by relative consumer prices","Annual","1986","94.36544677059333","Units"
"Colombia","Real effective exchange rate (REER), Index (2010=100) Adjusted by relative consumer prices","Annual","1987","84.20449742734442","Units"
"Colombia","Real effective exchange rate (REER), Index (2010=100) Adjusted by relative consumer prices","Annual","1988","81.67032873553924","Units"
"Colombia","Real effective exchange rate (REER), Index (2010=100) Adjusted by relative consumer prices","Annual","1989","78.53267675163165","Units"
"Colombia","Real effective exchange rate (REER), Index (2010=100) Adjusted by relative consumer prices","Annual","1990","69.15457370253416","Units"
"Colombia","Real effective exchange rate (REER), Index (2010=100) Adjusted by relative consumer prices","Annual","1991","69.46138870639252","Units"
"Colombia","Real effective exchange rate (REER), Index (2010=100) Adjusted by relative consumer prices","Annual","1992","77.16970980682808","Units"
"Colombia","Real effective exchange rate (REER), Index (2010=100) Adjusted by relative consumer prices","Annual","1993","81.78576281384298","Units"
"Colombia","Real effective exchange rate (REER), Index (2010=100) Adjusted by relative consumer prices","Annual","1994","92.09118553567658","Units"
"Colombia","Real effective exchange rate (REER), Index (2010=100) Adjusted by relative consumer prices","Annual","1995","93.7038545852795","Units"
"Colombia","Real effective exchange rate (REER), Index (2010=100) Adjusted by relative consumer prices","Annual","1996","99.29307217895075","Units"
"Colombia","Real effective exchange rate (REER), Index (2010=100) Adjusted by relative consumer prices","Annual","1997","105.5535508840692","Units"
"Colombia","Real effective exchange rate (REER), Index (2010=100) Adjusted by relative consumer prices","Annual","1998","99.07919159968033","Units"
"Colombia","Real effective exchange rate (REER), Index (2010=100) Adjusted by relative consumer prices","Annual","1999","89.89804211927108","Units"
"Colombia","Real effective exchange rate (REER), Index (2010=100) Adjusted by relative consumer prices","Annual","2000","81.43644843825478","Units"
"Colombia","Real effective exchange rate (REER), Index (2010=100) Adjusted by relative consumer prices","Annual","2001","78.87869542680606","Units"
"Colombia","Real effective exchange rate (REER), Index (2010=100) Adjusted by relative consumer prices","Annual","2002","78.67478778438735","Units"
"Colombia","Real effective exchange rate (REER), Index (2010=100) Adjusted by relative consumer prices","Annual","2003","68.96504067956486","Units"
"Colombia","Real effective exchange rate (REER), Index (2010=100) Adjusted by relative consumer prices","Annual","2004","75.21783015674457","Units"
"Colombia","Real effective exchange rate (REER), Index (2010=100) Adjusted by relative consumer prices","Annual","2005","84.79054511141608","Units"
"Colombia","Real effective exchange rate (REER), Index (2010=100) Adjusted by relative consumer prices","Annual","2006","83.09196391217726","Units"
"Colombia","Real effective exchange rate (REER), Index (2010=100) Adjusted by relative consumer prices","Annual","2007","92.329890226932","Units"
"Colombia","Real effective exchange rate (REER), Index (2010=100) Adjusted by relative consumer prices","Annual","2008","95.440184855851","Units"
"Colombia","Real effective exchange rate (REER), Index (2010=100) Adjusted by relative consumer prices","Annual","2009","90.44512195588817","Units"
"Colombia","Real effective exchange rate (REER), Index (2010=100) Adjusted by relative consumer prices","Annual","2010","100.0000000000001","Units"
"Colombia","Real effective exchange rate (REER), Index (2010=100) Adjusted by relative consumer prices","Annual","2011","100.1544220336694","Units"
"Colombia","Real effective exchange rate (REER), Index (2010=100) Adjusted by relative consumer prices","Annual","2012","105.2944885225904","Units"
"Colombia","Real effective exchange rate (REER), Index (2010=100) Adjusted by relative consumer prices","Annual","2013","101.3368481217463","Units"
"Colombia","Real effective exchange rate (REER), Index (2010=100) Adjusted by relative consumer prices","Annual","2014","95.88249181190883","Units"
"Colombia","Real effective exchange rate (REER), Index (2010=100) Adjusted by relative consumer prices","Annual","2015","77.58166254356332","Units"
"Colombia","Real effective exchange rate (REER), Index (2010=100) Adjusted by relative consumer prices","Annual","2016","74.18521802035192","Units"
"Colombia","Real effective exchange rate (REER), Index (2010=100) Adjusted by relative consumer prices","Annual","2017","77.42193687871404","Units"
"Colombia","Real effective exchange rate (REER), Index (2010=100) Adjusted by relative consumer prices","Annual","2018","78.2751104956868","Units"
"Colombia","Real effective exchange rate (REER), Index (2010=100) Adjusted by relative consumer prices","Annual","2019","75.74841255139567","Units"
"Colombia","Real effective exchange rate (REER), Index (2010=100) Adjusted by relative consumer prices","Annual","2020","72.55494677073392","Units"
"Colombia","Real effective exchange rate (REER), Index (2010=100) Adjusted by relative consumer prices","Annual","2021","69.9231717975071","Units"
"Colombia","Real effective exchange rate (REER), Index (2010=100) Adjusted by relative consumer prices","Annual","2022","62.54299072381591","Units"
"Colombia","Real effective exchange rate (REER), Index (2010=100) Adjusted by relative consumer prices","Annual","2023","67.13394797367694","Units"
"Colombia","Real effective exchange rate (REER), Index (2010=100) Adjusted by relative consumer prices","Annual","2024","75.23951188043923","Units"
"Colombia","Real effective exchange rate (REER), Index (2010=100) Adjusted by relative consumer prices","Annual","2025","78.2411317753007","Units"
"Guyana","Real effective exchange rate (REER), Index (2010=100) Adjusted by relative consumer prices","Annual","1980","825.4190559432955","Units"
"Guyana","Real effective exchange rate (REER), Index (2010=100) Adjusted by relative consumer prices","Annual","1981","897.1461228644733","Units"
"Guyana","Real effective exchange rate (REER), Index (2010=100) Adjusted by relative consumer prices","Annual","1982","1014.628083466945","Units"
"Guyana","Real effective exchange rate (REER), Index (2010=100) Adjusted by relative consumer prices","Annual","1983","1185.90657227538","Units"
"Guyana","Real effective exchange rate (REER), Index (2010=100) Adjusted by relative consumer prices","Annual","1984","1223.179545893029","Units"
"Guyana","Real effective exchange rate (REER), Index (2010=100) Adjusted by relative consumer prices","Annual","1985","1254.124770185762","Units"
"Guyana","Real effective exchange rate (REER), Index (2010=100) Adjusted by relative consumer prices","Annual","1986","1183.818217773038","Units"
"Guyana","Real effective exchange rate (REER), Index (2010=100) Adjusted by relative consumer prices","Annual","1987","611.8440576433076","Units"
"Guyana","Real effective exchange rate (REER), Index (2010=100) Adjusted by relative consumer prices","Annual","1988","270.6235258860568","Units"
"Guyana","Real effective exchange rate (REER), Index (2010=100) Adjusted by relative consumer prices","Annual","1989","218.4814996297987","Units"
"Guyana","Real effective exchange rate (REER), Index (2010=100) Adjusted by relative consumer prices","Annual","1990","154.1652768963728","Units"
"Guyana","Real effective exchange rate (REER), Index (2010=100) Adjusted by relative consumer prices","Annual","1991","130.6493429704124","Units"
"Guyana","Real effective exchange rate (REER), Index (2010=100) Adjusted by relative consumer prices","Annual","1992","142.9711827053388","Units"
"Guyana","Real effective exchange rate (REER), Index (2010=100) Adjusted by relative consumer prices","Annual","1993","155.2897559118538","Units"
"Guyana","Real effective exchange rate (REER), Index (2010=100) Adjusted by relative consumer prices","Annual","1994","87.45682654295","Units"
"Guyana","Real effective exchange rate (REER), Index (2010=100) Adjusted by relative consumer prices","Annual","1995","89.04653826510825","Units"
"Guyana","Real effective exchange rate (REER), Index (2010=100) Adjusted by relative consumer prices","Annual","1996","95.555940965908","Units"
"Guyana","Real effective exchange rate (REER), Index (2010=100) Adjusted by relative consumer prices","Annual","1997","98.08869030880375","Units"
"Guyana","Real effective exchange rate (REER), Index (2010=100) Adjusted by relative consumer prices","Annual","1998","99.43838897785708","Units"
"Guyana","Real effective exchange rate (REER), Index (2010=100) Adjusted by relative consumer prices","Annual","1999","89.57369308138667","Units"
"Guyana","Real effective exchange rate (REER), Index (2010=100) Adjusted by relative consumer prices","Annual","2000","93.78971201359692","Units"
"Guyana","Real effective exchange rate (REER), Index (2010=100) Adjusted by relative consumer prices","Annual","2001","93.94221579046092","Units"
"Guyana","Real effective exchange rate (REER), Index (2010=100) Adjusted by relative consumer prices","Annual","2002","95.04774261334867","Units"
"Guyana","Real effective exchange rate (REER), Index (2010=100) Adjusted by relative consumer prices","Annual","2003","92.02031267085875","Units"
"Guyana","Real effective exchange rate (REER), Index (2010=100) Adjusted by relative consumer prices","Annual","2004","88.01605959229383","Units"
"Guyana","Real effective exchange rate (REER), Index (2010=100) Adjusted by relative consumer prices","Annual","2005","89.83475918546758","Units"
"Guyana","Real effective exchange rate (REER), Index (2010=100) Adjusted by relative consumer prices","Annual","2006","92.17981798112025","Units"
"Guyana","Real effective exchange rate (REER), Index (2010=100) Adjusted by relative consumer prices","Annual","2007","94.78534054778442","Units"
"Guyana","Real effective exchange rate (REER), Index (2010=100) Adjusted by relative consumer prices","Annual","2008","94.32093043486317","Units"
"Guyana","Real effective exchange rate (REER), Index (2010=100) Adjusted by relative consumer prices","Annual","2009","99.970798403765","Units"
"Guyana","Real effective exchange rate (REER), Index (2010=100) Adjusted by relative consumer prices","Annual","2010","100","Units"
"Guyana","Real effective exchange rate (REER), Index (2010=100) Adjusted by relative consumer prices","Annual","2011","97.85136715438358","Units"
"Guyana","Real effective exchange rate (REER), Index (2010=100) Adjusted by relative consumer prices","Annual","2012","99.38010324979892","Units"
"Guyana","Real effective exchange rate (REER), Index (2010=100) Adjusted by relative consumer prices","Annual","2013","99.20588005478808","Units"
"Guyana","Real effective exchange rate (REER), Index (2010=100) Adjusted by relative consumer prices","Annual","2014","98.42103933584842","Units"
"Guyana","Real effective exchange rate (REER), Index (2010=100) Adjusted by relative consumer prices","Annual","2015","103.4592773624696","Units"
"Guyana","Real effective exchange rate (REER), Index (2010=100) Adjusted by relative consumer prices","Annual","2016","106.0407267973408","Units"
"Guyana","Real effective exchange rate (REER), Index (2010=100) Adjusted by relative consumer prices","Annual","2017","106.5139784878385","Units"
"Guyana","Real effective exchange rate (REER), Index (2010=100) Adjusted by relative consumer prices","Annual","2018","104.7144580304613","Units"
"Guyana","Real effective exchange rate (REER), Index (2010=100) Adjusted by relative consumer prices","Annual","2019","106.5819531689685","Units"
"Guyana","Real effective exchange rate (REER), Index (2010=100) Adjusted by relative consumer prices","Annual","2020","107.0637536287206","Units"
"Guyana","Real effective exchange rate (REER), Index (2010=100) Adjusted by relative consumer prices","Annual","2021","108.1679205886522","Units"
"Guyana","Real effective exchange rate (REER), Index (2010=100) Adjusted by relative consumer prices","Annual","2022","112.66763192294","Units"
"Guyana","Real effective exchange rate (REER), Index (2010=100) Adjusted by relative consumer prices","Annual","2023","112.3336067981762","Units"
"Guyana","Real effective exchange rate (REER), Index (2010=100) Adjusted by relative consumer prices","Annual","2024","114.0720785989402","Units"
"Guyana","Real effective exchange rate (REER), Index (2010=100) Adjusted by relative consumer prices","Annual","2025","115.2714193845636","Units"
"North Macedonia, Republic of","Real effective exchange rate (REER), Index (2010=100) Adjusted by relative consumer prices","Annual","1993","119.0802047090076","Units"
"North Macedonia, Republic of","Real effective exchange rate (REER), Index (2010=100) Adjusted by relative consumer prices","Annual","1994","123.9700022843315","Units"
"North Macedonia, Republic of","Real effective exchange rate (REER), Index (2010=100) Adjusted by relative consumer prices","Annual","1995","136.4018885162551","Units"
"North Macedonia, Republic of","Real effective exchange rate (REER), Index (2010=100) Adjusted by relative consumer prices","Annual","1996","126.0464584468826","Units"
"North Macedonia, Republic of","Real effective exchange rate (REER), Index (2010=100) Adjusted by relative consumer prices","Annual","1997","109.7934953041585","Units"
"North Macedonia, Republic of","Real effective exchange rate (REER), Index (2010=100) Adjusted by relative consumer prices","Annual","1998","102.0375294729245","Units"
"North Macedonia, Republic of","Real effective exchange rate (REER), Index (2010=100) Adjusted by relative consumer prices","Annual","1999","102.8521389851782","Units"
"North Macedonia, Republic of","Real effective exchange rate (REER), Index (2010=100) Adjusted by relative consumer prices","Annual","2000","105.4477366052083","Units"
"North Macedonia, Republic of","Real effective exchange rate (REER), Index (2010=100) Adjusted by relative consumer prices","Annual","2001","103.1133848834595","Units"
"North Macedonia, Republic of","Real effective exchange rate (REER), Index (2010=100) Adjusted by relative consumer prices","Annual","2002","102.6284746055318","Units"
"North Macedonia, Republic of","Real effective exchange rate (REER), Index (2010=100) Adjusted by relative consumer prices","Annual","2003","104.4854864222985","Units"
"North Macedonia, Republic of","Real effective exchange rate (REER), Index (2010=100) Adjusted by relative consumer prices","Annual","2004","102.9648050194487","Units"
"North Macedonia, Republic of","Real effective exchange rate (REER), Index (2010=100) Adjusted by relative consumer prices","Annual","2005","100.0832792701152","Units"
"North Macedonia, Republic of","Real effective exchange rate (REER), Index (2010=100) Adjusted by relative consumer prices","Annual","2006","99.8917890316225","Units"
"North Macedonia, Republic of","Real effective exchange rate (REER), Index (2010=100) Adjusted by relative consumer prices","Annual","2007","99.62175596054825","Units"
"North Macedonia, Republic of","Real effective exchange rate (REER), Index (2010=100) Adjusted by relative consumer prices","Annual","2008","103.8582195991285","Units"
"North Macedonia, Republic of","Real effective exchange rate (REER), Index (2010=100) Adjusted by relative consumer prices","Annual","2009","103.6675042928972","Units"
"North Macedonia, Republic of","Real effective exchange rate (REER), Index (2010=100) Adjusted by relative consumer prices","Annual","2010","99.99999999999992","Units"
"North Macedonia, Republic of","Real effective exchange rate (REER), Index (2010=100) Adjusted by relative consumer prices","Annual","2011","100.8560738255444","Units"
"North Macedonia, Republic of","Real effective exchange rate (REER), Index (2010=100) Adjusted by relative consumer prices","Annual","2012","100.0897326433498","Units"
"North Macedonia, Republic of","Real effective exchange rate (REER), Index (2010=100) Adjusted by relative consumer prices","Annual","2013","102.2508280814654","Units"
"North Macedonia, Republic of","Real effective exchange rate (REER), Index (2010=100) Adjusted by relative consumer prices","Annual","2014","101.7153724590962","Units"
"North Macedonia, Republic of","Real effective exchange rate (REER), Index (2010=100) Adjusted by relative consumer prices","Annual","2015","98.14365701752117","Units"
"North Macedonia, Republic of","Real effective exchange rate (REER), Index (2010=100) Adjusted by relative consumer prices","Annual","2016","98.31941958849333","Units"
"North Macedonia, Republic of","Real effective exchange rate (REER), Index (2010=100) Adjusted by relative consumer prices","Annual","2017","98.61539404937217","Units"
"North Macedonia, Republic of","Real effective exchange rate (REER), Index (2010=100) Adjusted by relative consumer prices","Annual","2018","99.78657457813483","Units"
"North Macedonia, Republic of","Real effective exchange rate (REER), Index (2010=100) Adjusted by relative consumer prices","Annual","2019","98.24553275170167","Units"
"North Macedonia, Republic of","Real effective exchange rate (REER), Index (2010=100) Adjusted by relative consumer prices","Annual","2020","99.58613821643","Units"
"North Macedonia, Republic of","Real effective exchange rate (REER), Index (2010=100) Adjusted by relative consumer prices","Annual","2021","100.4180513552294","Units"
"North Macedonia, Republic of","Real effective exchange rate (REER), Index (2010=100) Adjusted by relative consumer prices","Annual","2022","104.5787672624567","Units"
"North Macedonia, Republic of","Real effective exchange rate (REER), Index (2010=100) Adjusted by relative consumer prices","Annual","2023","109.5483119085886","Units"
"North Macedonia, Republic of","Real effective exchange rate (REER), Index (2010=100) Adjusted by relative consumer prices","Annual","2024","110.8647147375438","Units"
"North Macedonia, Republic of","Real effective exchange rate (REER), Index (2010=100) Adjusted by relative consumer prices","Annual","2025","113.1790712461058","Units"
"Equatorial Guinea, Republic of","Real effective exchange rate (REER), Index (2010=100) Adjusted by relative consumer prices","Annual","1985","125.3633269054623","Units"
"Equatorial Guinea, Republic of","Real effective exchange rate (REER), Index (2010=100) Adjusted by relative consumer prices","Annual","1986","105.5193614930968","Units"
"Equatorial Guinea, Republic of","Real effective exchange rate (REER), Index (2010=100) Adjusted by relative consumer prices","Annual","1987","91.27310700138183","Units"
"Equatorial Guinea, Republic of","Real effective exchange rate (REER), Index (2010=100) Adjusted by relative consumer prices","Annual","1988","87.43769403824208","Units"
"Equatorial Guinea, Republic of","Real effective exchange rate (REER), Index (2010=100) Adjusted by relative consumer prices","Annual","1989","85.62783696110758","Units"
"Equatorial Guinea, Republic of","Real effective exchange rate (REER), Index (2010=100) Adjusted by relative consumer prices","Annual","1990","85.82555896011625","Units"
"Equatorial Guinea, Republic of","Real effective exchange rate (REER), Index (2010=100) Adjusted by relative consumer prices","Annual","1991","78.96450456780515","Units"
"Equatorial Guinea, Republic of","Real effective exchange rate (REER), Index (2010=100) Adjusted by relative consumer prices","Annual","1992","75.61124372805608","Units"
"Equatorial Guinea, Republic of","Real effective exchange rate (REER), Index (2010=100) Adjusted by relative consumer prices","Annual","1993","79.46528286034754","Units"
"Equatorial Guinea, Republic of","Real effective exchange rate (REER), Index (2010=100) Adjusted by relative consumer prices","Annual","1994","57.11126617718422","Units"
"Equatorial Guinea, Republic of","Real effective exchange rate (REER), Index (2010=100) Adjusted by relative consumer prices","Annual","1995","68.04626180488739","Units"
"Equatorial Guinea, Republic of","Real effective exchange rate (REER), Index (2010=100) Adjusted by relative consumer prices","Annual","1996","68.00079638993282","Units"
"Equatorial Guinea, Republic of","Real effective exchange rate (REER), Index (2010=100) Adjusted by relative consumer prices","Annual","1997","62.82639549436862","Units"
"Equatorial Guinea, Republic of","Real effective exchange rate (REER), Index (2010=100) Adjusted by relative consumer prices","Annual","1998","66.8405776906162","Units"
"Equatorial Guinea, Republic of","Real effective exchange rate (REER), Index (2010=100) Adjusted by relative consumer prices","Annual","1999","63.81063672595087","Units"
"Equatorial Guinea, Republic of","Real effective exchange rate (REER), Index (2010=100) Adjusted by relative consumer prices","Annual","2000","61.2066187178157","Units"
"Equatorial Guinea, Republic of","Real effective exchange rate (REER), Index (2010=100) Adjusted by relative consumer prices","Annual","2001","64.31964804018997","Units"
"Equatorial Guinea, Republic of","Real effective exchange rate (REER), Index (2010=100) Adjusted by relative consumer prices","Annual","2002","70.35368708878378","Units"
"Equatorial Guinea, Republic of","Real effective exchange rate (REER), Index (2010=100) Adjusted by relative consumer prices","Annual","2003","82.35642186415526","Units"
"Equatorial Guinea, Republic of","Real effective exchange rate (REER), Index (2010=100) Adjusted by relative consumer prices","Annual","2004","87.93629912997992","Units"
"Equatorial Guinea, Republic of","Real effective exchange rate (REER), Index (2010=100) Adjusted by relative consumer prices","Annual","2005","89.64361447643108","Units"
"Equatorial Guinea, Republic of","Real effective exchange rate (REER), Index (2010=100) Adjusted by relative consumer prices","Annual","2006","91.07966519706058","Units"
"Equatorial Guinea, Republic of","Real effective exchange rate (REER), Index (2010=100) Adjusted by relative consumer prices","Annual","2007","94.25493778139192","Units"
"Equatorial Guinea, Republic of","Real effective exchange rate (REER), Index (2010=100) Adjusted by relative consumer prices","Annual","2008","96.88458738215667","Units"
"Equatorial Guinea, Republic of","Real effective exchange rate (REER), Index (2010=100) Adjusted by relative consumer prices","Annual","2009","100.5307367884102","Units"
"Equatorial Guinea, Republic of","Real effective exchange rate (REER), Index (2010=100) Adjusted by relative consumer prices","Annual","2010","100","Units"
"Equatorial Guinea, Republic of","Real effective exchange rate (REER), Index (2010=100) Adjusted by relative consumer prices","Annual","2011","102.2957137682058","Units"
"Equatorial Guinea, Republic of","Real effective exchange rate (REER), Index (2010=100) Adjusted by relative consumer prices","Annual","2012","99.38968377538067","Units"
"Equatorial Guinea, Republic of","Real effective exchange rate (REER), Index (2010=100) Adjusted by relative consumer prices","Annual","2013","102.6543699818937","Units"
"Equatorial Guinea, Republic of","Real effective exchange rate (REER), Index (2010=100) Adjusted by relative consumer prices","Annual","2014","106.7383407062282","Units"
"Equatorial Guinea, Republic of","Real effective exchange rate (REER), Index (2010=100) Adjusted by relative consumer prices","Annual","2015","99.8832367513825","Units"
"Equatorial Guinea, Republic of","Real effective exchange rate (REER), Index (2010=100) Adjusted by relative consumer prices","Annual","2016","101.7137374574948","Units"
"Equatorial Guinea, Republic of","Real effective exchange rate (REER), Index (2010=100) Adjusted by relative consumer prices","Annual","2017","101.9886730747597","Units"
"Equatorial Guinea, Republic of","Real effective exchange rate (REER), Index (2010=100) Adjusted by relative consumer prices","Annual","2018","104.3590981042202","Units"
"Equatorial Guinea, Republic of","Real effective exchange rate (REER), Index (2010=100) Adjusted by relative consumer prices","Annual","2019","102.0408845067742","Units"
"Equatorial Guinea, Republic of","Real effective exchange rate (REER), Index (2010=100) Adjusted by relative consumer prices","Annual","2020","108.2058523844678","Units"
"Equatorial Guinea, Republic of","Real effective exchange rate (REER), Index (2010=100) Adjusted by relative consumer prices","Annual","2021","105.8809838808036","Units"
"Equatorial Guinea, Republic of","Real effective exchange rate (REER), Index (2010=100) Adjusted by relative consumer prices","Annual","2022","99.00975577264842","Units"
"Equatorial Guinea, Republic of","Real effective exchange rate (REER), Index (2010=100) Adjusted by relative consumer prices","Annual","2023","100.881281183442","Units"
"Equatorial Guinea, Republic of","Real effective exchange rate (REER), Index (2010=100) Adjusted by relative consumer prices","Annual","2024","102.3492775472385","Units"
"Equatorial Guinea, Republic of","Real effective exchange rate (REER), Index (2010=100) Adjusted by relative consumer prices","Annual","2025","104.8902624074567","Units"
"Saudi Arabia","Real effective exchange rate (REER), Index (2010=100) Adjusted by relative consumer prices","Annual","1980","239.8177251868978","Units"
"Saudi Arabia","Real effective exchange rate (REER), Index (2010=100) Adjusted by relative consumer prices","Annual","1981","240.8691915833679","Units"
"Saudi Arabia","Real effective exchange rate (REER), Index (2010=100) Adjusted by relative consumer prices","Annual","1982","245.9070276708374","Units"
"Saudi Arabia","Real effective exchange rate (REER), Index (2010=100) Adjusted by relative consumer prices","Annual","1983","243.3927490670695","Units"
"Saudi Arabia","Real effective exchange rate (REER), Index (2010=100) Adjusted by relative consumer prices","Annual","1984","238.5574829790459","Units"
"Saudi Arabia","Real effective exchange rate (REER), Index (2010=100) Adjusted by relative consumer prices","Annual","1985","222.4021606854922","Units"
"Saudi Arabia","Real effective exchange rate (REER), Index (2010=100) Adjusted by relative consumer prices","Annual","1986","169.9748345212611","Units"
"Saudi Arabia","Real effective exchange rate (REER), Index (2010=100) Adjusted by relative consumer prices","Annual","1987","144.5380387874948","Units"
"Saudi Arabia","Real effective exchange rate (REER), Index (2010=100) Adjusted by relative consumer prices","Annual","1988","135.3955155253761","Units"
"Saudi Arabia","Real effective exchange rate (REER), Index (2010=100) Adjusted by relative consumer prices","Annual","1989","137.1700452678444","Units"
"Saudi Arabia","Real effective exchange rate (REER), Index (2010=100) Adjusted by relative consumer prices","Annual","1990","126.7352906169557","Units"
"Saudi Arabia","Real effective exchange rate (REER), Index (2010=100) Adjusted by relative consumer prices","Annual","1991","126.8286977289957","Units"
"Saudi Arabia","Real effective exchange rate (REER), Index (2010=100) Adjusted by relative consumer prices","Annual","1992","119.4723962686753","Units"
"Saudi Arabia","Real effective exchange rate (REER), Index (2010=100) Adjusted by relative consumer prices","Annual","1993","122.7648907361692","Units"
"Saudi Arabia","Real effective exchange rate (REER), Index (2010=100) Adjusted by relative consumer prices","Annual","1994","118.4305282109891","Units"
"Saudi Arabia","Real effective exchange rate (REER), Index (2010=100) Adjusted by relative consumer prices","Annual","1995","114.7762545130767","Units"
"Saudi Arabia","Real effective exchange rate (REER), Index (2010=100) Adjusted by relative consumer prices","Annual","1996","117.0629546817922","Units"
"Saudi Arabia","Real effective exchange rate (REER), Index (2010=100) Adjusted by relative consumer prices","Annual","1997","122.3158025835492","Units"
"Saudi Arabia","Real effective exchange rate (REER), Index (2010=100) Adjusted by relative consumer prices","Annual","1998","127.9300701439706","Units"
"Saudi Arabia","Real effective exchange rate (REER), Index (2010=100) Adjusted by relative consumer prices","Annual","1999","122.5831693876087","Units"
"Saudi Arabia","Real effective exchange rate (REER), Index (2010=100) Adjusted by relative consumer prices","Annual","2000","123.9472750511296","Units"
"Saudi Arabia","Real effective exchange rate (REER), Index (2010=100) Adjusted by relative consumer prices","Annual","2001","125.8904480767585","Units"
"Saudi Arabia","Real effective exchange rate (REER), Index (2010=100) Adjusted by relative consumer prices","Annual","2002","122.3090409477196","Units"
"Saudi Arabia","Real effective exchange rate (REER), Index (2010=100) Adjusted by relative consumer prices","Annual","2003","112.3015854831427","Units"
"Saudi Arabia","Real effective exchange rate (REER), Index (2010=100) Adjusted by relative consumer prices","Annual","2004","104.6481266406747","Units"
"Saudi Arabia","Real effective exchange rate (REER), Index (2010=100) Adjusted by relative consumer prices","Annual","2005","101.3784546213768","Units"
"Saudi Arabia","Real effective exchange rate (REER), Index (2010=100) Adjusted by relative consumer prices","Annual","2006","99.51187829479192","Units"
"Saudi Arabia","Real effective exchange rate (REER), Index (2010=100) Adjusted by relative consumer prices","Annual","2007","96.50043037288167","Units"
"Saudi Arabia","Real effective exchange rate (REER), Index (2010=100) Adjusted by relative consumer prices","Annual","2008","94.15697842068033","Units"
"Saudi Arabia","Real effective exchange rate (REER), Index (2010=100) Adjusted by relative consumer prices","Annual","2009","100.5221687738061","Units"
"Saudi Arabia","Real effective exchange rate (REER), Index (2010=100) Adjusted by relative consumer prices","Annual","2010","100","Units"
"Saudi Arabia","Real effective exchange rate (REER), Index (2010=100) Adjusted by relative consumer prices","Annual","2011","96.60789264914967","Units"
"Saudi Arabia","Real effective exchange rate (REER), Index (2010=100) Adjusted by relative consumer prices","Annual","2012","99.38782534460633","Units"
"Saudi Arabia","Real effective exchange rate (REER), Index (2010=100) Adjusted by relative consumer prices","Annual","2013","101.6179880294138","Units"
"Saudi Arabia","Real effective exchange rate (REER), Index (2010=100) Adjusted by relative consumer prices","Annual","2014","103.7909879605692","Units"
"Saudi Arabia","Real effective exchange rate (REER), Index (2010=100) Adjusted by relative consumer prices","Annual","2015","113.4832363644427","Units"
"Saudi Arabia","Real effective exchange rate (REER), Index (2010=100) Adjusted by relative consumer prices","Annual","2016","117.159284220844","Units"
"Saudi Arabia","Real effective exchange rate (REER), Index (2010=100) Adjusted by relative consumer prices","Annual","2017","114.8256048018987","Units"
"Saudi Arabia","Real effective exchange rate (REER), Index (2010=100) Adjusted by relative consumer prices","Annual","2018","113.8566299592953","Units"
"Saudi Arabia","Real effective exchange rate (REER), Index (2010=100) Adjusted by relative consumer prices","Annual","2019","113.8372915164365","Units"
"Saudi Arabia","Real effective exchange rate (REER), Index (2010=100) Adjusted by relative consumer prices","Annual","2020","116.6207453539477","Units"
"Saudi Arabia","Real effective exchange rate (REER), Index (2010=100) Adjusted by relative consumer prices","Annual","2021","114.4289985281102","Units"
"Saudi Arabia","Real effective exchange rate (REER), Index (2010=100) Adjusted by relative consumer prices","Annual","2022","119.120407066151","Units"
"Saudi Arabia","Real effective exchange rate (REER), Index (2010=100) Adjusted by relative consumer prices","Annual","2023","119.8691805411046","Units"
"Saudi Arabia","Real effective exchange rate (REER), Index (2010=100) Adjusted by relative consumer prices","Annual","2024","120.5140733747638","Units"
"Saudi Arabia","Real effective exchange rate (REER), Index (2010=100) Adjusted by relative consumer prices","Annual","2025","119.6110966816348","Units"
"Paraguay","Real effective exchange rate (REER), Index (2010=100) Adjusted by relative consumer prices","Annual","1980","189.0882949501172","Units"
"Paraguay","Real effective exchange rate (REER), Index (2010=100) Adjusted by relative consumer prices","Annual","1981","205.5248048645172","Units"
"Paraguay","Real effective exchange rate (REER), Index (2010=100) Adjusted by relative consumer prices","Annual","1982","176.8152770235642","Units"
"Paraguay","Real effective exchange rate (REER), Index (2010=100) Adjusted by relative consumer prices","Annual","1983","168.4096753825934","Units"
"Paraguay","Real effective exchange rate (REER), Index (2010=100) Adjusted by relative consumer prices","Annual","1984","165.6799720246275","Units"
"Paraguay","Real effective exchange rate (REER), Index (2010=100) Adjusted by relative consumer prices","Annual","1985","143.2810389136368","Units"
"Paraguay","Real effective exchange rate (REER), Index (2010=100) Adjusted by relative consumer prices","Annual","1986","143.1905368890158","Units"
"Paraguay","Real effective exchange rate (REER), Index (2010=100) Adjusted by relative consumer prices","Annual","1987","113.5364969183912","Units"
"Paraguay","Real effective exchange rate (REER), Index (2010=100) Adjusted by relative consumer prices","Annual","1988","121.3661049544248","Units"
"Paraguay","Real effective exchange rate (REER), Index (2010=100) Adjusted by relative consumer prices","Annual","1989","90.53422656367033","Units"
"Paraguay","Real effective exchange rate (REER), Index (2010=100) Adjusted by relative consumer prices","Annual","1990","89.4949205050865","Units"
"Paraguay","Real effective exchange rate (REER), Index (2010=100) Adjusted by relative consumer prices","Annual","1991","100.4757455004712","Units"
"Paraguay","Real effective exchange rate (REER), Index (2010=100) Adjusted by relative consumer prices","Annual","1992","97.28830471280225","Units"
"Paraguay","Real effective exchange rate (REER), Index (2010=100) Adjusted by relative consumer prices","Annual","1993","97.9098187508735","Units"
"Paraguay","Real effective exchange rate (REER), Index (2010=100) Adjusted by relative consumer prices","Annual","1994","103.3436545993435","Units"
"Paraguay","Real effective exchange rate (REER), Index (2010=100) Adjusted by relative consumer prices","Annual","1995","104.3720886829621","Units"
"Paraguay","Real effective exchange rate (REER), Index (2010=100) Adjusted by relative consumer prices","Annual","1996","108.6803574609677","Units"
"Paraguay","Real effective exchange rate (REER), Index (2010=100) Adjusted by relative consumer prices","Annual","1997","111.7648462644269","Units"
"Paraguay","Real effective exchange rate (REER), Index (2010=100) Adjusted by relative consumer prices","Annual","1998","101.9704362468075","Units"
"Paraguay","Real effective exchange rate (REER), Index (2010=100) Adjusted by relative consumer prices","Annual","1999","105.1065292962512","Units"
"Paraguay","Real effective exchange rate (REER), Index (2010=100) Adjusted by relative consumer prices","Annual","2000","101.8294424788323","Units"
"Paraguay","Real effective exchange rate (REER), Index (2010=100) Adjusted by relative consumer prices","Annual","2001","98.09747294042383","Units"
"Paraguay","Real effective exchange rate (REER), Index (2010=100) Adjusted by relative consumer prices","Annual","2002","85.22680660344142","Units"
"Paraguay","Real effective exchange rate (REER), Index (2010=100) Adjusted by relative consumer prices","Annual","2003","79.65712181768098","Units"
"Paraguay","Real effective exchange rate (REER), Index (2010=100) Adjusted by relative consumer prices","Annual","2004","82.08903789826051","Units"
"Paraguay","Real effective exchange rate (REER), Index (2010=100) Adjusted by relative consumer prices","Annual","2005","76.94913243157687","Units"
"Paraguay","Real effective exchange rate (REER), Index (2010=100) Adjusted by relative consumer prices","Annual","2006","86.29810133816542","Units"
"Paraguay","Real effective exchange rate (REER), Index (2010=100) Adjusted by relative consumer prices","Annual","2007","94.47482617077892","Units"
"Paraguay","Real effective exchange rate (REER), Index (2010=100) Adjusted by relative consumer prices","Annual","2008","108.2283470023811","Units"
"Paraguay","Real effective exchange rate (REER), Index (2010=100) Adjusted by relative consumer prices","Annual","2009","99.17079716675317","Units"
"Paraguay","Real effective exchange rate (REER), Index (2010=100) Adjusted by relative consumer prices","Annual","2010","100.0000000000001","Units"
"Paraguay","Real effective exchange rate (REER), Index (2010=100) Adjusted by relative consumer prices","Annual","2011","112.2317502446968","Units"
"Paraguay","Real effective exchange rate (REER), Index (2010=100) Adjusted by relative consumer prices","Annual","2012","110.3246586955688","Units"
"Paraguay","Real effective exchange rate (REER), Index (2010=100) Adjusted by relative consumer prices","Annual","2013","115.3517133032704","Units"
"Paraguay","Real effective exchange rate (REER), Index (2010=100) Adjusted by relative consumer prices","Annual","2014","117.551100905155","Units"
"Paraguay","Real effective exchange rate (REER), Index (2010=100) Adjusted by relative consumer prices","Annual","2015","114.699396127779","Units"
"Paraguay","Real effective exchange rate (REER), Index (2010=100) Adjusted by relative consumer prices","Annual","2016","110.9096046808712","Units"
"Paraguay","Real effective exchange rate (REER), Index (2010=100) Adjusted by relative consumer prices","Annual","2017","110.2161657078226","Units"
"Paraguay","Real effective exchange rate (REER), Index (2010=100) Adjusted by relative consumer prices","Annual","2018","113.6608249991562","Units"
"Paraguay","Real effective exchange rate (REER), Index (2010=100) Adjusted by relative consumer prices","Annual","2019","110.2055371961378","Units"
"Paraguay","Real effective exchange rate (REER), Index (2010=100) Adjusted by relative consumer prices","Annual","2020","108.8139283398022","Units"
"Paraguay","Real effective exchange rate (REER), Index (2010=100) Adjusted by relative consumer prices","Annual","2021","107.7581584163401","Units"
"Paraguay","Real effective exchange rate (REER), Index (2010=100) Adjusted by relative consumer prices","Annual","2022","109.7874682033444","Units"
"Paraguay","Real effective exchange rate (REER), Index (2010=100) Adjusted by relative consumer prices","Annual","2023","106.4500706939043","Units"
"Paraguay","Real effective exchange rate (REER), Index (2010=100) Adjusted by relative consumer prices","Annual","2024","106.9294722196694","Units"
"Paraguay","Real effective exchange rate (REER), Index (2010=100) Adjusted by relative consumer prices","Annual","2025","108.9555485020868","Units"
"Romania","Real effective exchange rate (REER), Index (2010=100) Adjusted by relative consumer prices","Annual","1991","67.43775384353466","Units"
"Romania","Real effective exchange rate (REER), Index (2010=100) Adjusted by relative consumer prices","Annual","1992","41.97621889783318","Units"
"Romania","Real effective exchange rate (REER), Index (2010=100) Adjusted by relative consumer prices","Annual","1993","57.23135560439448","Units"
"Romania","Real effective exchange rate (REER), Index (2010=100) Adjusted by relative consumer prices","Annual","1994","63.00153161902052","Units"
"Romania","Real effective exchange rate (REER), Index (2010=100) Adjusted by relative consumer prices","Annual","1995","61.43712353163491","Units"
"Romania","Real effective exchange rate (REER), Index (2010=100) Adjusted by relative consumer prices","Annual","1996","55.29393551564744","Units"
"Romania","Real effective exchange rate (REER), Index (2010=100) Adjusted by relative consumer prices","Annual","1997","65.28580231143374","Units"
"Romania","Real effective exchange rate (REER), Index (2010=100) Adjusted by relative consumer prices","Annual","1998","84.66035276890167","Units"
"Romania","Real effective exchange rate (REER), Index (2010=100) Adjusted by relative consumer prices","Annual","1999","72.66169547576647","Units"
"Romania","Real effective exchange rate (REER), Index (2010=100) Adjusted by relative consumer prices","Annual","2000","81.74362019632403","Units"
"Romania","Real effective exchange rate (REER), Index (2010=100) Adjusted by relative consumer prices","Annual","2001","83.02550084886665","Units"
"Romania","Real effective exchange rate (REER), Index (2010=100) Adjusted by relative consumer prices","Annual","2002","83.62268369909058","Units"
"Romania","Real effective exchange rate (REER), Index (2010=100) Adjusted by relative consumer prices","Annual","2003","81.09617430142175","Units"
"Romania","Real effective exchange rate (REER), Index (2010=100) Adjusted by relative consumer prices","Annual","2004","82.86696517042082","Units"
"Romania","Real effective exchange rate (REER), Index (2010=100) Adjusted by relative consumer prices","Annual","2005","97.48226220158758","Units"
"Romania","Real effective exchange rate (REER), Index (2010=100) Adjusted by relative consumer prices","Annual","2006","104.3836075824373","Units"
"Romania","Real effective exchange rate (REER), Index (2010=100) Adjusted by relative consumer prices","Annual","2007","112.6637066135562","Units"
"Romania","Real effective exchange rate (REER), Index (2010=100) Adjusted by relative consumer prices","Annual","2008","106.4160772455215","Units"
"Romania","Real effective exchange rate (REER), Index (2010=100) Adjusted by relative consumer prices","Annual","2009","98.6517165411715","Units"
"Romania","Real effective exchange rate (REER), Index (2010=100) Adjusted by relative consumer prices","Annual","2010","99.99999999999992","Units"
"Romania","Real effective exchange rate (REER), Index (2010=100) Adjusted by relative consumer prices","Annual","2011","102.5612108418684","Units"
"Romania","Real effective exchange rate (REER), Index (2010=100) Adjusted by relative consumer prices","Annual","2012","96.58110653063733","Units"
"Romania","Real effective exchange rate (REER), Index (2010=100) Adjusted by relative consumer prices","Annual","2013","101.1362984215425","Units"
"Romania","Real effective exchange rate (REER), Index (2010=100) Adjusted by relative consumer prices","Annual","2014","101.8223878694377","Units"
"Romania","Real effective exchange rate (REER), Index (2010=100) Adjusted by relative consumer prices","Annual","2015","98.32812232797258","Units"
"Romania","Real effective exchange rate (REER), Index (2010=100) Adjusted by relative consumer prices","Annual","2016","96.61083977148808","Units"
"Romania","Real effective exchange rate (REER), Index (2010=100) Adjusted by relative consumer prices","Annual","2017","95.20121519560283","Units"
"Romania","Real effective exchange rate (REER), Index (2010=100) Adjusted by relative consumer prices","Annual","2018","97.7311040545425","Units"
"Romania","Real effective exchange rate (REER), Index (2010=100) Adjusted by relative consumer prices","Annual","2019","97.25133741377558","Units"
"Romania","Real effective exchange rate (REER), Index (2010=100) Adjusted by relative consumer prices","Annual","2020","98.61403806805883","Units"
"Romania","Real effective exchange rate (REER), Index (2010=100) Adjusted by relative consumer prices","Annual","2021","99.5570255773705","Units"
"Romania","Real effective exchange rate (REER), Index (2010=100) Adjusted by relative consumer prices","Annual","2022","103.2851764892133","Units"
"Romania","Real effective exchange rate (REER), Index (2010=100) Adjusted by relative consumer prices","Annual","2023","108.8440263183573","Units"
"Romania","Real effective exchange rate (REER), Index (2010=100) Adjusted by relative consumer prices","Annual","2024","111.6434605184195","Units"
"Romania","Real effective exchange rate (REER), Index (2010=100) Adjusted by relative consumer prices","Annual","2025","116.0416542902215","Units"
"Moldova, Republic of","Real effective exchange rate (REER), Index (2010=100) Adjusted by relative consumer prices","Annual","1994","76.30012985175522","Units"
"Moldova, Republic of","Real effective exchange rate (REER), Index (2010=100) Adjusted by relative consumer prices","Annual","1995","72.26315301811114","Units"
"Moldova, Republic of","Real effective exchange rate (REER), Index (2010=100) Adjusted by relative consumer prices","Annual","1996","73.54198297649949","Units"
"Moldova, Republic of","Real effective exchange rate (REER), Index (2010=100) Adjusted by relative consumer prices","Annual","1997","84.83669143496508","Units"
"Moldova, Republic of","Real effective exchange rate (REER), Index (2010=100) Adjusted by relative consumer prices","Annual","1998","82.40132790747213","Units"
"Moldova, Republic of","Real effective exchange rate (REER), Index (2010=100) Adjusted by relative consumer prices","Annual","1999","62.86568872769336","Units"
"Moldova, Republic of","Real effective exchange rate (REER), Index (2010=100) Adjusted by relative consumer prices","Annual","2000","73.17962614560012","Units"
"Moldova, Republic of","Real effective exchange rate (REER), Index (2010=100) Adjusted by relative consumer prices","Annual","2001","75.87015120499864","Units"
"Moldova, Republic of","Real effective exchange rate (REER), Index (2010=100) Adjusted by relative consumer prices","Annual","2002","71.74310701839237","Units"
"Moldova, Republic of","Real effective exchange rate (REER), Index (2010=100) Adjusted by relative consumer prices","Annual","2003","67.89958548681279","Units"
"Moldova, Republic of","Real effective exchange rate (REER), Index (2010=100) Adjusted by relative consumer prices","Annual","2004","77.6976103162838","Units"
"Moldova, Republic of","Real effective exchange rate (REER), Index (2010=100) Adjusted by relative consumer prices","Annual","2005","79.28618844593487","Units"
"Moldova, Republic of","Real effective exchange rate (REER), Index (2010=100) Adjusted by relative consumer prices","Annual","2006","81.41881389243253","Units"
"Moldova, Republic of","Real effective exchange rate (REER), Index (2010=100) Adjusted by relative consumer prices","Annual","2007","87.73073281772375","Units"
"Moldova, Republic of","Real effective exchange rate (REER), Index (2010=100) Adjusted by relative consumer prices","Annual","2008","104.0741558385635","Units"
"Moldova, Republic of","Real effective exchange rate (REER), Index (2010=100) Adjusted by relative consumer prices","Annual","2009","106.6919125188332","Units"
"Moldova, Republic of","Real effective exchange rate (REER), Index (2010=100) Adjusted by relative consumer prices","Annual","2010","100","Units"
"Moldova, Republic of","Real effective exchange rate (REER), Index (2010=100) Adjusted by relative consumer prices","Annual","2011","104.9572025450734","Units"
"Moldova, Republic of","Real effective exchange rate (REER), Index (2010=100) Adjusted by relative consumer prices","Annual","2012","110.0475404693294","Units"
"Moldova, Republic of","Real effective exchange rate (REER), Index (2010=100) Adjusted by relative consumer prices","Annual","2013","106.7123941320193","Units"
"Moldova, Republic of","Real effective exchange rate (REER), Index (2010=100) Adjusted by relative consumer prices","Annual","2014","102.6725710365263","Units"
"Moldova, Republic of","Real effective exchange rate (REER), Index (2010=100) Adjusted by relative consumer prices","Annual","2015","99.12441905425408","Units"
"Moldova, Republic of","Real effective exchange rate (REER), Index (2010=100) Adjusted by relative consumer prices","Annual","2016","101.8070441095148","Units"
"Moldova, Republic of","Real effective exchange rate (REER), Index (2010=100) Adjusted by relative consumer prices","Annual","2017","112.9423230484142","Units"
"Moldova, Republic of","Real effective exchange rate (REER), Index (2010=100) Adjusted by relative consumer prices","Annual","2018","122.9753035716401","Units"
"Moldova, Republic of","Real effective exchange rate (REER), Index (2010=100) Adjusted by relative consumer prices","Annual","2019","125.5872740861726","Units"
"Moldova, Republic of","Real effective exchange rate (REER), Index (2010=100) Adjusted by relative consumer prices","Annual","2020","132.0277625249614","Units"
"Moldova, Republic of","Real effective exchange rate (REER), Index (2010=100) Adjusted by relative consumer prices","Annual","2021","128.4073256017497","Units"
"Moldova, Republic of","Real effective exchange rate (REER), Index (2010=100) Adjusted by relative consumer prices","Annual","2022","154.6747253958913","Units"
"Moldova, Republic of","Real effective exchange rate (REER), Index (2010=100) Adjusted by relative consumer prices","Annual","2023","173.3151232881978","Units"
"Moldova, Republic of","Real effective exchange rate (REER), Index (2010=100) Adjusted by relative consumer prices","Annual","2024","180.6998239694282","Units"
"Moldova, Republic of","Real effective exchange rate (REER), Index (2010=100) Adjusted by relative consumer prices","Annual","2025","185.3933299206777","Units"
"Dominica","Real effective exchange rate (REER), Index (2010=100) Adjusted by relative consumer prices","Annual","1979","102.8081379832925","Units"
"Dominica","Real effective exchange rate (REER), Index (2010=100) Adjusted by relative consumer prices","Annual","1980","111.9696173670162","Units"
"Dominica","Real effective exchange rate (REER), Index (2010=100) Adjusted by relative consumer prices","Annual","1981","120.9998621718667","Units"
"Dominica","Real effective exchange rate (REER), Index (2010=100) Adjusted by relative consumer prices","Annual","1982","125.0209106700872","Units"
"Dominica","Real effective exchange rate (REER), Index (2010=100) Adjusted by relative consumer prices","Annual","1983","133.0273975907113","Units"
"Dominica","Real effective exchange rate (REER), Index (2010=100) Adjusted by relative consumer prices","Annual","1984","144.0006075090458","Units"
"Dominica","Real effective exchange rate (REER), Index (2010=100) Adjusted by relative consumer prices","Annual","1985","148.0307375773402","Units"
"Dominica","Real effective exchange rate (REER), Index (2010=100) Adjusted by relative consumer prices","Annual","1986","137.3362061751234","Units"
"Dominica","Real effective exchange rate (REER), Index (2010=100) Adjusted by relative consumer prices","Annual","1987","130.2805774626304","Units"
"Dominica","Real effective exchange rate (REER), Index (2010=100) Adjusted by relative consumer prices","Annual","1988","125.4274710791852","Units"
"Dominica","Real effective exchange rate (REER), Index (2010=100) Adjusted by relative consumer prices","Annual","1989","130.8194953281177","Units"
"Dominica","Real effective exchange rate (REER), Index (2010=100) Adjusted by relative consumer prices","Annual","1990","125.6373614262565","Units"
"Dominica","Real effective exchange rate (REER), Index (2010=100) Adjusted by relative consumer prices","Annual","1991","127.5154826881313","Units"
"Dominica","Real effective exchange rate (REER), Index (2010=100) Adjusted by relative consumer prices","Annual","1992","128.5970418248589","Units"
"Dominica","Real effective exchange rate (REER), Index (2010=100) Adjusted by relative consumer prices","Annual","1993","131.6255615036046","Units"
"Dominica","Real effective exchange rate (REER), Index (2010=100) Adjusted by relative consumer prices","Annual","1994","127.3371307641361","Units"
"Dominica","Real effective exchange rate (REER), Index (2010=100) Adjusted by relative consumer prices","Annual","1995","120.0214392266097","Units"
"Dominica","Real effective exchange rate (REER), Index (2010=100) Adjusted by relative consumer prices","Annual","1996","119.1490747198234","Units"
"Dominica","Real effective exchange rate (REER), Index (2010=100) Adjusted by relative consumer prices","Annual","1997","119.7072393243265","Units"
"Dominica","Real effective exchange rate (REER), Index (2010=100) Adjusted by relative consumer prices","Annual","1998","120.3064811157504","Units"
"Dominica","Real effective exchange rate (REER), Index (2010=100) Adjusted by relative consumer prices","Annual","1999","119.5940784144368","Units"
"Dominica","Real effective exchange rate (REER), Index (2010=100) Adjusted by relative consumer prices","Annual","2000","120.2760100920006","Units"
"Dominica","Real effective exchange rate (REER), Index (2010=100) Adjusted by relative consumer prices","Annual","2001","121.8975282182368","Units"
"Dominica","Real effective exchange rate (REER), Index (2010=100) Adjusted by relative consumer prices","Annual","2002","120.1518575688715","Units"
"Dominica","Real effective exchange rate (REER), Index (2010=100) Adjusted by relative consumer prices","Annual","2003","117.5086398908087","Units"
"Dominica","Real effective exchange rate (REER), Index (2010=100) Adjusted by relative consumer prices","Annual","2004","112.7260213663738","Units"
"Dominica","Real effective exchange rate (REER), Index (2010=100) Adjusted by relative consumer prices","Annual","2005","107.7816151757798","Units"
"Dominica","Real effective exchange rate (REER), Index (2010=100) Adjusted by relative consumer prices","Annual","2006","106.0203010085058","Units"
"Dominica","Real effective exchange rate (REER), Index (2010=100) Adjusted by relative consumer prices","Annual","2007","102.6591628112767","Units"
"Dominica","Real effective exchange rate (REER), Index (2010=100) Adjusted by relative consumer prices","Annual","2008","99.97229972442692","Units"
"Dominica","Real effective exchange rate (REER), Index (2010=100) Adjusted by relative consumer prices","Annual","2009","101.1286817815303","Units"
"Dominica","Real effective exchange rate (REER), Index (2010=100) Adjusted by relative consumer prices","Annual","2010","100","Units"
"Dominica","Real effective exchange rate (REER), Index (2010=100) Adjusted by relative consumer prices","Annual","2011","95.2478846760885","Units"
"Dominica","Real effective exchange rate (REER), Index (2010=100) Adjusted by relative consumer prices","Annual","2012","95.62682100107325","Units"
"Dominica","Real effective exchange rate (REER), Index (2010=100) Adjusted by relative consumer prices","Annual","2013","94.53297800880867","Units"
"Dominica","Real effective exchange rate (REER), Index (2010=100) Adjusted by relative consumer prices","Annual","2014","94.1914656254185","Units"
"Dominica","Real effective exchange rate (REER), Index (2010=100) Adjusted by relative consumer prices","Annual","2015","97.43408768219067","Units"
"Dominica","Real effective exchange rate (REER), Index (2010=100) Adjusted by relative consumer prices","Annual","2016","98.11603362072508","Units"
"Dominica","Real effective exchange rate (REER), Index (2010=100) Adjusted by relative consumer prices","Annual","2017","96.264919803609","Units"
"Dominica","Real effective exchange rate (REER), Index (2010=100) Adjusted by relative consumer prices","Annual","2018","94.37199306479017","Units"
"Dominica","Real effective exchange rate (REER), Index (2010=100) Adjusted by relative consumer prices","Annual","2019","96.36783812606817","Units"
"Dominica","Real effective exchange rate (REER), Index (2010=100) Adjusted by relative consumer prices","Annual","2020","95.846243000197","Units"
"Dominica","Real effective exchange rate (REER), Index (2010=100) Adjusted by relative consumer prices","Annual","2021","94.88592619631358","Units"
"Dominica","Real effective exchange rate (REER), Index (2010=100) Adjusted by relative consumer prices","Annual","2022","94.2605557907285","Units"
"Dominica","Real effective exchange rate (REER), Index (2010=100) Adjusted by relative consumer prices","Annual","2023","94.686177420057","Units"
"Dominica","Real effective exchange rate (REER), Index (2010=100) Adjusted by relative consumer prices","Annual","2024","94.92778196407075","Units"
"Dominica","Real effective exchange rate (REER), Index (2010=100) Adjusted by relative consumer prices","Annual","2025","94.48858400128592","Units"
"Sweden","Real effective exchange rate (REER), Index (2010=100) Adjusted by relative consumer prices","Annual","1979","143.0194479698234","Units"
"Sweden","Real effective exchange rate (REER), Index (2010=100) Adjusted by relative consumer prices","Annual","1980","147.3702096059812","Units"
"Sweden","Real effective exchange rate (REER), Index (2010=100) Adjusted by relative consumer prices","Annual","1981","147.5182091214978","Units"
"Sweden","Real effective exchange rate (REER), Index (2010=100) Adjusted by relative consumer prices","Annual","1982","132.8417825048514","Units"
"Sweden","Real effective exchange rate (REER), Index (2010=100) Adjusted by relative consumer prices","Annual","1983","120.327856836084","Units"
"Sweden","Real effective exchange rate (REER), Index (2010=100) Adjusted by relative consumer prices","Annual","1984","126.1421067043645","Units"
"Sweden","Real effective exchange rate (REER), Index (2010=100) Adjusted by relative consumer prices","Annual","1985","128.8603220381026","Units"
"Sweden","Real effective exchange rate (REER), Index (2010=100) Adjusted by relative consumer prices","Annual","1986","128.0453479996258","Units"
"Sweden","Real effective exchange rate (REER), Index (2010=100) Adjusted by relative consumer prices","Annual","1987","127.7121319738695","Units"
"Sweden","Real effective exchange rate (REER), Index (2010=100) Adjusted by relative consumer prices","Annual","1988","131.5837516836215","Units"
"Sweden","Real effective exchange rate (REER), Index (2010=100) Adjusted by relative consumer prices","Annual","1989","135.2783642015741","Units"
"Sweden","Real effective exchange rate (REER), Index (2010=100) Adjusted by relative consumer prices","Annual","1990","140.6705262445016","Units"
"Sweden","Real effective exchange rate (REER), Index (2010=100) Adjusted by relative consumer prices","Annual","1991","146.5590467763637","Units"
"Sweden","Real effective exchange rate (REER), Index (2010=100) Adjusted by relative consumer prices","Annual","1992","146.4999342243807","Units"
"Sweden","Real effective exchange rate (REER), Index (2010=100) Adjusted by relative consumer prices","Annual","1993","120.2364392417642","Units"
"Sweden","Real effective exchange rate (REER), Index (2010=100) Adjusted by relative consumer prices","Annual","1994","118.4695189347936","Units"
"Sweden","Real effective exchange rate (REER), Index (2010=100) Adjusted by relative consumer prices","Annual","1995","118.2681963939743","Units"
"Sweden","Real effective exchange rate (REER), Index (2010=100) Adjusted by relative consumer prices","Annual","1996","127.6822586140753","Units"
"Sweden","Real effective exchange rate (REER), Index (2010=100) Adjusted by relative consumer prices","Annual","1997","120.7192195694428","Units"
"Sweden","Real effective exchange rate (REER), Index (2010=100) Adjusted by relative consumer prices","Annual","1998","116.8794802723208","Units"
"Sweden","Real effective exchange rate (REER), Index (2010=100) Adjusted by relative consumer prices","Annual","1999","113.6637759993914","Units"
"Sweden","Real effective exchange rate (REER), Index (2010=100) Adjusted by relative consumer prices","Annual","2000","111.0360975322525","Units"
"Sweden","Real effective exchange rate (REER), Index (2010=100) Adjusted by relative consumer prices","Annual","2001","101.7766501366055","Units"
"Sweden","Real effective exchange rate (REER), Index (2010=100) Adjusted by relative consumer prices","Annual","2002","104.5046114463395","Units"
"Sweden","Real effective exchange rate (REER), Index (2010=100) Adjusted by relative consumer prices","Annual","2003","111.4562634850299","Units"
"Sweden","Real effective exchange rate (REER), Index (2010=100) Adjusted by relative consumer prices","Annual","2004","111.9754552385339","Units"
"Sweden","Real effective exchange rate (REER), Index (2010=100) Adjusted by relative consumer prices","Annual","2005","107.0145059998141","Units"
"Sweden","Real effective exchange rate (REER), Index (2010=100) Adjusted by relative consumer prices","Annual","2006","106.2077580625031","Units"
"Sweden","Real effective exchange rate (REER), Index (2010=100) Adjusted by relative consumer prices","Annual","2007","107.6231361985258","Units"
"Sweden","Real effective exchange rate (REER), Index (2010=100) Adjusted by relative consumer prices","Annual","2008","105.0200136103963","Units"
"Sweden","Real effective exchange rate (REER), Index (2010=100) Adjusted by relative consumer prices","Annual","2009","94.63612033694317","Units"
"Sweden","Real effective exchange rate (REER), Index (2010=100) Adjusted by relative consumer prices","Annual","2010","100","Units"
"Sweden","Real effective exchange rate (REER), Index (2010=100) Adjusted by relative consumer prices","Annual","2011","105.9260693330264","Units"
"Sweden","Real effective exchange rate (REER), Index (2010=100) Adjusted by relative consumer prices","Annual","2012","105.2683656841728","Units"
"Sweden","Real effective exchange rate (REER), Index (2010=100) Adjusted by relative consumer prices","Annual","2013","106.5190341216138","Units"
"Sweden","Real effective exchange rate (REER), Index (2010=100) Adjusted by relative consumer prices","Annual","2014","100.8119736203662","Units"
"Sweden","Real effective exchange rate (REER), Index (2010=100) Adjusted by relative consumer prices","Annual","2015","93.238243046887","Units"
"Sweden","Real effective exchange rate (REER), Index (2010=100) Adjusted by relative consumer prices","Annual","2016","93.946318007896","Units"
"Sweden","Real effective exchange rate (REER), Index (2010=100) Adjusted by relative consumer prices","Annual","2017","93.148158615081","Units"
"Sweden","Real effective exchange rate (REER), Index (2010=100) Adjusted by relative consumer prices","Annual","2018","89.24682790201117","Units"
"Sweden","Real effective exchange rate (REER), Index (2010=100) Adjusted by relative consumer prices","Annual","2019","85.66553035455525","Units"
"Sweden","Real effective exchange rate (REER), Index (2010=100) Adjusted by relative consumer prices","Annual","2020","87.66652277114758","Units"
"Sweden","Real effective exchange rate (REER), Index (2010=100) Adjusted by relative consumer prices","Annual","2021","90.26952286863233","Units"
"Sweden","Real effective exchange rate (REER), Index (2010=100) Adjusted by relative consumer prices","Annual","2022","84.85787579704067","Units"
"Sweden","Real effective exchange rate (REER), Index (2010=100) Adjusted by relative consumer prices","Annual","2023","83.4152860189625","Units"
"Sweden","Real effective exchange rate (REER), Index (2010=100) Adjusted by relative consumer prices","Annual","2024","84.52862124877675","Units"
"Sweden","Real effective exchange rate (REER), Index (2010=100) Adjusted by relative consumer prices","Annual","2025","87.10014811855042","Units"
"Sierra Leone","Real effective exchange rate (REER), Index (2010=100) Adjusted by relative consumer prices","Annual","1980","266.313339622291","Units"
"Sierra Leone","Real effective exchange rate (REER), Index (2010=100) Adjusted by relative consumer prices","Annual","1981","305.3418611193448","Units"
"Sierra Leone","Real effective exchange rate (REER), Index (2010=100) Adjusted by relative consumer prices","Annual","1982","374.2815540117728","Units"
"Sierra Leone","Real effective exchange rate (REER), Index (2010=100) Adjusted by relative consumer prices","Annual","1983","445.5613583230496","Units"
"Sierra Leone","Real effective exchange rate (REER), Index (2010=100) Adjusted by relative consumer prices","Annual","1984","562.8252883958029","Units"
"Sierra Leone","Real effective exchange rate (REER), Index (2010=100) Adjusted by relative consumer prices","Annual","1985","491.9148605552001","Units"
"Sierra Leone","Real effective exchange rate (REER), Index (2010=100) Adjusted by relative consumer prices","Annual","1986","329.5569921921485","Units"
"Sierra Leone","Real effective exchange rate (REER), Index (2010=100) Adjusted by relative consumer prices","Annual","1987","151.5349928292105","Units"
"Sierra Leone","Real effective exchange rate (REER), Index (2010=100) Adjusted by relative consumer prices","Annual","1988","178.565528117071","Units"
"Sierra Leone","Real effective exchange rate (REER), Index (2010=100) Adjusted by relative consumer prices","Annual","1989","156.6445528854941","Units"
"Sierra Leone","Real effective exchange rate (REER), Index (2010=100) Adjusted by relative consumer prices","Annual","1990","116.0265782151547","Units"
"Sierra Leone","Real effective exchange rate (REER), Index (2010=100) Adjusted by relative consumer prices","Annual","1991","117.2321898574159","Units"
"Sierra Leone","Real effective exchange rate (REER), Index (2010=100) Adjusted by relative consumer prices","Annual","1992","105.9404593849168","Units"
"Sierra Leone","Real effective exchange rate (REER), Index (2010=100) Adjusted by relative consumer prices","Annual","1993","117.1827262733278","Units"
"Sierra Leone","Real effective exchange rate (REER), Index (2010=100) Adjusted by relative consumer prices","Annual","1994","135.4641593526181","Units"
"Sierra Leone","Real effective exchange rate (REER), Index (2010=100) Adjusted by relative consumer prices","Annual","1995","122.2800686318928","Units"
"Sierra Leone","Real effective exchange rate (REER), Index (2010=100) Adjusted by relative consumer prices","Annual","1996","122.9136187800743","Units"
"Sierra Leone","Real effective exchange rate (REER), Index (2010=100) Adjusted by relative consumer prices","Annual","1997","140.6128487283106","Units"
"Sierra Leone","Real effective exchange rate (REER), Index (2010=100) Adjusted by relative consumer prices","Annual","1998","119.9660629949629","Units"
"Sierra Leone","Real effective exchange rate (REER), Index (2010=100) Adjusted by relative consumer prices","Annual","1999","142.1866996337214","Units"
"Sierra Leone","Real effective exchange rate (REER), Index (2010=100) Adjusted by relative consumer prices","Annual","2000","130.5316904008173","Units"
"Sierra Leone","Real effective exchange rate (REER), Index (2010=100) Adjusted by relative consumer prices","Annual","2001","142.4417316407288","Units"
"Sierra Leone","Real effective exchange rate (REER), Index (2010=100) Adjusted by relative consumer prices","Annual","2002","123.1378260692287","Units"
"Sierra Leone","Real effective exchange rate (REER), Index (2010=100) Adjusted by relative consumer prices","Annual","2003","101.8175702668573","Units"
"Sierra Leone","Real effective exchange rate (REER), Index (2010=100) Adjusted by relative consumer prices","Annual","2004","91.0575688866435","Units"
"Sierra Leone","Real effective exchange rate (REER), Index (2010=100) Adjusted by relative consumer prices","Annual","2005","92.54453450292683","Units"
"Sierra Leone","Real effective exchange rate (REER), Index (2010=100) Adjusted by relative consumer prices","Annual","2006","95.7980431476195","Units"
"Sierra Leone","Real effective exchange rate (REER), Index (2010=100) Adjusted by relative consumer prices","Annual","2007","96.41941099831008","Units"
"Sierra Leone","Real effective exchange rate (REER), Index (2010=100) Adjusted by relative consumer prices","Annual","2008","101.0986318368322","Units"
"Sierra Leone","Real effective exchange rate (REER), Index (2010=100) Adjusted by relative consumer prices","Annual","2009","103.3226278284233","Units"
"Sierra Leone","Real effective exchange rate (REER), Index (2010=100) Adjusted by relative consumer prices","Annual","2010","100","Units"
"Sierra Leone","Real effective exchange rate (REER), Index (2010=100) Adjusted by relative consumer prices","Annual","2011","102.2891828217661","Units"
"Sierra Leone","Real effective exchange rate (REER), Index (2010=100) Adjusted by relative consumer prices","Annual","2012","118.5820789972729","Units"
"Sierra Leone","Real effective exchange rate (REER), Index (2010=100) Adjusted by relative consumer prices","Annual","2013","127.1226120482468","Units"
"Sierra Leone","Real effective exchange rate (REER), Index (2010=100) Adjusted by relative consumer prices","Annual","2014","131.9260784205805","Units"
"Sierra Leone","Real effective exchange rate (REER), Index (2010=100) Adjusted by relative consumer prices","Annual","2015","142.5604961843288","Units"
"Sierra Leone","Real effective exchange rate (REER), Index (2010=100) Adjusted by relative consumer prices","Annual","2016","129.9787523966472","Units"
"Sierra Leone","Real effective exchange rate (REER), Index (2010=100) Adjusted by relative consumer prices","Annual","2017","111.8964870154583","Units"
"Sierra Leone","Real effective exchange rate (REER), Index (2010=100) Adjusted by relative consumer prices","Annual","2018","100.6112118411276","Units"
"Sierra Leone","Real effective exchange rate (REER), Index (2010=100) Adjusted by relative consumer prices","Annual","2019","103.8154997493559","Units"
"Sierra Leone","Real effective exchange rate (REER), Index (2010=100) Adjusted by relative consumer prices","Annual","2020","107.0603789684487","Units"
"Sierra Leone","Real effective exchange rate (REER), Index (2010=100) Adjusted by relative consumer prices","Annual","2021","106.590412029025","Units"
"Sierra Leone","Real effective exchange rate (REER), Index (2010=100) Adjusted by relative consumer prices","Annual","2022","103.4174319820158","Units"
"Sierra Leone","Real effective exchange rate (REER), Index (2010=100) Adjusted by relative consumer prices","Annual","2023","94.91004103008425","Units"
"Sierra Leone","Real effective exchange rate (REER), Index (2010=100) Adjusted by relative consumer prices","Annual","2024","113.3098804780369","Units"
"Sierra Leone","Real effective exchange rate (REER), Index (2010=100) Adjusted by relative consumer prices","Annual","2025","115.832292286211","Units"
"Antigua and Barbuda","Real effective exchange rate (REER), Index (2010=100) Adjusted by relative consumer prices","Annual","1979","127.9683367142005","Units"
"Antigua and Barbuda","Real effective exchange rate (REER), Index (2010=100) Adjusted by relative consumer prices","Annual","1980","132.2933557194245","Units"
"Antigua and Barbuda","Real effective exchange rate (REER), Index (2010=100) Adjusted by relative consumer prices","Annual","1981","145.056314035595","Units"
"Antigua and Barbuda","Real effective exchange rate (REER), Index (2010=100) Adjusted by relative consumer prices","Annual","1982","149.8365584501807","Units"
"Antigua and Barbuda","Real effective exchange rate (REER), Index (2010=100) Adjusted by relative consumer prices","Annual","1983","154.1145049451997","Units"
"Antigua and Barbuda","Real effective exchange rate (REER), Index (2010=100) Adjusted by relative consumer prices","Annual","1984","162.3201817134554","Units"
"Antigua and Barbuda","Real effective exchange rate (REER), Index (2010=100) Adjusted by relative consumer prices","Annual","1985","160.7457044445343","Units"
"Antigua and Barbuda","Real effective exchange rate (REER), Index (2010=100) Adjusted by relative consumer prices","Annual","1986","141.3795146455618","Units"
"Antigua and Barbuda","Real effective exchange rate (REER), Index (2010=100) Adjusted by relative consumer prices","Annual","1987","131.8983327376525","Units"
"Antigua and Barbuda","Real effective exchange rate (REER), Index (2010=100) Adjusted by relative consumer prices","Annual","1988","132.8099585564426","Units"
"Antigua and Barbuda","Real effective exchange rate (REER), Index (2010=100) Adjusted by relative consumer prices","Annual","1989","136.1575644549347","Units"
"Antigua and Barbuda","Real effective exchange rate (REER), Index (2010=100) Adjusted by relative consumer prices","Annual","1990","131.3826690064887","Units"
"Antigua and Barbuda","Real effective exchange rate (REER), Index (2010=100) Adjusted by relative consumer prices","Annual","1991","133.056915565752","Units"
"Antigua and Barbuda","Real effective exchange rate (REER), Index (2010=100) Adjusted by relative consumer prices","Annual","1992","131.023346533565","Units"
"Antigua and Barbuda","Real effective exchange rate (REER), Index (2010=100) Adjusted by relative consumer prices","Annual","1993","138.9844987976343","Units"
"Antigua and Barbuda","Real effective exchange rate (REER), Index (2010=100) Adjusted by relative consumer prices","Annual","1994","117.0063442846932","Units"
"Antigua and Barbuda","Real effective exchange rate (REER), Index (2010=100) Adjusted by relative consumer prices","Annual","1995","113.3978276377102","Units"
"Antigua and Barbuda","Real effective exchange rate (REER), Index (2010=100) Adjusted by relative consumer prices","Annual","1996","115.3634084677067","Units"
"Antigua and Barbuda","Real effective exchange rate (REER), Index (2010=100) Adjusted by relative consumer prices","Annual","1997","115.3488472318099","Units"
"Antigua and Barbuda","Real effective exchange rate (REER), Index (2010=100) Adjusted by relative consumer prices","Annual","1998","119.4751962241168","Units"
"Antigua and Barbuda","Real effective exchange rate (REER), Index (2010=100) Adjusted by relative consumer prices","Annual","1999","116.9544001929787","Units"
"Antigua and Barbuda","Real effective exchange rate (REER), Index (2010=100) Adjusted by relative consumer prices","Annual","2000","114.6260757299031","Units"
"Antigua and Barbuda","Real effective exchange rate (REER), Index (2010=100) Adjusted by relative consumer prices","Annual","2001","116.9414083735108","Units"
"Antigua and Barbuda","Real effective exchange rate (REER), Index (2010=100) Adjusted by relative consumer prices","Annual","2002","117.7215997317771","Units"
"Antigua and Barbuda","Real effective exchange rate (REER), Index (2010=100) Adjusted by relative consumer prices","Annual","2003","114.0357494540896","Units"
"Antigua and Barbuda","Real effective exchange rate (REER), Index (2010=100) Adjusted by relative consumer prices","Annual","2004","110.9005297438202","Units"
"Antigua and Barbuda","Real effective exchange rate (REER), Index (2010=100) Adjusted by relative consumer prices","Annual","2005","108.3049124198418","Units"
"Antigua and Barbuda","Real effective exchange rate (REER), Index (2010=100) Adjusted by relative consumer prices","Annual","2006","106.1215048369944","Units"
"Antigua and Barbuda","Real effective exchange rate (REER), Index (2010=100) Adjusted by relative consumer prices","Annual","2007","98.18744228893933","Units"
"Antigua and Barbuda","Real effective exchange rate (REER), Index (2010=100) Adjusted by relative consumer prices","Annual","2008","95.345724008197","Units"
"Antigua and Barbuda","Real effective exchange rate (REER), Index (2010=100) Adjusted by relative consumer prices","Annual","2009","99.80691887748942","Units"
"Antigua and Barbuda","Real effective exchange rate (REER), Index (2010=100) Adjusted by relative consumer prices","Annual","2010","100","Units"
"Antigua and Barbuda","Real effective exchange rate (REER), Index (2010=100) Adjusted by relative consumer prices","Annual","2011","96.7522241514515","Units"
"Antigua and Barbuda","Real effective exchange rate (REER), Index (2010=100) Adjusted by relative consumer prices","Annual","2012","100.8637122166498","Units"
"Antigua and Barbuda","Real effective exchange rate (REER), Index (2010=100) Adjusted by relative consumer prices","Annual","2013","100.0907821635174","Units"
"Antigua and Barbuda","Real effective exchange rate (REER), Index (2010=100) Adjusted by relative consumer prices","Annual","2014","100.4391577527678","Units"
"Antigua and Barbuda","Real effective exchange rate (REER), Index (2010=100) Adjusted by relative consumer prices","Annual","2015","110.4893917139436","Units"
"Antigua and Barbuda","Real effective exchange rate (REER), Index (2010=100) Adjusted by relative consumer prices","Annual","2016","111.8375327483514","Units"
"Antigua and Barbuda","Real effective exchange rate (REER), Index (2010=100) Adjusted by relative consumer prices","Annual","2017","111.6813241556291","Units"
"Antigua and Barbuda","Real effective exchange rate (REER), Index (2010=100) Adjusted by relative consumer prices","Annual","2018","108.3402540266017","Units"
"Antigua and Barbuda","Real effective exchange rate (REER), Index (2010=100) Adjusted by relative consumer prices","Annual","2019","112.0718635088217","Units"
"Antigua and Barbuda","Real effective exchange rate (REER), Index (2010=100) Adjusted by relative consumer prices","Annual","2020","112.486969779235","Units"
"Antigua and Barbuda","Real effective exchange rate (REER), Index (2010=100) Adjusted by relative consumer prices","Annual","2021","108.6976449789122","Units"
"Antigua and Barbuda","Real effective exchange rate (REER), Index (2010=100) Adjusted by relative consumer prices","Annual","2022","116.1953146006165","Units"
"Antigua and Barbuda","Real effective exchange rate (REER), Index (2010=100) Adjusted by relative consumer prices","Annual","2023","114.1282128396842","Units"
"Antigua and Barbuda","Real effective exchange rate (REER), Index (2010=100) Adjusted by relative consumer prices","Annual","2024","116.6951987340692","Units"
"Antigua and Barbuda","Real effective exchange rate (REER), Index (2010=100) Adjusted by relative consumer prices","Annual","2025","112.6594561223808","Units"
"Malawi","Real effective exchange rate (REER), Index (2010=100) Adjusted by relative consumer prices","Annual","1980","200.0622044643152","Units"
"Malawi","Real effective exchange rate (REER), Index (2010=100) Adjusted by relative consumer prices","Annual","1981","205.1047006686643","Units"
"Malawi","Real effective exchange rate (REER), Index (2010=100) Adjusted by relative consumer prices","Annual","1982","198.0099829889862","Units"
"Malawi","Real effective exchange rate (REER), Index (2010=100) Adjusted by relative consumer prices","Annual","1983","202.2437232777717","Units"
"Malawi","Real effective exchange rate (REER), Index (2010=100) Adjusted by relative consumer prices","Annual","1984","214.8386295041166","Units"
"Malawi","Real effective exchange rate (REER), Index (2010=100) Adjusted by relative consumer prices","Annual","1985","203.8832654441272","Units"
"Malawi","Real effective exchange rate (REER), Index (2010=100) Adjusted by relative consumer prices","Annual","1986","182.1699888093549","Units"
"Malawi","Real effective exchange rate (REER), Index (2010=100) Adjusted by relative consumer prices","Annual","1987","164.397362982441","Units"
"Malawi","Real effective exchange rate (REER), Index (2010=100) Adjusted by relative consumer prices","Annual","1988","180.0673331245282","Units"
"Malawi","Real effective exchange rate (REER), Index (2010=100) Adjusted by relative consumer prices","Annual","1989","187.7764301195455","Units"
"Malawi","Real effective exchange rate (REER), Index (2010=100) Adjusted by relative consumer prices","Annual","1990","186.8427046537538","Units"
"Malawi","Real effective exchange rate (REER), Index (2010=100) Adjusted by relative consumer prices","Annual","1991","197.9768560233964","Units"
"Malawi","Real effective exchange rate (REER), Index (2010=100) Adjusted by relative consumer prices","Annual","1992","181.6186495695172","Units"
"Malawi","Real effective exchange rate (REER), Index (2010=100) Adjusted by relative consumer prices","Annual","1993","185.2319369507867","Units"
"Malawi","Real effective exchange rate (REER), Index (2010=100) Adjusted by relative consumer prices","Annual","1994","131.393827423662","Units"
"Malawi","Real effective exchange rate (REER), Index (2010=100) Adjusted by relative consumer prices","Annual","1995","115.2554292817598","Units"
"Malawi","Real effective exchange rate (REER), Index (2010=100) Adjusted by relative consumer prices","Annual","1996","166.2708858839638","Units"
"Malawi","Real effective exchange rate (REER), Index (2010=100) Adjusted by relative consumer prices","Annual","1997","173.0915867636041","Units"
"Malawi","Real effective exchange rate (REER), Index (2010=100) Adjusted by relative consumer prices","Annual","1998","129.0273274575791","Units"
"Malawi","Real effective exchange rate (REER), Index (2010=100) Adjusted by relative consumer prices","Annual","1999","129.6775315602812","Units"
"Malawi","Real effective exchange rate (REER), Index (2010=100) Adjusted by relative consumer prices","Annual","2000","134.2083604092345","Units"
"Malawi","Real effective exchange rate (REER), Index (2010=100) Adjusted by relative consumer prices","Annual","2001","145.0666584231533","Units"
"Malawi","Real effective exchange rate (REER), Index (2010=100) Adjusted by relative consumer prices","Annual","2002","158.2428074585116","Units"
"Malawi","Real effective exchange rate (REER), Index (2010=100) Adjusted by relative consumer prices","Annual","2003","110.6085048406442","Units"
"Malawi","Real effective exchange rate (REER), Index (2010=100) Adjusted by relative consumer prices","Annual","2004","98.68022747836775","Units"
"Malawi","Real effective exchange rate (REER), Index (2010=100) Adjusted by relative consumer prices","Annual","2005","100.4923706334504","Units"
"Malawi","Real effective exchange rate (REER), Index (2010=100) Adjusted by relative consumer prices","Annual","2006","97.0910662780765","Units"
"Malawi","Real effective exchange rate (REER), Index (2010=100) Adjusted by relative consumer prices","Annual","2007","95.06610511246458","Units"
"Malawi","Real effective exchange rate (REER), Index (2010=100) Adjusted by relative consumer prices","Annual","2008","97.92482681756867","Units"
"Malawi","Real effective exchange rate (REER), Index (2010=100) Adjusted by relative consumer prices","Annual","2009","107.1861699840788","Units"
"Malawi","Real effective exchange rate (REER), Index (2010=100) Adjusted by relative consumer prices","Annual","2010","100.0000000000001","Units"
"Malawi","Real effective exchange rate (REER), Index (2010=100) Adjusted by relative consumer prices","Annual","2011","96.81777104098775","Units"
"Malawi","Real effective exchange rate (REER), Index (2010=100) Adjusted by relative consumer prices","Annual","2012","78.58258429954086","Units"
"Malawi","Real effective exchange rate (REER), Index (2010=100) Adjusted by relative consumer prices","Annual","2013","65.40225918772443","Units"
"Malawi","Real effective exchange rate (REER), Index (2010=100) Adjusted by relative consumer prices","Annual","2014","70.69241813886272","Units"
"Malawi","Real effective exchange rate (REER), Index (2010=100) Adjusted by relative consumer prices","Annual","2015","80.40428863885331","Units"
"Malawi","Real effective exchange rate (REER), Index (2010=100) Adjusted by relative consumer prices","Annual","2016","69.63028737649485","Units"
"Malawi","Real effective exchange rate (REER), Index (2010=100) Adjusted by relative consumer prices","Annual","2017","74.60869912660432","Units"
"Malawi","Real effective exchange rate (REER), Index (2010=100) Adjusted by relative consumer prices","Annual","2018","78.95803517192281","Units"
"Malawi","Real effective exchange rate (REER), Index (2010=100) Adjusted by relative consumer prices","Annual","2019","86.86011660893733","Units"
"Malawi","Real effective exchange rate (REER), Index (2010=100) Adjusted by relative consumer prices","Annual","2020","94.62814062076708","Units"
"Malawi","Real effective exchange rate (REER), Index (2010=100) Adjusted by relative consumer prices","Annual","2021","90.22259090422933","Units"
"Malawi","Real effective exchange rate (REER), Index (2010=100) Adjusted by relative consumer prices","Annual","2022","93.86977878578567","Units"
"Malawi","Real effective exchange rate (REER), Index (2010=100) Adjusted by relative consumer prices","Annual","2023","99.61772711921483","Units"
"Malawi","Real effective exchange rate (REER), Index (2010=100) Adjusted by relative consumer prices","Annual","2024","84.57732386763975","Units"
"Malawi","Real effective exchange rate (REER), Index (2010=100) Adjusted by relative consumer prices","Annual","2025","103.1740420838086","Units"
"New Zealand","Real effective exchange rate (REER), Index (2010=100) Adjusted by relative consumer prices","Annual","1979","82.29531089394649","Units"
"New Zealand","Real effective exchange rate (REER), Index (2010=100) Adjusted by relative consumer prices","Annual","1980","81.51528764219874","Units"
"New Zealand","Real effective exchange rate (REER), Index (2010=100) Adjusted by relative consumer prices","Annual","1981","84.51335609299258","Units"
"New Zealand","Real effective exchange rate (REER), Index (2010=100) Adjusted by relative consumer prices","Annual","1982","87.18317359927225","Units"
"New Zealand","Real effective exchange rate (REER), Index (2010=100) Adjusted by relative consumer prices","Annual","1983","83.78665818043258","Units"
"New Zealand","Real effective exchange rate (REER), Index (2010=100) Adjusted by relative consumer prices","Annual","1984","78.32088086741025","Units"
"New Zealand","Real effective exchange rate (REER), Index (2010=100) Adjusted by relative consumer prices","Annual","1985","77.2036221346685","Units"
"New Zealand","Real effective exchange rate (REER), Index (2010=100) Adjusted by relative consumer prices","Annual","1986","75.98471940466058","Units"
"New Zealand","Real effective exchange rate (REER), Index (2010=100) Adjusted by relative consumer prices","Annual","1987","87.81493016731408","Units"
"New Zealand","Real effective exchange rate (REER), Index (2010=100) Adjusted by relative consumer prices","Annual","1988","96.07604047302333","Units"
"New Zealand","Real effective exchange rate (REER), Index (2010=100) Adjusted by relative consumer prices","Annual","1989","92.908184995026","Units"
"New Zealand","Real effective exchange rate (REER), Index (2010=100) Adjusted by relative consumer prices","Annual","1990","89.95105848548833","Units"
"New Zealand","Real effective exchange rate (REER), Index (2010=100) Adjusted by relative consumer prices","Annual","1991","85.36368828410917","Units"
"New Zealand","Real effective exchange rate (REER), Index (2010=100) Adjusted by relative consumer prices","Annual","1992","75.36081135235449","Units"
"New Zealand","Real effective exchange rate (REER), Index (2010=100) Adjusted by relative consumer prices","Annual","1993","77.42460205121279","Units"
"New Zealand","Real effective exchange rate (REER), Index (2010=100) Adjusted by relative consumer prices","Annual","1994","83.08739419186905","Units"
"New Zealand","Real effective exchange rate (REER), Index (2010=100) Adjusted by relative consumer prices","Annual","1995","87.6926337052595","Units"
"New Zealand","Real effective exchange rate (REER), Index (2010=100) Adjusted by relative consumer prices","Annual","1996","95.01478047142275","Units"
"New Zealand","Real effective exchange rate (REER), Index (2010=100) Adjusted by relative consumer prices","Annual","1997","96.91432151950917","Units"
"New Zealand","Real effective exchange rate (REER), Index (2010=100) Adjusted by relative consumer prices","Annual","1998","82.66736258740895","Units"
"New Zealand","Real effective exchange rate (REER), Index (2010=100) Adjusted by relative consumer prices","Annual","1999","79.26869164870815","Units"
"New Zealand","Real effective exchange rate (REER), Index (2010=100) Adjusted by relative consumer prices","Annual","2000","71.33993023810712","Units"
"New Zealand","Real effective exchange rate (REER), Index (2010=100) Adjusted by relative consumer prices","Annual","2001","69.32906548938937","Units"
"New Zealand","Real effective exchange rate (REER), Index (2010=100) Adjusted by relative consumer prices","Annual","2002","76.60437755353699","Units"
"New Zealand","Real effective exchange rate (REER), Index (2010=100) Adjusted by relative consumer prices","Annual","2003","89.20556190271525","Units"
"New Zealand","Real effective exchange rate (REER), Index (2010=100) Adjusted by relative consumer prices","Annual","2004","96.91177946294383","Units"
"New Zealand","Real effective exchange rate (REER), Index (2010=100) Adjusted by relative consumer prices","Annual","2005","102.9397385336872","Units"
"New Zealand","Real effective exchange rate (REER), Index (2010=100) Adjusted by relative consumer prices","Annual","2006","95.31983896904233","Units"
"New Zealand","Real effective exchange rate (REER), Index (2010=100) Adjusted by relative consumer prices","Annual","2007","103.2004480407118","Units"
"New Zealand","Real effective exchange rate (REER), Index (2010=100) Adjusted by relative consumer prices","Annual","2008","95.4676913850285","Units"
"New Zealand","Real effective exchange rate (REER), Index (2010=100) Adjusted by relative consumer prices","Annual","2009","88.92053753747167","Units"
"New Zealand","Real effective exchange rate (REER), Index (2010=100) Adjusted by relative consumer prices","Annual","2010","100","Units"
"New Zealand","Real effective exchange rate (REER), Index (2010=100) Adjusted by relative consumer prices","Annual","2011","105.5021237178886","Units"
"New Zealand","Real effective exchange rate (REER), Index (2010=100) Adjusted by relative consumer prices","Annual","2012","109.5266791592138","Units"
"New Zealand","Real effective exchange rate (REER), Index (2010=100) Adjusted by relative consumer prices","Annual","2013","111.0994597635099","Units"
"New Zealand","Real effective exchange rate (REER), Index (2010=100) Adjusted by relative consumer prices","Annual","2014","113.2697246953088","Units"
"New Zealand","Real effective exchange rate (REER), Index (2010=100) Adjusted by relative consumer prices","Annual","2015","104.2192904997487","Units"
"New Zealand","Real effective exchange rate (REER), Index (2010=100) Adjusted by relative consumer prices","Annual","2016","105.3745278112887","Units"
"New Zealand","Real effective exchange rate (REER), Index (2010=100) Adjusted by relative consumer prices","Annual","2017","107.4856263737093","Units"
"New Zealand","Real effective exchange rate (REER), Index (2010=100) Adjusted by relative consumer prices","Annual","2018","102.3268908460996","Units"
"New Zealand","Real effective exchange rate (REER), Index (2010=100) Adjusted by relative consumer prices","Annual","2019","100.1206494617373","Units"
"New Zealand","Real effective exchange rate (REER), Index (2010=100) Adjusted by relative consumer prices","Annual","2020","99.19530578036708","Units"
"New Zealand","Real effective exchange rate (REER), Index (2010=100) Adjusted by relative consumer prices","Annual","2021","106.6663000060008","Units"
"New Zealand","Real effective exchange rate (REER), Index (2010=100) Adjusted by relative consumer prices","Annual","2022","104.6131300851012","Units"
"New Zealand","Real effective exchange rate (REER), Index (2010=100) Adjusted by relative consumer prices","Annual","2023","104.6327718159601","Units"
"New Zealand","Real effective exchange rate (REER), Index (2010=100) Adjusted by relative consumer prices","Annual","2024","105.3850695223451","Units"
"New Zealand","Real effective exchange rate (REER), Index (2010=100) Adjusted by relative consumer prices","Annual","2025","100.5088588547019","Units"
"Philippines","Real effective exchange rate (REER), Index (2010=100) Adjusted by relative consumer prices","Annual","1979","117.5401851594883","Units"
"Philippines","Real effective exchange rate (REER), Index (2010=100) Adjusted by relative consumer prices","Annual","1980","123.8571739870982","Units"
"Philippines","Real effective exchange rate (REER), Index (2010=100) Adjusted by relative consumer prices","Annual","1981","128.3537096328451","Units"
"Philippines","Real effective exchange rate (REER), Index (2010=100) Adjusted by relative consumer prices","Annual","1982","133.2164744491318","Units"
"Philippines","Real effective exchange rate (REER), Index (2010=100) Adjusted by relative consumer prices","Annual","1983","111.8515276594192","Units"
"Philippines","Real effective exchange rate (REER), Index (2010=100) Adjusted by relative consumer prices","Annual","1984","110.6464699686956","Units"
"Philippines","Real effective exchange rate (REER), Index (2010=100) Adjusted by relative consumer prices","Annual","1985","120.555324021437","Units"
"Philippines","Real effective exchange rate (REER), Index (2010=100) Adjusted by relative consumer prices","Annual","1986","94.11334883827125","Units"
"Philippines","Real effective exchange rate (REER), Index (2010=100) Adjusted by relative consumer prices","Annual","1987","86.89273349086183","Units"
"Philippines","Real effective exchange rate (REER), Index (2010=100) Adjusted by relative consumer prices","Annual","1988","88.88511393060433","Units"
"Philippines","Real effective exchange rate (REER), Index (2010=100) Adjusted by relative consumer prices","Annual","1989","95.64563167566583","Units"
"Philippines","Real effective exchange rate (REER), Index (2010=100) Adjusted by relative consumer prices","Annual","1990","90.82788335876275","Units"
"Philippines","Real effective exchange rate (REER), Index (2010=100) Adjusted by relative consumer prices","Annual","1991","90.924714162759","Units"
"Philippines","Real effective exchange rate (REER), Index (2010=100) Adjusted by relative consumer prices","Annual","1992","100.3122516322576","Units"
"Philippines","Real effective exchange rate (REER), Index (2010=100) Adjusted by relative consumer prices","Annual","1993","98.62375928520875","Units"
"Philippines","Real effective exchange rate (REER), Index (2010=100) Adjusted by relative consumer prices","Annual","1994","107.0159564570597","Units"
"Philippines","Real effective exchange rate (REER), Index (2010=100) Adjusted by relative consumer prices","Annual","1995","108.6596170293748","Units"
"Philippines","Real effective exchange rate (REER), Index (2010=100) Adjusted by relative consumer prices","Annual","1996","115.907179064532","Units"
"Philippines","Real effective exchange rate (REER), Index (2010=100) Adjusted by relative consumer prices","Annual","1997","114.3159346799202","Units"
"Philippines","Real effective exchange rate (REER), Index (2010=100) Adjusted by relative consumer prices","Annual","1998","95.3886376279575","Units"
"Philippines","Real effective exchange rate (REER), Index (2010=100) Adjusted by relative consumer prices","Annual","1999","100.2721292322932","Units"
"Philippines","Real effective exchange rate (REER), Index (2010=100) Adjusted by relative consumer prices","Annual","2000","91.51361104312117","Units"
"Philippines","Real effective exchange rate (REER), Index (2010=100) Adjusted by relative consumer prices","Annual","2001","86.36089089026417","Units"
"Philippines","Real effective exchange rate (REER), Index (2010=100) Adjusted by relative consumer prices","Annual","2002","86.66975978289408","Units"
"Philippines","Real effective exchange rate (REER), Index (2010=100) Adjusted by relative consumer prices","Annual","2003","79.33190853625998","Units"
"Philippines","Real effective exchange rate (REER), Index (2010=100) Adjusted by relative consumer prices","Annual","2004","75.92777581674461","Units"
"Philippines","Real effective exchange rate (REER), Index (2010=100) Adjusted by relative consumer prices","Annual","2005","79.96289351942671","Units"
"Philippines","Real effective exchange rate (REER), Index (2010=100) Adjusted by relative consumer prices","Annual","2006","88.13196842499267","Units"
"Philippines","Real effective exchange rate (REER), Index (2010=100) Adjusted by relative consumer prices","Annual","2007","95.28793048451175","Units"
"Philippines","Real effective exchange rate (REER), Index (2010=100) Adjusted by relative consumer prices","Annual","2008","97.694648977661","Units"
"Philippines","Real effective exchange rate (REER), Index (2010=100) Adjusted by relative consumer prices","Annual","2009","95.90988655157792","Units"
"Philippines","Real effective exchange rate (REER), Index (2010=100) Adjusted by relative consumer prices","Annual","2010","100","Units"
"Philippines","Real effective exchange rate (REER), Index (2010=100) Adjusted by relative consumer prices","Annual","2011","100.2801919917227","Units"
"Philippines","Real effective exchange rate (REER), Index (2010=100) Adjusted by relative consumer prices","Annual","2012","104.8355833151037","Units"
"Philippines","Real effective exchange rate (REER), Index (2010=100) Adjusted by relative consumer prices","Annual","2013","107.6355043533652","Units"
"Philippines","Real effective exchange rate (REER), Index (2010=100) Adjusted by relative consumer prices","Annual","2014","106.3051125133972","Units"
"Philippines","Real effective exchange rate (REER), Index (2010=100) Adjusted by relative consumer prices","Annual","2015","111.3624584663011","Units"
"Philippines","Real effective exchange rate (REER), Index (2010=100) Adjusted by relative consumer prices","Annual","2016","108.2644695920826","Units"
"Philippines","Real effective exchange rate (REER), Index (2010=100) Adjusted by relative consumer prices","Annual","2017","103.3453464885608","Units"
"Philippines","Real effective exchange rate (REER), Index (2010=100) Adjusted by relative consumer prices","Annual","2018","100.4820512819728","Units"
"Philippines","Real effective exchange rate (REER), Index (2010=100) Adjusted by relative consumer prices","Annual","2019","105.2208879474866","Units"
"Philippines","Real effective exchange rate (REER), Index (2010=100) Adjusted by relative consumer prices","Annual","2020","111.0888148516559","Units"
"Philippines","Real effective exchange rate (REER), Index (2010=100) Adjusted by relative consumer prices","Annual","2021","110.9853625853792","Units"
"Philippines","Real effective exchange rate (REER), Index (2010=100) Adjusted by relative consumer prices","Annual","2022","109.1958948948725","Units"
"Philippines","Real effective exchange rate (REER), Index (2010=100) Adjusted by relative consumer prices","Annual","2023","112.9378265543524","Units"
"Philippines","Real effective exchange rate (REER), Index (2010=100) Adjusted by relative consumer prices","Annual","2024","113.6050376243801","Units"
"Philippines","Real effective exchange rate (REER), Index (2010=100) Adjusted by relative consumer prices","Annual","2025","112.4044186961524","Units"
"Armenia, Republic of","Real effective exchange rate (REER), Index (2010=100) Adjusted by relative consumer prices","Annual","1994","33.44897462578833","Units"
"Armenia, Republic of","Real effective exchange rate (REER), Index (2010=100) Adjusted by relative consumer prices","Annual","1995","51.97672068600965","Units"
"Armenia, Republic of","Real effective exchange rate (REER), Index (2010=100) Adjusted by relative consumer prices","Annual","1996","70.83833327086523","Units"
"Armenia, Republic of","Real effective exchange rate (REER), Index (2010=100) Adjusted by relative consumer prices","Annual","1997","69.84136940357455","Units"
"Armenia, Republic of","Real effective exchange rate (REER), Index (2010=100) Adjusted by relative consumer prices","Annual","1998","74.02889767932878","Units"
"Armenia, Republic of","Real effective exchange rate (REER), Index (2010=100) Adjusted by relative consumer prices","Annual","1999","72.72353432508951","Units"
"Armenia, Republic of","Real effective exchange rate (REER), Index (2010=100) Adjusted by relative consumer prices","Annual","2000","73.96253978259022","Units"
"Armenia, Republic of","Real effective exchange rate (REER), Index (2010=100) Adjusted by relative consumer prices","Annual","2001","73.08691634094126","Units"
"Armenia, Republic of","Real effective exchange rate (REER), Index (2010=100) Adjusted by relative consumer prices","Annual","2002","73.7081464274758","Units"
"Armenia, Republic of","Real effective exchange rate (REER), Index (2010=100) Adjusted by relative consumer prices","Annual","2003","67.91529700757748","Units"
"Armenia, Republic of","Real effective exchange rate (REER), Index (2010=100) Adjusted by relative consumer prices","Annual","2004","71.60262881493635","Units"
"Armenia, Republic of","Real effective exchange rate (REER), Index (2010=100) Adjusted by relative consumer prices","Annual","2005","80.04416483978376","Units"
"Armenia, Republic of","Real effective exchange rate (REER), Index (2010=100) Adjusted by relative consumer prices","Annual","2006","86.94957932221058","Units"
"Armenia, Republic of","Real effective exchange rate (REER), Index (2010=100) Adjusted by relative consumer prices","Annual","2007","99.38598844453417","Units"
"Armenia, Republic of","Real effective exchange rate (REER), Index (2010=100) Adjusted by relative consumer prices","Annual","2008","107.7591869031935","Units"
"Armenia, Republic of","Real effective exchange rate (REER), Index (2010=100) Adjusted by relative consumer prices","Annual","2009","99.14308145446958","Units"
"Armenia, Republic of","Real effective exchange rate (REER), Index (2010=100) Adjusted by relative consumer prices","Annual","2010","100","Units"
"Armenia, Republic of","Real effective exchange rate (REER), Index (2010=100) Adjusted by relative consumer prices","Annual","2011","99.91450116864008","Units"
"Armenia, Republic of","Real effective exchange rate (REER), Index (2010=100) Adjusted by relative consumer prices","Annual","2012","95.13638785565358","Units"
"Armenia, Republic of","Real effective exchange rate (REER), Index (2010=100) Adjusted by relative consumer prices","Annual","2013","96.866270540003","Units"
"Armenia, Republic of","Real effective exchange rate (REER), Index (2010=100) Adjusted by relative consumer prices","Annual","2014","100.98385418917","Units"
"Armenia, Republic of","Real effective exchange rate (REER), Index (2010=100) Adjusted by relative consumer prices","Annual","2015","103.9729352639115","Units"
"Armenia, Republic of","Real effective exchange rate (REER), Index (2010=100) Adjusted by relative consumer prices","Annual","2016","102.6016571286608","Units"
"Armenia, Republic of","Real effective exchange rate (REER), Index (2010=100) Adjusted by relative consumer prices","Annual","2017","99.30740847282025","Units"
"Armenia, Republic of","Real effective exchange rate (REER), Index (2010=100) Adjusted by relative consumer prices","Annual","2018","98.85455414087875","Units"
"Armenia, Republic of","Real effective exchange rate (REER), Index (2010=100) Adjusted by relative consumer prices","Annual","2019","102.3158348698533","Units"
"Armenia, Republic of","Real effective exchange rate (REER), Index (2010=100) Adjusted by relative consumer prices","Annual","2020","102.1994370181962","Units"
"Armenia, Republic of","Real effective exchange rate (REER), Index (2010=100) Adjusted by relative consumer prices","Annual","2021","100.23298753636","Units"
"Armenia, Republic of","Real effective exchange rate (REER), Index (2010=100) Adjusted by relative consumer prices","Annual","2022","117.4395688817278","Units"
"Armenia, Republic of","Real effective exchange rate (REER), Index (2010=100) Adjusted by relative consumer prices","Annual","2023","126.2857156397037","Units"
"Armenia, Republic of","Real effective exchange rate (REER), Index (2010=100) Adjusted by relative consumer prices","Annual","2024","122.1757575034243","Units"
"Armenia, Republic of","Real effective exchange rate (REER), Index (2010=100) Adjusted by relative consumer prices","Annual","2025","118.1345478125459","Units"
"Russian Federation","Real effective exchange rate (REER), Index (2010=100) Adjusted by relative consumer prices","Annual","1994","48.85663652410892","Units"
"Russian Federation","Real effective exchange rate (REER), Index (2010=100) Adjusted by relative consumer prices","Annual","1995","60.26256133825333","Units"
"Russian Federation","Real effective exchange rate (REER), Index (2010=100) Adjusted by relative consumer prices","Annual","1996","74.38788538510782","Units"
"Russian Federation","Real effective exchange rate (REER), Index (2010=100) Adjusted by relative consumer prices","Annual","1997","79.4863373055279","Units"
"Russian Federation","Real effective exchange rate (REER), Index (2010=100) Adjusted by relative consumer prices","Annual","1998","70.16521816450243","Units"
"Russian Federation","Real effective exchange rate (REER), Index (2010=100) Adjusted by relative consumer prices","Annual","1999","47.95792743655968","Units"
"Russian Federation","Real effective exchange rate (REER), Index (2010=100) Adjusted by relative consumer prices","Annual","2000","54.05814272004293","Units"
"Russian Federation","Real effective exchange rate (REER), Index (2010=100) Adjusted by relative consumer prices","Annual","2001","63.48921370114622","Units"
"Russian Federation","Real effective exchange rate (REER), Index (2010=100) Adjusted by relative consumer prices","Annual","2002","66.46302611282354","Units"
"Russian Federation","Real effective exchange rate (REER), Index (2010=100) Adjusted by relative consumer prices","Annual","2003","68.83415046270201","Units"
"Russian Federation","Real effective exchange rate (REER), Index (2010=100) Adjusted by relative consumer prices","Annual","2004","74.35875206231778","Units"
"Russian Federation","Real effective exchange rate (REER), Index (2010=100) Adjusted by relative consumer prices","Annual","2005","81.15894981156419","Units"
"Russian Federation","Real effective exchange rate (REER), Index (2010=100) Adjusted by relative consumer prices","Annual","2006","88.963399994992","Units"
"Russian Federation","Real effective exchange rate (REER), Index (2010=100) Adjusted by relative consumer prices","Annual","2007","93.42166014516392","Units"
"Russian Federation","Real effective exchange rate (REER), Index (2010=100) Adjusted by relative consumer prices","Annual","2008","98.92006892423083","Units"
"Russian Federation","Real effective exchange rate (REER), Index (2010=100) Adjusted by relative consumer prices","Annual","2009","92.13771500042483","Units"
"Russian Federation","Real effective exchange rate (REER), Index (2010=100) Adjusted by relative consumer prices","Annual","2010","100","Units"
"Russian Federation","Real effective exchange rate (REER), Index (2010=100) Adjusted by relative consumer prices","Annual","2011","104.3992871140781","Units"
"Russian Federation","Real effective exchange rate (REER), Index (2010=100) Adjusted by relative consumer prices","Annual","2012","105.6945925727898","Units"
"Russian Federation","Real effective exchange rate (REER), Index (2010=100) Adjusted by relative consumer prices","Annual","2013","107.2453835692589","Units"
"Russian Federation","Real effective exchange rate (REER), Index (2010=100) Adjusted by relative consumer prices","Annual","2014","98.12029514373292","Units"
"Russian Federation","Real effective exchange rate (REER), Index (2010=100) Adjusted by relative consumer prices","Annual","2015","79.94530189600728","Units"
"Russian Federation","Real effective exchange rate (REER), Index (2010=100) Adjusted by relative consumer prices","Annual","2016","79.73991658014166","Units"
"Russian Federation","Real effective exchange rate (REER), Index (2010=100) Adjusted by relative consumer prices","Annual","2017","92.12320612710033","Units"
"Russian Federation","Real effective exchange rate (REER), Index (2010=100) Adjusted by relative consumer prices","Annual","2018","85.43040174852192","Units"
"Russian Federation","Real effective exchange rate (REER), Index (2010=100) Adjusted by relative consumer prices","Annual","2019","87.73164797224758","Units"
"Russian Federation","Real effective exchange rate (REER), Index (2010=100) Adjusted by relative consumer prices","Annual","2020","80.80505425650194","Units"
"Russian Federation","Real effective exchange rate (REER), Index (2010=100) Adjusted by relative consumer prices","Annual","2021","79.44450884937906","Units"
"Russian Federation","Real effective exchange rate (REER), Index (2010=100) Adjusted by relative consumer prices","Annual","2022","101.7553426603913","Units"
"Russian Federation","Real effective exchange rate (REER), Index (2010=100) Adjusted by relative consumer prices","Annual","2023","81.69056128652982","Units"
"Russian Federation","Real effective exchange rate (REER), Index (2010=100) Adjusted by relative consumer prices","Annual","2024","79.8891722948134","Units"
"Russian Federation","Real effective exchange rate (REER), Index (2010=100) Adjusted by relative consumer prices","Annual","2025","91.4712147356345","Units"
"St. Lucia","Real effective exchange rate (REER), Index (2010=100) Adjusted by relative consumer prices","Annual","1979","98.72949467805092","Units"
"St. Lucia","Real effective exchange rate (REER), Index (2010=100) Adjusted by relative consumer prices","Annual","1980","100.3716822543667","Units"
"St. Lucia","Real effective exchange rate (REER), Index (2010=100) Adjusted by relative consumer prices","Annual","1981","110.1625936051477","Units"
"St. Lucia","Real effective exchange rate (REER), Index (2010=100) Adjusted by relative consumer prices","Annual","1982","113.0025286149557","Units"
"St. Lucia","Real effective exchange rate (REER), Index (2010=100) Adjusted by relative consumer prices","Annual","1983","114.8020771863166","Units"
"St. Lucia","Real effective exchange rate (REER), Index (2010=100) Adjusted by relative consumer prices","Annual","1984","119.4067799783632","Units"
"St. Lucia","Real effective exchange rate (REER), Index (2010=100) Adjusted by relative consumer prices","Annual","1985","116.3850429559077","Units"
"St. Lucia","Real effective exchange rate (REER), Index (2010=100) Adjusted by relative consumer prices","Annual","1986","109.3964948858398","Units"
"St. Lucia","Real effective exchange rate (REER), Index (2010=100) Adjusted by relative consumer prices","Annual","1987","107.3357901880133","Units"
"St. Lucia","Real effective exchange rate (REER), Index (2010=100) Adjusted by relative consumer prices","Annual","1988","101.7682722189878","Units"
"St. Lucia","Real effective exchange rate (REER), Index (2010=100) Adjusted by relative consumer prices","Annual","1989","104.2008873275348","Units"
"St. Lucia","Real effective exchange rate (REER), Index (2010=100) Adjusted by relative consumer prices","Annual","1990","99.3169897033745","Units"
"St. Lucia","Real effective exchange rate (REER), Index (2010=100) Adjusted by relative consumer prices","Annual","1991","100.6657724190131","Units"
"St. Lucia","Real effective exchange rate (REER), Index (2010=100) Adjusted by relative consumer prices","Annual","1992","101.2707647308453","Units"
"St. Lucia","Real effective exchange rate (REER), Index (2010=100) Adjusted by relative consumer prices","Annual","1993","105.0727730200025","Units"
"St. Lucia","Real effective exchange rate (REER), Index (2010=100) Adjusted by relative consumer prices","Annual","1994","104.7919416971917","Units"
"St. Lucia","Real effective exchange rate (REER), Index (2010=100) Adjusted by relative consumer prices","Annual","1995","103.7901271419821","Units"
"St. Lucia","Real effective exchange rate (REER), Index (2010=100) Adjusted by relative consumer prices","Annual","1996","103.0966785447601","Units"
"St. Lucia","Real effective exchange rate (REER), Index (2010=100) Adjusted by relative consumer prices","Annual","1997","102.3677275244442","Units"
"St. Lucia","Real effective exchange rate (REER), Index (2010=100) Adjusted by relative consumer prices","Annual","1998","104.9565953909831","Units"
"St. Lucia","Real effective exchange rate (REER), Index (2010=100) Adjusted by relative consumer prices","Annual","1999","105.9258550962375","Units"
"St. Lucia","Real effective exchange rate (REER), Index (2010=100) Adjusted by relative consumer prices","Annual","2000","111.5950916345079","Units"
"St. Lucia","Real effective exchange rate (REER), Index (2010=100) Adjusted by relative consumer prices","Annual","2001","116.7586493313569","Units"
"St. Lucia","Real effective exchange rate (REER), Index (2010=100) Adjusted by relative consumer prices","Annual","2002","113.4164693422545","Units"
"St. Lucia","Real effective exchange rate (REER), Index (2010=100) Adjusted by relative consumer prices","Annual","2003","108.1409312024278","Units"
"St. Lucia","Real effective exchange rate (REER), Index (2010=100) Adjusted by relative consumer prices","Annual","2004","102.9555410569785","Units"
"St. Lucia","Real effective exchange rate (REER), Index (2010=100) Adjusted by relative consumer prices","Annual","2005","101.6445700851756","Units"
"St. Lucia","Real effective exchange rate (REER), Index (2010=100) Adjusted by relative consumer prices","Annual","2006","101.3761265674874","Units"
"St. Lucia","Real effective exchange rate (REER), Index (2010=100) Adjusted by relative consumer prices","Annual","2007","97.9243920236695","Units"
"St. Lucia","Real effective exchange rate (REER), Index (2010=100) Adjusted by relative consumer prices","Annual","2008","97.36199150737883","Units"
"St. Lucia","Real effective exchange rate (REER), Index (2010=100) Adjusted by relative consumer prices","Annual","2009","99.90086930318575","Units"
"St. Lucia","Real effective exchange rate (REER), Index (2010=100) Adjusted by relative consumer prices","Annual","2010","100","Units"
"St. Lucia","Real effective exchange rate (REER), Index (2010=100) Adjusted by relative consumer prices","Annual","2011","97.38984256928517","Units"
"St. Lucia","Real effective exchange rate (REER), Index (2010=100) Adjusted by relative consumer prices","Annual","2012","100.1870360357048","Units"
"St. Lucia","Real effective exchange rate (REER), Index (2010=100) Adjusted by relative consumer prices","Annual","2013","100.5637640258697","Units"
"St. Lucia","Real effective exchange rate (REER), Index (2010=100) Adjusted by relative consumer prices","Annual","2014","102.8478292397368","Units"
"St. Lucia","Real effective exchange rate (REER), Index (2010=100) Adjusted by relative consumer prices","Annual","2015","106.3192217301858","Units"
"St. Lucia","Real effective exchange rate (REER), Index (2010=100) Adjusted by relative consumer prices","Annual","2016","104.1478116237809","Units"
"St. Lucia","Real effective exchange rate (REER), Index (2010=100) Adjusted by relative consumer prices","Annual","2017","102.2011759633665","Units"
"St. Lucia","Real effective exchange rate (REER), Index (2010=100) Adjusted by relative consumer prices","Annual","2018","101.6769939125478","Units"
"St. Lucia","Real effective exchange rate (REER), Index (2010=100) Adjusted by relative consumer prices","Annual","2019","102.726745970989","Units"
"St. Lucia","Real effective exchange rate (REER), Index (2010=100) Adjusted by relative consumer prices","Annual","2020","100.9989145826908","Units"
"St. Lucia","Real effective exchange rate (REER), Index (2010=100) Adjusted by relative consumer prices","Annual","2021","98.88484124728833","Units"
"St. Lucia","Real effective exchange rate (REER), Index (2010=100) Adjusted by relative consumer prices","Annual","2022","104.5967350594164","Units"
"St. Lucia","Real effective exchange rate (REER), Index (2010=100) Adjusted by relative consumer prices","Annual","2023","103.8262930963838","Units"
"St. Lucia","Real effective exchange rate (REER), Index (2010=100) Adjusted by relative consumer prices","Annual","2024","100.0768393426528","Units"
"St. Lucia","Real effective exchange rate (REER), Index (2010=100) Adjusted by relative consumer prices","Annual","2025","99.14793427596908","Units"
"Israel","Real effective exchange rate (REER), Index (2010=100) Adjusted by relative consumer prices","Annual","1979","94.61123573405692","Units"
"Israel","Real effective exchange rate (REER), Index (2010=100) Adjusted by relative consumer prices","Annual","1980","96.61023617236942","Units"
"Israel","Real effective exchange rate (REER), Index (2010=100) Adjusted by relative consumer prices","Annual","1981","98.3526783558535","Units"
"Israel","Real effective exchange rate (REER), Index (2010=100) Adjusted by relative consumer prices","Annual","1982","102.9376768286729","Units"
"Israel","Real effective exchange rate (REER), Index (2010=100) Adjusted by relative consumer prices","Annual","1983","112.1042346616208","Units"
"Israel","Real effective exchange rate (REER), Index (2010=100) Adjusted by relative consumer prices","Annual","1984","105.257000590779","Units"
"Israel","Real effective exchange rate (REER), Index (2010=100) Adjusted by relative consumer prices","Annual","1985","102.5005309777584","Units"
"Israel","Real effective exchange rate (REER), Index (2010=100) Adjusted by relative consumer prices","Annual","1986","99.68994385991292","Units"
"Israel","Real effective exchange rate (REER), Index (2010=100) Adjusted by relative consumer prices","Annual","1987","96.64383429601125","Units"
"Israel","Real effective exchange rate (REER), Index (2010=100) Adjusted by relative consumer prices","Annual","1988","106.5887702079199","Units"
"Israel","Real effective exchange rate (REER), Index (2010=100) Adjusted by relative consumer prices","Annual","1989","107.9386187031645","Units"
"Israel","Real effective exchange rate (REER), Index (2010=100) Adjusted by relative consumer prices","Annual","1990","105.5857747000402","Units"
"Israel","Real effective exchange rate (REER), Index (2010=100) Adjusted by relative consumer prices","Annual","1991","107.2317271126352","Units"
"Israel","Real effective exchange rate (REER), Index (2010=100) Adjusted by relative consumer prices","Annual","1992","104.5390303676805","Units"
"Israel","Real effective exchange rate (REER), Index (2010=100) Adjusted by relative consumer prices","Annual","1993","103.114138801254","Units"
"Israel","Real effective exchange rate (REER), Index (2010=100) Adjusted by relative consumer prices","Annual","1994","104.1665843827059","Units"
"Israel","Real effective exchange rate (REER), Index (2010=100) Adjusted by relative consumer prices","Annual","1995","104.9648338398587","Units"
"Israel","Real effective exchange rate (REER), Index (2010=100) Adjusted by relative consumer prices","Annual","1996","110.1565045448311","Units"
"Israel","Real effective exchange rate (REER), Index (2010=100) Adjusted by relative consumer prices","Annual","1997","115.2313896560475","Units"
"Israel","Real effective exchange rate (REER), Index (2010=100) Adjusted by relative consumer prices","Annual","1998","112.1244693092605","Units"
"Israel","Real effective exchange rate (REER), Index (2010=100) Adjusted by relative consumer prices","Annual","1999","106.6955645631169","Units"
"Israel","Real effective exchange rate (REER), Index (2010=100) Adjusted by relative consumer prices","Annual","2000","112.4433742399698","Units"
"Israel","Real effective exchange rate (REER), Index (2010=100) Adjusted by relative consumer prices","Annual","2001","111.3710047121457","Units"
"Israel","Real effective exchange rate (REER), Index (2010=100) Adjusted by relative consumer prices","Annual","2002","100.7635313121768","Units"
"Israel","Real effective exchange rate (REER), Index (2010=100) Adjusted by relative consumer prices","Annual","2003","95.64329947947875","Units"
"Israel","Real effective exchange rate (REER), Index (2010=100) Adjusted by relative consumer prices","Annual","2004","89.73550573127642","Units"
"Israel","Real effective exchange rate (REER), Index (2010=100) Adjusted by relative consumer prices","Annual","2005","87.47542863249317","Units"
"Israel","Real effective exchange rate (REER), Index (2010=100) Adjusted by relative consumer prices","Annual","2006","87.04693308166525","Units"
"Israel","Real effective exchange rate (REER), Index (2010=100) Adjusted by relative consumer prices","Annual","2007","88.12860891234025","Units"
"Israel","Real effective exchange rate (REER), Index (2010=100) Adjusted by relative consumer prices","Annual","2008","98.22771457350583","Units"
"Israel","Real effective exchange rate (REER), Index (2010=100) Adjusted by relative consumer prices","Annual","2009","95.70790293683142","Units"
"Israel","Real effective exchange rate (REER), Index (2010=100) Adjusted by relative consumer prices","Annual","2010","100","Units"
"Israel","Real effective exchange rate (REER), Index (2010=100) Adjusted by relative consumer prices","Annual","2011","101.2291450090404","Units"
"Israel","Real effective exchange rate (REER), Index (2010=100) Adjusted by relative consumer prices","Annual","2012","96.05664628326858","Units"
"Israel","Real effective exchange rate (REER), Index (2010=100) Adjusted by relative consumer prices","Annual","2013","102.3971507457953","Units"
"Israel","Real effective exchange rate (REER), Index (2010=100) Adjusted by relative consumer prices","Annual","2014","103.1832665675032","Units"
"Israel","Real effective exchange rate (REER), Index (2010=100) Adjusted by relative consumer prices","Annual","2015","101.7704609485194","Units"
"Israel","Real effective exchange rate (REER), Index (2010=100) Adjusted by relative consumer prices","Annual","2016","103.47828937085","Units"
"Israel","Real effective exchange rate (REER), Index (2010=100) Adjusted by relative consumer prices","Annual","2017","108.4067593641524","Units"
"Israel","Real effective exchange rate (REER), Index (2010=100) Adjusted by relative consumer prices","Annual","2018","106.2313442260368","Units"
"Israel","Real effective exchange rate (REER), Index (2010=100) Adjusted by relative consumer prices","Annual","2019","109.0326220259038","Units"
"Israel","Real effective exchange rate (REER), Index (2010=100) Adjusted by relative consumer prices","Annual","2020","111.3999705634539","Units"
"Israel","Real effective exchange rate (REER), Index (2010=100) Adjusted by relative consumer prices","Annual","2021","114.2579464194778","Units"
"Israel","Real effective exchange rate (REER), Index (2010=100) Adjusted by relative consumer prices","Annual","2022","114.6819790438126","Units"
"Israel","Real effective exchange rate (REER), Index (2010=100) Adjusted by relative consumer prices","Annual","2023","105.9360454667942","Units"
"Israel","Real effective exchange rate (REER), Index (2010=100) Adjusted by relative consumer prices","Annual","2024","106.2819212203274","Units"
"Israel","Real effective exchange rate (REER), Index (2010=100) Adjusted by relative consumer prices","Annual","2025","113.3427293024157","Units"
"Uruguay","Real effective exchange rate (REER), Index (2010=100) Adjusted by relative consumer prices","Annual","1980","106.5701037067432","Units"
"Uruguay","Real effective exchange rate (REER), Index (2010=100) Adjusted by relative consumer prices","Annual","1981","121.2609641665943","Units"
"Uruguay","Real effective exchange rate (REER), Index (2010=100) Adjusted by relative consumer prices","Annual","1982","126.5895752835229","Units"
"Uruguay","Real effective exchange rate (REER), Index (2010=100) Adjusted by relative consumer prices","Annual","1983","78.98114523617831","Units"
"Uruguay","Real effective exchange rate (REER), Index (2010=100) Adjusted by relative consumer prices","Annual","1984","77.20651414014158","Units"
"Uruguay","Real effective exchange rate (REER), Index (2010=100) Adjusted by relative consumer prices","Annual","1985","74.00539222569442","Units"
"Uruguay","Real effective exchange rate (REER), Index (2010=100) Adjusted by relative consumer prices","Annual","1986","72.32938594919157","Units"
"Uruguay","Real effective exchange rate (REER), Index (2010=100) Adjusted by relative consumer prices","Annual","1987","70.18091657228445","Units"
"Uruguay","Real effective exchange rate (REER), Index (2010=100) Adjusted by relative consumer prices","Annual","1988","67.53075631366683","Units"
"Uruguay","Real effective exchange rate (REER), Index (2010=100) Adjusted by relative consumer prices","Annual","1989","68.8061136097559","Units"
"Uruguay","Real effective exchange rate (REER), Index (2010=100) Adjusted by relative consumer prices","Annual","1990","63.14181791191125","Units"
"Uruguay","Real effective exchange rate (REER), Index (2010=100) Adjusted by relative consumer prices","Annual","1991","71.85374493133584","Units"
"Uruguay","Real effective exchange rate (REER), Index (2010=100) Adjusted by relative consumer prices","Annual","1992","76.95034789680624","Units"
"Uruguay","Real effective exchange rate (REER), Index (2010=100) Adjusted by relative consumer prices","Annual","1993","90.72184583432108","Units"
"Uruguay","Real effective exchange rate (REER), Index (2010=100) Adjusted by relative consumer prices","Annual","1994","99.12198994477817","Units"
"Uruguay","Real effective exchange rate (REER), Index (2010=100) Adjusted by relative consumer prices","Annual","1995","102.530338812362","Units"
"Uruguay","Real effective exchange rate (REER), Index (2010=100) Adjusted by relative consumer prices","Annual","1996","103.6181471370411","Units"
"Uruguay","Real effective exchange rate (REER), Index (2010=100) Adjusted by relative consumer prices","Annual","1997","107.2170768318257","Units"
"Uruguay","Real effective exchange rate (REER), Index (2010=100) Adjusted by relative consumer prices","Annual","1998","109.0989603200722","Units"
"Uruguay","Real effective exchange rate (REER), Index (2010=100) Adjusted by relative consumer prices","Annual","1999","114.5204437009488","Units"
"Uruguay","Real effective exchange rate (REER), Index (2010=100) Adjusted by relative consumer prices","Annual","2000","113.433434541058","Units"
"Uruguay","Real effective exchange rate (REER), Index (2010=100) Adjusted by relative consumer prices","Annual","2001","110.6720613903191","Units"
"Uruguay","Real effective exchange rate (REER), Index (2010=100) Adjusted by relative consumer prices","Annual","2002","94.075133624813","Units"
"Uruguay","Real effective exchange rate (REER), Index (2010=100) Adjusted by relative consumer prices","Annual","2003","73.64901307563522","Units"
"Uruguay","Real effective exchange rate (REER), Index (2010=100) Adjusted by relative consumer prices","Annual","2004","72.4865421205194","Units"
"Uruguay","Real effective exchange rate (REER), Index (2010=100) Adjusted by relative consumer prices","Annual","2005","81.10791087896307","Units"
"Uruguay","Real effective exchange rate (REER), Index (2010=100) Adjusted by relative consumer prices","Annual","2006","81.71307058280574","Units"
"Uruguay","Real effective exchange rate (REER), Index (2010=100) Adjusted by relative consumer prices","Annual","2007","81.39448610087187","Units"
"Uruguay","Real effective exchange rate (REER), Index (2010=100) Adjusted by relative consumer prices","Annual","2008","88.18749276871358","Units"
"Uruguay","Real effective exchange rate (REER), Index (2010=100) Adjusted by relative consumer prices","Annual","2009","90.01797613260758","Units"
"Uruguay","Real effective exchange rate (REER), Index (2010=100) Adjusted by relative consumer prices","Annual","2010","100","Units"
"Uruguay","Real effective exchange rate (REER), Index (2010=100) Adjusted by relative consumer prices","Annual","2011","102.1121862942358","Units"
"Uruguay","Real effective exchange rate (REER), Index (2010=100) Adjusted by relative consumer prices","Annual","2012","104.8641604565802","Units"
"Uruguay","Real effective exchange rate (REER), Index (2010=100) Adjusted by relative consumer prices","Annual","2013","111.1074912035633","Units"
"Uruguay","Real effective exchange rate (REER), Index (2010=100) Adjusted by relative consumer prices","Annual","2014","106.8158925353342","Units"
"Uruguay","Real effective exchange rate (REER), Index (2010=100) Adjusted by relative consumer prices","Annual","2015","107.3182622048741","Units"
"Uruguay","Real effective exchange rate (REER), Index (2010=100) Adjusted by relative consumer prices","Annual","2016","108.7543247953354","Units"
"Uruguay","Real effective exchange rate (REER), Index (2010=100) Adjusted by relative consumer prices","Annual","2017","115.6693067097039","Units"
"Uruguay","Real effective exchange rate (REER), Index (2010=100) Adjusted by relative consumer prices","Annual","2018","117.4549399880928","Units"
"Uruguay","Real effective exchange rate (REER), Index (2010=100) Adjusted by relative consumer prices","Annual","2019","113.7313509892508","Units"
"Uruguay","Real effective exchange rate (REER), Index (2010=100) Adjusted by relative consumer prices","Annual","2020","108.5045530723258","Units"
"Uruguay","Real effective exchange rate (REER), Index (2010=100) Adjusted by relative consumer prices","Annual","2021","106.2061105841241","Units"
"Uruguay","Real effective exchange rate (REER), Index (2010=100) Adjusted by relative consumer prices","Annual","2022","117.99697056496","Units"
"Uruguay","Real effective exchange rate (REER), Index (2010=100) Adjusted by relative consumer prices","Annual","2023","127.4960324478554","Units"
"Uruguay","Real effective exchange rate (REER), Index (2010=100) Adjusted by relative consumer prices","Annual","2024","128.7435493481442","Units"
"Uruguay","Real effective exchange rate (REER), Index (2010=100) Adjusted by relative consumer prices","Annual","2025","127.6732907240228","Units"
"Fiji, Republic of","Real effective exchange rate (REER), Index (2010=100) Adjusted by relative consumer prices","Annual","1980","163.115859850236","Units"
"Fiji, Republic of","Real effective exchange rate (REER), Index (2010=100) Adjusted by relative consumer prices","Annual","1981","170.895295924451","Units"
"Fiji, Republic of","Real effective exchange rate (REER), Index (2010=100) Adjusted by relative consumer prices","Annual","1982","171.9591428703537","Units"
"Fiji, Republic of","Real effective exchange rate (REER), Index (2010=100) Adjusted by relative consumer prices","Annual","1983","170.7717750445052","Units"
"Fiji, Republic of","Real effective exchange rate (REER), Index (2010=100) Adjusted by relative consumer prices","Annual","1984","175.1063580013816","Units"
"Fiji, Republic of","Real effective exchange rate (REER), Index (2010=100) Adjusted by relative consumer prices","Annual","1985","171.0665237469975","Units"
"Fiji, Republic of","Real effective exchange rate (REER), Index (2010=100) Adjusted by relative consumer prices","Annual","1986","149.4716687549618","Units"
"Fiji, Republic of","Real effective exchange rate (REER), Index (2010=100) Adjusted by relative consumer prices","Annual","1987","126.5460059127327","Units"
"Fiji, Republic of","Real effective exchange rate (REER), Index (2010=100) Adjusted by relative consumer prices","Annual","1988","110.0771028554263","Units"
"Fiji, Republic of","Real effective exchange rate (REER), Index (2010=100) Adjusted by relative consumer prices","Annual","1989","112.1782441731196","Units"
"Fiji, Republic of","Real effective exchange rate (REER), Index (2010=100) Adjusted by relative consumer prices","Annual","1990","112.9162807726874","Units"
"Fiji, Republic of","Real effective exchange rate (REER), Index (2010=100) Adjusted by relative consumer prices","Annual","1991","115.8861631859665","Units"
"Fiji, Republic of","Real effective exchange rate (REER), Index (2010=100) Adjusted by relative consumer prices","Annual","1992","114.152097318955","Units"
"Fiji, Republic of","Real effective exchange rate (REER), Index (2010=100) Adjusted by relative consumer prices","Annual","1993","116.7127713691192","Units"
"Fiji, Republic of","Real effective exchange rate (REER), Index (2010=100) Adjusted by relative consumer prices","Annual","1994","118.017076431256","Units"
"Fiji, Republic of","Real effective exchange rate (REER), Index (2010=100) Adjusted by relative consumer prices","Annual","1995","115.2662341998054","Units"
"Fiji, Republic of","Real effective exchange rate (REER), Index (2010=100) Adjusted by relative consumer prices","Annual","1996","117.7455378171718","Units"
"Fiji, Republic of","Real effective exchange rate (REER), Index (2010=100) Adjusted by relative consumer prices","Annual","1997","120.1261751293758","Units"
"Fiji, Republic of","Real effective exchange rate (REER), Index (2010=100) Adjusted by relative consumer prices","Annual","1998","99.78501991422383","Units"
"Fiji, Republic of","Real effective exchange rate (REER), Index (2010=100) Adjusted by relative consumer prices","Annual","1999","100.5479882613478","Units"
"Fiji, Republic of","Real effective exchange rate (REER), Index (2010=100) Adjusted by relative consumer prices","Annual","2000","96.25561831354258","Units"
"Fiji, Republic of","Real effective exchange rate (REER), Index (2010=100) Adjusted by relative consumer prices","Annual","2001","96.01796413238317","Units"
"Fiji, Republic of","Real effective exchange rate (REER), Index (2010=100) Adjusted by relative consumer prices","Annual","2002","97.646595253773","Units"
"Fiji, Republic of","Real effective exchange rate (REER), Index (2010=100) Adjusted by relative consumer prices","Annual","2003","108.6718641851062","Units"
"Fiji, Republic of","Real effective exchange rate (REER), Index (2010=100) Adjusted by relative consumer prices","Annual","2004","113.5837106002922","Units"
"Fiji, Republic of","Real effective exchange rate (REER), Index (2010=100) Adjusted by relative consumer prices","Annual","2005","113.5113394041222","Units"
"Fiji, Republic of","Real effective exchange rate (REER), Index (2010=100) Adjusted by relative consumer prices","Annual","2006","111.4325698854199","Units"
"Fiji, Republic of","Real effective exchange rate (REER), Index (2010=100) Adjusted by relative consumer prices","Annual","2007","114.8769059223187","Units"
"Fiji, Republic of","Real effective exchange rate (REER), Index (2010=100) Adjusted by relative consumer prices","Annual","2008","117.0504910321218","Units"
"Fiji, Republic of","Real effective exchange rate (REER), Index (2010=100) Adjusted by relative consumer prices","Annual","2009","101.8891863807826","Units"
"Fiji, Republic of","Real effective exchange rate (REER), Index (2010=100) Adjusted by relative consumer prices","Annual","2010","100.0000000000001","Units"
"Fiji, Republic of","Real effective exchange rate (REER), Index (2010=100) Adjusted by relative consumer prices","Annual","2011","105.4336322956151","Units"
"Fiji, Republic of","Real effective exchange rate (REER), Index (2010=100) Adjusted by relative consumer prices","Annual","2012","107.7666104297219","Units"
"Fiji, Republic of","Real effective exchange rate (REER), Index (2010=100) Adjusted by relative consumer prices","Annual","2013","106.2711326113162","Units"
"Fiji, Republic of","Real effective exchange rate (REER), Index (2010=100) Adjusted by relative consumer prices","Annual","2014","103.2779526976241","Units"
"Fiji, Republic of","Real effective exchange rate (REER), Index (2010=100) Adjusted by relative consumer prices","Annual","2015","103.4027378416946","Units"
"Fiji, Republic of","Real effective exchange rate (REER), Index (2010=100) Adjusted by relative consumer prices","Annual","2016","107.9280994185748","Units"
"Fiji, Republic of","Real effective exchange rate (REER), Index (2010=100) Adjusted by relative consumer prices","Annual","2017","110.5782447664781","Units"
"Fiji, Republic of","Real effective exchange rate (REER), Index (2010=100) Adjusted by relative consumer prices","Annual","2018","110.9034017129322","Units"
"Fiji, Republic of","Real effective exchange rate (REER), Index (2010=100) Adjusted by relative consumer prices","Annual","2019","110.718976604652","Units"
"Fiji, Republic of","Real effective exchange rate (REER), Index (2010=100) Adjusted by relative consumer prices","Annual","2020","107.8396653827874","Units"
"Fiji, Republic of","Real effective exchange rate (REER), Index (2010=100) Adjusted by relative consumer prices","Annual","2021","108.8517542237132","Units"
"Fiji, Republic of","Real effective exchange rate (REER), Index (2010=100) Adjusted by relative consumer prices","Annual","2022","110.3004490198032","Units"
"Fiji, Republic of","Real effective exchange rate (REER), Index (2010=100) Adjusted by relative consumer prices","Annual","2023","109.1960384220754","Units"
"Fiji, Republic of","Real effective exchange rate (REER), Index (2010=100) Adjusted by relative consumer prices","Annual","2024","110.5198185552424","Units"
"Fiji, Republic of","Real effective exchange rate (REER), Index (2010=100) Adjusted by relative consumer prices","Annual","2025","105.2717369661971","Units"
"Nigeria","Real effective exchange rate (REER), Index (2010=100) Adjusted by relative consumer prices","Annual","1980","288.372522476851","Units"
"Nigeria","Real effective exchange rate (REER), Index (2010=100) Adjusted by relative consumer prices","Annual","1981","320.8243952115693","Units"
"Nigeria","Real effective exchange rate (REER), Index (2010=100) Adjusted by relative consumer prices","Annual","1982","329.0204248058329","Units"
"Nigeria","Real effective exchange rate (REER), Index (2010=100) Adjusted by relative consumer prices","Annual","1983","389.4119015156939","Units"
"Nigeria","Real effective exchange rate (REER), Index (2010=100) Adjusted by relative consumer prices","Annual","1984","536.900114033528","Units"
"Nigeria","Real effective exchange rate (REER), Index (2010=100) Adjusted by relative consumer prices","Annual","1985","482.7489979232839","Units"
"Nigeria","Real effective exchange rate (REER), Index (2010=100) Adjusted by relative consumer prices","Annual","1986","263.7804491593688","Units"
"Nigeria","Real effective exchange rate (REER), Index (2010=100) Adjusted by relative consumer prices","Annual","1987","83.9982480109175","Units"
"Nigeria","Real effective exchange rate (REER), Index (2010=100) Adjusted by relative consumer prices","Annual","1988","85.30520476155458","Units"
"Nigeria","Real effective exchange rate (REER), Index (2010=100) Adjusted by relative consumer prices","Annual","1989","76.29605169516057","Units"
"Nigeria","Real effective exchange rate (REER), Index (2010=100) Adjusted by relative consumer prices","Annual","1990","71.05742116297502","Units"
"Nigeria","Real effective exchange rate (REER), Index (2010=100) Adjusted by relative consumer prices","Annual","1991","60.09959249962434","Units"
"Nigeria","Real effective exchange rate (REER), Index (2010=100) Adjusted by relative consumer prices","Annual","1992","49.77527663900672","Units"
"Nigeria","Real effective exchange rate (REER), Index (2010=100) Adjusted by relative consumer prices","Annual","1993","54.43864441201732","Units"
"Nigeria","Real effective exchange rate (REER), Index (2010=100) Adjusted by relative consumer prices","Annual","1994","100.6287063466929","Units"
"Nigeria","Real effective exchange rate (REER), Index (2010=100) Adjusted by relative consumer prices","Annual","1995","160.1744972593831","Units"
"Nigeria","Real effective exchange rate (REER), Index (2010=100) Adjusted by relative consumer prices","Annual","1996","207.4920957404784","Units"
"Nigeria","Real effective exchange rate (REER), Index (2010=100) Adjusted by relative consumer prices","Annual","1997","236.0111078032755","Units"
"Nigeria","Real effective exchange rate (REER), Index (2010=100) Adjusted by relative consumer prices","Annual","1998","272.9859273757081","Units"
"Nigeria","Real effective exchange rate (REER), Index (2010=100) Adjusted by relative consumer prices","Annual","1999","69.19123886430198","Units"
"Nigeria","Real effective exchange rate (REER), Index (2010=100) Adjusted by relative consumer prices","Annual","2000","70.1551163917171","Units"
"Nigeria","Real effective exchange rate (REER), Index (2010=100) Adjusted by relative consumer prices","Annual","2001","78.1753197733696","Units"
"Nigeria","Real effective exchange rate (REER), Index (2010=100) Adjusted by relative consumer prices","Annual","2002","78.41267622588301","Units"
"Nigeria","Real effective exchange rate (REER), Index (2010=100) Adjusted by relative consumer prices","Annual","2003","73.66562009740383","Units"
"Nigeria","Real effective exchange rate (REER), Index (2010=100) Adjusted by relative consumer prices","Annual","2004","75.29003671411922","Units"
"Nigeria","Real effective exchange rate (REER), Index (2010=100) Adjusted by relative consumer prices","Annual","2005","86.2488148715625","Units"
"Nigeria","Real effective exchange rate (REER), Index (2010=100) Adjusted by relative consumer prices","Annual","2006","91.41149547261767","Units"
"Nigeria","Real effective exchange rate (REER), Index (2010=100) Adjusted by relative consumer prices","Annual","2007","90.50524648984717","Units"
"Nigeria","Real effective exchange rate (REER), Index (2010=100) Adjusted by relative consumer prices","Annual","2008","99.538919996995","Units"
"Nigeria","Real effective exchange rate (REER), Index (2010=100) Adjusted by relative consumer prices","Annual","2009","92.63071951320758","Units"
"Nigeria","Real effective exchange rate (REER), Index (2010=100) Adjusted by relative consumer prices","Annual","2010","100","Units"
"Nigeria","Real effective exchange rate (REER), Index (2010=100) Adjusted by relative consumer prices","Annual","2011","100.5754137913735","Units"
"Nigeria","Real effective exchange rate (REER), Index (2010=100) Adjusted by relative consumer prices","Annual","2012","110.603268351631","Units"
"Nigeria","Real effective exchange rate (REER), Index (2010=100) Adjusted by relative consumer prices","Annual","2013","117.6644493338734","Units"
"Nigeria","Real effective exchange rate (REER), Index (2010=100) Adjusted by relative consumer prices","Annual","2014","124.9656979558094","Units"
"Nigeria","Real effective exchange rate (REER), Index (2010=100) Adjusted by relative consumer prices","Annual","2015","119.9828751678882","Units"
"Nigeria","Real effective exchange rate (REER), Index (2010=100) Adjusted by relative consumer prices","Annual","2016","110.9719225509679","Units"
"Nigeria","Real effective exchange rate (REER), Index (2010=100) Adjusted by relative consumer prices","Annual","2017","101.5494581457835","Units"
"Nigeria","Real effective exchange rate (REER), Index (2010=100) Adjusted by relative consumer prices","Annual","2018","110.0127030816646","Units"
"Nigeria","Real effective exchange rate (REER), Index (2010=100) Adjusted by relative consumer prices","Annual","2019","124.3000676038672","Units"
"Nigeria","Real effective exchange rate (REER), Index (2010=100) Adjusted by relative consumer prices","Annual","2020","119.620149260168","Units"
"Nigeria","Real effective exchange rate (REER), Index (2010=100) Adjusted by relative consumer prices","Annual","2021","117.1314754673664","Units"
"Nigeria","Real effective exchange rate (REER), Index (2010=100) Adjusted by relative consumer prices","Annual","2022","133.2955068356012","Units"
"Nigeria","Real effective exchange rate (REER), Index (2010=100) Adjusted by relative consumer prices","Annual","2023","115.7271407071407","Units"
"Nigeria","Real effective exchange rate (REER), Index (2010=100) Adjusted by relative consumer prices","Annual","2024","63.97924687524757","Units"
"Nigeria","Real effective exchange rate (REER), Index (2010=100) Adjusted by relative consumer prices","Annual","2025","73.91520495575063","Units"
"Solomon Islands","Real effective exchange rate (REER), Index (2010=100) Adjusted by relative consumer prices","Annual","1979","127.8671120598841","Units"
"Solomon Islands","Real effective exchange rate (REER), Index (2010=100) Adjusted by relative consumer prices","Annual","1980","135.5474354482575","Units"
"Solomon Islands","Real effective exchange rate (REER), Index (2010=100) Adjusted by relative consumer prices","Annual","1981","145.6182269315197","Units"
"Solomon Islands","Real effective exchange rate (REER), Index (2010=100) Adjusted by relative consumer prices","Annual","1982","149.8647808121332","Units"
"Solomon Islands","Real effective exchange rate (REER), Index (2010=100) Adjusted by relative consumer prices","Annual","1983","135.5334124548253","Units"
"Solomon Islands","Real effective exchange rate (REER), Index (2010=100) Adjusted by relative consumer prices","Annual","1984","137.2235046888898","Units"
"Solomon Islands","Real effective exchange rate (REER), Index (2010=100) Adjusted by relative consumer prices","Annual","1985","123.2284638149513","Units"
"Solomon Islands","Real effective exchange rate (REER), Index (2010=100) Adjusted by relative consumer prices","Annual","1986","103.1409098392892","Units"
"Solomon Islands","Real effective exchange rate (REER), Index (2010=100) Adjusted by relative consumer prices","Annual","1987","89.51695530402267","Units"
"Solomon Islands","Real effective exchange rate (REER), Index (2010=100) Adjusted by relative consumer prices","Annual","1988","93.16396124854592","Units"
"Solomon Islands","Real effective exchange rate (REER), Index (2010=100) Adjusted by relative consumer prices","Annual","1989","96.97955134474233","Units"
"Solomon Islands","Real effective exchange rate (REER), Index (2010=100) Adjusted by relative consumer prices","Annual","1990","88.69365950098225","Units"
"Solomon Islands","Real effective exchange rate (REER), Index (2010=100) Adjusted by relative consumer prices","Annual","1991","90.63538540440633","Units"
"Solomon Islands","Real effective exchange rate (REER), Index (2010=100) Adjusted by relative consumer prices","Annual","1992","87.98174676809942","Units"
"Solomon Islands","Real effective exchange rate (REER), Index (2010=100) Adjusted by relative consumer prices","Annual","1993","87.14527535706642","Units"
"Solomon Islands","Real effective exchange rate (REER), Index (2010=100) Adjusted by relative consumer prices","Annual","1994","91.20796816526075","Units"
"Solomon Islands","Real effective exchange rate (REER), Index (2010=100) Adjusted by relative consumer prices","Annual","1995","88.6976452424","Units"
"Solomon Islands","Real effective exchange rate (REER), Index (2010=100) Adjusted by relative consumer prices","Annual","1996","95.8074486793545","Units"
"Solomon Islands","Real effective exchange rate (REER), Index (2010=100) Adjusted by relative consumer prices","Annual","1997","104.4081727630559","Units"
"Solomon Islands","Real effective exchange rate (REER), Index (2010=100) Adjusted by relative consumer prices","Annual","1998","100.0763603560418","Units"
"Solomon Islands","Real effective exchange rate (REER), Index (2010=100) Adjusted by relative consumer prices","Annual","1999","103.872596373593","Units"
"Solomon Islands","Real effective exchange rate (REER), Index (2010=100) Adjusted by relative consumer prices","Annual","2000","107.3676718999836","Units"
"Solomon Islands","Real effective exchange rate (REER), Index (2010=100) Adjusted by relative consumer prices","Annual","2001","115.2589858582738","Units"
"Solomon Islands","Real effective exchange rate (REER), Index (2010=100) Adjusted by relative consumer prices","Annual","2002","97.13817155067317","Units"
"Solomon Islands","Real effective exchange rate (REER), Index (2010=100) Adjusted by relative consumer prices","Annual","2003","86.12705908191033","Units"
"Solomon Islands","Real effective exchange rate (REER), Index (2010=100) Adjusted by relative consumer prices","Annual","2004","85.29624899616067","Units"
"Solomon Islands","Real effective exchange rate (REER), Index (2010=100) Adjusted by relative consumer prices","Annual","2005","87.623939967622","Units"
"Solomon Islands","Real effective exchange rate (REER), Index (2010=100) Adjusted by relative consumer prices","Annual","2006","93.80455076651725","Units"
"Solomon Islands","Real effective exchange rate (REER), Index (2010=100) Adjusted by relative consumer prices","Annual","2007","93.03522583886275","Units"
"Solomon Islands","Real effective exchange rate (REER), Index (2010=100) Adjusted by relative consumer prices","Annual","2008","98.78510254224908","Units"
"Solomon Islands","Real effective exchange rate (REER), Index (2010=100) Adjusted by relative consumer prices","Annual","2009","105.7051506537657","Units"
"Solomon Islands","Real effective exchange rate (REER), Index (2010=100) Adjusted by relative consumer prices","Annual","2010","99.99999999999992","Units"
"Solomon Islands","Real effective exchange rate (REER), Index (2010=100) Adjusted by relative consumer prices","Annual","2011","103.8463173263635","Units"
"Solomon Islands","Real effective exchange rate (REER), Index (2010=100) Adjusted by relative consumer prices","Annual","2012","112.9287287624012","Units"
"Solomon Islands","Real effective exchange rate (REER), Index (2010=100) Adjusted by relative consumer prices","Annual","2013","119.5246697823131","Units"
"Solomon Islands","Real effective exchange rate (REER), Index (2010=100) Adjusted by relative consumer prices","Annual","2014","124.8324270744565","Units"
"Solomon Islands","Real effective exchange rate (REER), Index (2010=100) Adjusted by relative consumer prices","Annual","2015","126.3458541234925","Units"
"Solomon Islands","Real effective exchange rate (REER), Index (2010=100) Adjusted by relative consumer prices","Annual","2016","127.210725906236","Units"
"Solomon Islands","Real effective exchange rate (REER), Index (2010=100) Adjusted by relative consumer prices","Annual","2017","126.4490400764558","Units"
"Solomon Islands","Real effective exchange rate (REER), Index (2010=100) Adjusted by relative consumer prices","Annual","2018","125.3891778068761","Units"
"Solomon Islands","Real effective exchange rate (REER), Index (2010=100) Adjusted by relative consumer prices","Annual","2019","125.4141446503088","Units"
"Solomon Islands","Real effective exchange rate (REER), Index (2010=100) Adjusted by relative consumer prices","Annual","2020","127.619937512927","Units"
"Solomon Islands","Real effective exchange rate (REER), Index (2010=100) Adjusted by relative consumer prices","Annual","2021","123.2993811215859","Units"
"Solomon Islands","Real effective exchange rate (REER), Index (2010=100) Adjusted by relative consumer prices","Annual","2022","130.718746786926","Units"
"Solomon Islands","Real effective exchange rate (REER), Index (2010=100) Adjusted by relative consumer prices","Annual","2023","134.4379812628137","Units"
"Solomon Islands","Real effective exchange rate (REER), Index (2010=100) Adjusted by relative consumer prices","Annual","2024","138.3736457375691","Units"
"Solomon Islands","Real effective exchange rate (REER), Index (2010=100) Adjusted by relative consumer prices","Annual","2025","141.2663342901911","Units"
"Hungary","Real effective exchange rate (REER), Index (2010=100) Adjusted by relative consumer prices","Annual","1991","58.78081906060203","Units"
"Hungary","Real effective exchange rate (REER), Index (2010=100) Adjusted by relative consumer prices","Annual","1992","64.0357032282332","Units"
"Hungary","Real effective exchange rate (REER), Index (2010=100) Adjusted by relative consumer prices","Annual","1993","69.29832201929773","Units"
"Hungary","Real effective exchange rate (REER), Index (2010=100) Adjusted by relative consumer prices","Annual","1994","69.1245616611183","Units"
"Hungary","Real effective exchange rate (REER), Index (2010=100) Adjusted by relative consumer prices","Annual","1995","66.35407016980878","Units"
"Hungary","Real effective exchange rate (REER), Index (2010=100) Adjusted by relative consumer prices","Annual","1996","67.97429674850847","Units"
"Hungary","Real effective exchange rate (REER), Index (2010=100) Adjusted by relative consumer prices","Annual","1997","71.40200516273558","Units"
"Hungary","Real effective exchange rate (REER), Index (2010=100) Adjusted by relative consumer prices","Annual","1998","70.95554375013516","Units"
"Hungary","Real effective exchange rate (REER), Index (2010=100) Adjusted by relative consumer prices","Annual","1999","72.50964945075895","Units"
"Hungary","Real effective exchange rate (REER), Index (2010=100) Adjusted by relative consumer prices","Annual","2000","73.00657395824999","Units"
"Hungary","Real effective exchange rate (REER), Index (2010=100) Adjusted by relative consumer prices","Annual","2001","78.73173738150237","Units"
"Hungary","Real effective exchange rate (REER), Index (2010=100) Adjusted by relative consumer prices","Annual","2002","86.89430488951033","Units"
"Hungary","Real effective exchange rate (REER), Index (2010=100) Adjusted by relative consumer prices","Annual","2003","89.1580249446085","Units"
"Hungary","Real effective exchange rate (REER), Index (2010=100) Adjusted by relative consumer prices","Annual","2004","94.88382870294725","Units"
"Hungary","Real effective exchange rate (REER), Index (2010=100) Adjusted by relative consumer prices","Annual","2005","96.22385489984275","Units"
"Hungary","Real effective exchange rate (REER), Index (2010=100) Adjusted by relative consumer prices","Annual","2006","91.63183238080958","Units"
"Hungary","Real effective exchange rate (REER), Index (2010=100) Adjusted by relative consumer prices","Annual","2007","101.9946783749789","Units"
"Hungary","Real effective exchange rate (REER), Index (2010=100) Adjusted by relative consumer prices","Annual","2008","104.8870790377456","Units"
"Hungary","Real effective exchange rate (REER), Index (2010=100) Adjusted by relative consumer prices","Annual","2009","98.98353719256033","Units"
"Hungary","Real effective exchange rate (REER), Index (2010=100) Adjusted by relative consumer prices","Annual","2010","100.0000000000001","Units"
"Hungary","Real effective exchange rate (REER), Index (2010=100) Adjusted by relative consumer prices","Annual","2011","99.75364431911508","Units"
"Hungary","Real effective exchange rate (REER), Index (2010=100) Adjusted by relative consumer prices","Annual","2012","97.02960873550575","Units"
"Hungary","Real effective exchange rate (REER), Index (2010=100) Adjusted by relative consumer prices","Annual","2013","96.00886667298667","Units"
"Hungary","Real effective exchange rate (REER), Index (2010=100) Adjusted by relative consumer prices","Annual","2014","92.12747889630058","Units"
"Hungary","Real effective exchange rate (REER), Index (2010=100) Adjusted by relative consumer prices","Annual","2015","88.31498208008408","Units"
"Hungary","Real effective exchange rate (REER), Index (2010=100) Adjusted by relative consumer prices","Annual","2016","88.98703530266292","Units"
"Hungary","Real effective exchange rate (REER), Index (2010=100) Adjusted by relative consumer prices","Annual","2017","90.76771349698492","Units"
"Hungary","Real effective exchange rate (REER), Index (2010=100) Adjusted by relative consumer prices","Annual","2018","90.28814177219867","Units"
"Hungary","Real effective exchange rate (REER), Index (2010=100) Adjusted by relative consumer prices","Annual","2019","89.08152654978692","Units"
"Hungary","Real effective exchange rate (REER), Index (2010=100) Adjusted by relative consumer prices","Annual","2020","85.67156257151717","Units"
"Hungary","Real effective exchange rate (REER), Index (2010=100) Adjusted by relative consumer prices","Annual","2021","86.1011220212665","Units"
"Hungary","Real effective exchange rate (REER), Index (2010=100) Adjusted by relative consumer prices","Annual","2022","82.23831007063518","Units"
"Hungary","Real effective exchange rate (REER), Index (2010=100) Adjusted by relative consumer prices","Annual","2023","95.15017467788067","Units"
"Hungary","Real effective exchange rate (REER), Index (2010=100) Adjusted by relative consumer prices","Annual","2024","93.21745943416967","Units"
"Hungary","Real effective exchange rate (REER), Index (2010=100) Adjusted by relative consumer prices","Annual","2025","95.24826220724833","Units"
"Algeria","Real effective exchange rate (REER), Index (2010=100) Adjusted by relative consumer prices","Annual","1980","314.4941053350978","Units"
"Algeria","Real effective exchange rate (REER), Index (2010=100) Adjusted by relative consumer prices","Annual","1981","349.3672576741312","Units"
"Algeria","Real effective exchange rate (REER), Index (2010=100) Adjusted by relative consumer prices","Annual","1982","365.4583092727593","Units"
"Algeria","Real effective exchange rate (REER), Index (2010=100) Adjusted by relative consumer prices","Annual","1983","383.2955590492318","Units"
"Algeria","Real effective exchange rate (REER), Index (2010=100) Adjusted by relative consumer prices","Annual","1984","417.5603122937089","Units"
"Algeria","Real effective exchange rate (REER), Index (2010=100) Adjusted by relative consumer prices","Annual","1985","449.841681812069","Units"
"Algeria","Real effective exchange rate (REER), Index (2010=100) Adjusted by relative consumer prices","Annual","1986","415.3573264166528","Units"
"Algeria","Real effective exchange rate (REER), Index (2010=100) Adjusted by relative consumer prices","Annual","1987","367.4454911536142","Units"
"Algeria","Real effective exchange rate (REER), Index (2010=100) Adjusted by relative consumer prices","Annual","1988","304.0401029111851","Units"
"Algeria","Real effective exchange rate (REER), Index (2010=100) Adjusted by relative consumer prices","Annual","1989","260.8010127634766","Units"
"Algeria","Real effective exchange rate (REER), Index (2010=100) Adjusted by relative consumer prices","Annual","1990","220.9702500507895","Units"
"Algeria","Real effective exchange rate (REER), Index (2010=100) Adjusted by relative consumer prices","Annual","1991","131.7931217529313","Units"
"Algeria","Real effective exchange rate (REER), Index (2010=100) Adjusted by relative consumer prices","Annual","1992","135.1577209332668","Units"
"Algeria","Real effective exchange rate (REER), Index (2010=100) Adjusted by relative consumer prices","Annual","1993","162.1273926750083","Units"
"Algeria","Real effective exchange rate (REER), Index (2010=100) Adjusted by relative consumer prices","Annual","1994","139.9902370149457","Units"
"Algeria","Real effective exchange rate (REER), Index (2010=100) Adjusted by relative consumer prices","Annual","1995","117.3530033676921","Units"
"Algeria","Real effective exchange rate (REER), Index (2010=100) Adjusted by relative consumer prices","Annual","1996","119.5723158080368","Units"
"Algeria","Real effective exchange rate (REER), Index (2010=100) Adjusted by relative consumer prices","Annual","1997","129.0819358919643","Units"
"Algeria","Real effective exchange rate (REER), Index (2010=100) Adjusted by relative consumer prices","Annual","1998","135.4545066710867","Units"
"Algeria","Real effective exchange rate (REER), Index (2010=100) Adjusted by relative consumer prices","Annual","1999","125.22594544751","Units"
"Algeria","Real effective exchange rate (REER), Index (2010=100) Adjusted by relative consumer prices","Annual","2000","119.3282880980917","Units"
"Algeria","Real effective exchange rate (REER), Index (2010=100) Adjusted by relative consumer prices","Annual","2001","123.2777927409681","Units"
"Algeria","Real effective exchange rate (REER), Index (2010=100) Adjusted by relative consumer prices","Annual","2002","114.2996081963711","Units"
"Algeria","Real effective exchange rate (REER), Index (2010=100) Adjusted by relative consumer prices","Annual","2003","103.0108992297861","Units"
"Algeria","Real effective exchange rate (REER), Index (2010=100) Adjusted by relative consumer prices","Annual","2004","103.4446585624464","Units"
"Algeria","Real effective exchange rate (REER), Index (2010=100) Adjusted by relative consumer prices","Annual","2005","101.6676222149759","Units"
"Algeria","Real effective exchange rate (REER), Index (2010=100) Adjusted by relative consumer prices","Annual","2006","101.2413947513439","Units"
"Algeria","Real effective exchange rate (REER), Index (2010=100) Adjusted by relative consumer prices","Annual","2007","99.86633184753275","Units"
"Algeria","Real effective exchange rate (REER), Index (2010=100) Adjusted by relative consumer prices","Annual","2008","102.2308648460847","Units"
"Algeria","Real effective exchange rate (REER), Index (2010=100) Adjusted by relative consumer prices","Annual","2009","100.2617517741129","Units"
"Algeria","Real effective exchange rate (REER), Index (2010=100) Adjusted by relative consumer prices","Annual","2010","100.0000000000001","Units"
"Algeria","Real effective exchange rate (REER), Index (2010=100) Adjusted by relative consumer prices","Annual","2011","99.12316089438917","Units"
"Algeria","Real effective exchange rate (REER), Index (2010=100) Adjusted by relative consumer prices","Annual","2012","103.9096968338943","Units"
"Algeria","Real effective exchange rate (REER), Index (2010=100) Adjusted by relative consumer prices","Annual","2013","101.797772382409","Units"
"Algeria","Real effective exchange rate (REER), Index (2010=100) Adjusted by relative consumer prices","Annual","2014","102.923931841516","Units"
"Algeria","Real effective exchange rate (REER), Index (2010=100) Adjusted by relative consumer prices","Annual","2015","96.57291136021608","Units"
"Algeria","Real effective exchange rate (REER), Index (2010=100) Adjusted by relative consumer prices","Annual","2016","95.58519244185525","Units"
"Algeria","Real effective exchange rate (REER), Index (2010=100) Adjusted by relative consumer prices","Annual","2017","97.80518054191833","Units"
"Algeria","Real effective exchange rate (REER), Index (2010=100) Adjusted by relative consumer prices","Annual","2018","93.51684495620892","Units"
"Algeria","Real effective exchange rate (REER), Index (2010=100) Adjusted by relative consumer prices","Annual","2019","95.43405078566908","Units"
"Algeria","Real effective exchange rate (REER), Index (2010=100) Adjusted by relative consumer prices","Annual","2020","91.20879138301592","Units"
"Algeria","Real effective exchange rate (REER), Index (2010=100) Adjusted by relative consumer prices","Annual","2021","86.78792862841992","Units"
"Algeria","Real effective exchange rate (REER), Index (2010=100) Adjusted by relative consumer prices","Annual","2022","92.3303855496755","Units"
"Algeria","Real effective exchange rate (REER), Index (2010=100) Adjusted by relative consumer prices","Annual","2023","102.3025558397222","Units"
"Algeria","Real effective exchange rate (REER), Index (2010=100) Adjusted by relative consumer prices","Annual","2024","106.1204303204212","Units"
"Algeria","Real effective exchange rate (REER), Index (2010=100) Adjusted by relative consumer prices","Annual","2025","104.6549090844272","Units"
"Croatia, Republic of","Real effective exchange rate (REER), Index (2010=100) Adjusted by relative consumer prices","Annual","1997","92.53367487171708","Units"
"Croatia, Republic of","Real effective exchange rate (REER), Index (2010=100) Adjusted by relative consumer prices","Annual","1998","94.52868626971175","Units"
"Croatia, Republic of","Real effective exchange rate (REER), Index (2010=100) Adjusted by relative consumer prices","Annual","1999","89.97970146283633","Units"
"Croatia, Republic of","Real effective exchange rate (REER), Index (2010=100) Adjusted by relative consumer prices","Annual","2000","89.60118776959458","Units"
"Croatia, Republic of","Real effective exchange rate (REER), Index (2010=100) Adjusted by relative consumer prices","Annual","2001","92.99558692307792","Units"
"Croatia, Republic of","Real effective exchange rate (REER), Index (2010=100) Adjusted by relative consumer prices","Annual","2002","93.92656046639733","Units"
"Croatia, Republic of","Real effective exchange rate (REER), Index (2010=100) Adjusted by relative consumer prices","Annual","2003","94.52164923453508","Units"
"Croatia, Republic of","Real effective exchange rate (REER), Index (2010=100) Adjusted by relative consumer prices","Annual","2004","95.66064698399908","Units"
"Croatia, Republic of","Real effective exchange rate (REER), Index (2010=100) Adjusted by relative consumer prices","Annual","2005","96.79812181240367","Units"
"Croatia, Republic of","Real effective exchange rate (REER), Index (2010=100) Adjusted by relative consumer prices","Annual","2006","98.27778791195967","Units"
"Croatia, Republic of","Real effective exchange rate (REER), Index (2010=100) Adjusted by relative consumer prices","Annual","2007","98.77236892360167","Units"
"Croatia, Republic of","Real effective exchange rate (REER), Index (2010=100) Adjusted by relative consumer prices","Annual","2008","102.2657343119073","Units"
"Croatia, Republic of","Real effective exchange rate (REER), Index (2010=100) Adjusted by relative consumer prices","Annual","2009","102.9098273294746","Units"
"Croatia, Republic of","Real effective exchange rate (REER), Index (2010=100) Adjusted by relative consumer prices","Annual","2010","100.0000000000001","Units"
"Croatia, Republic of","Real effective exchange rate (REER), Index (2010=100) Adjusted by relative consumer prices","Annual","2011","97.53005238584383","Units"
"Croatia, Republic of","Real effective exchange rate (REER), Index (2010=100) Adjusted by relative consumer prices","Annual","2012","95.47488057995658","Units"
"Croatia, Republic of","Real effective exchange rate (REER), Index (2010=100) Adjusted by relative consumer prices","Annual","2013","96.839669464109","Units"
"Croatia, Republic of","Real effective exchange rate (REER), Index (2010=100) Adjusted by relative consumer prices","Annual","2014","95.81917806969508","Units"
"Croatia, Republic of","Real effective exchange rate (REER), Index (2010=100) Adjusted by relative consumer prices","Annual","2015","92.62801819842833","Units"
"Croatia, Republic of","Real effective exchange rate (REER), Index (2010=100) Adjusted by relative consumer prices","Annual","2016","92.93143139748075","Units"
"Croatia, Republic of","Real effective exchange rate (REER), Index (2010=100) Adjusted by relative consumer prices","Annual","2017","93.5809266372675","Units"
"Croatia, Republic of","Real effective exchange rate (REER), Index (2010=100) Adjusted by relative consumer prices","Annual","2018","95.2530472131315","Units"
"Croatia, Republic of","Real effective exchange rate (REER), Index (2010=100) Adjusted by relative consumer prices","Annual","2019","94.08188324864317","Units"
"Croatia, Republic of","Real effective exchange rate (REER), Index (2010=100) Adjusted by relative consumer prices","Annual","2020","93.34374598487542","Units"
"Croatia, Republic of","Real effective exchange rate (REER), Index (2010=100) Adjusted by relative consumer prices","Annual","2021","93.96562353993933","Units"
"Croatia, Republic of","Real effective exchange rate (REER), Index (2010=100) Adjusted by relative consumer prices","Annual","2022","94.70993767856208","Units"
"Croatia, Republic of","Real effective exchange rate (REER), Index (2010=100) Adjusted by relative consumer prices","Annual","2023","97.63740894607133","Units"
"Croatia, Republic of","Real effective exchange rate (REER), Index (2010=100) Adjusted by relative consumer prices","Annual","2024","98.14281762615175","Units"
"Croatia, Republic of","Real effective exchange rate (REER), Index (2010=100) Adjusted by relative consumer prices","Annual","2025","99.93675176023733","Units"
"Togo","Real effective exchange rate (REER), Index (2010=100) Adjusted by relative consumer prices","Annual","1980","157.5128984458759","Units"
"Togo","Real effective exchange rate (REER), Index (2010=100) Adjusted by relative consumer prices","Annual","1981","156.1840666778299","Units"
"Togo","Real effective exchange rate (REER), Index (2010=100) Adjusted by relative consumer prices","Annual","1982","149.7157087473751","Units"
"Togo","Real effective exchange rate (REER), Index (2010=100) Adjusted by relative consumer prices","Annual","1983","147.1416215180638","Units"
"Togo","Real effective exchange rate (REER), Index (2010=100) Adjusted by relative consumer prices","Annual","1984","133.6124527475128","Units"
"Togo","Real effective exchange rate (REER), Index (2010=100) Adjusted by relative consumer prices","Annual","1985","127.7972855430928","Units"
"Togo","Real effective exchange rate (REER), Index (2010=100) Adjusted by relative consumer prices","Annual","1986","137.5522776967452","Units"
"Togo","Real effective exchange rate (REER), Index (2010=100) Adjusted by relative consumer prices","Annual","1987","136.6468825391266","Units"
"Togo","Real effective exchange rate (REER), Index (2010=100) Adjusted by relative consumer prices","Annual","1988","129.6804633765165","Units"
"Togo","Real effective exchange rate (REER), Index (2010=100) Adjusted by relative consumer prices","Annual","1989","120.7765758425789","Units"
"Togo","Real effective exchange rate (REER), Index (2010=100) Adjusted by relative consumer prices","Annual","1990","124.9853234206612","Units"
"Togo","Real effective exchange rate (REER), Index (2010=100) Adjusted by relative consumer prices","Annual","1991","118.7145795389309","Units"
"Togo","Real effective exchange rate (REER), Index (2010=100) Adjusted by relative consumer prices","Annual","1992","119.8611728894049","Units"
"Togo","Real effective exchange rate (REER), Index (2010=100) Adjusted by relative consumer prices","Annual","1993","113.7120108345272","Units"
"Togo","Real effective exchange rate (REER), Index (2010=100) Adjusted by relative consumer prices","Annual","1994","78.99286208310437","Units"
"Togo","Real effective exchange rate (REER), Index (2010=100) Adjusted by relative consumer prices","Annual","1995","108.9522765039681","Units"
"Togo","Real effective exchange rate (REER), Index (2010=100) Adjusted by relative consumer prices","Annual","1996","93.534914318355","Units"
"Togo","Real effective exchange rate (REER), Index (2010=100) Adjusted by relative consumer prices","Annual","1997","94.24522320004342","Units"
"Togo","Real effective exchange rate (REER), Index (2010=100) Adjusted by relative consumer prices","Annual","1998","98.21848377281625","Units"
"Togo","Real effective exchange rate (REER), Index (2010=100) Adjusted by relative consumer prices","Annual","1999","94.02865509196942","Units"
"Togo","Real effective exchange rate (REER), Index (2010=100) Adjusted by relative consumer prices","Annual","2000","89.80054449145633","Units"
"Togo","Real effective exchange rate (REER), Index (2010=100) Adjusted by relative consumer prices","Annual","2001","91.4626020575995","Units"
"Togo","Real effective exchange rate (REER), Index (2010=100) Adjusted by relative consumer prices","Annual","2002","94.850229995368","Units"
"Togo","Real effective exchange rate (REER), Index (2010=100) Adjusted by relative consumer prices","Annual","2003","98.24524049601208","Units"
"Togo","Real effective exchange rate (REER), Index (2010=100) Adjusted by relative consumer prices","Annual","2004","98.98462594911383","Units"
"Togo","Real effective exchange rate (REER), Index (2010=100) Adjusted by relative consumer prices","Annual","2005","100.653191362673","Units"
"Togo","Real effective exchange rate (REER), Index (2010=100) Adjusted by relative consumer prices","Annual","2006","99.27187033786867","Units"
"Togo","Real effective exchange rate (REER), Index (2010=100) Adjusted by relative consumer prices","Annual","2007","99.7207816374885","Units"
"Togo","Real effective exchange rate (REER), Index (2010=100) Adjusted by relative consumer prices","Annual","2008","104.4080609700736","Units"
"Togo","Real effective exchange rate (REER), Index (2010=100) Adjusted by relative consumer prices","Annual","2009","105.2689337516457","Units"
"Togo","Real effective exchange rate (REER), Index (2010=100) Adjusted by relative consumer prices","Annual","2010","99.99999999999992","Units"
"Togo","Real effective exchange rate (REER), Index (2010=100) Adjusted by relative consumer prices","Annual","2011","100.720061127453","Units"
"Togo","Real effective exchange rate (REER), Index (2010=100) Adjusted by relative consumer prices","Annual","2012","96.45093751011783","Units"
"Togo","Real effective exchange rate (REER), Index (2010=100) Adjusted by relative consumer prices","Annual","2013","98.26027736198592","Units"
"Togo","Real effective exchange rate (REER), Index (2010=100) Adjusted by relative consumer prices","Annual","2014","99.50436061387108","Units"
"Togo","Real effective exchange rate (REER), Index (2010=100) Adjusted by relative consumer prices","Annual","2015","93.786714526462","Units"
"Togo","Real effective exchange rate (REER), Index (2010=100) Adjusted by relative consumer prices","Annual","2016","94.83058167675858","Units"
"Togo","Real effective exchange rate (REER), Index (2010=100) Adjusted by relative consumer prices","Annual","2017","95.01243466707317","Units"
"Togo","Real effective exchange rate (REER), Index (2010=100) Adjusted by relative consumer prices","Annual","2018","96.4662884819655","Units"
"Togo","Real effective exchange rate (REER), Index (2010=100) Adjusted by relative consumer prices","Annual","2019","94.00438348844933","Units"
"Togo","Real effective exchange rate (REER), Index (2010=100) Adjusted by relative consumer prices","Annual","2020","96.01605381204133","Units"
"Togo","Real effective exchange rate (REER), Index (2010=100) Adjusted by relative consumer prices","Annual","2021","97.892327339142","Units"
"Togo","Real effective exchange rate (REER), Index (2010=100) Adjusted by relative consumer prices","Annual","2022","95.59441361523275","Units"
"Togo","Real effective exchange rate (REER), Index (2010=100) Adjusted by relative consumer prices","Annual","2023","103.3975966117355","Units"
"Togo","Real effective exchange rate (REER), Index (2010=100) Adjusted by relative consumer prices","Annual","2024","107.0188180395479","Units"
"Togo","Real effective exchange rate (REER), Index (2010=100) Adjusted by relative consumer prices","Annual","2025","107.7386622492434","Units"
"Cameroon","Real effective exchange rate (REER), Index (2010=100) Adjusted by relative consumer prices","Annual","1980","137.3564848238942","Units"
"Cameroon","Real effective exchange rate (REER), Index (2010=100) Adjusted by relative consumer prices","Annual","1981","126.2389589530718","Units"
"Cameroon","Real effective exchange rate (REER), Index (2010=100) Adjusted by relative consumer prices","Annual","1982","123.4287412998227","Units"
"Cameroon","Real effective exchange rate (REER), Index (2010=100) Adjusted by relative consumer prices","Annual","1983","128.3373086093944","Units"
"Cameroon","Real effective exchange rate (REER), Index (2010=100) Adjusted by relative consumer prices","Annual","1984","130.606594533742","Units"
"Cameroon","Real effective exchange rate (REER), Index (2010=100) Adjusted by relative consumer prices","Annual","1985","136.5034781560712","Units"
"Cameroon","Real effective exchange rate (REER), Index (2010=100) Adjusted by relative consumer prices","Annual","1986","151.1217494342288","Units"
"Cameroon","Real effective exchange rate (REER), Index (2010=100) Adjusted by relative consumer prices","Annual","1987","169.0615051318225","Units"
"Cameroon","Real effective exchange rate (REER), Index (2010=100) Adjusted by relative consumer prices","Annual","1988","164.3575188243221","Units"
"Cameroon","Real effective exchange rate (REER), Index (2010=100) Adjusted by relative consumer prices","Annual","1989","151.6604996954607","Units"
"Cameroon","Real effective exchange rate (REER), Index (2010=100) Adjusted by relative consumer prices","Annual","1990","156.1987160029135","Units"
"Cameroon","Real effective exchange rate (REER), Index (2010=100) Adjusted by relative consumer prices","Annual","1991","149.0188896922033","Units"
"Cameroon","Real effective exchange rate (REER), Index (2010=100) Adjusted by relative consumer prices","Annual","1992","149.9176430929776","Units"
"Cameroon","Real effective exchange rate (REER), Index (2010=100) Adjusted by relative consumer prices","Annual","1993","139.4407459736488","Units"
"Cameroon","Real effective exchange rate (REER), Index (2010=100) Adjusted by relative consumer prices","Annual","1994","90.20770693648992","Units"
"Cameroon","Real effective exchange rate (REER), Index (2010=100) Adjusted by relative consumer prices","Annual","1995","96.93124149296442","Units"
"Cameroon","Real effective exchange rate (REER), Index (2010=100) Adjusted by relative consumer prices","Annual","1996","97.95469329692125","Units"
"Cameroon","Real effective exchange rate (REER), Index (2010=100) Adjusted by relative consumer prices","Annual","1997","96.96081721904825","Units"
"Cameroon","Real effective exchange rate (REER), Index (2010=100) Adjusted by relative consumer prices","Annual","1998","100.359276013728","Units"
"Cameroon","Real effective exchange rate (REER), Index (2010=100) Adjusted by relative consumer prices","Annual","1999","99.30381563208825","Units"
"Cameroon","Real effective exchange rate (REER), Index (2010=100) Adjusted by relative consumer prices","Annual","2000","93.61494840369508","Units"
"Cameroon","Real effective exchange rate (REER), Index (2010=100) Adjusted by relative consumer prices","Annual","2001","96.77184658402208","Units"
"Cameroon","Real effective exchange rate (REER), Index (2010=100) Adjusted by relative consumer prices","Annual","2002","100.2567000177957","Units"
"Cameroon","Real effective exchange rate (REER), Index (2010=100) Adjusted by relative consumer prices","Annual","2003","103.4806836512741","Units"
"Cameroon","Real effective exchange rate (REER), Index (2010=100) Adjusted by relative consumer prices","Annual","2004","102.8076772886927","Units"
"Cameroon","Real effective exchange rate (REER), Index (2010=100) Adjusted by relative consumer prices","Annual","2005","99.75015620369175","Units"
"Cameroon","Real effective exchange rate (REER), Index (2010=100) Adjusted by relative consumer prices","Annual","2006","101.3781050124294","Units"
"Cameroon","Real effective exchange rate (REER), Index (2010=100) Adjusted by relative consumer prices","Annual","2007","102.0350774363863","Units"
"Cameroon","Real effective exchange rate (REER), Index (2010=100) Adjusted by relative consumer prices","Annual","2008","104.9129137841951","Units"
"Cameroon","Real effective exchange rate (REER), Index (2010=100) Adjusted by relative consumer prices","Annual","2009","106.3601335472479","Units"
"Cameroon","Real effective exchange rate (REER), Index (2010=100) Adjusted by relative consumer prices","Annual","2010","100","Units"
"Cameroon","Real effective exchange rate (REER), Index (2010=100) Adjusted by relative consumer prices","Annual","2011","100.2666606432149","Units"
"Cameroon","Real effective exchange rate (REER), Index (2010=100) Adjusted by relative consumer prices","Annual","2012","96.49823600707058","Units"
"Cameroon","Real effective exchange rate (REER), Index (2010=100) Adjusted by relative consumer prices","Annual","2013","98.97669129204925","Units"
"Cameroon","Real effective exchange rate (REER), Index (2010=100) Adjusted by relative consumer prices","Annual","2014","99.75339223135133","Units"
"Cameroon","Real effective exchange rate (REER), Index (2010=100) Adjusted by relative consumer prices","Annual","2015","93.50088891639558","Units"
"Cameroon","Real effective exchange rate (REER), Index (2010=100) Adjusted by relative consumer prices","Annual","2016","95.45644183902058","Units"
"Cameroon","Real effective exchange rate (REER), Index (2010=100) Adjusted by relative consumer prices","Annual","2017","96.27826651396067","Units"
"Cameroon","Real effective exchange rate (REER), Index (2010=100) Adjusted by relative consumer prices","Annual","2018","97.70596159062517","Units"
"Cameroon","Real effective exchange rate (REER), Index (2010=100) Adjusted by relative consumer prices","Annual","2019","96.68359187715917","Units"
"Cameroon","Real effective exchange rate (REER), Index (2010=100) Adjusted by relative consumer prices","Annual","2020","99.63439217143792","Units"
"Cameroon","Real effective exchange rate (REER), Index (2010=100) Adjusted by relative consumer prices","Annual","2021","99.77207456083108","Units"
"Cameroon","Real effective exchange rate (REER), Index (2010=100) Adjusted by relative consumer prices","Annual","2022","96.73490055108458","Units"
"Cameroon","Real effective exchange rate (REER), Index (2010=100) Adjusted by relative consumer prices","Annual","2023","104.8456744525488","Units"
"Cameroon","Real effective exchange rate (REER), Index (2010=100) Adjusted by relative consumer prices","Annual","2024","108.7577273860637","Units"
"Cameroon","Real effective exchange rate (REER), Index (2010=100) Adjusted by relative consumer prices","Annual","2025","112.9322863532271","Units"
"France","Real effective exchange rate (REER), Index (2010=100) Adjusted by relative consumer prices","Annual","1980","118.7768031991836","Units"
"France","Real effective exchange rate (REER), Index (2010=100) Adjusted by relative consumer prices","Annual","1981","113.6891043201178","Units"
"France","Real effective exchange rate (REER), Index (2010=100) Adjusted by relative consumer prices","Annual","1982","108.5571194721573","Units"
"France","Real effective exchange rate (REER), Index (2010=100) Adjusted by relative consumer prices","Annual","1983","104.5322711349692","Units"
"France","Real effective exchange rate (REER), Index (2010=100) Adjusted by relative consumer prices","Annual","1984","102.8761470493054","Units"
"France","Real effective exchange rate (REER), Index (2010=100) Adjusted by relative consumer prices","Annual","1985","105.2761168569992","Units"
"France","Real effective exchange rate (REER), Index (2010=100) Adjusted by relative consumer prices","Annual","1986","108.8332782368962","Units"
"France","Real effective exchange rate (REER), Index (2010=100) Adjusted by relative consumer prices","Annual","1987","110.0858617855506","Units"
"France","Real effective exchange rate (REER), Index (2010=100) Adjusted by relative consumer prices","Annual","1988","108.2543096051632","Units"
"France","Real effective exchange rate (REER), Index (2010=100) Adjusted by relative consumer prices","Annual","1989","106.2054976718877","Units"
"France","Real effective exchange rate (REER), Index (2010=100) Adjusted by relative consumer prices","Annual","1990","109.8620181311689","Units"
"France","Real effective exchange rate (REER), Index (2010=100) Adjusted by relative consumer prices","Annual","1991","105.7456720151943","Units"
"France","Real effective exchange rate (REER), Index (2010=100) Adjusted by relative consumer prices","Annual","1992","107.2319355171308","Units"
"France","Real effective exchange rate (REER), Index (2010=100) Adjusted by relative consumer prices","Annual","1993","108.3157198884624","Units"
"France","Real effective exchange rate (REER), Index (2010=100) Adjusted by relative consumer prices","Annual","1994","108.0739704625811","Units"
"France","Real effective exchange rate (REER), Index (2010=100) Adjusted by relative consumer prices","Annual","1995","111.0402057838532","Units"
"France","Real effective exchange rate (REER), Index (2010=100) Adjusted by relative consumer prices","Annual","1996","110.5120924806833","Units"
"France","Real effective exchange rate (REER), Index (2010=100) Adjusted by relative consumer prices","Annual","1997","105.1381266268802","Units"
"France","Real effective exchange rate (REER), Index (2010=100) Adjusted by relative consumer prices","Annual","1998","105.5102636849525","Units"
"France","Real effective exchange rate (REER), Index (2010=100) Adjusted by relative consumer prices","Annual","1999","102.4288888283192","Units"
"France","Real effective exchange rate (REER), Index (2010=100) Adjusted by relative consumer prices","Annual","2000","96.99616512565392","Units"
"France","Real effective exchange rate (REER), Index (2010=100) Adjusted by relative consumer prices","Annual","2001","96.68587467450958","Units"
"France","Real effective exchange rate (REER), Index (2010=100) Adjusted by relative consumer prices","Annual","2002","98.28933606370842","Units"
"France","Real effective exchange rate (REER), Index (2010=100) Adjusted by relative consumer prices","Annual","2003","103.6678716533177","Units"
"France","Real effective exchange rate (REER), Index (2010=100) Adjusted by relative consumer prices","Annual","2004","105.4137557584929","Units"
"France","Real effective exchange rate (REER), Index (2010=100) Adjusted by relative consumer prices","Annual","2005","103.9242655482082","Units"
"France","Real effective exchange rate (REER), Index (2010=100) Adjusted by relative consumer prices","Annual","2006","103.2447500857038","Units"
"France","Real effective exchange rate (REER), Index (2010=100) Adjusted by relative consumer prices","Annual","2007","103.7844203813749","Units"
"France","Real effective exchange rate (REER), Index (2010=100) Adjusted by relative consumer prices","Annual","2008","104.3737998801431","Units"
"France","Real effective exchange rate (REER), Index (2010=100) Adjusted by relative consumer prices","Annual","2009","104.4168292519095","Units"
"France","Real effective exchange rate (REER), Index (2010=100) Adjusted by relative consumer prices","Annual","2010","100","Units"
"France","Real effective exchange rate (REER), Index (2010=100) Adjusted by relative consumer prices","Annual","2011","99.26316841702425","Units"
"France","Real effective exchange rate (REER), Index (2010=100) Adjusted by relative consumer prices","Annual","2012","96.095216788037","Units"
"France","Real effective exchange rate (REER), Index (2010=100) Adjusted by relative consumer prices","Annual","2013","97.37274847934542","Units"
"France","Real effective exchange rate (REER), Index (2010=100) Adjusted by relative consumer prices","Annual","2014","97.35646898726958","Units"
"France","Real effective exchange rate (REER), Index (2010=100) Adjusted by relative consumer prices","Annual","2015","92.03176396563117","Units"
"France","Real effective exchange rate (REER), Index (2010=100) Adjusted by relative consumer prices","Annual","2016","93.00771607126508","Units"
"France","Real effective exchange rate (REER), Index (2010=100) Adjusted by relative consumer prices","Annual","2017","93.50062760060225","Units"
"France","Real effective exchange rate (REER), Index (2010=100) Adjusted by relative consumer prices","Annual","2018","95.550193975537","Units"
"France","Real effective exchange rate (REER), Index (2010=100) Adjusted by relative consumer prices","Annual","2019","93.85581446519192","Units"
"France","Real effective exchange rate (REER), Index (2010=100) Adjusted by relative consumer prices","Annual","2020","94.89597430897283","Units"
"France","Real effective exchange rate (REER), Index (2010=100) Adjusted by relative consumer prices","Annual","2021","94.40306073067575","Units"
"France","Real effective exchange rate (REER), Index (2010=100) Adjusted by relative consumer prices","Annual","2022","90.09097141932633","Units"
"France","Real effective exchange rate (REER), Index (2010=100) Adjusted by relative consumer prices","Annual","2023","91.97313896642958","Units"
"France","Real effective exchange rate (REER), Index (2010=100) Adjusted by relative consumer prices","Annual","2024","91.94198309868875","Units"
"France","Real effective exchange rate (REER), Index (2010=100) Adjusted by relative consumer prices","Annual","2025","91.92878203304067","Units"
"Luxembourg","Real effective exchange rate (REER), Index (2010=100) Adjusted by relative consumer prices","Annual","1979","110.405148317988","Units"
"Luxembourg","Real effective exchange rate (REER), Index (2010=100) Adjusted by relative consumer prices","Annual","1980","107.8155403946159","Units"
"Luxembourg","Real effective exchange rate (REER), Index (2010=100) Adjusted by relative consumer prices","Annual","1981","104.9559734919162","Units"
"Luxembourg","Real effective exchange rate (REER), Index (2010=100) Adjusted by relative consumer prices","Annual","1982","98.74169544420308","Units"
"Luxembourg","Real effective exchange rate (REER), Index (2010=100) Adjusted by relative consumer prices","Annual","1983","98.87673083282025","Units"
"Luxembourg","Real effective exchange rate (REER), Index (2010=100) Adjusted by relative consumer prices","Annual","1984","99.38106635542617","Units"
"Luxembourg","Real effective exchange rate (REER), Index (2010=100) Adjusted by relative consumer prices","Annual","1985","99.85808527994542","Units"
"Luxembourg","Real effective exchange rate (REER), Index (2010=100) Adjusted by relative consumer prices","Annual","1986","100.5666774185871","Units"
"Luxembourg","Real effective exchange rate (REER), Index (2010=100) Adjusted by relative consumer prices","Annual","1987","100.413691929383","Units"
"Luxembourg","Real effective exchange rate (REER), Index (2010=100) Adjusted by relative consumer prices","Annual","1988","99.757886738261","Units"
"Luxembourg","Real effective exchange rate (REER), Index (2010=100) Adjusted by relative consumer prices","Annual","1989","99.52993759419975","Units"
"Luxembourg","Real effective exchange rate (REER), Index (2010=100) Adjusted by relative consumer prices","Annual","1990","101.0709956782734","Units"
"Luxembourg","Real effective exchange rate (REER), Index (2010=100) Adjusted by relative consumer prices","Annual","1991","100.6782511397266","Units"
"Luxembourg","Real effective exchange rate (REER), Index (2010=100) Adjusted by relative consumer prices","Annual","1992","101.0230213516078","Units"
"Luxembourg","Real effective exchange rate (REER), Index (2010=100) Adjusted by relative consumer prices","Annual","1993","101.240065533483","Units"
"Luxembourg","Real effective exchange rate (REER), Index (2010=100) Adjusted by relative consumer prices","Annual","1994","102.1624293598612","Units"
"Luxembourg","Real effective exchange rate (REER), Index (2010=100) Adjusted by relative consumer prices","Annual","1995","104.0673070427983","Units"
"Luxembourg","Real effective exchange rate (REER), Index (2010=100) Adjusted by relative consumer prices","Annual","1996","100.8770540458602","Units"
"Luxembourg","Real effective exchange rate (REER), Index (2010=100) Adjusted by relative consumer prices","Annual","1997","96.40187618019158","Units"
"Luxembourg","Real effective exchange rate (REER), Index (2010=100) Adjusted by relative consumer prices","Annual","1998","96.08779297354175","Units"
"Luxembourg","Real effective exchange rate (REER), Index (2010=100) Adjusted by relative consumer prices","Annual","1999","95.00493612044883","Units"
"Luxembourg","Real effective exchange rate (REER), Index (2010=100) Adjusted by relative consumer prices","Annual","2000","93.17298842897142","Units"
"Luxembourg","Real effective exchange rate (REER), Index (2010=100) Adjusted by relative consumer prices","Annual","2001","93.69384146383025","Units"
"Luxembourg","Real effective exchange rate (REER), Index (2010=100) Adjusted by relative consumer prices","Annual","2002","94.85862190253133","Units"
"Luxembourg","Real effective exchange rate (REER), Index (2010=100) Adjusted by relative consumer prices","Annual","2003","98.36906685511492","Units"
"Luxembourg","Real effective exchange rate (REER), Index (2010=100) Adjusted by relative consumer prices","Annual","2004","99.4234698913505","Units"
"Luxembourg","Real effective exchange rate (REER), Index (2010=100) Adjusted by relative consumer prices","Annual","2005","99.26102455265825","Units"
"Luxembourg","Real effective exchange rate (REER), Index (2010=100) Adjusted by relative consumer prices","Annual","2006","99.80023033691542","Units"
"Luxembourg","Real effective exchange rate (REER), Index (2010=100) Adjusted by relative consumer prices","Annual","2007","100.7150862946462","Units"
"Luxembourg","Real effective exchange rate (REER), Index (2010=100) Adjusted by relative consumer prices","Annual","2008","101.8067419830417","Units"
"Luxembourg","Real effective exchange rate (REER), Index (2010=100) Adjusted by relative consumer prices","Annual","2009","102.6311264922359","Units"
"Luxembourg","Real effective exchange rate (REER), Index (2010=100) Adjusted by relative consumer prices","Annual","2010","99.99999999999992","Units"
"Luxembourg","Real effective exchange rate (REER), Index (2010=100) Adjusted by relative consumer prices","Annual","2011","100.6466925564023","Units"
"Luxembourg","Real effective exchange rate (REER), Index (2010=100) Adjusted by relative consumer prices","Annual","2012","98.79672301515225","Units"
"Luxembourg","Real effective exchange rate (REER), Index (2010=100) Adjusted by relative consumer prices","Annual","2013","100.569311721261","Units"
"Luxembourg","Real effective exchange rate (REER), Index (2010=100) Adjusted by relative consumer prices","Annual","2014","100.7893890796348","Units"
"Luxembourg","Real effective exchange rate (REER), Index (2010=100) Adjusted by relative consumer prices","Annual","2015","97.12024187066283","Units"
"Luxembourg","Real effective exchange rate (REER), Index (2010=100) Adjusted by relative consumer prices","Annual","2016","98.09488407562383","Units"
"Luxembourg","Real effective exchange rate (REER), Index (2010=100) Adjusted by relative consumer prices","Annual","2017","98.9229573476765","Units"
"Luxembourg","Real effective exchange rate (REER), Index (2010=100) Adjusted by relative consumer prices","Annual","2018","100.3187958886538","Units"
"Luxembourg","Real effective exchange rate (REER), Index (2010=100) Adjusted by relative consumer prices","Annual","2019","99.60171198182142","Units"
"Luxembourg","Real effective exchange rate (REER), Index (2010=100) Adjusted by relative consumer prices","Annual","2020","100.9922830877798","Units"
"Luxembourg","Real effective exchange rate (REER), Index (2010=100) Adjusted by relative consumer prices","Annual","2021","101.1697816765788","Units"
"Luxembourg","Real effective exchange rate (REER), Index (2010=100) Adjusted by relative consumer prices","Annual","2022","98.26937421274308","Units"
"Luxembourg","Real effective exchange rate (REER), Index (2010=100) Adjusted by relative consumer prices","Annual","2023","98.68497150185117","Units"
"Luxembourg","Real effective exchange rate (REER), Index (2010=100) Adjusted by relative consumer prices","Annual","2024","98.57921655237133","Units"
"Luxembourg","Real effective exchange rate (REER), Index (2010=100) Adjusted by relative consumer prices","Annual","2025","99.47821370898792","Units"
"Euro Area (EA)","Real effective exchange rate (REER), Index (2010=100) Adjusted by relative consumer prices","Annual","1980","110.9282422964635","Units"
"Euro Area (EA)","Real effective exchange rate (REER), Index (2010=100) Adjusted by relative consumer prices","Annual","1981","94.42321581585467","Units"
"Euro Area (EA)","Real effective exchange rate (REER), Index (2010=100) Adjusted by relative consumer prices","Annual","1982","92.80844416940408","Units"
"Euro Area (EA)","Real effective exchange rate (REER), Index (2010=100) Adjusted by relative consumer prices","Annual","1983","91.25505816877408","Units"
"Euro Area (EA)","Real effective exchange rate (REER), Index (2010=100) Adjusted by relative consumer prices","Annual","1984","87.48650528196967","Units"
"Euro Area (EA)","Real effective exchange rate (REER), Index (2010=100) Adjusted by relative consumer prices","Annual","1985","87.93233188565367","Units"
"Euro Area (EA)","Real effective exchange rate (REER), Index (2010=100) Adjusted by relative consumer prices","Annual","1986","103.0124983729977","Units"
"Euro Area (EA)","Real effective exchange rate (REER), Index (2010=100) Adjusted by relative consumer prices","Annual","1987","110.2596057591388","Units"
"Euro Area (EA)","Real effective exchange rate (REER), Index (2010=100) Adjusted by relative consumer prices","Annual","1988","105.9950324587686","Units"
"Euro Area (EA)","Real effective exchange rate (REER), Index (2010=100) Adjusted by relative consumer prices","Annual","1989","101.5769214820323","Units"
"Euro Area (EA)","Real effective exchange rate (REER), Index (2010=100) Adjusted by relative consumer prices","Annual","1990","111.8980755191697","Units"
"Euro Area (EA)","Real effective exchange rate (REER), Index (2010=100) Adjusted by relative consumer prices","Annual","1991","107.9330943722165","Units"
"Euro Area (EA)","Real effective exchange rate (REER), Index (2010=100) Adjusted by relative consumer prices","Annual","1992","112.6843922713149","Units"
"Euro Area (EA)","Real effective exchange rate (REER), Index (2010=100) Adjusted by relative consumer prices","Annual","1993","106.1855628569221","Units"
"Euro Area (EA)","Real effective exchange rate (REER), Index (2010=100) Adjusted by relative consumer prices","Annual","1994","106.660288349194","Units"
"Euro Area (EA)","Real effective exchange rate (REER), Index (2010=100) Adjusted by relative consumer prices","Annual","1995","112.1097232323939","Units"
"Euro Area (EA)","Real effective exchange rate (REER), Index (2010=100) Adjusted by relative consumer prices","Annual","1996","111.2622112506445","Units"
"Euro Area (EA)","Real effective exchange rate (REER), Index (2010=100) Adjusted by relative consumer prices","Annual","1997","100.4330298342972","Units"
"Euro Area (EA)","Real effective exchange rate (REER), Index (2010=100) Adjusted by relative consumer prices","Annual","1998","102.0790229350363","Units"
"Euro Area (EA)","Real effective exchange rate (REER), Index (2010=100) Adjusted by relative consumer prices","Annual","1999","98.27258562570367","Units"
"Euro Area (EA)","Real effective exchange rate (REER), Index (2010=100) Adjusted by relative consumer prices","Annual","2000","87.32132191299883","Units"
"Euro Area (EA)","Real effective exchange rate (REER), Index (2010=100) Adjusted by relative consumer prices","Annual","2001","88.50466581127592","Units"
"Euro Area (EA)","Real effective exchange rate (REER), Index (2010=100) Adjusted by relative consumer prices","Annual","2002","92.39072098480575","Units"
"Euro Area (EA)","Real effective exchange rate (REER), Index (2010=100) Adjusted by relative consumer prices","Annual","2003","104.3143504134357","Units"
"Euro Area (EA)","Real effective exchange rate (REER), Index (2010=100) Adjusted by relative consumer prices","Annual","2004","108.2021245472305","Units"
"Euro Area (EA)","Real effective exchange rate (REER), Index (2010=100) Adjusted by relative consumer prices","Annual","2005","105.210824266825","Units"
"Euro Area (EA)","Real effective exchange rate (REER), Index (2010=100) Adjusted by relative consumer prices","Annual","2006","104.2430278845853","Units"
"Euro Area (EA)","Real effective exchange rate (REER), Index (2010=100) Adjusted by relative consumer prices","Annual","2007","106.7001218976105","Units"
"Euro Area (EA)","Real effective exchange rate (REER), Index (2010=100) Adjusted by relative consumer prices","Annual","2008","108.7677300754137","Units"
"Euro Area (EA)","Real effective exchange rate (REER), Index (2010=100) Adjusted by relative consumer prices","Annual","2009","109.6056841792501","Units"
"Euro Area (EA)","Real effective exchange rate (REER), Index (2010=100) Adjusted by relative consumer prices","Annual","2010","100.0000000000001","Units"
"Euro Area (EA)","Real effective exchange rate (REER), Index (2010=100) Adjusted by relative consumer prices","Annual","2011","99.63394429183683","Units"
"Euro Area (EA)","Real effective exchange rate (REER), Index (2010=100) Adjusted by relative consumer prices","Annual","2012","94.48638435287375","Units"
"Euro Area (EA)","Real effective exchange rate (REER), Index (2010=100) Adjusted by relative consumer prices","Annual","2013","97.73720748933267","Units"
"Euro Area (EA)","Real effective exchange rate (REER), Index (2010=100) Adjusted by relative consumer prices","Annual","2014","98.10128322216767","Units"
"Euro Area (EA)","Real effective exchange rate (REER), Index (2010=100) Adjusted by relative consumer prices","Annual","2015","89.16660660527008","Units"
"Euro Area (EA)","Real effective exchange rate (REER), Index (2010=100) Adjusted by relative consumer prices","Annual","2016","91.26724099187533","Units"
"Euro Area (EA)","Real effective exchange rate (REER), Index (2010=100) Adjusted by relative consumer prices","Annual","2017","92.64746630854208","Units"
"Euro Area (EA)","Real effective exchange rate (REER), Index (2010=100) Adjusted by relative consumer prices","Annual","2018","96.17704201710783","Units"
"Euro Area (EA)","Real effective exchange rate (REER), Index (2010=100) Adjusted by relative consumer prices","Annual","2019","93.24914596814017","Units"
"Euro Area (EA)","Real effective exchange rate (REER), Index (2010=100) Adjusted by relative consumer prices","Annual","2020","95.02547266245342","Units"
"Euro Area (EA)","Real effective exchange rate (REER), Index (2010=100) Adjusted by relative consumer prices","Annual","2021","95.61904089810108","Units"
"Euro Area (EA)","Real effective exchange rate (REER), Index (2010=100) Adjusted by relative consumer prices","Annual","2022","91.8728237001245","Units"
"Euro Area (EA)","Real effective exchange rate (REER), Index (2010=100) Adjusted by relative consumer prices","Annual","2023","96.97439558642575","Units"
"Euro Area (EA)","Real effective exchange rate (REER), Index (2010=100) Adjusted by relative consumer prices","Annual","2024","97.58768068556175","Units"
"Euro Area (EA)","Real effective exchange rate (REER), Index (2010=100) Adjusted by relative consumer prices","Annual","2025","99.72431233948542","Units"
"Venezuela, República Bolivariana de","Real effective exchange rate (REER), Index (2010=100) Adjusted by relative consumer prices","Annual","1980","80.66633354256186","Units"
"Venezuela, República Bolivariana de","Real effective exchange rate (REER), Index (2010=100) Adjusted by relative consumer prices","Annual","1981","90.45824529557283","Units"
"Venezuela, República Bolivariana de","Real effective exchange rate (REER), Index (2010=100) Adjusted by relative consumer prices","Annual","1982","97.80513132335233","Units"
"Venezuela, República Bolivariana de","Real effective exchange rate (REER), Index (2010=100) Adjusted by relative consumer prices","Annual","1983","103.5898252855447","Units"
"Venezuela, República Bolivariana de","Real effective exchange rate (REER), Index (2010=100) Adjusted by relative consumer prices","Annual","1984","72.96981101854998","Units"
"Venezuela, República Bolivariana de","Real effective exchange rate (REER), Index (2010=100) Adjusted by relative consumer prices","Annual","1985","72.83303319860468","Units"
"Venezuela, República Bolivariana de","Real effective exchange rate (REER), Index (2010=100) Adjusted by relative consumer prices","Annual","1986","68.23859284509193","Units"
"Venezuela, República Bolivariana de","Real effective exchange rate (REER), Index (2010=100) Adjusted by relative consumer prices","Annual","1987","42.74489765902042","Units"
"Venezuela, República Bolivariana de","Real effective exchange rate (REER), Index (2010=100) Adjusted by relative consumer prices","Annual","1988","52.16327791942423","Units"
"Venezuela, República Bolivariana de","Real effective exchange rate (REER), Index (2010=100) Adjusted by relative consumer prices","Annual","1989","41.77083657784888","Units"
"Venezuela, República Bolivariana de","Real effective exchange rate (REER), Index (2010=100) Adjusted by relative consumer prices","Annual","1990","36.85212626995708","Units"
"Venezuela, República Bolivariana de","Real effective exchange rate (REER), Index (2010=100) Adjusted by relative consumer prices","Annual","1991","39.46342424136812","Units"
"Venezuela, República Bolivariana de","Real effective exchange rate (REER), Index (2010=100) Adjusted by relative consumer prices","Annual","1992","40.96024062897224","Units"
"Venezuela, República Bolivariana de","Real effective exchange rate (REER), Index (2010=100) Adjusted by relative consumer prices","Annual","1993","43.05470186949727","Units"
"Venezuela, República Bolivariana de","Real effective exchange rate (REER), Index (2010=100) Adjusted by relative consumer prices","Annual","1994","41.72215182027485","Units"
"Venezuela, República Bolivariana de","Real effective exchange rate (REER), Index (2010=100) Adjusted by relative consumer prices","Annual","1995","51.70246488173146","Units"
"Venezuela, República Bolivariana de","Real effective exchange rate (REER), Index (2010=100) Adjusted by relative consumer prices","Annual","1996","42.90225293844843","Units"
"Venezuela, República Bolivariana de","Real effective exchange rate (REER), Index (2010=100) Adjusted by relative consumer prices","Annual","1997","54.7916481200066","Units"
"Venezuela, República Bolivariana de","Real effective exchange rate (REER), Index (2010=100) Adjusted by relative consumer prices","Annual","1998","67.49276153166393","Units"
"Venezuela, República Bolivariana de","Real effective exchange rate (REER), Index (2010=100) Adjusted by relative consumer prices","Annual","1999","76.9906140478818","Units"
"Venezuela, República Bolivariana de","Real effective exchange rate (REER), Index (2010=100) Adjusted by relative consumer prices","Annual","2000","79.97715873338825","Units"
"Venezuela, República Bolivariana de","Real effective exchange rate (REER), Index (2010=100) Adjusted by relative consumer prices","Annual","2001","85.06356199946458","Units"
"Venezuela, República Bolivariana de","Real effective exchange rate (REER), Index (2010=100) Adjusted by relative consumer prices","Annual","2002","66.51439317121821","Units"
"Venezuela, República Bolivariana de","Real effective exchange rate (REER), Index (2010=100) Adjusted by relative consumer prices","Annual","2003","57.75343346072424","Units"
"Venezuela, República Bolivariana de","Real effective exchange rate (REER), Index (2010=100) Adjusted by relative consumer prices","Annual","2004","55.763151897332","Units"
"Venezuela, República Bolivariana de","Real effective exchange rate (REER), Index (2010=100) Adjusted by relative consumer prices","Annual","2005","54.5914271671919","Units"
"Venezuela, República Bolivariana de","Real effective exchange rate (REER), Index (2010=100) Adjusted by relative consumer prices","Annual","2006","57.80788415069411","Units"
"Venezuela, República Bolivariana de","Real effective exchange rate (REER), Index (2010=100) Adjusted by relative consumer prices","Annual","2007","63.34830713513552","Units"
"Venezuela, República Bolivariana de","Real effective exchange rate (REER), Index (2010=100) Adjusted by relative consumer prices","Annual","2008","75.95478342321328","Units"
"Venezuela, República Bolivariana de","Real effective exchange rate (REER), Index (2010=100) Adjusted by relative consumer prices","Annual","2009","99.06292611359525","Units"
"Venezuela, República Bolivariana de","Real effective exchange rate (REER), Index (2010=100) Adjusted by relative consumer prices","Annual","2010","100","Units"
"Venezuela, República Bolivariana de","Real effective exchange rate (REER), Index (2010=100) Adjusted by relative consumer prices","Annual","2011","70.79989295102457","Units"
"Venezuela, República Bolivariana de","Real effective exchange rate (REER), Index (2010=100) Adjusted by relative consumer prices","Annual","2012","84.98630068912633","Units"
"Venezuela, República Bolivariana de","Real effective exchange rate (REER), Index (2010=100) Adjusted by relative consumer prices","Annual","2013","83.23655394011518","Units"
"Venezuela, República Bolivariana de","Real effective exchange rate (REER), Index (2010=100) Adjusted by relative consumer prices","Annual","2014","128.9591043579665","Units"
"Venezuela, República Bolivariana de","Real effective exchange rate (REER), Index (2010=100) Adjusted by relative consumer prices","Annual","2015","309.7531190807848","Units"
"Venezuela, República Bolivariana de","Real effective exchange rate (REER), Index (2010=100) Adjusted by relative consumer prices","Annual","2016","741.8597210208188","Units"
"Malta","Real effective exchange rate (REER), Index (2010=100) Adjusted by relative consumer prices","Annual","1979","102.8376145198957","Units"
"Malta","Real effective exchange rate (REER), Index (2010=100) Adjusted by relative consumer prices","Annual","1980","108.3280786460502","Units"
"Malta","Real effective exchange rate (REER), Index (2010=100) Adjusted by relative consumer prices","Annual","1981","117.5515826958835","Units"
"Malta","Real effective exchange rate (REER), Index (2010=100) Adjusted by relative consumer prices","Annual","1982","121.5095667129496","Units"
"Malta","Real effective exchange rate (REER), Index (2010=100) Adjusted by relative consumer prices","Annual","1983","118.3445020999861","Units"
"Malta","Real effective exchange rate (REER), Index (2010=100) Adjusted by relative consumer prices","Annual","1984","116.7828246235251","Units"
"Malta","Real effective exchange rate (REER), Index (2010=100) Adjusted by relative consumer prices","Annual","1985","113.2504248135628","Units"
"Malta","Real effective exchange rate (REER), Index (2010=100) Adjusted by relative consumer prices","Annual","1986","107.1860068792504","Units"
"Malta","Real effective exchange rate (REER), Index (2010=100) Adjusted by relative consumer prices","Annual","1987","103.7878940467464","Units"
"Malta","Real effective exchange rate (REER), Index (2010=100) Adjusted by relative consumer prices","Annual","1988","103.3889241046104","Units"
"Malta","Real effective exchange rate (REER), Index (2010=100) Adjusted by relative consumer prices","Annual","1989","101.0941132929921","Units"
"Malta","Real effective exchange rate (REER), Index (2010=100) Adjusted by relative consumer prices","Annual","1990","97.36630912890717","Units"
"Malta","Real effective exchange rate (REER), Index (2010=100) Adjusted by relative consumer prices","Annual","1991","95.05279833815283","Units"
"Malta","Real effective exchange rate (REER), Index (2010=100) Adjusted by relative consumer prices","Annual","1992","91.457289363486","Units"
"Malta","Real effective exchange rate (REER), Index (2010=100) Adjusted by relative consumer prices","Annual","1993","86.38317935010633","Units"
"Malta","Real effective exchange rate (REER), Index (2010=100) Adjusted by relative consumer prices","Annual","1994","87.86594260889075","Units"
"Malta","Real effective exchange rate (REER), Index (2010=100) Adjusted by relative consumer prices","Annual","1995","89.32141036717125","Units"
"Malta","Real effective exchange rate (REER), Index (2010=100) Adjusted by relative consumer prices","Annual","1996","88.889511195318","Units"
"Malta","Real effective exchange rate (REER), Index (2010=100) Adjusted by relative consumer prices","Annual","1997","89.89767670151392","Units"
"Malta","Real effective exchange rate (REER), Index (2010=100) Adjusted by relative consumer prices","Annual","1998","94.38979453382275","Units"
"Malta","Real effective exchange rate (REER), Index (2010=100) Adjusted by relative consumer prices","Annual","1999","92.50828889696592","Units"
"Malta","Real effective exchange rate (REER), Index (2010=100) Adjusted by relative consumer prices","Annual","2000","90.4383474624245","Units"
"Malta","Real effective exchange rate (REER), Index (2010=100) Adjusted by relative consumer prices","Annual","2001","91.44463838878267","Units"
"Malta","Real effective exchange rate (REER), Index (2010=100) Adjusted by relative consumer prices","Annual","2002","93.858300457943","Units"
"Malta","Real effective exchange rate (REER), Index (2010=100) Adjusted by relative consumer prices","Annual","2003","98.9104504178025","Units"
"Malta","Real effective exchange rate (REER), Index (2010=100) Adjusted by relative consumer prices","Annual","2004","102.7965301937092","Units"
"Malta","Real effective exchange rate (REER), Index (2010=100) Adjusted by relative consumer prices","Annual","2005","101.5958940942189","Units"
"Malta","Real effective exchange rate (REER), Index (2010=100) Adjusted by relative consumer prices","Annual","2006","102.1729253954115","Units"
"Malta","Real effective exchange rate (REER), Index (2010=100) Adjusted by relative consumer prices","Annual","2007","103.6888603269597","Units"
"Malta","Real effective exchange rate (REER), Index (2010=100) Adjusted by relative consumer prices","Annual","2008","105.3300702643264","Units"
"Malta","Real effective exchange rate (REER), Index (2010=100) Adjusted by relative consumer prices","Annual","2009","106.3001442688722","Units"
"Malta","Real effective exchange rate (REER), Index (2010=100) Adjusted by relative consumer prices","Annual","2010","99.99999999999992","Units"
"Malta","Real effective exchange rate (REER), Index (2010=100) Adjusted by relative consumer prices","Annual","2011","99.73183024553242","Units"
"Malta","Real effective exchange rate (REER), Index (2010=100) Adjusted by relative consumer prices","Annual","2012","95.24126148145283","Units"
"Malta","Real effective exchange rate (REER), Index (2010=100) Adjusted by relative consumer prices","Annual","2013","97.13055563781783","Units"
"Malta","Real effective exchange rate (REER), Index (2010=100) Adjusted by relative consumer prices","Annual","2014","96.48687741553817","Units"
"Malta","Real effective exchange rate (REER), Index (2010=100) Adjusted by relative consumer prices","Annual","2015","89.54750434712933","Units"
"Malta","Real effective exchange rate (REER), Index (2010=100) Adjusted by relative consumer prices","Annual","2016","91.21800119240133","Units"
"Malta","Real effective exchange rate (REER), Index (2010=100) Adjusted by relative consumer prices","Annual","2017","92.21831259635967","Units"
"Malta","Real effective exchange rate (REER), Index (2010=100) Adjusted by relative consumer prices","Annual","2018","93.51856896046817","Units"
"Malta","Real effective exchange rate (REER), Index (2010=100) Adjusted by relative consumer prices","Annual","2019","91.80676054930158","Units"
"Malta","Real effective exchange rate (REER), Index (2010=100) Adjusted by relative consumer prices","Annual","2020","92.85470891305525","Units"
"Malta","Real effective exchange rate (REER), Index (2010=100) Adjusted by relative consumer prices","Annual","2021","93.13014637351542","Units"
"Malta","Real effective exchange rate (REER), Index (2010=100) Adjusted by relative consumer prices","Annual","2022","89.2392505602225","Units"
"Malta","Real effective exchange rate (REER), Index (2010=100) Adjusted by relative consumer prices","Annual","2023","92.37610045672775","Units"
"Malta","Real effective exchange rate (REER), Index (2010=100) Adjusted by relative consumer prices","Annual","2024","92.46439724142542","Units"
"Malta","Real effective exchange rate (REER), Index (2010=100) Adjusted by relative consumer prices","Annual","2025","94.89705781071308","Units"
"Ukraine","Real effective exchange rate (REER), Index (2010=100) Adjusted by relative consumer prices","Annual","1993","97.88699017651567","Units"
"Ukraine","Real effective exchange rate (REER), Index (2010=100) Adjusted by relative consumer prices","Annual","1994","167.4483150778344","Units"
"Ukraine","Real effective exchange rate (REER), Index (2010=100) Adjusted by relative consumer prices","Annual","1995","96.19491886743783","Units"
"Ukraine","Real effective exchange rate (REER), Index (2010=100) Adjusted by relative consumer prices","Annual","1996","115.7212679938726","Units"
"Ukraine","Real effective exchange rate (REER), Index (2010=100) Adjusted by relative consumer prices","Annual","1997","136.4826703447837","Units"
"Ukraine","Real effective exchange rate (REER), Index (2010=100) Adjusted by relative consumer prices","Annual","1998","124.6855154528988","Units"
"Ukraine","Real effective exchange rate (REER), Index (2010=100) Adjusted by relative consumer prices","Annual","1999","98.37612502938067","Units"
"Ukraine","Real effective exchange rate (REER), Index (2010=100) Adjusted by relative consumer prices","Annual","2000","97.72355638635408","Units"
"Ukraine","Real effective exchange rate (REER), Index (2010=100) Adjusted by relative consumer prices","Annual","2001","108.1189300802134","Units"
"Ukraine","Real effective exchange rate (REER), Index (2010=100) Adjusted by relative consumer prices","Annual","2002","103.9314278948697","Units"
"Ukraine","Real effective exchange rate (REER), Index (2010=100) Adjusted by relative consumer prices","Annual","2003","95.47746473459158","Units"
"Ukraine","Real effective exchange rate (REER), Index (2010=100) Adjusted by relative consumer prices","Annual","2004","93.51125604756167","Units"
"Ukraine","Real effective exchange rate (REER), Index (2010=100) Adjusted by relative consumer prices","Annual","2005","103.2069299157588","Units"
"Ukraine","Real effective exchange rate (REER), Index (2010=100) Adjusted by relative consumer prices","Annual","2006","107.5106079492377","Units"
"Ukraine","Real effective exchange rate (REER), Index (2010=100) Adjusted by relative consumer prices","Annual","2007","108.2609160861976","Units"
"Ukraine","Real effective exchange rate (REER), Index (2010=100) Adjusted by relative consumer prices","Annual","2008","117.3379739882925","Units"
"Ukraine","Real effective exchange rate (REER), Index (2010=100) Adjusted by relative consumer prices","Annual","2009","97.87952573848917","Units"
"Ukraine","Real effective exchange rate (REER), Index (2010=100) Adjusted by relative consumer prices","Annual","2010","100.0000000000001","Units"
"Ukraine","Real effective exchange rate (REER), Index (2010=100) Adjusted by relative consumer prices","Annual","2011","99.44763415362117","Units"
"Ukraine","Real effective exchange rate (REER), Index (2010=100) Adjusted by relative consumer prices","Annual","2012","101.6298962893799","Units"
"Ukraine","Real effective exchange rate (REER), Index (2010=100) Adjusted by relative consumer prices","Annual","2013","98.1572992823005","Units"
"Ukraine","Real effective exchange rate (REER), Index (2010=100) Adjusted by relative consumer prices","Annual","2014","76.98874118879892","Units"
"Ukraine","Real effective exchange rate (REER), Index (2010=100) Adjusted by relative consumer prices","Annual","2015","71.75927003715507","Units"
"Ukraine","Real effective exchange rate (REER), Index (2010=100) Adjusted by relative consumer prices","Annual","2016","72.16073376546671","Units"
"Ukraine","Real effective exchange rate (REER), Index (2010=100) Adjusted by relative consumer prices","Annual","2017","76.45935545063502","Units"
"Ukraine","Real effective exchange rate (REER), Index (2010=100) Adjusted by relative consumer prices","Annual","2018","80.71573469486198","Units"
"Ukraine","Real effective exchange rate (REER), Index (2010=100) Adjusted by relative consumer prices","Annual","2019","93.33211442851533","Units"
"Ukraine","Real effective exchange rate (REER), Index (2010=100) Adjusted by relative consumer prices","Annual","2020","91.96269705211825","Units"
"Ukraine","Real effective exchange rate (REER), Index (2010=100) Adjusted by relative consumer prices","Annual","2021","94.13589101495808","Units"
"Ukraine","Real effective exchange rate (REER), Index (2010=100) Adjusted by relative consumer prices","Annual","2022","95.00989829654358","Units"
"Ukraine","Real effective exchange rate (REER), Index (2010=100) Adjusted by relative consumer prices","Annual","2023","91.83629896070083","Units"
"Ukraine","Real effective exchange rate (REER), Index (2010=100) Adjusted by relative consumer prices","Annual","2024","87.591006282488","Units"
"Ukraine","Real effective exchange rate (REER), Index (2010=100) Adjusted by relative consumer prices","Annual","2025","88.954523159614","Units"
"Germany","Real effective exchange rate (REER), Index (2010=100) Adjusted by relative consumer prices","Annual","1979","121.1428409350605","Units"
"Germany","Real effective exchange rate (REER), Index (2010=100) Adjusted by relative consumer prices","Annual","1980","114.5476576222332","Units"
"Germany","Real effective exchange rate (REER), Index (2010=100) Adjusted by relative consumer prices","Annual","1981","104.747673029888","Units"
"Germany","Real effective exchange rate (REER), Index (2010=100) Adjusted by relative consumer prices","Annual","1982","106.6590797119105","Units"
"Germany","Real effective exchange rate (REER), Index (2010=100) Adjusted by relative consumer prices","Annual","1983","107.3258016317072","Units"
"Germany","Real effective exchange rate (REER), Index (2010=100) Adjusted by relative consumer prices","Annual","1984","102.5922496436228","Units"
"Germany","Real effective exchange rate (REER), Index (2010=100) Adjusted by relative consumer prices","Annual","1985","99.84552602471092","Units"
"Germany","Real effective exchange rate (REER), Index (2010=100) Adjusted by relative consumer prices","Annual","1986","105.7210469097669","Units"
"Germany","Real effective exchange rate (REER), Index (2010=100) Adjusted by relative consumer prices","Annual","1987","109.1856256037592","Units"
"Germany","Real effective exchange rate (REER), Index (2010=100) Adjusted by relative consumer prices","Annual","1988","106.9651201584269","Units"
"Germany","Real effective exchange rate (REER), Index (2010=100) Adjusted by relative consumer prices","Annual","1989","104.586419175657","Units"
"Germany","Real effective exchange rate (REER), Index (2010=100) Adjusted by relative consumer prices","Annual","1990","107.7272503861378","Units"
"Germany","Real effective exchange rate (REER), Index (2010=100) Adjusted by relative consumer prices","Annual","1991","105.857979844017","Units"
"Germany","Real effective exchange rate (REER), Index (2010=100) Adjusted by relative consumer prices","Annual","1992","110.8230717127274","Units"
"Germany","Real effective exchange rate (REER), Index (2010=100) Adjusted by relative consumer prices","Annual","1993","115.1526252322772","Units"
"Germany","Real effective exchange rate (REER), Index (2010=100) Adjusted by relative consumer prices","Annual","1994","115.9312387175131","Units"
"Germany","Real effective exchange rate (REER), Index (2010=100) Adjusted by relative consumer prices","Annual","1995","121.1528002239397","Units"
"Germany","Real effective exchange rate (REER), Index (2010=100) Adjusted by relative consumer prices","Annual","1996","116.736431135757","Units"
"Germany","Real effective exchange rate (REER), Index (2010=100) Adjusted by relative consumer prices","Annual","1997","110.1142246412914","Units"
"Germany","Real effective exchange rate (REER), Index (2010=100) Adjusted by relative consumer prices","Annual","1998","110.2909848163317","Units"
"Germany","Real effective exchange rate (REER), Index (2010=100) Adjusted by relative consumer prices","Annual","1999","106.8176606499242","Units"
"Germany","Real effective exchange rate (REER), Index (2010=100) Adjusted by relative consumer prices","Annual","2000","99.61174271193408","Units"
"Germany","Real effective exchange rate (REER), Index (2010=100) Adjusted by relative consumer prices","Annual","2001","99.63644645354492","Units"
"Germany","Real effective exchange rate (REER), Index (2010=100) Adjusted by relative consumer prices","Annual","2002","100.6933718218927","Units"
"Germany","Real effective exchange rate (REER), Index (2010=100) Adjusted by relative consumer prices","Annual","2003","106.0568241295772","Units"
"Germany","Real effective exchange rate (REER), Index (2010=100) Adjusted by relative consumer prices","Annual","2004","107.5243758529493","Units"
"Germany","Real effective exchange rate (REER), Index (2010=100) Adjusted by relative consumer prices","Annual","2005","105.1132733615646","Units"
"Germany","Real effective exchange rate (REER), Index (2010=100) Adjusted by relative consumer prices","Annual","2006","104.1419223930097","Units"
"Germany","Real effective exchange rate (REER), Index (2010=100) Adjusted by relative consumer prices","Annual","2007","105.676481908038","Units"
"Germany","Real effective exchange rate (REER), Index (2010=100) Adjusted by relative consumer prices","Annual","2008","105.7603810160212","Units"
"Germany","Real effective exchange rate (REER), Index (2010=100) Adjusted by relative consumer prices","Annual","2009","106.3388370131458","Units"
"Germany","Real effective exchange rate (REER), Index (2010=100) Adjusted by relative consumer prices","Annual","2010","100.0000000000001","Units"
"Germany","Real effective exchange rate (REER), Index (2010=100) Adjusted by relative consumer prices","Annual","2011","98.95349136819767","Units"
"Germany","Real effective exchange rate (REER), Index (2010=100) Adjusted by relative consumer prices","Annual","2012","95.32460050592592","Units"
"Germany","Real effective exchange rate (REER), Index (2010=100) Adjusted by relative consumer prices","Annual","2013","97.64671931245958","Units"
"Germany","Real effective exchange rate (REER), Index (2010=100) Adjusted by relative consumer prices","Annual","2014","98.27482744916942","Units"
"Germany","Real effective exchange rate (REER), Index (2010=100) Adjusted by relative consumer prices","Annual","2015","92.47084129915683","Units"
"Germany","Real effective exchange rate (REER), Index (2010=100) Adjusted by relative consumer prices","Annual","2016","94.06301906515767","Units"
"Germany","Real effective exchange rate (REER), Index (2010=100) Adjusted by relative consumer prices","Annual","2017","94.895226713106","Units"
"Germany","Real effective exchange rate (REER), Index (2010=100) Adjusted by relative consumer prices","Annual","2018","97.01321860568667","Units"
"Germany","Real effective exchange rate (REER), Index (2010=100) Adjusted by relative consumer prices","Annual","2019","95.41343492171217","Units"
"Germany","Real effective exchange rate (REER), Index (2010=100) Adjusted by relative consumer prices","Annual","2020","96.28884811556575","Units"
"Germany","Real effective exchange rate (REER), Index (2010=100) Adjusted by relative consumer prices","Annual","2021","97.11080965547917","Units"
"Germany","Real effective exchange rate (REER), Index (2010=100) Adjusted by relative consumer prices","Annual","2022","93.6987497320195","Units"
"Germany","Real effective exchange rate (REER), Index (2010=100) Adjusted by relative consumer prices","Annual","2023","97.08182389735817","Units"
"Germany","Real effective exchange rate (REER), Index (2010=100) Adjusted by relative consumer prices","Annual","2024","97.43211524082725","Units"
"Germany","Real effective exchange rate (REER), Index (2010=100) Adjusted by relative consumer prices","Annual","2025","98.79410023676983","Units"
"Portugal","Real effective exchange rate (REER), Index (2010=100) Adjusted by relative consumer prices","Annual","1979","75.78326935712581","Units"
"Portugal","Real effective exchange rate (REER), Index (2010=100) Adjusted by relative consumer prices","Annual","1980","76.49646487538772","Units"
"Portugal","Real effective exchange rate (REER), Index (2010=100) Adjusted by relative consumer prices","Annual","1981","80.27019811916068","Units"
"Portugal","Real effective exchange rate (REER), Index (2010=100) Adjusted by relative consumer prices","Annual","1982","79.07144850206283","Units"
"Portugal","Real effective exchange rate (REER), Index (2010=100) Adjusted by relative consumer prices","Annual","1983","72.78067479067647","Units"
"Portugal","Real effective exchange rate (REER), Index (2010=100) Adjusted by relative consumer prices","Annual","1984","73.67452276525763","Units"
"Portugal","Real effective exchange rate (REER), Index (2010=100) Adjusted by relative consumer prices","Annual","1985","74.44607110368406","Units"
"Portugal","Real effective exchange rate (REER), Index (2010=100) Adjusted by relative consumer prices","Annual","1986","74.11479749369002","Units"
"Portugal","Real effective exchange rate (REER), Index (2010=100) Adjusted by relative consumer prices","Annual","1987","73.28791159678843","Units"
"Portugal","Real effective exchange rate (REER), Index (2010=100) Adjusted by relative consumer prices","Annual","1988","74.50638791442258","Units"
"Portugal","Real effective exchange rate (REER), Index (2010=100) Adjusted by relative consumer prices","Annual","1989","78.09016650870155","Units"
"Portugal","Real effective exchange rate (REER), Index (2010=100) Adjusted by relative consumer prices","Annual","1990","83.29185102788705","Units"
"Portugal","Real effective exchange rate (REER), Index (2010=100) Adjusted by relative consumer prices","Annual","1991","89.208984922351","Units"
"Portugal","Real effective exchange rate (REER), Index (2010=100) Adjusted by relative consumer prices","Annual","1992","97.16780323660633","Units"
"Portugal","Real effective exchange rate (REER), Index (2010=100) Adjusted by relative consumer prices","Annual","1993","94.56814518796125","Units"
"Portugal","Real effective exchange rate (REER), Index (2010=100) Adjusted by relative consumer prices","Annual","1994","93.54881564513483","Units"
"Portugal","Real effective exchange rate (REER), Index (2010=100) Adjusted by relative consumer prices","Annual","1995","96.427645924127","Units"
"Portugal","Real effective exchange rate (REER), Index (2010=100) Adjusted by relative consumer prices","Annual","1996","97.20935655909808","Units"
"Portugal","Real effective exchange rate (REER), Index (2010=100) Adjusted by relative consumer prices","Annual","1997","95.55659525887383","Units"
"Portugal","Real effective exchange rate (REER), Index (2010=100) Adjusted by relative consumer prices","Annual","1998","95.946930985814","Units"
"Portugal","Real effective exchange rate (REER), Index (2010=100) Adjusted by relative consumer prices","Annual","1999","95.43675656092858","Units"
"Portugal","Real effective exchange rate (REER), Index (2010=100) Adjusted by relative consumer prices","Annual","2000","93.14585994647417","Units"
"Portugal","Real effective exchange rate (REER), Index (2010=100) Adjusted by relative consumer prices","Annual","2001","95.39893993386058","Units"
"Portugal","Real effective exchange rate (REER), Index (2010=100) Adjusted by relative consumer prices","Annual","2002","97.80275244525292","Units"
"Portugal","Real effective exchange rate (REER), Index (2010=100) Adjusted by relative consumer prices","Annual","2003","102.2158611778729","Units"
"Portugal","Real effective exchange rate (REER), Index (2010=100) Adjusted by relative consumer prices","Annual","2004","103.2264604141725","Units"
"Portugal","Real effective exchange rate (REER), Index (2010=100) Adjusted by relative consumer prices","Annual","2005","102.4243854612708","Units"
"Portugal","Real effective exchange rate (REER), Index (2010=100) Adjusted by relative consumer prices","Annual","2006","102.9981062489971","Units"
"Portugal","Real effective exchange rate (REER), Index (2010=100) Adjusted by relative consumer prices","Annual","2007","103.9386290690525","Units"
"Portugal","Real effective exchange rate (REER), Index (2010=100) Adjusted by relative consumer prices","Annual","2008","103.9589582388022","Units"
"Portugal","Real effective exchange rate (REER), Index (2010=100) Adjusted by relative consumer prices","Annual","2009","103.0377837764735","Units"
"Portugal","Real effective exchange rate (REER), Index (2010=100) Adjusted by relative consumer prices","Annual","2010","100.0000000000002","Units"
"Portugal","Real effective exchange rate (REER), Index (2010=100) Adjusted by relative consumer prices","Annual","2011","100.8078104846664","Units"
"Portugal","Real effective exchange rate (REER), Index (2010=100) Adjusted by relative consumer prices","Annual","2012","99.27591605571725","Units"
"Portugal","Real effective exchange rate (REER), Index (2010=100) Adjusted by relative consumer prices","Annual","2013","99.32820249283117","Units"
"Portugal","Real effective exchange rate (REER), Index (2010=100) Adjusted by relative consumer prices","Annual","2014","98.47039858683142","Units"
"Portugal","Real effective exchange rate (REER), Index (2010=100) Adjusted by relative consumer prices","Annual","2015","95.15567420704183","Units"
"Portugal","Real effective exchange rate (REER), Index (2010=100) Adjusted by relative consumer prices","Annual","2016","96.67824114500142","Units"
"Portugal","Real effective exchange rate (REER), Index (2010=100) Adjusted by relative consumer prices","Annual","2017","96.87440205558725","Units"
"Portugal","Real effective exchange rate (REER), Index (2010=100) Adjusted by relative consumer prices","Annual","2018","98.0043812764015","Units"
"Portugal","Real effective exchange rate (REER), Index (2010=100) Adjusted by relative consumer prices","Annual","2019","96.44589486329042","Units"
"Portugal","Real effective exchange rate (REER), Index (2010=100) Adjusted by relative consumer prices","Annual","2020","97.710991795882","Units"
"Portugal","Real effective exchange rate (REER), Index (2010=100) Adjusted by relative consumer prices","Annual","2021","96.65254723661833","Units"
"Portugal","Real effective exchange rate (REER), Index (2010=100) Adjusted by relative consumer prices","Annual","2022","94.36100500905683","Units"
"Portugal","Real effective exchange rate (REER), Index (2010=100) Adjusted by relative consumer prices","Annual","2023","95.60537606320442","Units"
"Portugal","Real effective exchange rate (REER), Index (2010=100) Adjusted by relative consumer prices","Annual","2024","95.58701869356358","Units"
"Portugal","Real effective exchange rate (REER), Index (2010=100) Adjusted by relative consumer prices","Annual","2025","96.40308308785775","Units"
"Lesotho, Kingdom of","Real effective exchange rate (REER), Index (2010=100) Adjusted by relative consumer prices","Annual","1980","203.9539691992529","Units"
"Lesotho, Kingdom of","Real effective exchange rate (REER), Index (2010=100) Adjusted by relative consumer prices","Annual","1981","199.5357710142831","Units"
"Lesotho, Kingdom of","Real effective exchange rate (REER), Index (2010=100) Adjusted by relative consumer prices","Annual","1982","195.1515318917897","Units"
"Lesotho, Kingdom of","Real effective exchange rate (REER), Index (2010=100) Adjusted by relative consumer prices","Annual","1983","205.3752691693719","Units"
"Lesotho, Kingdom of","Real effective exchange rate (REER), Index (2010=100) Adjusted by relative consumer prices","Annual","1984","203.1472948419365","Units"
"Lesotho, Kingdom of","Real effective exchange rate (REER), Index (2010=100) Adjusted by relative consumer prices","Annual","1985","195.4122807918307","Units"
"Lesotho, Kingdom of","Real effective exchange rate (REER), Index (2010=100) Adjusted by relative consumer prices","Annual","1986","193.8664411401743","Units"
"Lesotho, Kingdom of","Real effective exchange rate (REER), Index (2010=100) Adjusted by relative consumer prices","Annual","1987","187.1836434941003","Units"
"Lesotho, Kingdom of","Real effective exchange rate (REER), Index (2010=100) Adjusted by relative consumer prices","Annual","1988","184.8290224467316","Units"
"Lesotho, Kingdom of","Real effective exchange rate (REER), Index (2010=100) Adjusted by relative consumer prices","Annual","1989","185.3093211707824","Units"
"Lesotho, Kingdom of","Real effective exchange rate (REER), Index (2010=100) Adjusted by relative consumer prices","Annual","1990","180.8374925995708","Units"
"Lesotho, Kingdom of","Real effective exchange rate (REER), Index (2010=100) Adjusted by relative consumer prices","Annual","1991","193.0594050966532","Units"
"Lesotho, Kingdom of","Real effective exchange rate (REER), Index (2010=100) Adjusted by relative consumer prices","Annual","1992","207.1096898807948","Units"
"Lesotho, Kingdom of","Real effective exchange rate (REER), Index (2010=100) Adjusted by relative consumer prices","Annual","1993","206.6771582176511","Units"
"Lesotho, Kingdom of","Real effective exchange rate (REER), Index (2010=100) Adjusted by relative consumer prices","Annual","1994","197.1249592798434","Units"
"Lesotho, Kingdom of","Real effective exchange rate (REER), Index (2010=100) Adjusted by relative consumer prices","Annual","1995","197.4952515152492","Units"
"Lesotho, Kingdom of","Real effective exchange rate (REER), Index (2010=100) Adjusted by relative consumer prices","Annual","1996","178.7184873293732","Units"
"Lesotho, Kingdom of","Real effective exchange rate (REER), Index (2010=100) Adjusted by relative consumer prices","Annual","1997","179.0147034811761","Units"
"Lesotho, Kingdom of","Real effective exchange rate (REER), Index (2010=100) Adjusted by relative consumer prices","Annual","1998","164.4024932521886","Units"
"Lesotho, Kingdom of","Real effective exchange rate (REER), Index (2010=100) Adjusted by relative consumer prices","Annual","1999","150.6405053959092","Units"
"Lesotho, Kingdom of","Real effective exchange rate (REER), Index (2010=100) Adjusted by relative consumer prices","Annual","2000","142.8382583166252","Units"
"Lesotho, Kingdom of","Real effective exchange rate (REER), Index (2010=100) Adjusted by relative consumer prices","Annual","2001","123.2781850320646","Units"
"Lesotho, Kingdom of","Real effective exchange rate (REER), Index (2010=100) Adjusted by relative consumer prices","Annual","2002","77.39491526513041","Units"
"Lesotho, Kingdom of","Real effective exchange rate (REER), Index (2010=100) Adjusted by relative consumer prices","Annual","2003","111.1412317403736","Units"
"Lesotho, Kingdom of","Real effective exchange rate (REER), Index (2010=100) Adjusted by relative consumer prices","Annual","2004","128.6840938037043","Units"
"Lesotho, Kingdom of","Real effective exchange rate (REER), Index (2010=100) Adjusted by relative consumer prices","Annual","2005","130.3199426944674","Units"
"Lesotho, Kingdom of","Real effective exchange rate (REER), Index (2010=100) Adjusted by relative consumer prices","Annual","2006","128.2981960117762","Units"
"Lesotho, Kingdom of","Real effective exchange rate (REER), Index (2010=100) Adjusted by relative consumer prices","Annual","2007","126.5784548435604","Units"
"Lesotho, Kingdom of","Real effective exchange rate (REER), Index (2010=100) Adjusted by relative consumer prices","Annual","2008","117.4304939569962","Units"
"Lesotho, Kingdom of","Real effective exchange rate (REER), Index (2010=100) Adjusted by relative consumer prices","Annual","2009","95.47625868427767","Units"
"Lesotho, Kingdom of","Real effective exchange rate (REER), Index (2010=100) Adjusted by relative consumer prices","Annual","2010","100.0000000000001","Units"
"Lesotho, Kingdom of","Real effective exchange rate (REER), Index (2010=100) Adjusted by relative consumer prices","Annual","2011","99.73758569613267","Units"
"Lesotho, Kingdom of","Real effective exchange rate (REER), Index (2010=100) Adjusted by relative consumer prices","Annual","2012","95.48122207071575","Units"
"Lesotho, Kingdom of","Real effective exchange rate (REER), Index (2010=100) Adjusted by relative consumer prices","Annual","2013","86.39533887160167","Units"
"Lesotho, Kingdom of","Real effective exchange rate (REER), Index (2010=100) Adjusted by relative consumer prices","Annual","2014","81.56951663472886","Units"
"Lesotho, Kingdom of","Real effective exchange rate (REER), Index (2010=100) Adjusted by relative consumer prices","Annual","2015","78.33021455836281","Units"
"Lesotho, Kingdom of","Real effective exchange rate (REER), Index (2010=100) Adjusted by relative consumer prices","Annual","2016","73.89811576425619","Units"
"Lesotho, Kingdom of","Real effective exchange rate (REER), Index (2010=100) Adjusted by relative consumer prices","Annual","2017","80.18243222571965","Units"
"Lesotho, Kingdom of","Real effective exchange rate (REER), Index (2010=100) Adjusted by relative consumer prices","Annual","2018","81.68584240297382","Units"
"Lesotho, Kingdom of","Real effective exchange rate (REER), Index (2010=100) Adjusted by relative consumer prices","Annual","2019","79.94547071168192","Units"
"Lesotho, Kingdom of","Real effective exchange rate (REER), Index (2010=100) Adjusted by relative consumer prices","Annual","2020","75.13348998160872","Units"
"Lesotho, Kingdom of","Real effective exchange rate (REER), Index (2010=100) Adjusted by relative consumer prices","Annual","2021","81.69746978158177","Units"
"Lesotho, Kingdom of","Real effective exchange rate (REER), Index (2010=100) Adjusted by relative consumer prices","Annual","2022","80.19604757781259","Units"
"Lesotho, Kingdom of","Real effective exchange rate (REER), Index (2010=100) Adjusted by relative consumer prices","Annual","2023","74.74881891997949","Units"
"Lesotho, Kingdom of","Real effective exchange rate (REER), Index (2010=100) Adjusted by relative consumer prices","Annual","2024","77.78267559499427","Units"
"Lesotho, Kingdom of","Real effective exchange rate (REER), Index (2010=100) Adjusted by relative consumer prices","Annual","2025","79.84411359325755","Units"
"Iran, Islamic Republic of","Real effective exchange rate (REER), Index (2010=100) Adjusted by relative consumer prices","Annual","1979","208.7277163924392","Units"
"Iran, Islamic Republic of","Real effective exchange rate (REER), Index (2010=100) Adjusted by relative consumer prices","Annual","1980","228.5986588228093","Units"
"Iran, Islamic Republic of","Real effective exchange rate (REER), Index (2010=100) Adjusted by relative consumer prices","Annual","1981","273.0998886268993","Units"
"Iran, Islamic Republic of","Real effective exchange rate (REER), Index (2010=100) Adjusted by relative consumer prices","Annual","1982","319.8309611542428","Units"
"Iran, Islamic Republic of","Real effective exchange rate (REER), Index (2010=100) Adjusted by relative consumer prices","Annual","1983","378.6487497870702","Units"
"Iran, Islamic Republic of","Real effective exchange rate (REER), Index (2010=100) Adjusted by relative consumer prices","Annual","1984","427.0523963675652","Units"
"Iran, Islamic Republic of","Real effective exchange rate (REER), Index (2010=100) Adjusted by relative consumer prices","Annual","1985","253.0042780420978","Units"
"Iran, Islamic Republic of","Real effective exchange rate (REER), Index (2010=100) Adjusted by relative consumer prices","Annual","1986","166.7326986164385","Units"
"Iran, Islamic Republic of","Real effective exchange rate (REER), Index (2010=100) Adjusted by relative consumer prices","Annual","1987","185.0319667174713","Units"
"Iran, Islamic Republic of","Real effective exchange rate (REER), Index (2010=100) Adjusted by relative consumer prices","Annual","1988","217.8152777999684","Units"
"Iran, Islamic Republic of","Real effective exchange rate (REER), Index (2010=100) Adjusted by relative consumer prices","Annual","1989","218.5370355454727","Units"
"Iran, Islamic Republic of","Real effective exchange rate (REER), Index (2010=100) Adjusted by relative consumer prices","Annual","1990","147.1297346668206","Units"
"Iran, Islamic Republic of","Real effective exchange rate (REER), Index (2010=100) Adjusted by relative consumer prices","Annual","1991","131.8072809035923","Units"
"Iran, Islamic Republic of","Real effective exchange rate (REER), Index (2010=100) Adjusted by relative consumer prices","Annual","1992","72.37196356472271","Units"
"Iran, Islamic Republic of","Real effective exchange rate (REER), Index (2010=100) Adjusted by relative consumer prices","Annual","1993","54.52078602508826","Units"
"Iran, Islamic Republic of","Real effective exchange rate (REER), Index (2010=100) Adjusted by relative consumer prices","Annual","1994","67.33454329099132","Units"
"Iran, Islamic Republic of","Real effective exchange rate (REER), Index (2010=100) Adjusted by relative consumer prices","Annual","1995","90.53094579850358","Units"
"Iran, Islamic Republic of","Real effective exchange rate (REER), Index (2010=100) Adjusted by relative consumer prices","Annual","1996","117.2650086391495","Units"
"Iran, Islamic Republic of","Real effective exchange rate (REER), Index (2010=100) Adjusted by relative consumer prices","Annual","1997","145.9711133561901","Units"
"Iran, Islamic Republic of","Real effective exchange rate (REER), Index (2010=100) Adjusted by relative consumer prices","Annual","1998","180.7167669045064","Units"
"Iran, Islamic Republic of","Real effective exchange rate (REER), Index (2010=100) Adjusted by relative consumer prices","Annual","1999","219.3654117630688","Units"
"Iran, Islamic Republic of","Real effective exchange rate (REER), Index (2010=100) Adjusted by relative consumer prices","Annual","2000","260.3794665685632","Units"
"Iran, Islamic Republic of","Real effective exchange rate (REER), Index (2010=100) Adjusted by relative consumer prices","Annual","2001","296.1062464975102","Units"
"Iran, Islamic Republic of","Real effective exchange rate (REER), Index (2010=100) Adjusted by relative consumer prices","Annual","2002","112.3283417010111","Units"
"Iran, Islamic Republic of","Real effective exchange rate (REER), Index (2010=100) Adjusted by relative consumer prices","Annual","2003","70.51796008662968","Units"
"Iran, Islamic Republic of","Real effective exchange rate (REER), Index (2010=100) Adjusted by relative consumer prices","Annual","2004","70.25227885916","Units"
"Iran, Islamic Republic of","Real effective exchange rate (REER), Index (2010=100) Adjusted by relative consumer prices","Annual","2005","72.10112638977573","Units"
"Iran, Islamic Republic of","Real effective exchange rate (REER), Index (2010=100) Adjusted by relative consumer prices","Annual","2006","73.77886732370845","Units"
"Iran, Islamic Republic of","Real effective exchange rate (REER), Index (2010=100) Adjusted by relative consumer prices","Annual","2007","77.42535158583785","Units"
"Iran, Islamic Republic of","Real effective exchange rate (REER), Index (2010=100) Adjusted by relative consumer prices","Annual","2008","87.31534707374325","Units"
"Iran, Islamic Republic of","Real effective exchange rate (REER), Index (2010=100) Adjusted by relative consumer prices","Annual","2009","98.89999381784867","Units"
"Iran, Islamic Republic of","Real effective exchange rate (REER), Index (2010=100) Adjusted by relative consumer prices","Annual","2010","100.0000000000001","Units"
"Iran, Islamic Republic of","Real effective exchange rate (REER), Index (2010=100) Adjusted by relative consumer prices","Annual","2011","114.1960362449713","Units"
"Iran, Islamic Republic of","Real effective exchange rate (REER), Index (2010=100) Adjusted by relative consumer prices","Annual","2012","126.8898096246954","Units"
"Iran, Islamic Republic of","Real effective exchange rate (REER), Index (2010=100) Adjusted by relative consumer prices","Annual","2013","123.5622798594371","Units"
"Iran, Islamic Republic of","Real effective exchange rate (REER), Index (2010=100) Adjusted by relative consumer prices","Annual","2014","91.836563348132","Units"
"Iran, Islamic Republic of","Real effective exchange rate (REER), Index (2010=100) Adjusted by relative consumer prices","Annual","2015","97.77796476747408","Units"
"Iran, Islamic Republic of","Real effective exchange rate (REER), Index (2010=100) Adjusted by relative consumer prices","Annual","2016","100.2420675574795","Units"
"Iran, Islamic Republic of","Real effective exchange rate (REER), Index (2010=100) Adjusted by relative consumer prices","Annual","2017","101.3134269626234","Units"
"Iran, Islamic Republic of","Real effective exchange rate (REER), Index (2010=100) Adjusted by relative consumer prices","Annual","2018","116.4171916212873","Units"
"Iran, Islamic Republic of","Real effective exchange rate (REER), Index (2010=100) Adjusted by relative consumer prices","Annual","2019","128.6648294070113","Units"
"Iran, Islamic Republic of","Real effective exchange rate (REER), Index (2010=100) Adjusted by relative consumer prices","Annual","2020","167.3018319420445","Units"
"Iran, Islamic Republic of","Real effective exchange rate (REER), Index (2010=100) Adjusted by relative consumer prices","Annual","2021","230.2154699850407","Units"
"Iran, Islamic Republic of","Real effective exchange rate (REER), Index (2010=100) Adjusted by relative consumer prices","Annual","2022","335.0309693539583","Units"
"Iran, Islamic Republic of","Real effective exchange rate (REER), Index (2010=100) Adjusted by relative consumer prices","Annual","2023","477.3565515381368","Units"
"Iran, Islamic Republic of","Real effective exchange rate (REER), Index (2010=100) Adjusted by relative consumer prices","Annual","2024","623.4417570117931","Units"
"Iran, Islamic Republic of","Real effective exchange rate (REER), Index (2010=100) Adjusted by relative consumer prices","Annual","2025","861.83099732443","Units"
"Switzerland","Real effective exchange rate (REER), Index (2010=100) Adjusted by relative consumer prices","Annual","1979","92.97752951561233","Units"
"Switzerland","Real effective exchange rate (REER), Index (2010=100) Adjusted by relative consumer prices","Annual","1980","85.60658817405533","Units"
"Switzerland","Real effective exchange rate (REER), Index (2010=100) Adjusted by relative consumer prices","Annual","1981","84.89999601084867","Units"
"Switzerland","Real effective exchange rate (REER), Index (2010=100) Adjusted by relative consumer prices","Annual","1982","89.86082426730075","Units"
"Switzerland","Real effective exchange rate (REER), Index (2010=100) Adjusted by relative consumer prices","Annual","1983","91.32617717338983","Units"
"Switzerland","Real effective exchange rate (REER), Index (2010=100) Adjusted by relative consumer prices","Annual","1984","88.44816384971633","Units"
"Switzerland","Real effective exchange rate (REER), Index (2010=100) Adjusted by relative consumer prices","Annual","1985","86.78364721390125","Units"
"Switzerland","Real effective exchange rate (REER), Index (2010=100) Adjusted by relative consumer prices","Annual","1986","92.59286231150733","Units"
"Switzerland","Real effective exchange rate (REER), Index (2010=100) Adjusted by relative consumer prices","Annual","1987","96.13111474583825","Units"
"Switzerland","Real effective exchange rate (REER), Index (2010=100) Adjusted by relative consumer prices","Annual","1988","94.93702453761983","Units"
"Switzerland","Real effective exchange rate (REER), Index (2010=100) Adjusted by relative consumer prices","Annual","1989","89.59857613465733","Units"
"Switzerland","Real effective exchange rate (REER), Index (2010=100) Adjusted by relative consumer prices","Annual","1990","95.93601051899383","Units"
"Switzerland","Real effective exchange rate (REER), Index (2010=100) Adjusted by relative consumer prices","Annual","1991","95.27027800105792","Units"
"Switzerland","Real effective exchange rate (REER), Index (2010=100) Adjusted by relative consumer prices","Annual","1992","93.52338264683683","Units"
"Switzerland","Real effective exchange rate (REER), Index (2010=100) Adjusted by relative consumer prices","Annual","1993","95.56557350395475","Units"
"Switzerland","Real effective exchange rate (REER), Index (2010=100) Adjusted by relative consumer prices","Annual","1994","100.025405996373","Units"
"Switzerland","Real effective exchange rate (REER), Index (2010=100) Adjusted by relative consumer prices","Annual","1995","106.5940820350712","Units"
"Switzerland","Real effective exchange rate (REER), Index (2010=100) Adjusted by relative consumer prices","Annual","1996","103.4200323959185","Units"
"Switzerland","Real effective exchange rate (REER), Index (2010=100) Adjusted by relative consumer prices","Annual","1997","95.24144413082992","Units"
"Switzerland","Real effective exchange rate (REER), Index (2010=100) Adjusted by relative consumer prices","Annual","1998","96.46409464661742","Units"
"Switzerland","Real effective exchange rate (REER), Index (2010=100) Adjusted by relative consumer prices","Annual","1999","94.633471426887","Units"
"Switzerland","Real effective exchange rate (REER), Index (2010=100) Adjusted by relative consumer prices","Annual","2000","92.196230792832","Units"
"Switzerland","Real effective exchange rate (REER), Index (2010=100) Adjusted by relative consumer prices","Annual","2001","94.58337054913592","Units"
"Switzerland","Real effective exchange rate (REER), Index (2010=100) Adjusted by relative consumer prices","Annual","2002","97.97689710149583","Units"
"Switzerland","Real effective exchange rate (REER), Index (2010=100) Adjusted by relative consumer prices","Annual","2003","98.26196397314067","Units"
"Switzerland","Real effective exchange rate (REER), Index (2010=100) Adjusted by relative consumer prices","Annual","2004","97.2186483439955","Units"
"Switzerland","Real effective exchange rate (REER), Index (2010=100) Adjusted by relative consumer prices","Annual","2005","95.36231744261342","Units"
"Switzerland","Real effective exchange rate (REER), Index (2010=100) Adjusted by relative consumer prices","Annual","2006","92.77798415786458","Units"
"Switzerland","Real effective exchange rate (REER), Index (2010=100) Adjusted by relative consumer prices","Annual","2007","88.95120737420275","Units"
"Switzerland","Real effective exchange rate (REER), Index (2010=100) Adjusted by relative consumer prices","Annual","2008","92.4038871150475","Units"
"Switzerland","Real effective exchange rate (REER), Index (2010=100) Adjusted by relative consumer prices","Annual","2009","95.95469024294817","Units"
"Switzerland","Real effective exchange rate (REER), Index (2010=100) Adjusted by relative consumer prices","Annual","2010","100","Units"
"Switzerland","Real effective exchange rate (REER), Index (2010=100) Adjusted by relative consumer prices","Annual","2011","109.5394946646436","Units"
"Switzerland","Real effective exchange rate (REER), Index (2010=100) Adjusted by relative consumer prices","Annual","2012","105.4468380796479","Units"
"Switzerland","Real effective exchange rate (REER), Index (2010=100) Adjusted by relative consumer prices","Annual","2013","103.6697996489398","Units"
"Switzerland","Real effective exchange rate (REER), Index (2010=100) Adjusted by relative consumer prices","Annual","2014","104.2697244720159","Units"
"Switzerland","Real effective exchange rate (REER), Index (2010=100) Adjusted by relative consumer prices","Annual","2015","110.4541142914051","Units"
"Switzerland","Real effective exchange rate (REER), Index (2010=100) Adjusted by relative consumer prices","Annual","2016","108.138681726949","Units"
"Switzerland","Real effective exchange rate (REER), Index (2010=100) Adjusted by relative consumer prices","Annual","2017","106.0978495235746","Units"
"Switzerland","Real effective exchange rate (REER), Index (2010=100) Adjusted by relative consumer prices","Annual","2018","103.1908270543188","Units"
"Switzerland","Real effective exchange rate (REER), Index (2010=100) Adjusted by relative consumer prices","Annual","2019","104.1215912055759","Units"
"Switzerland","Real effective exchange rate (REER), Index (2010=100) Adjusted by relative consumer prices","Annual","2020","108.1068283639491","Units"
"Switzerland","Real effective exchange rate (REER), Index (2010=100) Adjusted by relative consumer prices","Annual","2021","105.4853217794208","Units"
"Switzerland","Real effective exchange rate (REER), Index (2010=100) Adjusted by relative consumer prices","Annual","2022","105.8025076047476","Units"
"Switzerland","Real effective exchange rate (REER), Index (2010=100) Adjusted by relative consumer prices","Annual","2023","109.2433436606599","Units"
"Switzerland","Real effective exchange rate (REER), Index (2010=100) Adjusted by relative consumer prices","Annual","2024","110.7849065237962","Units"
"Switzerland","Real effective exchange rate (REER), Index (2010=100) Adjusted by relative consumer prices","Annual","2025","112.2881222404062","Units"
