iso3,year,CAGDP,RELY,RELDEPY,RELDEPO,YGRAVG,YGRSD,LREER,OPEN,FDEEP,NSGDP,TOTSD,ka_open,NFAGDP
ABW,1971,NA,NA,0.8309278211476032,0.8332616926933375,NA,NA,NA,NA,NA,NA,NA,NA,NA
ABW,1976,NA,NA,0.7008673517251054,0.9301215156125643,NA,NA,NA,NA,NA,NA,NA,NA,NA
ABW,1981,NA,NA,0.6520828547755445,1.0575106575004407,NA,NA,NA,NA,NA,NA,NA,NA,NA
ABW,1986,-8.809510503106294,0.9097585587599452,0.6070370039854913,1.114132645628329,12.704580578155497,6.415822037508947,NA,NA,50.3580331752276,NA,NA,NA,-0.7433209298244092
ABW,1991,-1.8232440832765067,0.9332935744718611,0.6784711455388749,0.9285539791421334,6.380792782245393,2.325464983952196,NA,171.362098138748,55.46010131740866,30.9560067681895,NA,0.418132960796356,-0.3355288672122998
ABW,1996,-6.627777943409102,0.8410042566293531,0.6244726728301218,0.8865294167216852,3.817122088838916,3.233500627044908,NA,163.405058859646,52.16996415592496,24.1212235173491,NA,0.162431985139847,-0.307669343790471
ABW,2001,1.4599315876749945,0.8315429349099303,0.6177195927814592,0.9714924700443125,2.2516286295322976,3.4500507752241774,NA,136.7794762505976,57.34182209206108,12.32766186957415,16.09396720620446,0.162431985139847,-0.5967395519023906
ABW,2006,2.0386711348737308,0.7568441343397684,0.6334705534261108,1.097520153795514,-1.6716974282021542,6.0011437709001285,NA,138.6292633323418,61.91115104571916,9.438046838495803,5.925200418551258,0.162431985139847,-1.276311353398278
ABW,2011,-3.7763695991529103,0.663681647026937,0.6122796665770482,1.2169740804348155,2.759495340646072,2.7749407126870684,NA,152.7597884771218,69.7367115554699,7.68675396772138,23.239363158227896,0.162431985139847,-1.19874964839673
ABW,2016,-1.0021200752351138,0.5823351570719333,0.6230393320727271,1.3785192195255631,-2.946528247582014,11.760657733187042,NA,135.0229046043048,82.79303515764332,10.927229105577261,17.724361765660284,0.162431985139847,-1.350999055324936
ABW,2021,4.91972199981375,0.5315022578564956,0.6217635992655995,1.5130689904914958,11.02461509295942,3.5279623507267504,NA,153.19031368381167,92.8735112870739,14.482071578769377,32.221731797034124,0.162431985139847,-1.2150201294116911
AFG,1971,NA,NA,1.1863502569143458,0.5255597129889995,NA,NA,NA,NA,NA,NA,NA,0.4159194976091386,NA
AFG,1976,NA,NA,1.30514704328888,0.5038562852500081,NA,NA,NA,NA,NA,NA,NA,0.15190829783678061,NA
AFG,1981,NA,NA,1.4301353355045512,0.4873428579572022,NA,NA,NA,NA,NA,NA,NA,0.0324863970279694,NA
AFG,1986,NA,NA,1.5291357341019685,0.454942381582764,NA,NA,NA,NA,NA,NA,NA,0,NA
AFG,1991,NA,NA,1.6347537638920413,0.44486611780684193,NA,NA,NA,NA,NA,NA,NA,0,NA
AFG,1996,NA,0.022393364216289312,1.8243815667227363,0.4404785140342578,NA,NA,NA,NA,NA,NA,NA,0,NA
AFG,2001,NA,0.023335861177843593,2.0317438233796343,0.4285300458215009,8.128827544831092,13.987926682878024,NA,NA,NA,NA,12.047027225127636,NA,-2.8678231653777826
AFG,2006,-1.25509497000863,0.0296099039596447,2.1123566885581497,0.4051115388913583,11.772335295666318,7.179300420679642,NA,NA,29.02026568411614,NA,4.8757563515828,NA,-4.108512086172009e-4
AFG,2011,-20.2930710866891,0.03877083903368977,2.0442661867855714,0.36849955863470146,4.591048910187843,4.957613980505314,NA,NA,34.07151728371264,NA,6.550801477681949,NA,0.2044636729137732
AFG,2016,-18.27603954297656,0.03902900166961851,1.9399976241610402,0.31642764752137187,1.531409655841868,2.378662848148773,NA,46.7098945514103,36.63179537837358,-2.73776944122657,4.891523280124508,NA,0.2837485237203304
AFG,2021,NA,0.028028920053563448,1.9059494897143188,0.2804586006547165,-8.237355874515035,11.632199777030628,NA,63.9606170450064,NA,NA,2.688865931949754,NA,0.06095834922817572
AGO,1971,NA,NA,1.2592131930335502,0.5570074359888579,NA,NA,NA,NA,NA,NA,NA,NA,NA
AGO,1976,NA,NA,1.2700311368562982,0.47337054273967394,NA,NA,NA,NA,NA,NA,NA,NA,-1.01753959123257
AGO,1981,2.58139146821177,NA,1.3005128007840185,0.4385039871733992,1.860000373012762,4.12165131341487,NA,NA,NA,NA,NA,NA,-1.0966927414806678
AGO,1986,-1.498787674531258,0.1550891712315658,1.3742423001611819,0.42947098662404204,1.9406327264123404,3.732183724009924,NA,NA,NA,NA,11.261544931120609,NA,-0.844121596728985
AGO,1991,-7.776348016824506,0.1179315879389142,1.4711989264911292,0.44575809975883596,-2.4981950815602456,14.193851039603624,NA,NA,36.4871300806511,NA,5.430420312557843,0,-6.070026633080482
AGO,1996,-3.186809251044777,0.10796501372033313,1.571841840924665,0.47193896792263074,6.149181502670844,4.566163021595388,NA,NA,22.95200222321126,NA,15.890011318389153,0.162431985139847,-1.728380295100768
AGO,2001,-1.0965211991600274,0.11210431598114497,1.6817942111087723,0.4728937977144881,9.386728128576074,5.167700239256687,NA,91.74475872924715,14.167528643994,32.71340895617942,22.97523023108978,0.162431985139847,-0.9076923576511808
AGO,2006,7.71675005926426,0.14522402510770355,1.8025385728713932,0.45143009729077427,8.584079539449833,4.722903044786766,NA,96.75757799052796,26.159756799481798,38.5041578588556,20.638846867012703,0.0324863970279694,-0.056932283543950656
AGO,2011,2.6148333505467902,0.1550252143159125,1.8996478473717606,0.4134687034284387,4.47979100240458,2.782932326992445,NA,74.57714951778532,31.327243474395722,31.04563810927176,41.887384735741136,0,-0.12113984726601526
AGO,2016,2.042449817624212,0.13038786399073782,1.9675470767820435,0.36446310556819844,-1.3382930615215458,1.635204849894848,NA,53.33108831777736,30.48588248354512,27.44290703377332,22.914733251774937,0,-0.378582353137967
AGO,2021,7.809100956664113,0.1219782141045663,2.0166883180102166,0.3396414604993901,2.52735441472886,1.5214520031742125,NA,56.604823524424035,19.635667613091865,21.337364131066867,22.084157217335697,0,-0.22483878842572552
ALB,1971,NA,NA,1.0420232750676417,0.9541955599870956,NA,NA,NA,NA,NA,NA,NA,NA,NA
ALB,1976,1.01387609500286,NA,0.9640058112284662,0.9161626037546274,NA,NA,NA,47.4940925041872,NA,NA,NA,NA,NA
ALB,1981,-1.313570009847388,NA,0.912199563642276,0.8754022854416554,2.06564353412243,2.5656484360359,NA,41.07444049777098,NA,28.1106133722528,NA,NA,NA
ALB,1986,-1.7599675085694593,0.11116905686227421,0.8759040783329665,0.8722884270395259,0.7380539339736196,7.418602995497029,NA,36.039557879371436,NA,24.726923010445738,NA,NA,NA
ALB,1991,-6.110887650334167,0.08410893312326162,0.8582907641973571,0.9186071664325096,-0.800928193693038,17.105346978853515,NA,63.7231217524595,39.8326559478891,2.026846315411716,NA,0.418132960796356,-0.22197091156251242
ALB,1996,-5.3562155476736075,0.09917853329778727,0.8599154786035531,1.0265863378916102,4.72967355698601,9.406975229251929,NA,49.55529324457336,58.76153320022188,19.466661549374443,NA,0.418132960796356,-0.07242091069376058
ALB,2001,-6.629535356544644,0.1297057831681562,0.8229119699284779,1.1548528124225652,5.844494892740462,1.710242737303033,NA,65.84327147349214,66.193548610043507,30.86891469220814,3.3512888131331016,0.418132960796356,-0.1266061297965938
ALB,2006,-11.820142642561727,0.17399072466856233,0.7314618362980899,1.3120332600391633,5.018008421907898,2.0226589703774818,NA,75.24324953071806,75.07083373403749,22.66175840179846,4.64682687433048,0.2135721802711488,-0.2621595822625012
ALB,2011,-10.326657852037997,0.20926423694915164,0.6372735941021822,1.3759610671908136,1.9245612130612335,0.5944868166277091,NA,75.94372507551333,84.18059743827166,19.4232322460759,3.1277787645548107,0.418132960796356,-0.4214580999383942
ALB,2016,-7.594393145950326,0.24092138618943662,0.6004296763882326,1.422245083213475,1.922470452156864,3.012228671249429,NA,72.27974779763989,81.2493974331387,19.0623516932781,1.5690761613127664,0.3669927656650542,-0.4839620489132626
ALB,2021,-5.177929597183376,0.2804458722946988,0.607458508796475,1.5114468393862086,5.93726466117809,2.657211073029008,NA,80.88031369468656,77.92695436508647,21.374405016013466,19.841706915820854,0.418132960796356,-0.45417419754122473
AND,1971,NA,NA,0.6024115880307994,0.8285775690519369,5.349734285100638,3.060333680632675,NA,NA,NA,NA,NA,NA,NA
AND,1976,NA,NA,0.533950236378727,0.8753770785666671,1.97112952540196,1.281243174286475,NA,NA,NA,NA,NA,NA,NA
AND,1981,NA,NA,0.4708084971487355,1.0349345915887844,1.3980449246126039,0.9362215746862211,NA,NA,NA,NA,NA,NA,NA
AND,1986,NA,1,0.4235267468465999,1.2423758726165202,4.500638401106071,0.9522667879139569,NA,NA,NA,NA,NA,NA,NA
AND,1991,NA,0.9049934906706838,0.3674245425888971,1.3168549274160892,1.5168834084806473,1.5959502779498183,NA,NA,NA,NA,NA,NA,NA
AND,1996,NA,0.9125832766604365,0.37359076605312336,1.4972834551001695,4.907929078976792,2.39073214047436,NA,NA,NA,NA,NA,NA,NA
AND,2001,NA,0.9987171724739192,0.40091323466543544,1.5720277592260745,6.978679194969686,1.8707065439998107,NA,NA,NA,NA,5.819620933828585,NA,NA
AND,2006,NA,0.94286112085758,0.4202911565790361,1.440238788128281,-1.2950228142881481,4.4742500378060965,NA,NA,NA,NA,6.84813843318022,NA,NA
AND,2011,NA,0.8871768851037072,0.4719899181729141,1.413157916486137,-0.9183008142135041,3.2188243490222996,NA,NA,NA,NA,2.4447903795622223,NA,NA
AND,2016,16.76844455281975,0.8737607123982168,0.44744707583394877,1.3192902277510352,-0.7047753694343248,5.980490282491036,NA,NA,NA,NA,2.7685736399814203,NA,3.0601322699309166
AND,2021,13.6288587394211,0.8609928558974679,0.4133247189137117,1.330043680434399,6.811648618863024,3.716960792981569,NA,NA,NA,NA,1.8520259177452127,NA,3.57254600936622
ARE,1971,NA,NA,0.5556278298440711,0.24034424252312156,34.60752262702589,27.381120597724934,NA,NA,13.851613719438367,NA,NA,NA,0.37187238081445234
ARE,1976,NA,NA,0.5598847400793363,0.20970022553541218,16.23498626881304,10.310620670376165,NA,NA,17.40193629506866,NA,NA,1,0.253975622155706
ARE,1981,NA,NA,0.6637865607468588,0.16930929113539622,-1.276697089884818,5.250865002956904,NA,NA,24.57172290743316,NA,NA,1,0.7708379572597606
ARE,1986,NA,1,0.7271843928476822,0.1589831048348759,3.29416285129024,12.999263420324711,NA,NA,39.85473989848136,NA,NA,1,2.059419425296562
ARE,1991,NA,1,0.6409364333148009,0.13766780224295525,3.8100505530084976,2.8818945049852807,NA,NA,34.22842537586922,NA,NA,1,1.991289092434352
ARE,1996,NA,1,0.5401306185682622,0.1395932017467276,5.607142983094691,4.177114767098371,NA,NA,33.826039258996,NA,NA,1,2.139882940972078
ARE,2001,NA,1,0.44399334098648435,0.17550623662848822,5.41093209894405,3.675147775147081,NA,104.28237848011776,43.87214098942872,NA,18.226318589609836,1,1.625195589966468
ARE,2006,NA,1,0.4336004883996645,0.16857868261730563,2.51469487173343,5.374475013569198,NA,138.7460039912158,62.32763902172514,NA,9.375339993834892,1,1.0327397943239527
ARE,2011,NA,1,0.45080288426496046,0.14333806912114921,5.611753314823812,1.1983564916546978,NA,156.4028726311542,68.99396163268395,NA,10.866140069040156,1,1.1030995601572344
ARE,2016,NA,1,0.46367633729693636,0.13000203129475155,-0.2576720523823762,5.300037904058444,NA,166.1465215558362,91.16738831346859,NA,6.085392345609282,1,1.832645248884738
ARE,2021,13.1295816769393,0.9576952679441894,0.4747352919408084,0.1294115856184657,5.456150750213223,1.7870027123000092,NA,189.23199842898734,98.9507780130013,33.8347069654515,7.578258375114957,1,2.199531982427135
ARG,1971,NA,NA,0.6535523789284988,1.1645801902528756,3.1207387861323,2.4749188850982264,NA,12.99346095535614,22.43885780137418,NA,NA,0.07159061357378958,-0.11079143029366802
ARG,1976,-0.3208603189958111,NA,0.715148775166665,1.236647752342872,2.4302637702911563,6.118447364010923,NA,14.149864933289,23.37820367307448,28.97992764516008,NA,0.33450636863708477,-0.057712766475969304
ARG,1981,-2.8673605090929,NA,0.787491564315464,1.335712028978128,-1.0389281345621597,4.1948198277141335,NA,15.04958803712816,20.99170269062054,18.599481864161774,3.7896886878886225,0.2135721802711488,-0.4633432077433182
ARG,1986,-1.26280819780337,0.2996537465121372,0.8183144026457555,1.3973394021394385,-0.37117017699193,5.074163848452537,NA,16.06142359712488,19.67414322357444,14.913674749871975,7.451342606050161,0.162431985139847,-0.4713897930484987
ARG,1991,-2.496093562511929,0.34731187211102205,0.8156688523507221,1.4383388505514998,5.653674457829424,4.9016602642854,NA,16.52259103007994,16.87567969361888,15.12480429181036,1.7032484815093873,0.5575868725776671,-0.07279678788910149
ARG,1996,-3.769761312308148,0.34433164823741,0.8203210907209423,1.4419747065252237,2.662691893954144,4.684854732031392,NA,22.439572992551682,28.2207296561129,15.59088963634148,2.7753101249940086,0.8176103472709656,-0.1662668129956136
ARG,2001,3.709591651918846,0.2867586112826631,0.8429815052500161,1.411909440928496,2.282989901081852,9.354755741668251,NA,37.09872898415776,28.4318670227255,16.95664546324996,5.26507623565474,0.3158525705337524,-0.262020971125614
ARG,2006,1.6385922720292876,0.3457073104812565,0.8558344817047568,1.3787614570803268,5.0637817117385255,6.551693727421064,NA,38.161892807716356,26.0341885151605,20.08573964118846,8.177713616898062,0.255701005458832,0.08918412642069092
ARG,2011,-1.69666008329457,0.3669926034221248,0.8601504562433949,1.3333611312201377,1.52027990532871,3.357929874736687,NA,29.19192922159712,26.45431971252856,15.79049659195576,5.3240022539439265,0.0511402010917664,0.1112933726899427
ARG,2016,-2.5585593119274415,0.3665425252616496,0.8588827378869663,1.256618686346252,-2.756113429068712,4.559734787938777,NA,28.99606775896326,29.5933283744019,13.55758994476008,1.1949895397031693,0.4616638839244842,0.189572196544225
ARG,2021,-0.8196189079491233,0.37295572568466295,0.8240563175771102,1.1862553925178947,4.8689231110452535,6.229186339440903,NA,30.445273358771033,32.9148807137542,17.495171148599333,2.6888659319497497,0.22209082543849934,0.2603552986096246
ARM,1971,NA,NA,0.8521977856001822,0.9213115529687173,NA,NA,NA,NA,NA,NA,NA,NA,NA
ARM,1976,NA,NA,0.7406078911602758,0.8609141321678947,NA,NA,NA,NA,NA,NA,NA,NA,NA
ARM,1981,NA,NA,0.7268664653330102,0.7970189648476157,NA,NA,NA,NA,NA,NA,NA,NA,NA
ARM,1986,NA,0.11554672518388655,0.7644422816076715,0.7660186486864221,NA,NA,NA,81.3357185450209,NA,NA,NA,NA,NA
ARM,1991,-9.51943520435941,0.06681154848812539,0.8456977865404298,1.0015004632627098,-9.999999764432712,19.610840143596842,3.730768960956542,101.69199650872736,42.447599318829944,-1.6668328420042966,NA,NA,NA
ARM,1996,-19.06927714572072,0.0671275090048091,0.8315545387112835,1.2870979969622818,5.137296088263548,1.7651799268872586,4.280649397664751,74.48271328546947,10.559563298889188,1.6729828838561047,NA,0.8239677488803864,-0.48310098293864656
ARM,2001,-5.514760599229514,0.09644946669739934,0.6634662220046795,1.399684947919274,12.239999999339034,2.047681616272256,4.293223622447804,73.42210168269553,14.93571572572298,15.204270858634658,2.466023237916829,1,-0.5460434374250261
ARM,2006,-10.816456422092106,0.14620653086594973,0.5904914370205456,1.3756513134388715,4.380000000191537,11.371763276274534,4.589839541001182,58.89294494927408,22.47115441649528,22.45975314295378,7.0292247083159864,1,-0.4558917362787072
ARM,2011,-7.629715958899922,0.17018152965796457,0.6199159723969017,1.2248849868246583,4.399999999839032,1.6748134229030411,4.5981347651878925,74.08264781759893,33.35486999929882,14.3528419972111,4.053023562724504,1,-0.7711079179738296
ARM,2016,-4.100012929857613,0.20920266288941283,0.680046564568607,1.2143426040163565,2.660000000090708,6.275985978013718,4.615974627618202,84.74436260452194,47.419711704988664,15.32515139086288,4.036334971233183,0.837568044662476,-0.7784879188159518
ARM,2021,-1.8095642824533826,0.24367274899069008,0.6967306601754742,1.2315684954058537,8.900000000009479,3.439476704003269,4.738408017623875,102.1820950186154,53.639921506038064,20.883050200274567,7.081195755896977,0.945856014887492,-0.5619463052992115
ASM,1971,NA,NA,1.2250447997608516,0.50463800590188,NA,NA,NA,NA,NA,NA,NA,NA,NA
ASM,1976,NA,NA,1.1315662177492798,0.5072673510901958,NA,NA,NA,NA,NA,NA,NA,NA,NA
ASM,1981,NA,NA,1.0816727219129736,0.533798912098933,NA,NA,NA,NA,NA,NA,NA,NA,NA
ASM,1986,NA,NA,1.0727971059828691,0.5497376942983977,NA,NA,NA,NA,NA,NA,NA,NA,NA
ASM,1991,NA,NA,1.118634651400555,0.5619001015630373,NA,NA,NA,NA,NA,NA,NA,NA,NA
ASM,1996,NA,NA,1.1945509513637904,0.5311492810318712,NA,NA,NA,NA,NA,NA,NA,NA,NA
ASM,2001,NA,NA,1.2372171309282014,0.5516114130529511,0.32239668054898635,0.6910020030014604,NA,210.98445298557274,NA,NA,369.15443030602745,NA,NA
ASM,2006,NA,NA,1.2272297070481573,0.5582882071639722,-1.7541336105865277,2.7089427321308555,NA,203.4119174893624,NA,NA,355.2049647738612,NA,NA
ASM,2011,NA,NA,1.146286988090676,0.5912658690721813,-0.38448025792223,3.054879921028213,NA,168.9974584118596,NA,NA,32.33612530901004,NA,NA
ASM,2016,NA,NA,1.093881464817687,0.6476142047347024,-0.4143777188020514,4.405239519369326,NA,160.6744060340324,NA,NA,43.59894494136298,NA,NA
ASM,2021,NA,NA,1.0279229939489887,0.7059318275028311,0.47627157970606343,1.780133109531737,NA,130.742135476464,NA,NA,10.471071260063757,NA,NA
ATG,1971,NA,NA,1.0497504799593782,1.118630990929891,NA,NA,NA,NA,NA,NA,NA,NA,NA
ATG,1976,-11.71779129079435,NA,0.8614695747603447,1.2559723458262688,6.874980854886229,2.1580695362338655,4.868696926556614,NA,45.362046629332376,NA,NA,NA,-0.30005371910532597
ATG,1981,-12.179672861442025,NA,0.7419063599405397,1.405985831460874,5.380766975481291,3.8834435694291365,5.039046646961679,NA,43.47178546610408,NA,NA,1,-0.3888098559222752
ATG,1986,-21.438394509947273,0.5440270818752135,0.7663946326861237,1.490838182105772,6.319410197217723,3.1689828257818964,4.903160629149006,NA,46.7403703478732,NA,NA,1,-0.7650764687695
ATG,1991,-1.2896848727941133,0.551856309843715,0.7814807310652231,1.3366875991351028,2.186382333931358,4.290656082911991,4.839024677619032,NA,57.02022359801404,NA,NA,1,-0.7466865219653906
ATG,1996,-7.25715757217462,0.5316045011093069,0.7789550813650774,1.1098000285395475,5.34375558335071,1.1616539685207163,4.756837300790344,NA,65.17502353497746,NA,NA,0.744298994541168,-0.5881076749194738
ATG,2001,-9.055265989391595,0.5110902141400626,0.779921501386643,0.9830716956393707,2.959310910801526,4.744643239172194,4.732332444082146,NA,83.32424929453298,NA,15.873499794829497,0.744298994541168,-0.4453036553825802
ATG,2006,-18.83230742204398,0.5739148185246808,0.7492242336247104,0.8894623648902397,0.44118746093547084,10.628742149481631,4.60372743359859,NA,81.7618728887732,NA,1.834938691073901,0.744298994541168,-0.547594892478394
ATG,2011,-3.9935790301444345,0.41824604553116757,0.6910059428708158,0.866729778739164,0.8866659302092398,2.150497185567776,4.620122835736415,135.80885545485847,87.42246838454489,NA,9.750743561390589,NA,-0.7177614610909456
ATG,2016,-9.22998076051396,0.3737862457646717,0.633705865286847,0.9042115165669525,-0.43029111765629446,10.422994900359349,4.7107384929160405,124.4345415330276,86.5988890575737,NA,7.934544725439513,0.744298994541168,-0.8190761529728204
ATG,2021,-15.2666525109855,0.3764878801797466,0.6202590062709642,0.9754567873178668,6.56934411560972,3.617393443494388,4.725803767964891,109.389244176566,85.39980623191943,NA,4.176122603564226,0.744298994541168,-1.1497062397701725
AUS,1971,NA,NA,0.6233969794267639,1.4179369542397329,3.194364516737602,1.200594377043818,NA,26.11018364534106,45.61686971603496,NA,NA,0.418132960796356,-0.1407850261664069
AUS,1976,NA,NA,0.5975654094859922,1.4578958803928104,2.8323294680668503,1.216211315363381,4.525212429201979,29.07748159515598,41.0787594513277,NA,NA,0.418132960796356,-0.1809763834187366
AUS,1981,NA,NA,0.577647751524043,1.5593357261139977,2.858284689784586,2.961748542954661,4.576481025160823,30.38553530332724,39.49073091721292,NA,NA,0.5106428325176238,-0.2883193481985752
AUS,1986,-5.54442585275903,0.7277738559616391,0.5470195638084927,1.638142359943054,3.947978945656176,1.1586320593628776,4.398052180428087,32.4191031088458,47.48693696764218,25.037685162154197,NA,0.9642046928405762,-0.4268730807602862
AUS,1991,-3.869829396928586,0.728328395110708,0.5459900645232437,1.6960172842877501,2.3926568958959873,2.1820209957068344,4.3355011726892005,34.9095250764965,57.068661171982335,20.37589305742612,NA,1,-0.5152981435447039
AUS,1996,-4.010596454172258,0.7375866292377345,0.559863764862338,1.707749588763511,4.280944904158112,0.5367690876487071,4.3229226433301715,39.16863226297076,65.71295144331128,21.19830432251402,NA,0.8210234761238098,-0.517012853382127
AUS,2001,-5.0636535805156475,0.7574545422610544,0.5778779827794789,1.694893382291888,3.289393389740068,0.8572899718936797,4.354509739165368,40.33964872192864,73.97510039363434,21.1866101809112,7.6664163538502565,0.701705813407898,-0.5148053645874058
AUS,2006,-5.560653799261217,0.792169701545907,0.5963392879259154,1.6838321912681642,2.869855724844586,0.8210931196471933,4.515180327215907,42.43079548748834,93.03708635188401,22.08286636682434,9.551806111935063,0.701705813407898,-0.5698126913090984
AUS,2011,-3.6603564466778242,0.842245360101003,0.62146151634083735,1.7063163712146803,2.7534393877547743,0.6975589102726307,4.617926086130243,41.9272815362598,105.21551043632958,23.42458725002646,13.1154489057752,0.8210234761238098,-0.5552835240104158
AUS,2016,-1.5259785078908186,0.8160793846237235,0.6490470278691822,1.6831941512931765,1.9967212968290529,1.2258410235634203,4.490475874505817,43.38465758322486,121.363210258713,21.74452067388984,12.705038370662239,1,-0.5620781652382117
AUS,2021,0.7561429807657377,0.8483581277166198,0.6663481864260201,1.6933568490027098,3.28127168124249,1.1532086420351066,4.507179717005327,44.98040571268756,133.045535106344,24.6323915435228,8.650433515148249,1,-0.32604861607970476
AUT,1971,NA,NA,0.542534860676706,2.485260408204436,3.9583334823270535,2.546936230062673,NA,56.07969236574504,NA,NA,NA,0.5994254112243652,-0.03414486649205296
AUT,1976,NA,NA,0.5057009899794914,2.471593708353737,3.30719158093647,2.4401555973451705,4.583209632007588,62.24462314296834,NA,NA,NA,0.701705813407898,-0.0840410186570846
AUT,1981,NA,NA,0.4496972006440991,2.2490711315879186,1.478000333770199,1.4342957635683893,4.56392975304593,66.58962690069502,NA,NA,NA,0.701705813407898,-0.0947455142425459
AUT,1986,NA,0.8119295350731404,0.4248614760397708,2.208966358765426,3.037431446088274,1.2109027580419567,4.630241319944296,67.35534291112653,NA,NA,NA,0.701705813407898,-0.09283257342096968
AUT,1991,NA,0.8270768410524918,0.4417658644337786,2.1837687503376353,2.226412801051819,1.073419071835696,4.6610854336428025,67.30107444367206,NA,NA,NA,0.8806823134422301,-0.11392751553583966
AUT,1996,NA,0.8055920435595941,0.4587922841773326,2.144257102901258,2.961185899510758,0.7410237270879004,4.634552622034663,77.49377094003988,NA,NA,NA,1,-0.1838654819719766
AUT,2001,1.98531598038444,0.8022439771765121,0.465480522779093,2.0746353628909877,1.765708360108158,0.6358020080061009,4.6196176310165,89.72239034354176,NA,26.2027327311514,1.8566890782963157,1,-0.2081351271314336
AUT,2006,3.425122660642948,0.8376683951275683,0.47102278493669286,2.19403256817044,1.344116805739444,2.9220471773183068,4.626688216936499,98.0279527539502,NA,27.01242624123178,1.4976648490233027,1,-0.1082262772553609
AUT,2011,1.7500536366613801,0.8831108076573104,0.4681975965778787,2.134298784219751,1.0728619972862556,1.1771646650941776,4.603678694243627,104.8431171025942,NA,25.93395496820712,0.6268971207463004,1,-0.028368990306974432
AUT,2016,2.0919437691155918,0.9071352390374946,0.48970301581227627,1.979780703826888,0.4620823621037901,3.799663857312488,4.623159823756729,104.7326060676923,NA,27.55103457607932,1.059716943339115,1,0.044002593543222036
AUT,2021,0.7340417069576913,0.9007322849241854,0.5148930687267015,1.9303003650463033,3.1559370741960224,3.420114812490079,4.648725948272162,116.588475199933,NA,28.402660974555634,1.2583057392117916,1,0.14061276432027076
AZE,1971,NA,NA,1.1203435749935697,0.8060056140402406,NA,NA,NA,NA,NA,NA,NA,NA,NA
AZE,1976,NA,NA,0.9266466178032765,0.6794890423248584,NA,NA,NA,NA,NA,NA,NA,NA,NA
AZE,1981,NA,NA,0.8455959829061733,0.6126339733152394,NA,NA,NA,NA,NA,NA,NA,NA,NA
AZE,1986,NA,0.22364520372838415,0.8619020360719755,0.6108079499895852,NA,NA,NA,83.0832196452933,NA,NA,NA,NA,NA
AZE,1991,-16.5740632135158,0.13802356518644104,0.9236049097872738,0.7223442248756242,-15.579999913717653,9.46715370437039,NA,100.4794463848269,40.419165738340425,7.28107379257661,NA,NA,-0.163901483426215
AZE,1996,-19.877355458626255,0.0861971205978379,0.9039248395946547,0.7865770936583111,7.11999992143065,3.867428028139786,NA,77.7062097929183,12.75992449130226,11.409676639726804,NA,0.162431985139847,-0.6569715397092238
AZE,2001,-13.913178109109777,0.1230426572286578,0.7813375445650675,0.8395204397192634,13.352511088076362,8.175347295565446,NA,103.3068557659484,14.50664957188532,27.93061835903382,17.752132003681897,0.2647123754024506,-1.318679258323852
AZE,2006,26.00755888805724,0.266614533633474,0.6873808581767608,0.7672204368103952,16.93583958139816,12.5008069004145,NA,88.17542700070126,21.772051081317,45.09803874194778,17.426215882973555,0.290737158060074,-0.5393959398355208
AZE,2011,15.426209699718466,0.30257435576623853,0.6956698317198765,0.6345255339012337,2.06409781948972,2.697142081787237,NA,75.10633848240258,33.24816876749444,40.5384416620239,27.275391839531842,0.44879440665245063,-0.3988888702009794
AZE,2016,4.233528224269539,0.24465899415315864,0.7686758943306489,0.642387380742088,-0.6257467901152405,2.893240610492885,NA,85.9976448022218,34.4897267580036,27.18359241765028,17.148848357834414,0.460726171731949,-0.4778050820553458
AZE,2021,18.751274890626,0.2863500477415934,0.7725672058626253,0.6961496907750816,3.8951993650465666,2.2460506399572893,NA,82.26834168560833,35.248505980601436,34.68099123390363,32.00421847194523,0.44083989659945166,0.019442837170781935
BDI,1971,NA,NA,1.2513142552753067,0.6724540442184027,0.6405990360983504,4.8728433001674905,NA,NA,12.38530766707396,NA,NA,0.162431985139847,-0.0015501959752544162
BDI,1976,NA,NA,1.3247256701490364,0.6471329621417498,4.225509741397231,5.244008563631719,5.200530113962212,NA,13.86954316727416,NA,NA,0.162431985139847,0.005524958295539301
BDI,1981,-3.59026812582894,NA,1.4095453984255257,0.6288810171563904,5.352745384926887,6.294186069357574,5.4443656865419285,NA,14.38099963823772,10.2636614525349,26.319744411427106,0.162431985139847,-0.249325380664001
BDI,1986,-5.012815273117028,0.025045630374883054,1.5876111307285878,0.607401910561522,3.726725063869286,1.6421372407671118,5.091535895131788,NA,15.17103211617658,10.89814289437623,41.180773106641155,0.162431985139847,-0.5954613859735558
BDI,1991,-2.426143848523822,0.023349784661127273,1.7563543643238964,0.5465347537046867,-2.396633036483786,5.3292148034785045,4.840319746630366,NA,18.897017508300138,8.074270905170874,19.968492077053927,0.162431985139847,-0.8373434463315154
BDI,1996,-3.5579995131388293,0.015821299909712375,1.8042474392824557,0.474272623332358,-1.3413728109250762,4.5235083405631515,4.909355373920648,NA,18.87023169946488,2.837920654047251,5.618464990016038,0.1299455881118776,-1.177223901949968
BDI,2001,-2.3356261559079656,0.01355834248571392,1.7669131709754229,0.41777534751244827,2.2024512658724804,2.52069818695523,4.54792419134894,NA,21.61014901148878,6.876486042948934,8.95053944208619,0.162431985139847,-1.2884331414586032
BDI,2006,-11.73484821553771,0.012567881199043056,1.798527719178034,0.37742063802410747,4.529571100684338,0.8620642844949112,4.52957787710327,NA,26.05462682668152,5.32104762952458,10.580737214391066,0,-0.6234953394379043
BDI,2011,-12.61300103124516,0.012724473865597712,1.9560084919161354,0.34294331778677856,3.4423532820772778,2.175900135033083,4.6539720131039335,NA,26.06286606787326,3.7985735361505637,13.804999094530936,0,-0.3371519260982736
BDI,2016,-12.69889817565962,0.013528548382889905,2.154838875205829,0.33085448093249215,3.4280125679241107,1.9161887701453844,4.780726143460345,NA,30.9388339691941,15.25391543365107,5.667186250689138,0,-0.7017433373833348
BDI,2021,-14.957880823250134,0.014227859155874094,2.1082833084409622,0.30959261369151836,2.9365149982433634,0.5359814716957745,4.856502763381715,NA,43.929846924151434,28.7772486261059,1.6165807537309533,0.0198862813413143,-0.9351579924387182
BEL,1971,NA,NA,0.5076323892083376,2.2940010160292763,3.652490058611634,3.2657104789109215,NA,92.34748795988762,NA,NA,NA,0.837568044662476,0.09688730411960536
BEL,1976,NA,NA,0.4811470974137946,2.253720553392705,3.1811848780002654,1.9398799565462133,4.749787873903733,97.88686068662908,NA,NA,NA,0.6107097625732424,0.04908114182071302
BEL,1981,NA,NA,0.45328934189627423,2.141911052731091,0.9491443227517697,1.0995842765452957,4.573677445579435,120.1299970637558,NA,NA,NA,0.553995192050934,-0.08703878916994787
BEL,1986,NA,0.782286353708588,0.44066644120726095,2.1842961737663913,3.091839928817128,1.121704339032975,4.612624670962111,117.014770961415,NA,NA,NA,0.6431961536407471,-0.06340626528570058
BEL,1991,NA,0.7875837109753343,0.4568205979127505,2.284481827507751,1.6027169581784846,1.5720344502447083,4.6417809865227415,114.4566060142648,NA,NA,NA,1,0.08521081287968746
BEL,1996,NA,0.7514658887146968,0.4778660234448241,2.3539563697385875,2.867271859852314,1.145144306165168,4.59019310005214,127.40219280957281,NA,NA,NA,0.8568187713623048,0.408162437771475
BEL,2001,3.24719524237433,0.7751792496394142,0.5092161263162676,2.3403446921326236,1.947479551571206,1.046490405848194,4.586185487530963,137.9649996350006,NA,26.776791513209325,1.5386430255931152,0.9642046928405762,0.355972747624756
BEL,2006,1.1696496653328121,0.7858688552415274,0.5348472545571695,2.228674654278512,1.4960082153006282,2.2374117783989083,4.62559271611464,149.6850746617956,NA,26.64120652243562,1.2095453691366855,1,0.4115188132409106
BEL,2011,0.21772385185672516,0.819618911474469,0.5695831870711879,2.1516476644057065,1.1384315808183472,0.8184465249431528,4.592616345765097,158.4725468190136,NA,23.87723713660478,0.9555103348473004,1,0.42941004275232203
BEL,2016,0.28267643224406125,0.8494635419666922,0.597616040661589,2.0575203018408446,0.4391689911889679,2.962318712067047,4.60214199211395,163.3310135883454,NA,24.23623420263932,1.6652327164693819,1,0.4617155902159676
BEL,2021,0.0763625717540737,0.8709327777036534,0.6125271349562043,1.9936027510933898,3.9749389318705504,2.270225223839127,4.622055123892434,178.135956748524,NA,25.645311842847935,0.8386497083606098,1,0.5383487648409713
BEN,1971,-6.581934379812335,NA,1.2107090911303466,1.00571381822202,1.41593154965957,4.537771992027084,NA,44.03354788002416,15.13253459895638,10.6256126335877,NA,NA,-0.04821899472447832
BEN,1976,-6.694733975270388,NA,1.3165979570840596,0.9069851580374656,4.088121874684494,2.8433617547426437,NA,50.74533672616882,18.50047773541586,10.429757549448482,NA,0.418132960796356,-0.16236248135249381
BEN,1981,-11.688401848689246,NA,1.4147230741008356,0.8358807012771169,4.660327835903672,5.787501020246262,NA,54.78024816657422,23.29036601818416,5.662668064674531,8.18042852011744,0.418132960796356,-0.5008847627845764
BEN,1986,-2.8959401018669273,0.049651970755446626,1.4880024948868258,0.7549167548700997,2.039671561042046,4.649609661631747,NA,45.08338608922254,22.26823869342256,4.6936495386206385,9.529506337515016,0.418132960796356,-0.4161232845914738
BEN,1991,-4.960097513801363,0.049307600723913325,1.516366518023113,0.6629344199236085,4.217056286193344,1.7589034065637386,NA,58.33357620761918,26.779179688003058,12.084054831229018,9.10420813184445,0.418132960796356,-0.3327412172242734
BEN,1996,-4.08927739026367,0.047007553389674675,1.5891220894915563,0.5927170356559378,5.043829624466848,0.8541825050415314,NA,55.31259740207134,20.16628256272492,14.474145476337121,2.0698729479224522,0.162431985139847,-0.3258155392031822
BEN,2001,-4.021026005047632,0.04620390422724412,1.6637897994064477,0.5358702788989399,3.912518494032686,1.403239677964386,NA,42.5281458515016,15.7841310209609,12.7412794144081,15.395947903763613,0.162431985139847,-0.2211469509401612
BEN,2006,-5.478038905608196,0.045247672709989785,1.7459370588758694,0.49862522568480666,3.852004419968568,1.660166913792598,NA,46.559466229523096,22.39765593335806,12.39868919415796,5.014678454297945,0.162431985139847,-0.06899283036177688
BEN,2011,-5.604573667537304,0.04682570290332772,1.7869852335111565,0.45373158720312357,4.620448022880314,2.263162895884508,NA,55.835709109908784,27.76670914393702,14.92888369762,8.561950712308498,0.162431985139847,-0.10210233335252938
BEN,2016,-3.494529339140374,0.04857975340520452,1.8107424206113247,0.3957151945844246,5.284593605678986,1.619370832617957,NA,58.15465709562448,28.9531328544387,20.070669815823003,2.668894902389377,0.162431985139847,-0.29089689017317
BEN,2021,-6.0056420273487765,0.049377851171328785,1.8172357494911584,0.35907724300981747,6.587058694979283,0.4947670498860253,NA,45.6998615127348,32.14098163316663,27.1957443475007,5.472050194701559,0.162431985139847,-0.42224212026622276
BFA,1971,NA,NA,1.129790543198907,0.6487123335027722,3.0917950810025063,3.057843638365613,NA,30.53113387747296,9.228177370341802,NA,NA,NA,0.0207637244939545
BFA,1976,NA,NA,1.2542749231537558,0.6808299466967145,3.594914782931706,3.3038254444904256,NA,37.31557693369364,12.91637673312704,NA,NA,NA,-0.08909513380901478
BFA,1981,NA,NA,1.3876973047245906,0.716701770017748,4.180430611993994,4.94955009179705,NA,39.73116511768916,13.32724170434848,NA,9.14786678604646,NA,-0.1775054718383822
BFA,1986,NA,0.023732832693529902,1.5109512970469612,0.70949281558965,3.01239153966784,3.759893854306685,NA,36.66975368273912,17.9692516113631,NA,7.895622326524073,0.418132960796356,-0.1522382680907528
BFA,1991,NA,0.02436558017803996,1.6008959307441695,0.6532267814760199,3.9590922589754722,3.5473255689532177,NA,34.35440608280112,20.5716655144885,NA,6.882737294027784,0.418132960796356,-0.231140634859424
BFA,1996,NA,0.02524865072987523,1.6651276139247875,0.5714332222909373,6.78460198590984,3.2684669598779297,NA,37.382851575342016,20.99443302150492,NA,8.619615715119242,0.162431985139847,-0.34528346404505583
BFA,2001,-10.324323038401,0.025971462912660254,1.720205423276908,0.4958881742947253,6.381837765819496,1.937114836579692,NA,32.598408689046224,18.47753191341278,5.85370003082684,6.723209932579352,0.162431985139847,-0.3023929375052918
BFA,2006,-6.345289444505464,0.028030969642747025,1.8266316139881664,0.45001043831232407,5.514553576517397,2.10396826658737,NA,38.72815976770174,21.74591405341508,10.683593728373838,10.477261092480232,0.162431985139847,-0.1603953186134636
BFA,2011,-5.472022310932492,0.030342390896758834,1.9282609862768347,0.4078271696356161,5.423178849204064,1.2341636502309898,NA,60.13689123840456,29.27030288311216,15.039571872922119,10.229222844380699,0.162431985139847,-0.17187305135069011
BFA,2016,-3.1382030858300958,0.03412660102279705,1.9300951946128173,0.342725196569621,5.333202556325178,1.8782833982599463,NA,59.78121002815054,41.96365331874154,16.41523230069386,13.032728033685046,0.162431985139847,-0.4224808373002654
BFA,2021,-4.0681279731420155,0.03412286335115531,1.866457175906117,0.30643071529884064,3.856510555327973,2.759396244829831,NA,64.3577779877583,48.61912258313617,13.01999404283944,8.173942337289477,0.162431985139847,-0.4098836174096295
BGD,1971,NA,NA,1.204153479328052,0.6120400000454488,-2.124757864377334,8.979088443254684,NA,15.97325302039844,11.04102305023779,NA,NA,NA,-0.16287349547438298
BGD,1976,-3.015217315763436,NA,1.279764224851654,0.6494089676920387,4.205806290658636,2.4757864927122726,NA,21.62545654890774,13.43242046249948,6.062534472526069,NA,0,-0.2156727785669846
BGD,1981,-2.5101424762997357,NA,1.346862830840286,0.6898941525563695,4.278928519980216,1.9132773260019957,NA,19.04097514115684,17.26666787211206,21.117277639956498,18.814065578209043,0,-0.2415075282821422
BGD,1986,-1.9906477002633567,0.039376709831965506,1.332762012858259,0.6733914025045216,3.7641763115735363,1.2547214233531558,NA,17.7352560962287,21.56366835647242,22.59358349557728,8.396231261916638,0,-0.3003131224603492
BGD,1991,0.056292283480625795,0.041344855684650086,1.2502546567955888,0.6109287825579078,4.530175885719812,0.8240989105186965,NA,22.60415521768322,26.57227828437778,22.003785288007,9.60837621252966,0.2322259783744812,-0.2993595776312178
BGD,1996,-0.8164842379496612,0.041744383225108976,1.1718352220987673,0.5531244040451329,4.830658735073392,0.37768586939130694,NA,27.59826388706464,27.24848273610126,25.56554840276822,8.380107032098229,0.162431985139847,-0.2390318790474076
BGD,2001,-0.0200198811832542,0.04425671129932655,1.1649562529874333,0.5391948643904135,5.085091392776704,0.97669063979851,NA,29.99569034160854,44.00799291881266,30.65457429757758,17.085648039002045,0.162431985139847,-0.2519554423605806
BGD,2006,1.810436401094512,0.05293096016993512,1.181811164326811,0.5601735393435819,6.0722414164352605,0.8126095244254232,NA,39.71417200243592,53.11463091738176,37.35973983317292,8.461501048868339,0.162431985139847,-0.1912899400701468
BGD,2011,0.9874968392267491,0.06855744926567818,1.1264925673754103,0.581815696078176,6.322628559879324,0.2628904172397431,NA,45.68565036228034,61.959649921883646,38.58292902495122,8.276653913267126,0.162431985139847,-0.11950887954439021
BGD,2016,-0.8829555654436754,0.08868640020377716,1.0461860171973065,0.592515385501227,6.470614708636906,1.751849487967422,NA,30.339602879718463,55.65451217893582,36.31340209575926,4.020945162520874,0.162431985139847,-0.11073033333385442
BGD,2021,-3.0819429883210767,0.10801042229671799,1.0435475383373942,0.6054004069106812,6.604540090084973,0.7228105281237822,NA,30.828981128232066,53.991180923203466,34.96062815725427,5.006329327294928,0.162431985139847,-0.17230512875609
BGR,1971,NA,NA,0.466445709154213,1.633514330969456,NA,NA,NA,NA,NA,NA,NA,NA,NA
BGR,1976,4.80865418169129,NA,0.49528585459668595,1.765507132247942,NA,NA,NA,66.3964173548912,NA,29.6766313830406,NA,NA,NA
BGR,1981,0.798866991768308,NA,0.5138098120566971,1.7589603328510732,3.3489835456401957,0.985775197465588,NA,75.22459720059004,NA,34.38550209853564,NA,NA,NA
BGR,1986,-4.165246619041842,0.31596585938554994,0.5108813007854635,1.8884713839335516,1.759909748481624,7.946867532827168,NA,84.5598000962414,NA,27.7225071559001,NA,NA,NA
BGR,1991,-3.1597679446442206,0.2739671576142289,0.4725436919863443,2.1128534053037766,-2.4965615194472117,5.1705215156074695,3.9201487741880556,82.55130764836412,71.14360443207474,14.161498438380972,NA,0.162431985139847,-0.5472725687158118
BGR,1996,-1.3212393065196901,0.18889737174830915,0.43454475080796884,2.220915349721738,-1.785946451734914,8.89222255040209,4.098693880685436,83.43007935455256,36.34825511640294,17.219289215511143,NA,0.222090825438499,-0.5325689175858235
BGR,2001,-6.009310016093714,0.21184583055747913,0.4045612495885244,2.2441778333226985,5.69991257929824,1.2510742236573014,4.363177312708679,85.22859486207956,46.19073577429362,16.8500789313204,0.6760174533205973,0.23402259647846219,-0.320276996939113
BGR,2006,-14.935335297766693,0.2833232275555214,0.40516281914910257,2.2167176494646275,3.558950815556622,4.427737396918973,4.566017120534429,111.0683871709503,64.3956069994594,16.03450292849291,1.8716303053755043,0.9880682349205018,-0.8559285816222968
BGR,2011,0.5850999703854152,0.3212206976040362,0.4478868217812521,2.292761581554997,1.3286483118811503,1.4868108677863496,4.604287916508336,125.61262578302821,77.99800043782018,22.7654251949375,2.094516650685786,1,-0.7630363839220194
BGR,2016,2.0097137628756756,0.3892416816588194,0.5016790375038703,2.3043717693856323,1.752558385938312,2.7829528316812353,4.615553534214659,123.4581529055618,86.32754521080986,23.40290717320516,2.2744230037528195,0.8107841014862059,-0.394297656093076
BGR,2021,-0.7561386480833646,0.45747095674528004,0.5388577859427572,2.1902763226048365,4.531182389820997,3.0976494935887526,4.719946955506053,126.652823820539,86.13867269490547,20.417868636378767,1.5947831618540955,0.5056636333465576,-0.11358843797814833
BHR,1971,-18.47263492924,NA,1.0720497341096784,0.507142540564007,5.248128966463614,9.099051546810953,NA,NA,36.91679921800606,NA,NA,NA,0.048814435933453
BHR,1976,-11.813645747070172,NA,0.8977288538485476,0.3838570134822514,10.681152589039563,11.847358189271384,5.163164598554228,210.498536317485,45.82731495971498,44.9179242193454,NA,1,2.879805646918248
BHR,1981,5.885577136293324,NA,0.8327039657511577,0.3427170111326126,-1.250232151678858,6.43979947290091,5.38090824950516,184.41824097259442,48.17719242832956,40.4977741036584,NA,1,7.326679177128814
BHR,1986,-1.117951963445016,1,0.8396316809311802,0.33657382520295603,4.676799842514497,4.153456063808362,5.03091189858732,165.7891101569298,62.689371448492544,24.40831217624138,NA,1,7.821418028958619
BHR,1991,-6.598023079848718,1,0.8532215107877943,0.3287716540882262,6.893998832178636,5.347365034906427,4.838967653323455,146.6965887463646,57.7948275852486,13.06727571302722,NA,1,0.8498782381157544
BHR,1996,0.18743420549020617,1,0.8122962270444718,0.3176124566506305,4.318615358334146,0.8263561768072862,4.8399306785248895,129.7104381863468,63.9986872861543,14.25437709616157,NA,0.9488597989082336,0.8599273750416305
BHR,2001,3.325500157771992,1,0.7070093657048881,0.2732570281200831,5.17717997034904,2.0976165383328276,4.815257937662765,135.0604635595982,65.00212872848606,25.33741768188996,9.6614295103278085,0.9761364698410036,0.504886380237169
BHR,2006,7.857760166923272,1,0.582500724323416,0.23853830527302675,5.57603128749347,2.201623312263311,4.638186376099628,132.8593909292438,71.40330279933828,38.81506615344626,8.49046524049183,0.9642047047615054,0.4298209616429542
BHR,2011,5.622652707848812,0.965889451340375,0.5706262411134753,0.2498848286156981,3.568107626089506,1.3593548833237683,4.586324025717566,169.4870178034304,74.30354142557827,30.32442490792814,6.384982380555173,1,0.5453976603501232
BHR,2016,-5.175386272941658,0.8356368281291849,0.5864115392251337,0.25819960435249756,1.3925864114061561,4.26526121290774,4.690400952981518,136.841227739769,NA,28.968095705390418,3.5175275407592776,1,0.5677053425006738
BHR,2021,8.978647461679616,0.7808341079434987,0.5846642762023732,0.293220939163837,4.8027727732991234,1.2159677291553472,4.647836609277166,159.46280410664667,NA,36.294126870213766,5.967690787342572,1,0.445795357281456
BHS,1971,NA,NA,0.976945965373065,0.6635867176390102,-5.172122752489642,10.466941519836652,NA,NA,33.96611268777306,NA,NA,NA,NA
BHS,1976,1.1088886805015787,NA,0.9257244676296656,0.6951998739962872,12.23084240496503,8.503552266047635,4.61629489618079,140.32693488833723,36.78511042537082,12.712317697649292,NA,0.3974874019622805,NA
BHS,1981,-5.590975716845339,NA,0.818583717205903,0.7592950672159902,4.013974654735702,8.46349566327168,4.720702619818323,125.1259564937012,33.07981649813052,17.0204846602772,NA,0.255701005458832,NA
BHS,1986,-1.470942079115753,0.8295737685721731,0.7371067221231473,0.7934311081476082,2.444461590630214,2.9748668098087996,4.716700759182318,114.9923304774595,34.4229267517809,18.322770989119398,NA,0.255701005458832,NA
BHS,1991,-1.7207442189898898,0.729959198016786,0.7278648431626275,0.8329911252445841,-0.03437854353485721,3.914728041462014,4.730383107008866,103.9615096284236,49.3885085843249,19.83414233069388,NA,0.255701005458832,NA
BHS,1996,-8.27535098759051,0.6968206656398751,0.7634692311574078,0.9070650106732426,4.304121067403294,2.083567746364475,4.734383136195121,83.73309639703366,44.09861479290782,32.49353660220804,NA,0,NA
BHS,2001,-5.674670068495166,0.6865185640399841,0.7814336152463742,1.0070938977299349,1.6689014695798496,1.8840475635657181,4.717584631520979,74.24813142746702,44.855460979647475,30.92057273246486,13.474629783263618,0,NA
BHS,2006,-10.793814911681268,0.6331778895090171,0.7560098378166344,1.107116409902715,-0.19954430209378798,2.890777307230314,4.605074566700818,83.63787982738026,56.229817950534,25.954600011607962,2.185634919193963,0,NA
BHS,2011,-13.46686864428962,0.5820655089555669,0.7068818446034483,1.1431270556526694,1.0228781185458824,2.654212647209226,4.602283473366562,81.46972520141976,61.78630812762806,20.86889805518468,3.8811080891930847,0,NA
BHS,2016,-10.395995548613394,0.5328340534518051,0.6637111590300014,1.0858739537362343,-3.263021303829002,9.611235117616518,4.617498218268857,65.98177115338848,65.14967917046316,17.182974299616408,0.9165151389911694,0,NA
BHS,2021,-12.030394787510707,0.46103874574396936,0.6332500494810402,1.0346821668889954,10.504093916768477,7.2761536889293055,4.596974081822302,72.8216588653686,70.6731046960941,16.02838916144653,2.961418578992165,0,NA
BIH,1971,NA,NA,0.7470616949105824,0.8747782404260032,NA,NA,NA,NA,NA,NA,NA,NA,NA
BIH,1976,NA,NA,0.671849862797926,0.934275388716824,NA,NA,NA,NA,NA,NA,NA,NA,NA
BIH,1981,NA,NA,0.6159021723156246,0.8953008761522282,NA,NA,NA,NA,NA,NA,NA,NA,NA
BIH,1986,NA,0.043651241214315975,0.5937786014633316,0.9153273307353647,NA,NA,NA,NA,NA,NA,NA,NA,NA
BIH,1991,NA,0.04349928815640718,0.6253541257198116,1.1826297999577189,1.8267970488506735,11.133272062673162,NA,96.86342017434166,NA,NA,NA,NA,NA
BIH,1996,-8.729216899160283,0.10121442722972837,0.5606623380375354,1.3958129727973456,24.478537853559306,20.495251731603002,NA,108.19518040848516,24.39635222343815,13.6158130468481,NA,0.6269389092922211,0.0071882569561494
BIH,2001,-16.45377402782194,0.12556715988128894,0.49412107271586925,1.606509508691519,4.3080688986327695,1.4579220591046238,NA,82.30016372862961,39.66518151987668,6.530437610972842,0.9927596465744127,0.8059927701950074,0.05133236701462901
BIH,2006,-8.645456858158205,0.17123841821471475,0.47619954386993474,1.793256043353506,2.915235777846177,3.8902929170620104,NA,80.85207933911992,51.21973430953644,9.184613036035268,0.9364827814754529,0.7373464465141298,-0.4134981130827066
BIH,2011,-7.1634542610183365,0.20090244257945886,0.4709078310598583,1.8802612138079986,1.5851022567158788,1.8868164804147187,NA,88.55139304634378,59.8995916297926,5.99956221462454,1.8392933425639275,0.3925487130880354,-0.5684843215508875
BIH,2016,-3.62890402569926,0.23836011714694721,0.4673816849113964,1.9876061802045517,2.037224047021526,2.844521533696698,NA,92.07195114617394,72.49613634252708,15.44918592274334,1.3520355024924429,0.162431985139847,-0.4229651701626608
BIH,2021,-2.6661584162884733,0.2728489037978353,0.4823873246750024,2.0716318371132525,4.5376166823802135,2.7120143173782147,NA,102.1924768712352,75.0237526261398,20.881241239316967,1.5099668870541507,0.162431985139847,-0.24377295852566275
BLR,1971,NA,NA,0.5791198507147569,1.5675366415883687,NA,NA,NA,NA,NA,NA,NA,NA,NA
BLR,1976,NA,NA,0.5289848212659339,1.6157249885616263,NA,NA,NA,NA,NA,NA,NA,NA,NA
BLR,1981,NA,NA,0.5299186015956536,1.5386412965018537,NA,NA,NA,NA,NA,NA,NA,NA,NA
BLR,1986,NA,0.21853414300186713,0.5602750836029967,1.5477927633609263,NA,NA,NA,89.6073903002309,NA,NA,NA,NA,NA
BLR,1991,-2.975007688088563,0.17472253436195306,0.5721098081123102,1.736057644552608,-8.1000006182866,4.134008027910224,NA,118.82326846820993,26.888983006525,22.224594096853167,NA,NA,-0.062335701070514796
BLR,1996,-4.303453595438224,0.14978990381436136,0.5303016757379378,1.8553717933867693,6.360000763081314,3.581619318238693,NA,121.53861209259158,19.06238186338628,22.65820906641732,NA,0.0324863970279694,-0.14166451668100352
BLR,2001,-2.540570162432562,0.19047507056212068,0.4647354180711224,1.856956720851718,7.532702164951551,2.8782998840288174,NA,132.6419406217226,16.52983927572152,24.01702894950194,0.7300900767427928,0.1299455881118776,-0.2182378510936728
BLR,2006,-9.018627366544287,0.27849221938863133,0.43931045732988927,1.7584073511469314,7.350002624236106,4.122804490962417,NA,121.3204156463194,25.49260031619982,28.41802948417974,4.988286278873738,0.2135721802711488,-0.29060792879278763
BLR,2011,-6.182265714984876,0.3404667040461788,0.4842005647975544,1.5684203120807692,1.21562013677705,3.343635065421183,NA,131.48834803838741,32.109030897546944,29.75469836685,8.287219075178356,0.0974591910839082,-0.6877580045692284
BLR,2016,-1.46088023585873,0.3321685888846367,0.5609807471842677,1.5595107678106341,0.7857294389773465,2.3542670329917543,NA,129.55107922431262,35.74033840957604,27.77416766488332,3.0802597293085574,0.162431985139847,-0.645904741623909
BLR,2021,2.03699373226994,0.37566000402695854,0.6006661599021583,1.5956005718015644,0.6356687535327633,4.661802736527747,NA,129.20768344617701,30.7280369065859,27.4904862787625,12.347874310989722,0.418132960796356,-0.36561479573307226
BLZ,1971,NA,NA,1.3949695677492022,0.9517456782104106,7.336489716100834,4.37020753390779,NA,NA,NA,NA,NA,NA,NA
BLZ,1976,NA,NA,1.3369475813078766,0.9030954899690345,6.801830401156491,4.380326314261761,4.708134980900825,78.6998585858586,30.20753244752054,NA,NA,NA,-0.23134910616430224
BLZ,1981,0.662317122576895,NA,1.3576022379470276,0.8638379319691496,0.3723520260162688,1.5915599621431546,4.846775589417845,73.74558115246002,26.36569011263702,59.6483059659175,NA,0.716427206993103,-0.3059785941368352
BLZ,1986,0.936163081022568,0.1869975383128833,1.4126042563170487,0.8217378309101965,9.883321405394717,3.205653304999813,4.7626136006227,77.1637962521428,30.78495804739736,61.0527066878209,NA,0.5374506533145904,-0.253659400128064
BLZ,1991,-4.4357177469669455,0.21876485188336173,1.3824289436836577,0.7234498048903895,6.272876745780142,5.966857148990795,4.648174566110069,78.69865667731146,30.2820253909411,35.54158584823292,NA,0.418132960796356,-0.3166021829963856
BLZ,1996,-6.471710957614861,0.19974251627727996,1.3166791496052948,0.6549301599513206,6.179349688241446,4.528152127093263,4.706579718468847,88.0465103901698,37.72928535941284,20.46764817548534,NA,0.162431985139847,-0.5147879234314988
BLZ,2001,-12.98809952418144,0.21724589223140636,1.3001825907740376,0.6235250068505809,5.411543530731428,2.685973316720998,4.711089590338975,91.99749334484447,42.28054393842748,14.61789779035912,8.670741649760817,0.0649727940559388,-0.9515812448723232
BLZ,2006,-4.101040554004136,0.20774737042641908,1.2828090364768971,0.575969722886822,1.4388151152712445,2.550055887852535,4.624948672554767,96.9475086579241,55.30364061052482,20.8951971143087,5.8178174601821215,0.162431985139847,-1.1941088421936021
BLZ,2011,-4.140880020950484,0.17856759553683096,1.1616041806056372,0.5074638500056123,2.906561731469664,1.7773279977726242,4.5787099924099355,107.58754058217261,62.53448964197998,19.484531173907,2.912387336876741,0.162431985139847,-1.33281018111108
BLZ,2016,-6.974367165774526,0.15513954740447514,1.0338010676647718,0.4590214731628172,-2.0592445598256486,6.779045220032747,4.647823006130088,95.85626151879491,69.86465226815525,18.52227933597298,7.530405035587396,0.162431985139847,-1.444180171016222
BLZ,2021,-5.141029290691846,0.16800440188621935,0.9663414846285701,0.4474596635796794,9.246855217103102,8.744898810189982,4.643968852871982,104.4077309599359,75.60456645790566,20.706190940171467,6.8478707152905045,0.162431985139847,-1.1832651681898025
BMU,1971,NA,NA,0.6016438866481097,1.0831473650946146,2.2758354600950126,1.2623967591344234,NA,NA,NA,NA,NA,NA,NA
BMU,1976,NA,NA,0.5257357728138536,1.1642380027614825,5.276132893436546,3.3659991603043355,NA,NA,NA,NA,NA,NA,NA
BMU,1981,NA,NA,0.486152136619341,1.2628907843655008,-0.4835230395459797,3.190495033287435,NA,NA,NA,NA,NA,NA,NA
BMU,1986,NA,1,0.4645180682004946,1.303787987893149,2.987189587211035,2.7631849108168685,NA,NA,NA,NA,NA,NA,NA
BMU,1991,NA,1,0.472626755880148,1.3165302886138766,0.8826417023129197,3.056291131626847,NA,NA,NA,NA,NA,NA,NA
BMU,1996,NA,1,0.497001799689672,1.4188010050996083,4.760055959286213,2.650166113226476,NA,NA,NA,NA,NA,NA,NA
BMU,2001,NA,1,0.525738676109038,1.5130627493418514,2.6301649908098317,3.145741900560388,NA,NA,NA,NA,20.947646672549478,NA,NA
BMU,2006,14.113892391582773,1,0.5224298874743737,1.603741890779794,-0.22130514742499402,4.557561087834377,NA,74.595080341836,NA,38.4941076815274,15.321390276342418,NA,NA
BMU,2011,13.63899724516136,1,0.5086997066902447,1.7266407778267934,-2.450657972731327,2.5740675816228036,NA,75.2270185085626,NA,39.197289044104735,7.413703527927184,NA,NA
BMU,2016,12.28440788554374,1,0.4966747437542894,1.8435518754728848,-0.7998108682196936,3.7806471380878874,NA,73.89028201919476,NA,39.57342331679262,2.4470390270692484,NA,NA
BMU,2021,14.333434592788567,1,0.5078334997582066,1.9692520059328587,5.333623485201134,1.0015721591240039,NA,73.39877115741074,NA,42.8605464023095,0.862167810425173,NA,NA
BOL,1971,NA,NA,1.0618628267486394,0.7998276826074758,5.804113742746536,1.9817624069606443,NA,53.44016190387946,15.24514063411032,NA,NA,0.716427206993103,-0.486140286064278
BOL,1976,-4.710446835783112,NA,1.1152341824733272,0.7598246757692823,2.0800097693194455,2.760802035850467,5.1595626909712875,53.01391812287248,19.28673224041252,14.98201171242582,NA,0.716427206993103,-0.5366451876208066
BOL,1981,-4.365212512024104,NA,1.1615797921204636,0.7529697260307269,-1.9164596869182096,2.0257607847805814,5.639304729079376,49.6822771870387,20.33657826647316,10.930489489195889,10.593906535557993,0.18429047837853418,-2.382690817161929
BOL,1986,-7.238336784543774,0.11707083189785587,1.1845258098885305,0.7388963261843013,2.245003353929156,2.820205321564463,4.870974763629193,44.9836448089453,18.2716285622662,6.8106260721358955,13.228440822287904,0.4996503055095672,-1.0414307737944226
BOL,1991,-5.840393566795256,0.12087565094788026,1.1933382415468905,0.7557140237773412,4.105572533480061,1.4199608322852662,4.661307771658957,48.724358008519076,38.99743745387296,9.30640368307779,7.873054820311673,0.553995192050934,-0.6788190271309408
BOL,1996,-6.232116896654644,0.11867188726511042,1.2127421790460646,0.8333658607509136,3.4559203364913897,1.9757477387168647,4.701380618695561,48.474629729034376,53.70504346271806,11.82921420362346,2.159575244698841,0.6875844299793242,-0.873966673010844
BOL,2001,0.6966103449302025,0.11248463950094065,1.239550759732897,0.8396847181774438,3.095086683621096,1.1653582414889447,4.597505469937865,54.330425339928155,56.23343895023708,14.9936298421313,9.610590182103211,0.744298994541168,-1.050337845387997
BOL,2006,8.94435926982509,0.12115716312606327,1.233246803189194,0.781858898093688,4.598722626484722,1.0255437618953507,4.551167951604203,75.5210961878777,63.546503263972,26.39013000157334,8.758253250506058,0.6249813199043274,-0.04132225118034996
BOL,2011,1.760395208479232,0.14654224567993115,1.1942538557634492,0.7200571093801522,5.488027227635502,0.762221914891044,4.7462861972057055,80.37147577452026,81.05947606845017,22.18176337490372,25.637043511294358,0.446004807949066,0.07266296102681886
BOL,2016,-3.227543715926259,0.1643083726349436,1.1450396148250188,0.633869472011238,0.02289265259397406,7.212128035191736,4.993690280317425,46.44814994580318,81.51788796793946,16.965139808463462,8.241783787506197,0.446004807949066,-0.16618831014459215
BOL,2021,1.1171839015583267,0.15726674933415014,1.1261077600602216,0.5533998552260916,5.4309441989173735,4.029366850348874,5.016139342143573,51.600114484773734,56.88735513459143,15.875981738914833,2.9263173671584775,0.446004807949066,-0.2591580470104863
BRA,1971,-5.39304045242405,NA,1.045151107643074,0.5949299743976438,10.114515931551004,3.464924126894319,NA,17.36823343485148,18.2233842509336,20.6224312680419,NA,0,-0.2052982376966542
BRA,1976,-4.153814675938202,NA,1.0103580957322587,0.6076036170387424,7.22418308317285,2.4312409271177557,4.434465125782389,16.57419501700774,14.29151952276608,18.8956318955296,NA,0,-0.3587049076864114
BRA,1981,-2.858419223020063,NA,1.0022073227699582,0.6400944303880786,1.3800000000000616,5.210489420390365,4.439008479208822,20.46085762749856,12.02761953805606,17.373147849796858,1.8552197277786129,0,-0.5962332260183528
BRA,1986,-0.39392769971730285,0.2799629507765328,0.9839852810344852,0.6719714322589941,1.9539999999999667,4.426683860408395,4.396712487257336,15.887354584466861,52.7413475920489,24.19543058762624,7.094092870126371,0,-0.567356198431617
BRA,1991,-0.22785663389684063,0.277738363152265,0.9225578830435585,0.7013345800296669,3.0978943074227083,2.7260676734546654,4.527924032260719,18.22079857866438,53.50614145798268,18.54800669605008,12.427458714984303,0,-0.46184761632956617
BRA,1996,-3.78755053482065,0.2625120642656947,0.8603984903642086,0.7249691959963616,2.159538989622257,1.7799854280871532,4.528602699654507,18.4544627005567,40.14259687426044,13.67430739718392,6.041188514359976,0.0974591910839082,-0.3048641046842816
BRA,2001,-0.6497304544412286,0.2510497063842053,0.818406223970166,0.7463374027732299,2.909256791817566,1.8485737129229967,4.143669220894787,27.89201496796132,57.32652545092186,16.47750518376602,0.979783462419491,0.37892453670501697,-0.4198934966492618
BRA,2006,-1.4018055023284783,0.2750335148495719,0.7851721276247525,0.7933617011375059,4.505693715915242,2.9015144452565926,4.494719770366763,24.69400687992246,70.48164613299707,18.23315751715576,8.029134448992618,0.5255189001560212,-0.2975960944417888
BRA,2011,-3.70909532978777,0.28813577397840806,0.7355294825274297,0.8451754658612174,1.1717228163261801,2.935883721265886,4.459573428775727,25.294733573103322,80.89617132745754,17.0189635862128,10.140266268693342,0.3669927656650542,-0.31522052302624737
BRA,2016,-2.157451972064602,0.2463186098173344,0.6959514245318132,0.9003976493997646,-0.445072412890504,2.593264384101445,4.241474759277172,27.78439124829632,97.16116773887659,13.37068502521148,2.3201293067413276,0.162431985139847,-0.3527111339754228
BRA,2021,-1.9144932710269935,0.2553533500286361,0.6871546782105985,0.9474079631113436,3.67365135397435,0.9497451653731441,4.078197485596078,36.71287552193933,105.98412935513566,16.04801264618723,4.453088815642465,0.162431985139847,-0.43602889521599275
BRB,1971,-18.7619094952897,NA,0.8234653519946038,1.0505149895504333,-0.004723541511719986,3.3154809365542595,NA,NA,50.40493709135246,NA,NA,0.162431985139847,NA
BRB,1976,-8.441032096970568,NA,0.73627828079782,1.089411647542788,5.029085807004797,1.660300651642206,NA,NA,44.73746131515342,NA,NA,0.162431985139847,NA
BRB,1981,-5.720213606498324,NA,0.6450851484183643,1.3305149309423427,-0.32016460868558294,3.2224139202484925,NA,NA,41.94363373062262,NA,NA,0.162431985139847,NA
BRB,1986,1.2632439077701088,0.4892361268981236,0.6202770287287735,1.603805272008359,2.29858453002744,3.260983426141426,NA,NA,46.85340827380902,NA,NA,0.162431985139847,NA
BRB,1991,3.3804242988637103,0.4416306860475784,0.597655035174089,1.6161669632623938,-0.954915781406111,3.598025170137819,NA,NA,54.249673886967564,NA,NA,0.3158525705337524,NA
BRB,1996,-1.767791719364122,0.4387945548103382,0.5964663112503731,1.5748222769870595,3.4453779396556596,1.783166745016569,NA,NA,62.35495909520244,NA,NA,0.162431985139847,NA
BRB,2001,-7.967987851450484,0.4215256777067013,0.6130721446290764,1.5096914162304864,1.1928947346771008,2.3168623178536865,NA,NA,100.71194462967875,NA,6.148293526700331,0.162431985139847,NA
BRB,2006,-8.053275722120016,0.43043110463168377,0.6235528979999013,1.4558855136923368,0.30964088627847153,4.218640644149212,NA,NA,114.188702164019,NA,3.613585477057378,0.162431985139847,NA
BRB,2011,-5.704735921197066,0.3633993961548048,0.6326966327172677,1.4469323246728993,-1.182653616613237,1.5677399789624684,NA,NA,88.33018843571422,NA,2.228676737438609,0.162431985139847,NA
BRB,2016,-6.593770488521995,0.3031127671564816,0.6199359719371068,1.4487948297814601,-2.6416262038892624,6.6309018448641295,NA,NA,100.59205868831265,NA,1.8420097719610506,0.162431985139847,NA
BRB,2021,NA,0.2734965336186673,0.6285782827992055,1.511239781592373,6.68134735921357,9.255610558807266,NA,NA,103.42844006430327,NA,4.424176006143221,0.162431985139847,NA
BRN,1971,NA,NA,1.0850457108545466,0.5133377196069006,-0.645291579006951,NA,NA,51.4113884031478,NA,NA,NA,NA,NA
BRN,1976,NA,NA,1.0099504588318384,0.48884552880162085,10.491547494286237,13.415679429584536,NA,50.93956761821946,NA,NA,NA,NA,NA
BRN,1981,NA,NA,0.955198270768708,0.4633224148400711,-4.993550884132344,9.949364318921436,NA,50.899125273129066,NA,NA,NA,NA,1.42233410465327
BRN,1986,NA,1,0.9014890677165286,0.42873423773748937,-0.9885360274723239,3.371577131165212,NA,57.934799104144545,NA,NA,NA,NA,3.451036488428206
BRN,1991,NA,1,0.8968846560311423,0.39832550349511586,0.2992832548737922,2.28935379337276,NA,67.45716840357551,NA,NA,NA,NA,4.29508203415444
BRN,1996,NA,1,0.8518990596770754,0.3873744035293617,1.4789737308277706,5.095450579183869,NA,79.8819159776229,67.2306816645311,NA,NA,NA,4.939157076242796
BRN,2001,33.21229993472438,1,0.7856478248653056,0.38434296415270963,1.822308375136344,1.876845838661841,NA,87.98077317400636,65.2124389940234,56.79277638129598,31.677687699401524,NA,4.52570083981647
BRN,2006,38.17094524437308,1,0.7475403629486047,0.40197968316201155,-0.5449621968151139,3.7355895084632356,NA,87.59728580272034,56.17180307206712,63.17598650595788,22.611656286083957,NA,3.571702725401862
BRN,2011,26.56363980877662,1,0.7448988447767335,0.4174479195391467,-0.07350250142830478,2.5389735657969537,NA,101.68712436904927,65.78300628165931,60.7790412470927,18.707030763859883,NA,4.001816896368908
BRN,2016,9.419756995791822,0.9955254049008173,0.6980724068123211,0.4820874022204351,0.7811195290788467,2.297310383433433,NA,97.03907710857865,87.83157736871908,53.8758032821155,12.988263933259132,NA,6.1316384637926005
BRN,2021,14.510224906127634,1,0.6899737135494772,0.5489431009934462,-0.6971499881733166,1.5804297447196667,NA,143.65350430179834,78.7649218238278,48.662106973187704,13.975096898888872,NA,5.894154015333878
BTN,1971,NA,NA,1.0639299708350365,0.4576253927176411,1.4316782908785302,3.080987656380018,NA,NA,NA,NA,NA,NA,NA
BTN,1976,NA,NA,1.1486654376950887,0.4585279700701594,6.756420060538836,1.8163966880273488,NA,54.1148363500393,NA,NA,NA,NA,NA
BTN,1981,NA,NA,1.236048950757796,0.48823435199298176,7.515655325291354,5.096292364626479,NA,64.71578213678998,21.206285218398502,NA,NA,0.162431985139847,0.47668639028974336
BTN,1986,NA,0.0685629049632877,1.2877046114336494,0.5173507298266328,12.590515939501147,9.565194665176012,NA,69.71271730571922,20.295941514360262,NA,NA,0.162431985139847,0.27531331405554094
BTN,1991,NA,0.07529980538181744,1.2969860922877252,0.5434162076332337,3.6410006537536863,2.896390561399505,NA,80.49470094666182,28.644600465288818,NA,NA,0.162431985139847,0.08570272008314422
BTN,1996,NA,0.08584178935366592,1.2568674552913746,0.5751560876108002,5.638416507843688,1.648229178944981,NA,83.06335336953968,43.37479028376042,NA,NA,0.162431985139847,0.4376560914856216
BTN,2001,NA,0.09773062620320612,1.1346987120559042,0.6479731436211198,7.530208662367592,1.90921683878976,NA,80.20635158657606,53.43374230080756,NA,19.43370628057196,0.162431985139847,0.04650577784151474
BTN,2006,-5.930744841598804,0.12688442314398216,1.0005600320870724,0.6611249919693548,9.17488076164634,4.79495863806884,NA,104.7222262468966,62.03505170556592,40.77803247472228,27.217365779957472,0.162431985139847,-0.01792554203129884
BTN,2011,-23.70762170750214,0.16716678958117595,0.9143721797813377,0.6437151765373721,5.586461160284306,2.4833673504435216,NA,93.89331646139692,55.94694490669662,39.86402305244128,7.858244078673046,0.162431985139847,-0.3970203911892238
BTN,2016,-19.91846719578236,0.19417956385151447,0.819797820368331,0.5987882417007834,1.9202823137191656,7.203464536720181,NA,76.17334852161642,72.18249245390224,30.5085242763538,4.009364039345893,0.162431985139847,-0.8584009568237636
BTN,2021,-24.413082125947266,0.19307606715946016,0.7275415221675858,0.5592881962167108,4.7557974241838865,0.4104624802128897,NA,81.63009755415032,86.0125514501209,20.872302441387735,25.085719709295432,0.162431985139847,-1.272525384415645
BWA,1971,-10.0133297738972,NA,1.4321912909520826,0.8458016097426322,18.14605556843208,8.91418593026001,NA,101.30202396024286,NA,20.2550917422623,NA,0.418132960796356,-0.347268200671502
BWA,1976,-10.528957494338107,NA,1.371224333603542,0.6416819470325694,12.2255417389681,1.3266124938099286,NA,119.2755371704912,27.68702321119296,24.785046094870122,NA,0.3669927656650542,-0.3700528472248424
BWA,1981,-9.329797157046611,NA,1.420822661654925,0.60457714968339,10.00955465579952,2.541920586154989,NA,121.2033832243968,24.4972690884038,28.58654830333558,8.35513258246813,0.162431985139847,-0.5471333231964356
BWA,1986,12.511623609424518,0.25550329944835704,1.4501554176872526,0.625552725281365,11.867409962768695,4.962870274424804,NA,113.138223613697,26.02435272404722,42.7792199327413,9.2738085623499,0.3892902433872222,0.17795499293006628
BWA,1991,6.850308080683942,0.2624436922014226,1.3719237201175416,0.5946416113759726,4.590042571772043,2.50295314295376,NA,91.65872526345564,23.64530509950162,37.69293935870124,3.465208221129366,0.3270013093948364,0.6693310188671587
BWA,1996,9.635929155870633,0.26294183659337533,1.2446597483897217,0.5436660545619636,5.250858204077001,3.970289118135472,NA,98.45096812763256,24.75288693371754,38.81284642449736,2.971803460907342,0.4462951064109802,0.9024613527321668
BWA,2001,8.973905665189488,0.2598065107722303,1.1706673923408952,0.5083493118117554,3.6416933870217565,2.2402975074836102,NA,88.93961141728262,44.7672130160587,37.04262894729426,2.6656310053444154,0.8256362676620487,0.8659092112097548
BWA,2006,4.883790875178942,0.26882098110775593,1.158682010289294,0.4721122466449187,2.676797706882852,9.75610019175508,NA,93.44739431667372,49.84298707955312,36.48237036073114,12.76624455350907,1,0.8633092180446404
BWA,2011,2.2113935116795354,0.2590556504006994,1.2043329649709067,0.44019522397136324,3.7232558892026595,6.2599366384127215,NA,113.80364422395758,44.65108029243876,34.632348646139064,8.93605058177269,1,0.5151312338979546
BWA,2016,-0.5519226395131829,0.2549148812362658,1.2169306200562426,0.4238542229357686,1.9620773299536922,6.174813604243388,NA,86.12002887126987,46.21393125820732,28.69036601434602,9.20233665978375,1,0.3603457897792762
BWA,2021,-0.29062436836342004,0.2545811904270561,1.204765260853915,0.3938715064883905,6.8701192081043,4.516083442266382,NA,81.0579383923351,42.36776481885713,34.76991690395797,2.4110855093366816,1,0.2868769561406612
CAF,1971,NA,NA,1.118798941560993,0.8001732073039113,1.9524591763692918,2.555989527294671,NA,64.63975238761752,17.22094291142438,NA,NA,0.2814653553068638,-0.29083596379370963
CAF,1976,-3.7918652010709923,NA,1.1915805900395593,0.7676110524850042,0.7008425375590641,4.157557756049715,5.313391841738793,58.44333874104928,18.11738180708424,5.969182617522527,NA,0.3158525705337524,-0.240302193068726
CAF,1981,-4.323023825614301,NA,1.2591211673664502,0.7164136676627045,2.29075011287253,7.194571349698507,5.169645517719129,57.63017577831094,18.91096889958854,7.005036262463545,9.95132863220498,0.162431985139847,-0.4135418657527456
CAF,1986,-5.090938599051318,0.025970177250919643,1.343959536766612,0.61453307430781,0.035779804556319926,3.486949826353829,5.1136447755673,45.1424316731197,15.831312135940639,10.073928424912394,35.56920872424536,0.162431985139847,-0.4103970978668678
CAF,1991,-3.569703750416275,0.022583775920812003,1.460419118794204,0.5098219414274437,1.0917298895202114,5.281507449644056,4.764259214842465,45.164188627683316,18.8762799173605,11.749588997685743,55.86631770332773,0.418132960796356,-0.573611725442113
CAF,1996,NA,0.01926101836622395,1.557226880988036,0.4339875674715134,1.422105579488028,4.336662763199143,4.538073177046708,48.56491423182666,19.48788704437052,NA,36.87768250009268,0.162431985139847,-0.7716712286904348
CAF,2001,NA,0.016998749619920636,1.6565050410670707,0.3798186653556715,1.9173781484429546,4.4868671449881905,4.530992034506498,36.07703646070028,15.87282516420224,NA,9.405780902800878,0.162431985139847,-0.7832879262484764
CAF,2006,NA,0.017323761683016227,1.8041352523968905,0.33686232485795525,4.930166021121832,2.337997200245713,4.615164124138461,34.867803900212635,15.42376310453186,NA,13.89442334175838,0.162431985139847,-0.519449144896041
CAF,2011,NA,0.015930004949164585,2.0706919404468582,0.29886928833237053,-4.545081792374167,17.909771400892208,4.662708870310077,42.43491885882748,22.1149248706089,NA,10.257923766532876,0.162431985139847,-0.5072442096791254
CAF,2016,NA,0.015005541845726523,2.2769894689138543,0.3074266578159653,3.41340772885948,1.5479728061181215,4.8190577002087815,51.38424194774652,27.558581143541,NA,4.213905551860413,0.162431985139847,-0.6820943051593735
CAF,2021,NA,0.01558053676295654,2.385164098270335,0.2839325899613508,0.712263424490852,0.2647232866219509,4.8483022536264,44.291086735027335,33.5422196694427,NA,4.403407771260798,0.162431985139847,-0.667111059019165
CAN,1971,-2.4522164344888058,NA,0.6085956142693048,1.3536355121970156,4.234067164783154,1.9949182395201233,NA,44.15289675695422,50.29105299118876,22.30600802113208,NA,1,-0.324519410511527
CAN,1976,-3.273904630662044,NA,0.5322425433491456,1.3701269281060438,3.81249551223264,1.3302054734769826,4.53424125204511,48.8848528440781,57.79596687135062,21.4007508798666,NA,1,-0.3525386663535548
CAN,1981,-1.2450843563578728,NA,0.4981360622020904,1.4855273444562462,2.689483752876264,3.511568277065813,4.637694662524409,50.14919709589814,65.6203110896877,20.7781600043712,NA,1,-0.3706654334693918
CAN,1986,-3.295392637067108,0.8466783361359758,0.49563450097515815,1.6183087439708947,2.6289226419202674,1.6945221144464164,4.587542891924928,51.07168429402518,67.81295072273518,19.59863453183108,NA,1,-0.378637136609539
CAN,1991,-2.8963963696291377,0.8178275462852453,0.5100924353033395,1.6906875941401036,1.7266991041475686,2.485596623392156,4.517404141318466,58.73311723265972,76.4298107162606,16.00310769460024,NA,1,-0.4475762899553894
CAN,1996,0.04030034952036441,0.8042901370089031,0.5154655549262412,1.7018942199411238,4.028311464435332,1.416423295678674,4.35516502376683,77.11165121276068,74.05675819148053,20.86060614534682,NA,1,-0.2207410034964655
CAN,2001,1.815039041195476,0.8169931280358567,0.5121299162380136,1.6740516775260028,2.596711362744398,0.6945744746466032,4.386165132095562,72.76857961940914,149.027469306126,22.883252322558878,6.342452966544982,1,-0.12625437728719682
CAN,2006,-0.8483636701012668,0.8252247629140055,0.5084371665495347,1.6883368555319576,1.1717949635345535,2.415418404551287,4.5674070156171815,64.00834118281396,131.14869967520568,22.22030990298868,5.404627646748665,1,-0.11343211998613231
CAN,2011,-3.05720753955347,0.8194796775533172,0.5210604162782623,1.7619109863192988,2.148421408163145,0.9917717682918037,4.550989774356348,63.57378536702884,NA,21.01804331368088,5.7873137119046865,1,-0.02832221685517862
CAN,2016,-2.448761361864332,0.7859645121842956,0.5463558291044511,1.8068051094847488,0.7371095594388981,3.3209880646171834,4.4057491097048596,64.87857749333378,NA,19.65963795603336,2.8936136576951643,1,0.329299868239742
CAN,2021,-0.3891074364503252,0.8002706795066462,0.5604373393948041,1.853465214620128,3.8894366058119667,2.2260638213731876,4.4236323406555345,65.3989298698026,NA,23.196206873452,5.861740355901133,1,0.5206108634800013
CHE,1971,NA,NA,0.5008350262573141,1.9634332160204113,0.899518455288708,4.67092450095733,NA,77.91988596870065,85.69029592456282,NA,NA,NA,0.6682117149280999
CHE,1976,1.0705456174357297,NA,0.469879346278258,2.0910801164830897,1.7065098497359947,2.2850200730968426,4.492212313330535,86.49909165263072,87.10022287604994,34.512679303254004,NA,NA,0.6843588853410482
CHE,1981,3.473068163620428,NA,0.4243529431430459,2.1213004434549068,1.522610026172319,1.9774784697690067,4.481155753303036,91.23582640572398,99.7760484055381,35.14313435774232,NA,NA,0.7100327843637119
CHE,1986,3.19766640326633,1,0.4066372980476091,2.1454018651429907,2.945425386063428,1.1823590699447772,4.542386348148824,84.52509510844186,105.71961111484376,35.888317521684996,NA,NA,0.698195694198853
CHE,1991,5.1878977279208,1,0.4307148732031897,2.1081844808461296,0.13301821766523264,0.8080149428321683,4.586993572122482,77.43704571667438,103.37524692392044,32.84487503608358,NA,NA,0.7376323205224998
CHE,1996,8.709808760992376,1,0.4617586314621664,2.1011725304665823,2.2767991176252633,1.326025824243732,4.568883072889017,88.63839009800859,125.5479082165496,34.56879202830762,NA,1,1.0010448004179855
CHE,2001,9.971338193425742,0.9769366895852909,0.4717339574310394,2.074333651909554,1.3842909080057657,1.393546906873669,4.572572570477276,95.18709029183748,125.2745160667476,36.39667349160964,NA,1,1.104690006044164
CHE,2006,8.672890382499016,0.9998431791701886,0.47295222796787995,2.07292179172763,2.3488020825847302,2.6471880477114405,4.543709186686203,113.2392241138502,133.219673330116,36.16743046772588,4.937914539560199,1,1.069989950013142
CHE,2011,8.648870725256023,1,0.48396117439520775,2.053373968052919,1.755803017551786,0.4190174934581574,4.669048290456763,124.6111495266,173.60944789091042,35.083902141506684,2.2853883696212347,1,0.8495064874648602
CHE,2016,4.644169618751812,1,0.5103712146416195,1.9418606945040835,1.0584360418502199,1.9110584120288598,4.662960577745933,123.5059653241048,184.710285466754,32.173275923593536,2.6206869328479527,1,0.9462906878259282
CHE,2021,7.67928400140518,1,0.5419911822744626,1.8811031918893761,3.095669803376238,2.4385556367864623,4.671819126172771,134.61232076369933,NA,33.964829577738996,4.667976006793521,1,0.9783884215280085
CHI,1971,NA,NA,0.45994364466082766,2.31329187933512,NA,NA,NA,NA,NA,NA,NA,NA,NA
CHI,1976,NA,NA,0.42787460499426877,2.290827322446523,NA,NA,NA,NA,NA,NA,NA,NA,NA
CHI,1981,NA,NA,0.3931061472343667,2.241037266870434,NA,NA,NA,NA,NA,NA,NA,NA,NA
CHI,1986,NA,NA,0.3767683556175922,2.1503913853307166,NA,NA,NA,NA,NA,NA,NA,NA,NA
CHI,1991,NA,NA,0.4042046178722463,2.0561094022303785,NA,NA,NA,NA,NA,NA,NA,NA,NA
CHI,1996,NA,NA,0.44418473039482703,1.9730690960089206,NA,NA,NA,NA,NA,NA,NA,NA,NA
CHI,2001,NA,NA,0.4759258050478283,1.942135724713294,NA,NA,NA,NA,NA,NA,NA,NA,NA
CHI,2006,NA,NA,0.483998761983821,1.9075082867716624,-3.60663231572742,NA,NA,NA,NA,NA,NA,NA,NA
CHI,2011,NA,NA,0.5006261529916737,1.940361527761597,-0.2666436246512261,3.1737118282021863,NA,NA,NA,NA,NA,NA,NA
CHI,2016,NA,NA,0.5180906317828571,1.9329560626291187,-0.6363348696193142,4.625952678246229,NA,NA,NA,NA,NA,NA,NA
CHI,2021,NA,NA,0.5229211657309264,1.8831803689141435,6.331256225760703,3.226718594697807,NA,NA,NA,NA,NA,NA,NA
CHL,1971,-6.27227152964946,NA,0.8714601613163306,0.7360186833129159,-1.4406460475787835,8.051727930411845,NA,32.06727097639836,20.92863778775272,9.81485083656659,NA,0,-2.213023579516454
CHL,1976,-4.220977607269228,NA,0.8310893542404232,0.7600648558078676,7.8777638680980875,2.7102475280033294,5.099561077228267,44.14755812166568,21.11329825977118,14.4684955054487,NA,0.3856465697288512,-0.6447303889790224
CHL,1981,-9.800966309205286,NA,0.7928474620140498,0.823089802349898,-0.43650880227374406,7.571836241003707,5.030547923438255,44.24430151420066,34.0543305976192,7.6903734461531155,5.2641221651909955,0.08362659215927119,-0.7795728361795672
CHL,1986,-2.8171851021653618,0.18604969420559966,0.7664037725110634,0.9015339806960326,6.690459505887394,2.5050781164522804,4.515878023447189,57.31526880503852,36.6705592801823,20.899152176337118,13.033831770669078,0,-0.7182380487881256
CHL,1991,-2.40278179199152,0.22702324454243641,0.7594832679108446,1.0297948845651437,8.055189811032445,2.4574679466676894,4.561653842402689,54.69166309481762,35.83423522402354,23.05290737779908,2.8458345475212434,0.1078547596931458,-0.3784035459446316
CHL,1996,-2.7970039273417475,0.26350254197424594,0.7581325141831846,1.1334538773686276,4.677095722523658,3.0884731251566158,4.696729479616988,55.05275190175932,46.46813880048922,23.75494156947318,1.8783379138792715,0.0649727940559388,-0.4030546009184286
CHL,2001,0.6047308893120866,0.2727677511344327,0.7361549144076075,1.1885862853787448,4.718275843163604,1.5669270278540932,4.523441749678015,66.45478655051484,80.94806645672386,23.83429362248538,12.601773378715093,0.8806823134422301,-0.3288099208981498
CHL,2006,1.7400753514455405,0.3452000787270667,0.6887344010744519,1.2176061725787541,3.948245680617612,2.9673685954041584,4.586914989295537,73.55379941995346,74.25155314019584,25.8275901649605,9.630835893109179,0.9284093856811524,-0.014930615245526779
CHL,2011,-4.243412751629242,0.407227875509942,0.6526476394327553,1.2332139546473226,3.92646740439032,2.140680149958849,4.579112089525371,66.15296245017498,80.4473480998362,22.44688852713694,6.663557608365069,0.7136375784873962,-0.11025730654852903
CHL,2016,-3.4047989803460377,0.3988969162087628,0.6267435961260887,1.2322589857127797,0.3183312683995715,3.8234424124728075,4.525486544614872,57.21113776396754,83.4721067023143,19.85911810460694,6.628499075959805,0.701705813407898,-0.1653517013991584
CHL,2021,-6.420007532448571,0.4026462219934707,0.6087571322458242,1.239714300748937,4.663427342358768,5.817915208549492,4.4767856267228145,66.93458258458483,89.02627798368444,17.904174133250233,5.940538696111664,0.701705813407898,-0.1671624588078863
CHN,1971,NA,NA,1.0131366120300858,0.7252399604107539,5.932000000005418,2.7390089431875775,NA,7.802035084374344,NA,NA,NA,NA,NA
CHN,1976,NA,NA,0.9908999509589129,0.7462329789258326,6.550289536711606,4.809317801477997,5.5980642793288276,14.473738033805512,29.801119390068926,NA,NA,NA,NA
CHN,1981,0.4232740794967725,NA,0.8359605808443688,0.7727020717006163,10.713490261493583,3.9349699957591775,5.363033832859094,20.19133819125932,45.97482302112718,34.217322074664395,13.341074878854181,0.162431985139847,0.054748458175661964
CHN,1986,-0.2721870131545037,0.04147485371745421,0.7309777454526933,0.797841242166382,7.986769487400704,3.717689128668016,4.757303880023769,24.79195282022122,66.6612052781743,36.54081718049694,7.834433185942009,0.0324863970279694,-0.016026448169700596
CHN,1991,0.7567067172122945,0.055534459108538714,0.7112531618959949,0.848460529516329,12.339182471288893,2.0905203565618993,4.408008973621707,32.30522657802318,93.51255616035466,40.29881758901528,0.9046695379598635,0.0974591910839082,-0.046871729206690416
CHN,1996,2.255491986969256,0.07555667788146514,0.6749594959782829,0.9163364288044683,8.7016147208342,0.9382733374024352,4.527108333635958,34.47010960851132,121.8994003172794,37.65607911568354,4.698891460732017,0.162431985139847,-0.021664377019131556
CHN,2001,3.08098538509495,0.10167267654090828,0.6029844862928533,0.9660621316018521,9.852774163895486,1.1692904830744175,4.499519126285734,50.27099568048452,146.2013272641348,41.7625375475678,3.514725453411006,0.162431985139847,0.08956401972551144
CHN,2006,7.1286896698969775,0.16080659818290885,0.5426796920511001,0.9875056469794566,11.29877565004267,2.0471456691032874,4.549164552737957,55.16420270602216,158.8372840590482,49.90249531336498,4.106458328048634,0.162431985139847,0.2317582761058544
CHN,2011,2.117445698396804,0.22615976356022954,0.5548624069094041,1.03111310472202,7.9073829121931505,0.9347062850458863,4.7407105926325865,45.22154460017376,183.7037804364068,47.249652164497604,6.314111180522562,0.162431985139847,0.1584188028215302
CHN,2016,1.142345833919967,0.26141272658464004,0.589319972809157,1.1542225607025896,5.766446154696158,1.942591097986684,4.80516844175455,35.8521557521303,198.910790352125,43.75043223635138,3.628773897613351,0.162431985139847,0.1532846563552676
CHN,2021,1.9336424471367166,0.29801325970165404,0.5847932924926137,1.27784831032231,5.706372434872557,2.729649055005771,4.8127947177550094,36.68886780724913,211.18403748880868,44.028406206664265,0.5131601439446888,0.162431985139847,0.1393499286584115
CIV,1971,NA,NA,1.214447414849857,0.5016478132688756,6.4425454869140415,2.342832231157501,NA,69.90567989662974,27.85566866513262,NA,NA,0.3326055526733398,-0.2113263211572958
CIV,1976,NA,NA,1.3468452405438613,0.4938681020805176,4.515404088334446,9.529044554402512,4.884370445643732,75.86974862003574,30.8534797160122,NA,NA,0.33450636863708477,-0.36950267844671664
CIV,1981,NA,NA,1.4923854536960914,0.504453042887399,0.32020851192066135,3.6929274881295853,4.615431284470439,76.43302188292245,27.72507420574766,NA,18.20320308767919,0.418132960796356,-0.9145587241911328
CIV,1986,NA,0.11274672710045583,1.5692376021839702,0.4996005400520633,1.1797912697432489,1.9344859440666498,4.828171646753687,62.1991833235878,29.73079308874618,NA,26.142509720274706,0.2135721802711488,-0.9894683617144098
CIV,1991,NA,0.09930465635126083,1.5661027393494549,0.48026916750635906,1.5081661741407004,3.1685960393416295,4.657531916346327,63.6820820842824,27.11512920950086,NA,19.691092810884978,0.3158525705337524,-1.415181996590192
CIV,1996,NA,0.09150745105084615,1.5931465146270527,0.4500941743442316,4.508628786150425,4.207643316516262,4.490155919252275,54.26439457481188,14.89348896882308,NA,4.61089953570126,0.162431985139847,-0.8687988597435564
CIV,2001,0.165122856652972,0.07091594761403272,1.7310704432409165,0.4102485664594426,-1.0858603521780243,3.1492265406097424,4.572675055758895,56.64306919426714,14.52602850300464,-18.7529234417071,7.350047230600673,0.162431985139847,-0.5311847516530054
CIV,2006,1.7732484430988933,0.06523897745840394,1.811741641886336,0.36985443432563125,3.8302090609931803,2.153005099807698,4.639882834063711,64.241556907004,19.37061139094728,-15.1512527248216,6.938659812961001,0.162431985139847,-0.3496492496568136
CIV,2011,1.1018271156812875,0.06927224489702041,1.688987613483633,0.3571863730569952,5.915425405064392,6.467900687488735,4.593497590600131,59.95308993112206,25.424796344788,2.9114386395619354,5.912106223673589,0.162431985139847,-0.01570165088988306
CIV,2016,-2.4246911217856963,0.08111288720069725,1.741260434624532,0.3175301735607574,5.36955367874483,2.7986545023041125,4.559799075122314,45.77379791431488,30.36078321711986,19.23896162921648,5.495907568363935,0.162431985139847,-0.2933755886815595
CIV,2021,-6.534498906689997,0.08633631462654534,1.7641047292578356,0.2916559742176831,6.6877377271657235,0.34031360034877856,4.581778274470751,48.93247590930833,37.3709459728941,18.3223598909913,5.504846349657121,0.162431985139847,-0.45897136857944226
CMR,1971,NA,NA,1.1280438490078577,0.8024706554333068,6.697710584563862,4.041046237578883,NA,47.562130250018,16.74179265232564,NA,NA,0.2814653553068638,-0.1591782976160106
CMR,1976,-3.87875301978403,NA,1.2568004355315707,0.7809989749075794,6.863513030800441,11.26786154786815,4.923113156997053,51.79744645105428,21.18105277899814,10.788212097613885,NA,0.418132960796356,-0.2624630239009614
CMR,1981,-5.59941952027271,NA,1.3943769235648578,0.7770349055400803,9.400689926852376,4.315195585699186,4.859943564143826,60.32087428665904,23.06870532504156,20.461987403893765,12.532178279605978,0.418132960796356,-0.19505855939816022
CMR,1986,-4.249067383320632,0.08505772576472002,1.4878327550284534,0.7478813541641456,-2.224687452833692,5.646134013995911,5.065168151213299,38.2587280753318,19.757038880388638,19.30104919669764,9.52708447097084,0.2135721802711488,-0.2586941857202112
CMR,1991,-1.766726516993294,0.06924920056492322,1.5322699256682617,0.6873205042585353,-2.013971710977332,4.434252355549716,4.8061184222766755,34.66072163123976,15.66355507579418,16.05813017465988,10.848610787793941,0.3158525705337524,-0.5912324212036492
CMR,1996,-3.157431651195762,0.05996310067766375,1.5650443988235958,0.6191567094915928,4.362328555904006,0.34778676788269663,4.5815893087079775,44.20924505987868,11.5381112354254,16.44414196891262,7.8665603864543625,0.162431985139847,-0.8899464610740824
CMR,2001,-3.04125772951665,0.0596193560685349,1.6298946133245784,0.5557256866293039,4.706314948509084,1.7595839330448801,4.611678776177427,45.42652165631066,13.6359223343136,14.4096838426558,13.73328484826412,0.162431985139847,-0.5601124723344986
CMR,2006,-1.3290547154614962,0.05941104409248533,1.7192754721030041,0.4971214578078132,3.292625334641652,0.7416530229500754,4.634547607656318,49.331846990643896,16.20345752258252,17.43241483516538,2.729102416546512,0.162431985139847,-0.00404931307927836
CMR,2011,-3.291478897965834,0.06065245460399903,1.7742835635673118,0.4313796331050345,4.877498060119058,0.955876402280981,4.5823639494446535,49.521014562791684,18.84975019945188,15.10260202323226,5.440312491024758,0.162431985139847,-0.13385853896955366
CMR,2016,-3.441765315334922,0.06437876069602325,1.789306171907025,0.3621213096786032,3.153495584565099,1.6718544042002161,4.576736741757089,39.50852012390926,20.346563940334303,15.24053352624246,4.616058925100499,0.162431985139847,-0.2616930434543092
CMR,2021,-3.8388282912320135,0.06653626261503522,1.8018438731800108,0.32204908541532584,3.474401461646147,0.22727163416867455,4.609968527674433,38.63592313419384,NA,14.8288867476971,9.257969539807315,0.162431985139847,-0.32637122000020624
COD,1971,NA,NA,1.162048202810206,0.5665394269414206,2.488476868509761,5.146673017468818,NA,NA,9.487976988575635,NA,NA,0.162431985139847,-0.03770326874211212
COD,1976,NA,NA,1.2477647472204993,0.5542070399062397,-1.4536997642426117,3.5976678260878234,NA,NA,10.251610250956718,NA,NA,0.162431985139847,-0.0702141192496588
COD,1981,NA,NA,1.3034799169185851,0.555709059771225,1.8626950254156822,2.3076807385560993,NA,NA,21.095428905076858,NA,2.5994934298155377,0.1299455881118776,-0.1499581442793966
COD,1986,NA,0.034831181076022635,1.3584735059634958,0.5494246813531001,0.005774422234909582,4.312128561300323,NA,NA,9.764862903753931,NA,12.854490520966747,0.162431985139847,-0.3144650324175336
COD,1991,NA,0.023541128576323744,1.4053534867376873,0.5344562861333638,-7.1180217150477825,5.589016424068202,5.634998357641132,47.3626269429876,15.198353279791592,NA,11.456759133248841,0.162431985139847,-1.4578777272201449
COD,1996,NA,0.01451310178940351,1.5599416293942894,0.5317550946908188,-3.889088286628924,2.5301161877717795,5.69689906825612,44.98752552675724,3.42308139669861,NA,22.186982506567297,0.2101590573787686,-0.87963597006174
COD,2001,-3.08174753918885,0.010879836125199008,1.7232426988381304,0.5274854414065585,3.859787911777238,3.6320826462083833,4.726153760123993,41.7508457749038,3.6593505349082482,14.3346494546601,2.8786731914053214,0.1743637531995774,-1.4921009914702168
COD,2006,-2.5038456659521917,0.011808246111963037,1.882488157208725,0.5203645652115608,5.889817365839987,3.2415012183614667,4.551437156982251,66.9602482863783,7.614288602866014,14.25429986738732,13.687110725058082,0.162431985139847,-0.8283488983722764
COD,2011,-5.228777303116512,0.014252797739183113,1.9772758816686211,0.4886268180930307,7.909682936157704,1.2637111829511418,4.702448333314538,70.90837792296662,10.765086931936496,20.12316064358882,3.901281840626232,0.162431985139847,-0.5699640184854852
COD,2016,-3.331159603231242,0.016532423354504975,2.045874513897867,0.42801149713631104,2.407508852856669,2.5950732262394656,4.770947139489538,65.68575677379508,15.66876487913372,21.15610670899192,10.812955192730618,0.162431985139847,-0.5185920036653202
COD,2021,-3.6746361622440693,0.02037231144273581,2.144919436365762,0.3876788921180012,8.091423109655944,1.4907760936112973,4.824733023351242,82.64975991796597,21.5564385603114,31.341648284810734,7.912226825194869,0.162431985139847,-0.4774497027410765
COG,1971,NA,NA,1.2363085474986955,0.7273168228154839,8.043778657824754,0.3779456160463048,NA,90.53333224092925,16.87404044709304,NA,NA,0.3326055526733398,-0.5201547782018938
COG,1976,-12.86996746846943,NA,1.3332841877926638,0.6818765820700508,5.154487200557697,9.949313761110355,NA,107.7515743150563,18.16471399438928,17.38700963383229,NA,0.2135721802711488,-0.776987817838119
COG,1981,-11.090261922227631,NA,1.3729704000193683,0.6635272162879972,10.572371094079802,9.90923795836545,NA,117.5287332992806,15.2606896208443,33.158572395414296,10.121447563650014,0.162431985139847,-1.6729391218851783
COG,1986,-14.967813216419321,0.14386568056681925,1.3839178822747844,0.6637797263542762,-0.2612012566781808,3.7965224091022454,NA,81.8153663990585,20.15285355205956,19.014900917019574,3.8303878682252193,0.162431985139847,-1.805929452554526
COG,1991,-24.54157529986798,0.13231285184550154,1.3769323246958383,0.611724643482521,0.503976186369355,3.8179368979702817,NA,92.41003916812006,17.928785586049518,19.525631941566356,3.02803542224373,0.2135721802711488,-2.005809017144262
COG,1996,-6.867676837529099,0.10817686202527538,1.4207661346831078,0.5592055604360157,2.479400642675783,4.06491136675774,NA,133.6743160027466,14.69508747576954,13.788927530842493,12.425335512615266,0.162431985139847,-1.964769053561294
COG,2001,7.540580139472714,0.09886790636837418,1.448460555608575,0.49517149558010076,4.08602532715513,2.4937653659830565,NA,134.794284093845,12.38357466168166,25.2116428610857,23.856903709993507,0.162431985139847,-1.320799781105134
COG,2006,-4.4496991101972965,0.09721176253888145,1.497009551541651,0.4332883210653329,5.849434761463414,7.25038616437461,NA,133.38259902215,18.58544172117482,42.61643844936044,15.739822108270477,0.162431985139847,-0.7516191396007852
COG,2011,0.8535127622063745,0.10339200945695622,1.6143512182464412,0.3799038432826133,3.7003793048289215,4.477667764309576,NA,107.3114765818211,26.69232835982558,52.32467950210892,20.91702655732884,0.162431985139847,-0.7970894407304127
COG,2016,-2.8852184111073007,0.07880257804506859,1.7232329794156778,0.34445055787382406,-4.345526663883742,3.8136671363587946,NA,95.66850196679086,25.28058712478456,32.9139788346897,12.553565230642649,0.162431985139847,-1.899684753626378
COG,2021,11.5738751772006,0.08548043402200077,1.743724562316429,0.32759743809118885,1.4657635886159832,0.4459743264138105,NA,93.30597808379356,26.559376920855133,31.6560276354911,8.041351461870907,0.162431985139847,-1.4416628280075
COL,1971,-2.5393310248440404,NA,1.1904850186004565,0.6005101742805677,5.684368586032474,2.0245514869756556,NA,28.32479905682536,22.209875074336402,17.0128377868258,NA,0,-0.2169788333775966
COL,1976,1.0101678661760667,NA,1.1141412493214613,0.6099784267632291,5.364649537876446,1.8120372880363838,4.9173499299559085,30.38135588121134,27.13919437699372,19.680327029215242,NA,0,-0.07243385015124539
COL,1981,-5.965368501899488,NA,1.044310513996265,0.6401503842884323,2.251407901059969,1.0121748669530548,4.985881979560488,25.55096602089268,32.11937354750672,15.36867076016438,4.7304001113822265,0,-0.1634301925719295
COL,1986,0.4186996718231312,0.21388528416383945,0.9938723330664614,0.6509975188524059,4.590655194154438,0.9853661530418254,4.396509490537543,31.48768406568338,24.6651044323528,21.46516664546936,17.55690695494889,0.0324863970279694,-0.2792048113013706
COL,1991,-1.2431351928983962,0.22082779957222065,0.9623894374569036,0.6574378572758115,4.48980929479321,1.5373873805459084,4.410671514334095,34.946749730247,29.03435094520188,19.51300318721004,5.6061347472780945,0.0649727940559388,-0.1700253891125168
COL,1996,-2.695559086961868,0.20486985010651018,0.9461386053876779,0.6625501126153668,0.9553557437017033,3.081523287497485,4.5503394951609355,35.27329262240148,32.16164205245254,13.71955050201886,5.662900672285803,0.162431985139847,-0.2689720385993628
COL,2001,-1.0676842342291435,0.18848293304055033,0.9415456495163088,0.6746052426534479,3.652386770606794,1.5408218760495511,4.345480044442166,35.33721179107048,28.6127843257239,15.48180496310306,11.554313274103885,0.2647123754024506,-0.2737373609656746
COL,2006,-2.4825181640955423,0.2117371474845848,0.9061232389987713,0.7125188289466081,4.474563438341804,2.3818469798447444,4.522748392855747,37.065726830316336,35.372397619415636,18.868708186331858,10.028958071504734,0.47484753131866436,-0.25065191642185103
COL,2011,-4.170616177961482,0.23687047234728945,0.8290282120044752,0.7671559791575713,4.689890529047674,1.4952482334277666,4.55927534769986,38.4280906261214,44.6291916516807,18.28652931740206,25.917850991160513,0.418132960796356,-0.31993988973993936
COL,2016,-3.9695161334694458,0.2426372275355489,0.7444006732276666,0.802805496732927,0.40240178142783606,4.294314847024767,4.3255641003365906,35.92688513448144,43.7323072772249,16.31238670106708,12.033204062094184,0.418132960796356,-0.4945517218238306
COL,2021,-4.64903671743876,0.2565855311161191,0.7075811212405783,0.8277263519576027,6.280618505580641,5.125354101136982,4.196878975275925,42.90997799978147,42.6726897152896,12.927656395533067,13.865905427823067,0.418132960796356,-0.51215649208035
COM,1971,NA,NA,1.306209957163817,0.8957127599744581,NA,NA,NA,NA,NA,NA,NA,NA,NA
COM,1976,-3.65984092644871,NA,1.4196285968576194,0.9306707718612194,NA,NA,NA,35.7561835091553,NA,4.92691807751345,NA,NA,-0.0680477077452538
COM,1981,-7.922889784003732,NA,1.4971405113194363,0.8912492840480662,3.91172672934927,1.053870561646716,NA,35.75688180951924,9.896043960752397,11.859683878631197,9.897884910713378,0.162431985139847,-0.4086709942291858
COM,1986,-3.159274697375756,0.06473594628376936,1.554935540411567,0.8500373337215222,3.1082252642244717,3.150668800733552,NA,35.756951199324064,12.479548136866915,12.03394402764474,2.2928754191199006,0.162431985139847,-0.4533918046730146
COM,1991,-2.13827253375443,0.05956598101724682,1.6398985115170412,0.8350817260880956,1.077829687010848,5.927132302868977,NA,35.75720730128792,13.81429030206252,11.60344028370041,9.751989070714828,0.162431985139847,-0.358699001235236
COM,1996,NA,0.052137465859979006,1.751240030854711,0.8182615713363905,1.1231530378399992,2.329012296986372,NA,35.75734891411734,11.367203609286856,NA,4.469022304986822,0.162431985139847,-0.4202787462568824
COM,2001,-3.599749410848717,0.04933905918296153,1.7781617499406739,0.7294344283042122,4.143464995956618,1.5904654557825055,NA,35.75715589027238,15.09308511635058,6.644388708551177,15.58457396567222,0.162431985139847,-0.28847254922858
COM,2006,-4.692930574932506,0.047168878322745675,1.6919598680412606,0.6831149533523206,2.0064493749484744,2.4539094545571603,NA,36.51580165387172,17.27355329807478,12.58579458691372,4.960141127024511,0.162431985139847,-0.2019999865850366
COM,2011,-3.3778073939052717,0.05190113932549431,1.588546202698964,0.6000799933418975,3.006445593039154,1.388830896942935,NA,39.41909957695018,22.8805087870165,11.532074230052167,9.704483499908687,0.162431985139847,-0.014443937296191223
COM,2016,-2.89963945165723,0.052572717499333343,1.5597034813379,0.5500387532726762,2.468764411247939,1.696870274556585,NA,39.25828102286872,28.59045472518538,10.501301636188822,12.777010604988945,0.162431985139847,-0.019528886432786375
COM,2021,-0.8684365621719273,0.046817737205151984,1.5421055896513125,0.4953236498395526,2.5328060260015635,0.5012129631676925,NA,46.0467576793139,37.4025618079908,13.125610712415867,2.7784887978899633,0.162431985139847,-0.06957348172276244
CPV,1971,NA,NA,1.2822900802293762,1.2156680165892553,NA,NA,NA,NA,NA,NA,NA,NA,NA
CPV,1976,3.03775108158092,NA,1.455583328314105,1.1933593351357228,NA,NA,NA,84.0505820548006,41.9493122538608,NA,NA,NA,NA
CPV,1981,-9.407356028324072,NA,1.5197918327309834,1.093909567245229,6.644539908728014,3.0944960447386243,NA,99.80236326931872,39.330146078832136,NA,49.603297840358394,0.162431985139847,-0.029063623658998373
CPV,1986,-1.2841061696624652,0.04372200648329098,1.5128079011429882,0.9835348591081864,3.913499061851039,2.1876876890499823,NA,84.09522890797692,33.2409695967162,NA,0,0.162431985139847,-0.08153918824510722
CPV,1991,-6.87098822753198,0.05130419357452387,1.508305872906896,0.9086238177494924,10.8888766830117,6.605766580012005,NA,74.85585694134913,52.12987293860172,NA,0,0.162431985139847,-0.162001134377867
CPV,1996,-9.604875643937522,0.07477057215033994,1.4654215301627538,0.8613930367689602,12.09795078024168,1.346172015989961,NA,82.36807121765466,64.22482737925507,NA,0,0.162431985139847,-0.3494300115077218
CPV,2001,-10.157066948447874,0.09176980055607577,1.3366801864019928,0.8016311128269346,5.753667126360484,3.0096602942669417,NA,99.58656308904818,73.70175240193646,NA,6.193860084074198,0.162431985139847,-0.4032128013220102
CPV,2006,-11.077444009886204,0.1183093929271495,1.1653569505338301,0.7089521494066352,6.105256428639292,6.377698504542841,NA,93.79973980687716,74.38105421479652,35.54546889561165,3.6034705493454506,0.162431985139847,-0.734672483947414
CPV,2011,-8.813425607087188,0.12095348375535432,1.0047194212022663,0.6076386347331595,1.4546393544914071,1.3927415395715712,NA,90.53771322515098,81.04099735021434,29.49531398020058,2.5976912826585066,0.162431985139847,-1.306171530259446
CPV,2016,-6.302821983634933,0.12476050882721809,0.9783991078587205,0.6011555484118176,-0.263691067705076,11.549509768258176,NA,96.65878177483869,96.21506680236563,24.30133351172566,1.4254823744964367,0.6564541459083558,-1.519980909683346
CPV,2021,-6.155950478074724,0.11799669405117935,0.9669761828283555,0.6128106169540536,9.223989060898147,5.841079488261012,NA,89.827229937513,100.2800891772384,19.174390372456468,2.7784887978899593,1,-1.4875375401257824
CRI,1971,NA,NA,1.0941899178192527,0.664825409562935,6.062087482461122,2.4324695329383834,NA,69.65566583497504,26.601516389642818,NA,NA,0.3972656995058058,-0.3275028936640644
CRI,1976,-11.30622783142022,NA,0.9935467155484143,0.6669035167470887,5.276149003448531,2.9490943770621953,4.949541623867114,64.5298177973856,37.33293167936668,13.3219332497646,NA,0.3359144628047942,-0.4095857195661184
CRI,1981,-8.412319751580114,NA,0.9627694263284954,0.6974016063508449,0.4122955970015523,5.7107005860554105,4.494096008306954,76.613256577430775,44.6392868031931,16.8132476998915,5.450581704863059,0.10738591924309739,-1.1602449164756419
CRI,1986,-5.332042335212688,0.21016869716413228,0.986051083337715,0.7409227224122572,4.590394083395246,1.0605936312608115,4.48469798516957,69.58772564817046,40.52620517754926,20.73655938354808,14.51532547327515,0,-0.7575268184207558
CRI,1991,-3.43270624547859,0.22326444287192532,0.973577090622164,0.7829179425067304,5.447386271087598,2.7143361633210694,4.459027404670547,76.931986111391,31.11687762207038,14.40607780242694,11.682187736652963,0.2766441464424134,-0.2716584041759444
CRI,1996,-3.8220150772674497,0.21931961839452896,0.9217916207652624,0.8042148323762395,4.413092621462046,2.142735036262599,4.511195387908903,87.5543841242803,19.72301009234168,15.76445130409006,9.392169757417582,0.6448365807533264,-0.2088091842604904
CRI,2001,-4.3068952634239,0.22329111199578935,0.8623787156859803,0.8343193224201592,3.925298423167646,0.46164703398969154,4.490775433608916,83.81471033571734,46.65193083736664,14.681994853529801,3.4195154735784286,0.716427206993103,-0.2854131331581454
CRI,2006,-4.626401378495852,0.25245990201379553,0.8042188762694567,0.8890823008947757,4.953377975417479,3.5509013575641912,4.500914431638729,79.98881411564278,54.40430046720242,16.07799385594238,3.277956680616752,0.716427206993103,-0.33359817019551563
CRI,2011,-4.65866221584915,0.2886348584425719,0.7496371990919747,0.9460975775283383,3.794941721549968,0.9120995452288764,4.680840917974919,65.13978007664025,50.456593453102755,13.91797875337212,3.767890656587581,0.9432854413986206,-0.3824012675499898
CRI,2016,-2.196005340961264,0.3430938712017216,0.7073239063498306,0.9969442318094818,1.8244168229736601,3.5096006663697428,4.687787706205015,64.0192380411925,48.17825910235172,14.6567377406832,1.903417978269619,1,-0.5688668758510425
CRI,2021,-2.376587397074933,0.3408614965021983,0.6803805024911497,1.050780726811807,5.866391953087144,1.8139020156330736,4.644556815554577,75.16039130606657,49.63457797534717,14.185502351319467,5.046120622154541,1,-0.5406951564252536
CUB,1971,NA,NA,0.9257710330303563,1.055228142893318,5.461190255104026,3.5504972690472023,NA,76.80653776729046,NA,NA,NA,NA,NA
CUB,1976,NA,NA,0.8586452110422438,1.1840546989208833,3.394440446884686,5.3832030887469395,NA,76.8270430940702,NA,NA,NA,NA,NA
CUB,1981,NA,NA,0.6893349337309903,1.2486154165685788,8.708886227144562,6.757509088372464,NA,77.03379214344397,NA,NA,NA,NA,NA
CUB,1986,NA,NA,0.5688414155937497,1.231891488787616,-0.17396219099514454,2.6700082337836406,NA,74.90172389461448,NA,NA,NA,NA,NA
CUB,1991,NA,NA,0.5399927517500888,1.2178673946224317,-6.795469880332806,7.833648131058952,NA,34.42862566550126,NA,NA,NA,NA,NA
CUB,1996,NA,NA,0.5601361900818439,1.2814141128803196,4.576967246126504,3.072487302989598,NA,32.16581713167166,NA,NA,NA,NA,NA
CUB,2001,NA,NA,0.5615522807713547,1.3777750048590791,5.074957176215152,3.760308299568435,NA,30.27006661477812,NA,NA,14.343518857886945,NA,NA
CUB,2006,NA,NA,0.5451030497375036,1.484271571113647,5.457297169673894,4.30643613298742,NA,38.6557535921027,NA,NA,15.403798232903466,NA,NA
CUB,2011,NA,NA,0.5403543969766074,1.5542328406319097,2.810142781750426,1.2045272048464917,NA,41.60769898808074,NA,NA,4.556533770312692,NA,NA
CUB,2016,NA,NA,0.5321337194634282,1.539107142438749,-1.3083879435983137,5.476060991105935,NA,23.8157952029288,NA,NA,4.330704330706495,NA,NA
CUB,2021,NA,NA,0.5411350696062182,1.4955624649540595,0.3665894673498567,2.0052978668684713,NA,98.13947477487663,NA,NA,3.2511536414017694,NA,NA
CUW,1971,NA,NA,0.9287766406827855,0.9709724172670496,NA,NA,NA,NA,NA,NA,NA,NA,NA
CUW,1976,NA,NA,0.8009082725214169,0.9727653593944641,NA,NA,NA,NA,NA,NA,NA,NA,NA
CUW,1981,NA,NA,0.7124703623728995,0.9782543399206484,NA,NA,NA,NA,NA,NA,NA,NA,NA
CUW,1986,NA,NA,0.6941282069883574,1.0305637209460639,NA,NA,NA,NA,NA,NA,NA,NA,NA
CUW,1991,NA,NA,0.716217723094168,1.1004897726034353,NA,NA,NA,NA,NA,NA,NA,NA,NA
CUW,1996,NA,0.6025616095818194,0.74768488077069994,1.2382265024058552,NA,NA,NA,NA,NA,NA,NA,NA,NA
CUW,2001,NA,0.5900926907505196,0.7379573561134699,1.3521803695618022,0.17487692252567238,0.5179003627832314,NA,134.911459782692,NA,NA,NA,NA,NA
CUW,2006,NA,0.535994576319986,0.6729279242405484,1.429217093236125,1.1689878729809713,1.3248521398757347,NA,149.19574575149218,NA,NA,NA,NA,NA
CUW,2011,-23.684982224358482,0.46806082587916403,0.6231300737980816,1.5407063690783285,-0.13108720637301,0.573294443823961,NA,167.0479322495828,NA,8.693066579111154,4.041060264617969,NA,NA
CUW,2016,-22.6966933487429,0.3862438231399953,0.5775925848979834,1.497378786195372,-5.218526102891841,7.437865804325963,NA,144.71142846013166,NA,10.34295830025312,2.4238902389143173,NA,NA
CUW,2021,-21.757913618668766,0.36317795581862145,0.5373777440592453,1.4786556991080082,5.0972373101785164,1.5664611276501048,NA,NA,NA,NA,NA,NA,NA
CYM,1971,NA,NA,0.8820969176935775,1.1838086660838434,NA,NA,NA,NA,NA,NA,NA,NA,NA
CYM,1976,NA,NA,0.7264925641416177,1.0588390583329972,NA,NA,NA,NA,NA,NA,NA,NA,NA
CYM,1981,NA,NA,0.6275268222329423,0.9743997735313028,NA,NA,NA,NA,NA,NA,NA,NA,NA
CYM,1986,NA,NA,0.542576769266817,0.8873348123521205,NA,NA,NA,NA,NA,NA,NA,NA,NA
CYM,1991,NA,NA,0.48120345938659265,0.7650157097999387,NA,NA,NA,NA,NA,NA,NA,NA,NA
CYM,1996,NA,NA,0.4726728793867063,0.6947888131779069,NA,NA,NA,NA,NA,NA,NA,NA,NA
CYM,2001,NA,NA,0.497827229359844,0.6562925131335117,NA,NA,NA,NA,NA,NA,24.96380286562567,NA,NA
CYM,2006,NA,1,0.5059571026913822,0.6031609051383505,-1.777723910085594,4.34781022380824,NA,NA,NA,NA,15.183115622295707,NA,NA
CYM,2011,NA,1,0.5159393003678383,0.6022077768260589,1.833159743874472,0.8346292354778057,NA,NA,NA,NA,4.180310993215696,NA,NA
CYM,2016,-15.053305469597,1,0.5065687234915177,0.6366007287545996,1.930423129725182,3.8760417673153302,NA,113.7162590269985,NA,NA,3.839661443408779,NA,NA
CYM,2021,-11.390772312841417,1,0.511513635929292,0.6922300096908688,5.48689182004455,0.535121738390425,NA,NA,NA,NA,39.465723524766815,NA,NA
CYP,1971,NA,NA,0.7028157361170917,1.5575889285922164,NA,NA,NA,92.1789863419375,NA,NA,NA,0.162431985139847,0.236288094686364
CYP,1976,-13.72729984372119,NA,0.631264901094571,1.5231383483775656,12.012902110569014,6.095012718164111,4.714955948715401,109.9938000541558,NA,20.03602479325042,NA,0.162431985139847,0.052332800668136746
CYP,1981,-8.623445081544874,NA,0.5976257420307287,1.514637650035005,5.552264857443544,2.2449223797776297,4.645482623440109,114.489543388043,NA,22.22755726871338,NA,0.162431985139847,-0.2710191553471248
CYP,1986,-2.308688404518155,0.5587646602909103,0.6224738987678164,1.491056992519977,6.953480798898355,1.9124649798170412,4.529293759632319,102.5083923192222,NA,25.34043045287208,NA,0.162431985139847,-0.9555347552837046
CYP,1991,-3.182985357633052,0.5728046878633648,0.6294783372100079,1.4604962068722025,5.020393729661499,4.126619153584339,4.521210059834326,107.97199065545104,NA,21.51534331006684,NA,0.3158525705337524,-1.2954574204151401
CYP,1996,-2.543181671586286,0.5740097621910322,0.6193324686064103,1.379048293753095,4.192722847605698,2.153255964501543,4.5358751641745085,136.8451866804182,NA,19.11932584974266,NA,0.162431985139847,-0.15154715051671266
CYP,2001,-3.693413222953894,0.6202927326895422,0.583099900333093,1.3257382613663815,4.035619400972722,0.9680878156908809,4.591926072939023,119.0631423468288,NA,17.0000116344154,0.829997981416238,0.465077006816864,0.01932952734902633
CYP,2006,-9.176392619456148,0.6913467560870249,0.5303119293760544,1.3156895213935833,2.7453175839775796,2.876608040105548,4.6270086901604675,109.1400685856794,NA,14.49631710587644,4.099390198553923,0.9642046928405762,-0.6466464831488182
CYP,2011,-2.3571094645560735,0.5899669729405481,0.4961451428863274,1.328809359033581,-1.5950570889833373,3.7939199223260327,4.562579637762424,122.4016789560568,NA,12.342440459431632,1.911282292075138,0.8141972184181212,-1.551974328479742
CYP,2016,-5.5504676245696745,0.6437717848976964,0.5104057416602852,1.3063312526111683,4.250210484569294,4.189020551611114,4.475466211635096,149.1667814893138,NA,13.69456261890376,4.122741806128537,0.9642046928405762,-1.289957706497336
CYP,2021,-7.4146843829257065,0.7043693523824043,0.5423660188211235,1.2935021728661853,7.7635804998193,3.914065207456545,4.471333936020959,191.10735632457434,NA,13.204060195522734,1.3316656236958757,1,-0.9993130078836332
CZE,1971,NA,NA,0.45744728823365577,2.045612014254904,NA,NA,NA,NA,NA,NA,NA,NA,NA
CZE,1976,NA,NA,0.5392682771164902,2.161179764960918,NA,NA,NA,NA,NA,NA,NA,NA,NA
CZE,1981,NA,NA,0.5712698795054695,1.9804677022892259,NA,NA,NA,NA,NA,NA,NA,NA,NA
CZE,1986,NA,0.5378401583906739,0.5578122647996151,1.9092063346686254,NA,NA,3.8512042365190267,63.0512785845125,NA,NA,NA,NA,NA
CZE,1991,-0.94528982535689,0.4737792019151493,0.49175253704225935,1.8751973653678926,-0.5857729985331163,6.719777294230723,3.916451017685313,76.92682281751004,62.0612127410035,29.935652618162667,NA,NA,0.062115291694559836
CZE,1996,-4.077332984004502,0.46483498298560005,0.4439369632970594,1.841428275189495,1.7137251781220544,2.3015084259783856,4.165582375147363,86.32939204410296,58.64820920576792,28.89791972064416,NA,0.43006473183631877,-0.05591650150589062
CZE,2001,-4.296574995103694,0.49206504104623516,0.41792004173965747,1.7662103724655276,3.76857688214217,1.8546766110040958,4.357148367307417,103.68565372575158,55.34674013000254,26.55298801642786,3.2469063083076053,0.9284093856811524,-0.18046198067907315
CZE,2006,-2.992554898064622,0.560871449819626,0.42076381263394425,1.7970878911344252,2.528121589539756,4.451233054994837,4.563292203946445,124.1276598783052,64.76537273577486,24.99651070319824,2.0194058532152455,1,-0.3842397408777822
CZE,2011,-0.7051499829137136,0.5859136662858743,0.48074324561954673,1.9849139182733142,1.6327741868999255,2.23816428525824,4.555051383602825,147.6333610777706,74.0410326571822,23.92433489379454,0.7259476565152596,1,-0.4007584517410308
CZE,2016,1.138724389745427,0.6683286692903739,0.5525705563660619,2.1165494496137542,1.7691276696430158,4.081811672971224,4.573835187937371,141.6749195419644,82.81780413462072,25.53588167717784,0.6140032573203462,1,-0.2242654081194008
CZE,2021,-2.2307106901301372,0.6759337922289872,0.5914040872417797,2.073970789168175,2.307923103276755,2.0447623482033315,4.745236247324706,137.760736236047,86.23103709113184,28.206784919420468,2.218858565419014,1,-0.1474222649495672
DEU,1971,0.7725525368795875,NA,0.49452650205725507,2.393797409504607,2.4467715469026543,2.3843829342942717,NA,33.10180093487544,NA,24.23771494853506,NA,1,0.062451921630144604
DEU,1976,0.07280069803454806,NA,0.4490182208053919,2.4271582097172635,3.37283227712129,1.330449503625659,4.769761923131216,38.79938077701358,NA,20.76157611950536,NA,1,0.06371400998872812
DEU,1981,0.864437423957959,NA,0.38672096863058986,2.227216108510856,1.3715385969573999,1.312554244591863,4.647072158610185,45.08956790070616,NA,19.39046422656938,NA,1,0.06872743792614999
DEU,1986,3.517628538917858,0.8149416468229355,0.3699159658692614,2.1750924007157484,3.309656866688902,1.4975486458901157,4.6719774906781355,43.48189853216882,NA,22.86798285056268,NA,1,0.1549459722994865
DEU,1991,-1.0687664425464114,0.8395111909611571,0.3981187452827252,2.1546468067013813,2.050138273555116,2.184553683529287,4.734052019355429,43.15414883047562,NA,23.52479545720594,NA,1,0.10382289325865939
DEU,1996,-0.800729536293466,0.7778165926057063,0.4142231186681076,2.190095195007784,1.9987807101769421,0.659757699413833,4.6883006496724215,50.630839935448435,NA,22.90532845183532,NA,1,0.019442872996862738
DEU,2001,2.504663141598356,0.7619179614684709,0.42963705663794954,2.3800651929586327,0.585131346889794,0.926335042995434,4.643054375482864,61.33319856544478,NA,22.5311314838901,1.7416462069365006,1,0.03239774037138341
DEU,2006,5.953818036005222,0.7845805441265559,0.4389325786370126,2.628860673014881,1.2467570851598118,4.004744098080689,4.648681868625239,72.75611288732334,NA,25.74044448245328,2.0437710243566927,1,0.13607037337985775
DEU,2011,7.095292317495972,0.8614031410104137,0.44247009455128383,2.503772121177849,1.6923337020819278,1.3868680603893577,4.569256259777248,77.99112290569644,NA,27.14646416013998,2.925235033292196,1,0.2146647826363762
DEU,2016,7.928249382543098,0.9011050661141221,0.47380462292169956,2.3248114194199503,0.6003290387565028,2.75150259432536,4.55981066988716,76.91856623335954,NA,28.92097681053412,1.2198360545581537,1,0.4761702160346356
DEU,2021,5.427583679323034,0.8782343673449624,0.5164420583116217,2.265378744396856,1.616536829257953,2.395644741714143,4.5644411216920995,83.55594581759954,NA,28.047777115623866,2.702468007827902,1,0.6707739085819457
DJI,1971,NA,NA,1.2144657993836632,0.531641622749431,NA,NA,NA,NA,NA,NA,NA,NA,NA
DJI,1976,NA,NA,1.3021173990557076,0.5370717484957876,NA,NA,NA,NA,NA,NA,NA,NA,0.4291670745794235
DJI,1981,NA,NA,1.353957861827358,0.5587930913841758,NA,NA,NA,NA,74.6307817934205,NA,NA,1,0.62255738441969255
DJI,1986,NA,NA,1.3558597546952955,0.5662452823316938,NA,NA,NA,NA,76.99949201616542,NA,NA,1,0.561461463639272
DJI,1991,18.49283870398646,NA,1.338982642186953,0.5574923763434975,NA,NA,NA,NA,70.978114713814,NA,NA,1,0.3624712299062998
DJI,1996,10.400682733294667,NA,1.2900232273474361,0.5272801387884206,NA,NA,NA,NA,59.59644396781278,NA,NA,1,0.1889271184776074
DJI,2001,7.974550192957543,NA,1.2828631628739522,0.505012921335516,NA,NA,NA,NA,67.86715455449622,NA,2.9803099949035143,1,0.16113915183845282
DJI,2006,-9.445105225915356,NA,1.3091903503941755,0.5128322184581564,NA,NA,NA,NA,84.36397934110376,NA,2.485558287387366,0.9642046928405762,0.07677263124686928
DJI,2011,-0.4394065339844005,0.07257573643493549,1.2562672527265086,0.5110086261061255,7.25098645957248,0.08202321980024822,NA,304.88276971142767,70.4222123588663,25.33171406448893,3.7527323379106075,0.7375011086463927,-0.1990690810803383
DJI,2016,7.765375929450269,0.08074823432558008,1.152488266513506,0.48081380925847117,4.820611837675562,2.198287807905416,NA,273.2245934446272,71.86930109698804,17.429848172394138,1.4724129855444743,0.701705813407898,-0.6428621970009168
DJI,2021,10.095628538547837,0.08547254582025185,1.0871083872056815,0.45532971169374764,5.460342999396117,1.2267664046033278,NA,283.88839392202664,75.57386255719562,10.593068211891683,3.2868424564212595,0.701705813407898,-0.883049525392429
DMA,1971,NA,NA,1.375131668482885,1.3400714156459745,NA,NA,NA,NA,NA,NA,NA,NA,NA
DMA,1976,-3.4340395097339074,NA,1.235991878318537,1.3356776274750475,1.8532141569993996,17.562341173164455,4.676159987874513,NA,41.02400090085905,NA,NA,NA,-0.15818259383680136
DMA,1981,-7.572871283031832,NA,1.0485506352235134,1.4207852721989487,4.62618251428005,3.6561597865817825,4.89702666522189,NA,39.49748247347196,NA,NA,0.418132960796356,-0.30478911791597163
DMA,1986,-12.631089736428978,0.19538336259424946,0.9363053758398838,1.5031548770528769,5.284877549747165,3.1882095257741554,4.866828318372209,NA,45.64132678574434,NA,NA,0.418132960796356,-0.23074081784186182
DMA,1991,-11.82124857968461,0.2008051719161437,0.9437576862846928,1.5241154259116676,1.7207894640947643,1.1167472278025288,4.8444928608136655,NA,54.6422679617451,NA,NA,0.418132960796356,-0.3408173334386226
DMA,1996,-13.86491289981295,0.19890481482762246,0.9233209284208795,1.4865329129609866,2.35167012485306,1.2853063430000606,4.786603493861244,NA,60.25757206393474,NA,NA,0.2135721802711488,-0.29279564060165286
DMA,2001,-10.203090698150802,0.1943079706808841,0.8749566128819276,1.4862559442657046,1.5333627630665614,3.503846025539738,4.75365007249693,NA,64.37833488562352,NA,5.703962791703873,0.2135721802711488,-0.4989177623886558
DMA,2006,-17.063069435740605,0.21657804832280994,0.8005662105040484,1.4323293936973243,3.1277324438304994,3.57683290947286,4.62528201777069,NA,76.62540801828384,NA,2.720294101747091,0.47484753131866436,-0.269462532245918
DMA,2011,-11.94581905207498,0.21542192472735777,0.7286473798153856,1.2069798162740084,-0.22966282240949645,2.036899896289626,4.557037904773091,NA,87.0065355881785,NA,2.5781776509775245,0.418132960796356,-0.5236030052854234
DMA,2016,-26.25788742206276,0.22823461997051683,0.6484336601390136,1.1893854022303991,-2.9782824909150483,8.451701347524638,4.565169041243157,NA,99.81988616203319,NA,5.974696645018892,0.418132960796356,-0.1283840168046851
DMA,2021,-33.331705487285,0.23655302533076866,0.6265406060686823,1.1684394815738874,6.476285391082186,3.503433460610075,4.548654559133249,NA,84.73697916483447,NA,9.62704523724699,0.418132960796356,-0.551660045212477
DNK,1971,-1.2123807575828,NA,0.4996068026334135,2.124832566432271,1.8641491688978757,2.8432500546598627,NA,58.25410035934584,41.8721453018322,21.2746612190652,NA,0.418132960796356,-0.1904592681767138
DNK,1976,-3.59418734928849,NA,0.4998051425590516,2.2320386440234126,2.739539107599758,2.5086436410482706,4.555486575922938,61.02866741859416,42.0545447710833,20.8166741945454,NA,0.418132960796356,-0.2707215146974744
DNK,1981,-3.289983804917798,NA,0.4563166889598364,2.3129134452149915,2.8596717791431328,2.1174862195093187,4.457589314871021,71.19306744454008,47.593593712400484,17.43492298570976,NA,0.418132960796356,-0.405631500269335
DNK,1986,-1.8057016538854491,0.7629361455705321,0.424065399449553,2.3430015911352036,1.5653508040673865,1.8496545396924222,4.556511357762003,64.93866188773556,56.85085432954496,21.35407772217734,NA,0.6598672628402708,-0.42048500203143663
DNK,1991,2.1187377636725158,0.7804730841372887,0.4253993980891596,2.2406085626860333,2.346961707601457,1.996654412790668,4.566483257365713,67.64165856987461,57.205548203618136,22.00520174074684,NA,0.9880682349205018,-0.3145801325765282
DNK,1996,0.8272503073712316,0.7856815416335156,0.47917354434168574,2.091270033766352,3.016369846565008,0.5042420074443353,4.565974278319377,73.3866036987111,55.31074596126388,23.84891371465122,NA,1,-0.2040408411411898
DNK,2001,2.914541370855628,0.789837815050526,0.545214737992501,2.0216066288586285,1.3967227817542034,1.09855049339988,4.58726985952107,84.1150166798584,48.40500286038372,25.63108092327106,1.1034564181080642,1,-0.10176788521407584
DNK,2006,3.570280358915482,0.8437420354364263,0.5803550326337263,2.0644781309159512,0.1989802098866564,3.269830562421043,4.617628604330799,97.14608608469811,62.39522098444162,25.54768625437416,0.7668115805072325,1,-0.001566653062494013
DNK,2011,7.226890785218618,0.8723172861439659,0.5866771521399815,2.2020164329592413,1.2160918574689845,0.7624340130902548,4.577622424185832,103.6658491815412,63.1835105193571,26.87598053326854,0.5890670590009262,1,0.33554675570664516
DNK,2016,7.14613570482563,0.9253659594118564,0.586990842971091,2.138467679246283,1.584165028484932,1.9871503464612326,4.567903883873425,106.1614707935596,62.72243341499242,29.24043988525098,1.8889150324988129,1,0.5583682650168448
DNK,2021,10.25661643172684,0.974687105663325,0.5963221331798177,2.062111788018311,2.5162249462156216,3.4512068780543372,4.554976275378532,124.64754501254667,62.320771833384164,34.364153806968766,1.8681541692269414,1,0.551827446398397
DOM,1971,-4.90188926085376,NA,1.301789617472722,0.5911111731612818,9.07131002610707,3.3195456889392463,NA,52.57513418804178,25.63664582704768,17.0822564175107,NA,0.162431985139847,-0.1838599779451284
DOM,1976,-5.866684453108354,NA,1.2392031059670954,0.5734229306521726,5.27014579872168,2.2265738852518204,4.967770054735186,51.42885031852062,26.56434829829872,16.327323680827938,NA,0,-0.2048571864599062
DOM,1981,-3.7156080906638502,NA,1.1879892619964996,0.5882614352255441,1.9473766914494,2.72645773925481,4.850787327959483,48.35440063281284,24.74756072331802,11.63360983363795,14.80414266686383,0,-0.2685666178681622
DOM,1986,-3.6886721234908078,0.15241318756427738,1.137776414816761,0.6080553851365982,2.948310062327898,5.591630816638296,4.449025585244578,63.50123479378158,30.222643622264,17.87451767239606,22.895932122632516,0,-0.4836422623150504
DOM,1991,-2.961171736971112,0.1643177190633861,1.0935587621614813,0.6250154513481736,5.568413988097473,4.050358203522453,4.5073676008565196,78.52292698563268,21.129930363442302,15.62107031393678,5.433220174044987,0.2135721802711488,-0.315669438752266
DOM,1996,-1.9407795884974155,0.17954555260228056,1.0729064729033948,0.6457281305194758,6.4349673909886675,1.5637210518871085,4.625279359294001,75.67803542604412,25.93875415311232,22.87620506739506,3.929377121643193,0.09545415043830877,-0.248917864865315
DOM,2001,0.4702615255943041,0.18308726004427217,1.0714739357872798,0.668143228805936,3.5247744909059717,3.9233563061385786,4.555724803769559,73.33766711420736,38.93368053363194,23.57855406843094,3.2190937265965873,0.34260662347078313,-0.3411585682052612
DOM,2006,-5.99560166221739,0.21369095202301636,1.0435129687193871,0.6680111754113678,5.852459468492122,3.5409715034715994,4.606237464248366,58.6265163435177,32.19635419865252,20.43411305218978,2.437826901156027,0.8568187713623046,-0.40290912968220544
DOM,2011,-4.645090308184054,0.23979753814505486,1.0090910120268333,0.6661158068909646,5.000260779888998,2.0389440929106666,4.547972099908056,56.47930106642744,33.55986637109882,18.45605042978508,3.1816662301379135,0.8448870062828063,-0.6146897022866702
DOM,2016,-1.1652448525828563,0.289124777617298,0.9801785141958576,0.6835069284022465,2.943219345115618,6.2151754791065805,4.495996997810261,50.09430143609376,35.96639035780644,22.71539955803282,5.803705712732169,0.785228168964386,-0.6683988683701663
DOM,2021,-4.09006816196003,0.31316913810970676,0.9811158900852253,0.7148458263372809,7.147561305875347,6.137085107115532,4.499028409859926,52.05727785934587,38.39255040588093,25.3579775759708,3.5156791662493934,0.7613646388053893,-0.6471327511023227
DZA,1971,NA,NA,1.3177606291565425,0.7360882079701411,6.489137185091282,13.839319267842056,NA,60.05390162825792,55.25100909962424,NA,NA,0.0324863970279694,-0.1897211615096532
DZA,1976,-7.208363301220275,NA,1.3970015119033663,0.6789161109023392,6.225722338972241,3.378182351652861,5.750910590517189,67.37913648965146,60.61944071563304,35.384490554320976,NA,0,-0.386684607543786
DZA,1981,0.302625326071826,NA,1.380638453474415,0.6466365625403064,4.819999402408474,1.4149232739304356,5.969828061258966,56.52690931603022,68.81252779263838,33.79307309744024,12.637558521785767,0,-0.28006787789890764
DZA,1986,-1.2790909689153174,0.31823494277889663,1.3035243554227747,0.609093330061488,0.7800001453383436,2.1568511265398356,5.722878711438759,40.47138314088388,74.77223213864882,20.31448211138618,3.5281058471025952,0.0974591910839082,-0.4350277493133452
DZA,1991,5.17702797301749,0.2879420059747867,1.2044652371219,0.6054871838861388,0.2799998393575074,2.4468330311810407,4.916510443175026,50.12098546191192,46.7285761637085,32.2593224721988,5.587494536713264,0.162431985139847,-0.5987800456056656
DZA,1996,NA,0.2586131776556754,1.0682050209193854,0.6547965319187335,3.460000714875094,1.4876163298717562,4.8330009702102315,52.96619258304638,38.30030419849484,NA,9.869783666619162,0.162431985139847,-0.4407979421526214
DZA,2001,19.7857720899622,0.2694736483902276,0.9128898252219798,0.6415855598963109,4.95999999974262,1.3049904221129216,4.689769344885944,59.41736949894564,55.03744670248912,50.7233014541467,13.805157923451125,0.162431985139847,0.09187152305928452
DZA,2006,14.157206983170354,0.28321397075559923,0.8600229270734104,0.6208693017590137,2.90000000005396,1.2942179111022527,4.612306136210009,66.45304566580126,60.857873087665716,53.05859826824374,13.637815074270511,0.162431985139847,0.735828026183846
DZA,2011,-0.8723898672947208,0.27017388794132446,0.9242011290685725,0.5967956169201731,3.059999999986058,0.6618156836546303,4.613432325615762,58.45138040195072,66.7909344452879,45.80963755362932,21.79490766211227,0.162431985139847,0.695227715765229
DZA,2016,-10.920422923515462,0.21692722524649943,1.071813954709267,0.6157273365323394,0.5400000000296136,3.308020555785898,4.550544126918023,47.782903162481716,74.12408088676432,38.31043874300264,15.107613974417005,0.162431985139847,0.309401838912507
DZA,2021,2.940014512579897,0.20370260682396563,1.1560977468423825,0.6307391512311328,3.83333333333862,0.2516611474997017,4.538921290486526,47.25564902635036,74.578316005299,41.03956388223857,29.850516466777147,0.162431985139847,0.1248100050249982
ECU,1971,NA,NA,1.1794268785483963,0.7743301593545033,9.48831853315552,3.7172924134875105,NA,33.31511187057228,14.23396127992536,NA,NA,0.5387545228004453,-0.2353569471940332
ECU,1976,-3.4306797058019285,NA,1.19130151297338,0.7046666361134009,4.430317208780878,2.2034432030895466,NA,34.57130693714566,15.4067284381392,20.23991122358274,NA,0.553995192050934,-0.3235350691448548
ECU,1981,-2.469600269350887,NA,1.175748624308548,0.6705609775188326,2.490223076561355,2.4169195270349797,NA,32.39596931065232,15.30597201139634,16.46547998838148,14.118408729431245,0.34943441152572596,-0.5363016746246372
ECU,1986,-5.006347539883744,0.1938813181456287,1.1266457568986101,0.6428173934221936,2.75636861914974,2.415314255784071,NA,40.64230445837326,12.569937890971099,14.17882658568052,4.330452406891883,0.1909083038568496,-1.0069005000641142
ECU,1991,-3.4745588939063325,0.19490509249719154,1.0844069023522962,0.6639346739035422,2.977934066058046,1.1880377842574257,NA,44.57268405745108,17.29583194242538,16.8964800540418,5.326752452284001,0.380124208331108,-0.8548204157726786
ECU,1996,0.3356384320889175,0.17429959264224298,1.077610200342724,0.7113897647284522,1.135711504606644,3.521511861598805,NA,49.4467086265347,19.73219181870386,19.46372223381342,6.113504117250986,0.4128190219402312,-0.9879781005494855
ECU,2001,-1.664779507049248,0.16542612686859604,1.0865273918108562,0.7412934585460904,4.84997750502617,1.4589859098303108,NA,56.26307417853358,26.13057384582584,19.31007039871062,6.031825827833946,0.603152698278427,-0.563877184122323
ECU,2006,1.7371456187711245,0.17707866724155702,1.0755979981935189,0.7697466356005092,3.5857264229451458,2.162171160148236,NA,66.48159368080695,32.52499628644504,26.81083360072872,10.21396103380074,0.952272927761078,-0.2076009645466222
ECU,2011,-0.9150853066849596,0.20225413455780847,1.031944377099389,0.7823434648027283,5.1643365498927984,3.2367041614430994,NA,61.94526590159904,39.305459948624836,25.81976313093826,17.48290593694309,0.5329403042793274,-0.1297961083208806
ECU,2016,0.11580492134128997,0.18983858520143326,0.9521660830325898,0.7740910421643267,-0.5505905113183635,5.504382501457902,NA,44.84674463271992,43.21736276370346,21.02169811703,8.187612594645643,0.701705813407898,-0.2393292631318856
ECU,2021,2.25911231605389,0.19267682249724266,0.9050514499708773,0.7581619977192118,5.759518126267257,3.718023707197652,NA,57.379940664756035,51.70548908403797,23.417912997138167,3.8798625405203913,0.701705813407898,-0.220094187963788
EGY,1971,NA,NA,1.0526188427840841,0.7658558153707233,4.223588568952116,2.7947379342605694,NA,39.6370731704114,39.25621956849138,NA,NA,0,-0.11519279796338808
EGY,1976,-5.565620036490255,NA,1.1098008064243403,0.7439103998320933,9.094104004228836,3.132696151411556,NA,58.9448141645638,53.93105280177432,22.272585568283127,NA,0,-0.4358497195850548
EGY,1981,-5.521054389370912,NA,1.1757778432844526,0.7419928824670474,7.577480074784694,2.210015500387795,NA,58.88973513813504,81.67170870862114,24.54285703896142,9.376640679602637,0,-0.6488845506784862
EGY,1986,-0.8593972367551432,0.14927767069185097,1.2165732942552647,0.7220386938324026,4.925299283429354,0.718303373686877,NA,45.40885121247004,85.83815660385218,26.33150496273664,21.572759146762643,0,-0.4136872473820466
EGY,1991,4.381964971593972,0.14784331270776555,1.196614679310921,0.6784497595743016,3.422937106327106,1.4528954285632383,NA,55.79115959865062,84.45823452997814,29.63972592384714,2.8345722870788252,0.1134291291236876,-0.3477743854848804
EGY,1996,-1.3978850378864764,0.14855123847693316,1.1591968354927518,0.6441441273737262,5.696005076746142,0.5334477372510608,NA,41.99877605611588,76.72142491072134,18.38542941081532,4.65957706245726,0.7182503461837768,-0.2073288459075718
EGY,2001,2.462950857840019,0.15019401833669385,1.1286373651976915,0.5968175130205746,3.5365453640095037,0.808550879234527,NA,49.54993730791892,92.14202033892361,19.72343692067856,16.867699767645,0.9432854413986206,-0.2496829407544072
EGY,2006,-0.38549396260031,0.1683175775617345,1.141239385399574,0.5432243163460703,6.181756768747349,1.178324165714383,NA,60.55336596417256,89.17988805287217,20.9891532654262,6.817624219623726,0.9642046928405762,-0.14265263518164567
EGY,2011,-2.6461167070300062,0.1909327990178125,1.1987427341458392,0.5223233140674506,2.692833751802754,1.0254592157362912,NA,39.62131444884838,74.7099466036722,12.981715280692521,2.3847431727546686,0.362796610593796,-0.26970588353021396
EGY,2016,-3.841949072208024,0.2013421279502826,1.2481972536405015,0.5110704897842924,4.592246196776998,0.8340293279390822,NA,38.44799516097406,83.38661533949676,15.164781459980304,1.3957077057894367,0.3669927656650542,-0.5835066962725872
EGY,2021,-3.2552936754653166,0.22288579138334225,1.2455702132927622,0.4990501793846975,4.5462573812280835,1.783592165227288,NA,35.7634930433622,89.73219096933234,14.758760024285968,7.713840375152533,0.418132960796356,-0.7071517844576845
ERI,1971,NA,NA,1.1516374769655189,0.49748750854627644,NA,NA,NA,NA,NA,NA,NA,NA,NA
ERI,1976,NA,NA,1.2334235744256752,0.4841033595135888,NA,NA,NA,NA,NA,NA,NA,NA,NA
ERI,1981,NA,NA,1.3019575194305755,0.4989631982044582,NA,NA,NA,NA,NA,NA,NA,NA,NA
ERI,1986,NA,NA,1.3502812172941892,0.5076874837748337,NA,NA,NA,NA,NA,NA,NA,NA,NA
ERI,1991,20.02616195087509,0.04529845942284988,1.4078986225147958,0.53320502697721,12.511517582446766,9.217782839278094,NA,93.66039945611631,87.0030476416511,45.81110160186327,2.2893526733243452,NA,0.776398685425047
ERI,1996,-18.455945608957144,0.047230700231658304,1.492616191889287,0.5482829017053026,3.162320085149344,5.274617275950659,NA,98.22009214796984,117.14622234542306,18.689058023084215,2.294576457073562,0.3328993022441863,-0.071597196609834
ERI,2001,NA,0.041590912463264906,1.5943699510405664,0.5606692106754299,2.626306782445806,4.092368226632919,NA,69.86752735548296,140.8571221294228,NA,34.85555862889268,0.1299455881118776,-0.6539759316558695
ERI,2006,NA,0.03408205434821598,1.6717063159620733,0.5696639604707552,-0.6509466081819529,5.39457963390974,NA,35.1649925414413,135.6831972991412,NA,24.47410876824731,0.0649727940559388,-0.8490093367660086
ERI,2011,NA,0.03482914076495848,1.7042217996411655,0.5609734725802312,8.67980010138049,NA,NA,47.3937901188684,146.24687153777626,NA,9.908228903290434,0,-0.5240747462929
ERI,2016,NA,NA,1.7209794204371314,0.519825042385139,NA,NA,NA,NA,NA,NA,5.5798745505611524,0,-0.5007598541971269
ERI,2021,NA,NA,1.6369946732635507,0.4671732701096638,NA,NA,NA,NA,NA,NA,3.49475797922164,0,-0.44359917645729474
ESP,1971,-3.39422081591836,NA,0.6219170258291894,1.70333947654661,5.349734768442099,3.06033418780148,NA,28.42688823648852,NA,25.0970984335906,NA,0.3158525705337524,-0.0324984229208601
ESP,1976,-1.4050288501398485,NA,0.6315773649057744,1.7602852966965616,1.971128744413623,1.2812478425857672,4.543633108735469,29.30791135984892,NA,22.40797988271972,NA,0.3669927656650542,-0.08526272537786692
ESP,1981,-0.831411934243478,NA,0.5932144324775329,1.86273753242091,1.39804645705425,0.9362196548044449,4.420808764390456,38.86491792601232,NA,19.27940465131124,NA,0.418132960796356,-0.1399603438290318
ESP,1986,-1.1057115181577297,0.57247413111844625,0.521346478080824,1.9839885130670236,4.500638484178836,0.9522651959449471,4.559479271041714,36.31928306121284,NA,22.08509868385506,NA,0.418132960796356,-0.10653772982895628
ESP,1991,-1.8960334062267097,0.5751689407592887,0.44091165180169756,2.0864025201055405,1.5168827048934281,1.5959529316808063,4.591825522078678,39.01262062561424,NA,19.95143830424212,NA,0.624071967601776,-0.1722820232248172
ESP,1996,-1.8274794865940764,0.5775966128748942,0.39790254110307877,2.1855074448808236,4.02123901131995,0.9756114047181424,4.510573705715135,53.01474817930722,NA,22.11165232333332,NA,0.9642046928405762,-0.232383805489791
ESP,2001,-4.88159718739817,0.6294670972762993,0.4081551532549934,2.1920210955569868,3.255918316713058,0.4737372379930341,4.557125889553691,55.14610115675128,NA,22.80520693605352,1.0839632591711692,1,-0.5236121667767146
ESP,2006,-6.899248818246976,0.6728726360053291,0.4460793226889229,2.0744258940151954,0.934018055647565,3.1332599446845384,4.6252062079541885,53.81381332716826,NA,20.16380327232318,1.9266551326067674,1,-0.8688404839000906
ESP,2011,0.6774945395930805,0.6200119886656362,0.4906016923632127,2.109253231466956,0.1297992181473772,2.7098847073851555,4.587222251049271,61.5431867180111,NA,19.53617449911596,0.9071934744033383,1,-0.9266520635891426
ESP,2016,2.157432304373965,0.6500368718971596,0.5009516201806649,2.0382164042711044,-0.1544565634446541,6.042252718708498,4.565918169925904,64.43557748913106,NA,22.32303377262142,1.5786069808536918,1,-0.8143422204444988
ESP,2021,1.2922945970419417,0.652417435134754,0.4854008487958644,1.9604391366204632,5.171439764693947,2.352637977512039,4.572040264206691,72.2626531396899,NA,23.20000655787007,1.8027756377319946,1,-0.5517299540053068
EST,1971,NA,NA,0.4654134064491828,1.9386955714375333,NA,NA,NA,NA,NA,NA,NA,NA,NA
EST,1976,NA,NA,0.4842493870046906,1.9317792614592657,NA,NA,NA,NA,NA,NA,NA,NA,NA
EST,1981,NA,NA,0.5191900212468727,1.8386386944197066,NA,NA,NA,NA,NA,NA,NA,NA,NA
EST,1986,NA,0.3131576709290769,0.5432943761424525,1.7493571606193488,NA,NA,NA,NA,NA,NA,NA,NA,NA
EST,1991,-2.33291298778596,0.23727576284568633,0.5444969068893799,1.8808844116002483,-6.404947370639776,9.528043210325844,NA,139.785638610973,NA,18.519035375154733,NA,NA,-0.0541681571941201
EST,1996,-7.605397178829464,0.24879984310306333,0.5083319661610807,2.0503984930390398,6.399094757199974,5.2623555667271305,NA,142.2958205860816,NA,21.22124066339688,NA,0.9642046928405762,-0.3672265800476396
EST,2001,-9.86093304467299,0.32855497710850246,0.457908028597473,2.122030178052641,7.346760700808436,1.3617177041565756,NA,127.6872100910852,NA,22.7018449188943,2.683717982545316,1,-0.6772714223121744
EST,2006,-6.842246150940336,0.44555871562381844,0.4616661443501342,2.2042001600900845,0.0055412451413242355,9.986740742194643,NA,133.542879434603,NA,23.8985821290932,2.0887795479657476,1,-0.732378467740978
EST,2011,0.2591908212756572,0.5156555310649567,0.5216579486773444,2.186611902978899,3.6392859242144118,2.3786961695327102,NA,161.3929748660936,NA,26.99258910704128,0.9984988733093322,1,-0.481426032242753
EST,2016,0.5076307929381623,0.5939701047353064,0.5797681063689732,2.1642171920695956,2.654046235721564,3.239927414921515,NA,142.7223795601926,NA,27.63641384036412,1.3461054936371089,1,-0.2869932019307326
EST,2021,-2.7178762217755033,0.6102644521005433,0.6065058184580249,2.10015561885341,1.4281638780700134,5.960634435854863,NA,163.58388630743866,NA,25.6243043189441,1.6093476939431097,1,-0.16659366728742037
ETH,1971,NA,NA,1.216405928124147,0.5728654050103179,4.076659060073058,1.9842173087414745,NA,NA,10.80674817888332,NA,NA,0.162431985139847,-0.02555053237980392
ETH,1976,-1.9825564380613425,NA,1.3329180778619234,0.5595094418148575,2.1875801486504356,2.894528312708497,NA,NA,14.67419818306462,NA,NA,0.162431985139847,-0.05421890052122324
ETH,1981,-1.639946022542552,NA,1.4199217668016115,0.5572287368020907,-0.09196134576627361,7.418185586765235,NA,NA,17.6805851487645,NA,NA,0.162431985139847,-0.394058718880395
ETH,1986,-2.173483126685474,0.01745713764358828,1.4590835445103456,0.5402937582631623,5.278005047693757,6.204004485118467,NA,NA,23.3106438023721,NA,NA,0.162431985139847,-0.6326014079490864
ETH,1991,0.2693760773298504,0.014437270826858091,1.527933624226607,0.5269265678940663,1.330070020910544,9.189211756300713,NA,NA,29.4846435047255,NA,13.993772108794195,0.0974591910839082,-0.902546634617476
ETH,1996,-1.8861307177874358,0.01382640542266057,1.6799819369255475,0.4944375944549885,4.667460960478894,5.718296386562493,NA,NA,32.29212579931976,NA,13.070407212745062,0.162431985139847,-0.6719771070664108
ETH,2001,-5.41841127803106,0.013422462665132294,1.846851179318681,0.4742756872987918,6.609208279218986,6.733650025251779,NA,NA,43.04161043461458,NA,4.505507231465883,0.162431985139847,-0.668789951883095
ETH,2006,-6.287149321449074,0.01758242299841373,1.908290094053183,0.4550398934922266,10.886501458154319,1.3646115315546559,NA,NA,38.7320914043184,NA,7.946886182650409,0.162431985139847,-0.339883039766458
ETH,2011,-7.867739430034382,0.02477909178165416,1.8141951299915133,0.42782722593625977,10.211666778394731,0.9423573510565402,NA,43.09996699415456,NA,30.6371098362264,4.2168708777955235,0.162431985139847,-0.3708073129746612
ETH,2016,-6.61376121256639,0.03410010532938381,1.6862134859880107,0.38048553179604505,8.047487345324123,1.5644305219748151,NA,30.00468956426296,NA,29.79960849436654,4.856747883100374,0.162431985139847,-0.6398913983943628
ETH,2021,-3.9488938861092833,0.036675946060570785,1.6431699386095648,0.35151220009826173,5.852512190058433,0.6619593030940318,NA,23.846252889586964,NA,22.347758790586933,1.4224392195567885,0.162431985139847,-0.6555832946739745
FIN,1971,-7.26075539532321,NA,0.47992874448929107,1.5756784739541543,4.423533158831056,2.7414065205599814,NA,49.8531554711659,NA,30.548235699052,NA,0.418132960796356,-0.2076618225020534
FIN,1976,-0.9796126819002915,NA,0.45997327292968276,1.737306289470812,3.2029149609961345,3.0484011387574133,4.742565616120972,55.06395609273534,NA,28.94444080402592,NA,0.701705813407898,-0.2077059011743256
FIN,1981,-1.2698903206012058,NA,0.4511634118230147,1.8624942235505872,2.849307159027098,0.8907783898134972,4.806680222276144,57.71610848830638,NA,28.08434305849292,NA,0.701705813407898,-0.1880445617911956
FIN,1986,-3.0197424889923443,0.7597189777743178,0.4639812607871786,1.9596254888070723,3.464564912248186,1.8671327212260307,4.886271390319384,48.27600977733088,NA,27.48418868846042,NA,0.701705813407898,-0.1999680725770546
FIN,1991,-1.2336023635874098,0.6822060004330766,0.4784349957228962,2.0238240324747268,-0.35460898492503773,4.448935191144181,4.740425986372035,55.71741235193784,NA,19.61365981187412,NA,0.8806823134422301,-0.4431471881457422
FIN,1996,5.760362830961502,0.7068470465433954,0.4925437463557557,2.058425537576228,5.131529296060968,1.0957889037406146,4.659460102895605,68.44185191159184,NA,27.533226618039098,NA,1,-0.9338779337632264
FIN,2001,6.61546268916315,0.7421149547454474,0.5100252817986415,2.0840749251917017,2.624415427182774,0.8922055486283051,4.645401620234709,71.04667106392132,NA,29.82090310129922,3.577661990060456,1,-0.33294367179536843
FIN,2006,2.796685326108128,0.7924404218793816,0.5273353980078049,2.1582571624066627,1.0418126028911243,5.357975933025402,4.641836152667301,79.328505935936235,NA,26.93695766189234,1.5943650773897422,1,-0.06544527831594646
FIN,2011,-1.601077384119882,0.7752773574182016,0.5571808630390186,2.3389202955167376,-0.024750251969850822,1.5359063261063293,4.5898844832897625,76.44421803252077,NA,21.22555772525886,2.3473389188611002,1,0.04925765133512166
FIN,2016,-0.7717948367040838,0.7935048524606808,0.5829627253298998,2.434753215796747,1.18539683687623,2.2333562544392302,4.5808913058059755,75.91067061710002,NA,23.75524596612062,1.3831124321616086,1,-0.015264431461600182
FIN,2021,-1.035631599507667,0.788303087991924,0.5839568552669129,2.4215471833541393,0.8334316227129126,1.8087474686000025,4.576284155384958,86.63840094980114,NA,23.982377792772166,0.6506407098647699,1,0.08910721086858815
FJI,1971,NA,NA,1.131511862202738,0.5089154802302853,5.82369858554092,4.353619110589764,NA,NA,34.36238661803024,NA,NA,0.418132960796356,NA
FJI,1976,-3.6087211426318953,NA,1.055491708525545,0.4908191476484012,4.224987875637566,5.210107727752075,5.134703348798173,NA,33.87349907407524,NA,NA,0.418132960796356,-0.206054236874022
FJI,1981,-4.991451952066614,NA,1.0494297758112199,0.5050020339657066,0.034186189619836146,6.767843422252651,5.1712057094058475,NA,35.84193082879658,NA,6.252909007360543,0.418132960796356,-0.4307156954042168
FJI,1986,0.7156597786963221,0.16248607346682817,1.0776862367344815,0.513633832507307,3.0658555988601086,6.056173750928623,4.86038339168963,NA,43.73701541976376,NA,10.051850247216478,0.2647123754024506,-0.3457068208322524
FJI,1991,-5.853355429499752,0.16449534964094373,1.0721525049929401,0.49688379740305294,2.626005749457078,3.4211671722609833,4.820660677045516,NA,54.03757690569626,NA,NA,0.3669927656650542,-0.207566810758305
FJI,1996,-1.0970235600564242,0.15962971569000597,1.0265924433281663,0.4971470007944382,2.2000003632544862,4.628713822662971,4.747212490950555,NA,43.37520808355404,NA,NA,0.162431985139847,-0.12958416937742145
FJI,2001,-4.337460393997883,0.1535098965709241,1.0044088054379094,0.5288687190275573,2.4399997424567443,1.8742996906000453,4.7260111861420775,NA,52.56248304731986,NA,3.3505888913636563,0.162431985139847,-0.08740729088597225
FJI,2006,-10.384030419868372,0.1485758608464103,1.0113350148801301,0.5683559200880318,0.7206516993390575,1.821844425495726,4.709578886107203,NA,68.73216118305626,NA,8.30800818487801,0.162431985139847,-0.5919309600708614
FJI,2011,-5.111564369679302,0.17424649856261223,1.00987160058576,0.6010333297053931,3.7910783433651623,1.697147980673137,4.653595009355028,NA,70.17780564195378,NA,2.4772969139770074,0.162431985139847,-0.6974299809541712
FJI,2016,-8.520353702602996,0.1968786658357983,1.0028968112349068,0.6070475923761659,-1.2308228781801636,9.181661993808362,4.720222435712835,NA,78.00525102072181,NA,1.7285832349065546,0.162431985139847,-0.9348258068211092
FJI,2021,-9.774881628527,0.16314102271411976,0.9912821488642005,0.6040169181363765,7.613874515255777,11.1584874766634,4.715086908437637,NA,99.0322248892984,NA,5.404010856145026,0.162431985139847,-1.269045289214095
FRA,1971,0.766910932919374,NA,0.5479978555410601,2.2357282584575584,3.8942484083782105,2.7985993812922887,NA,37.2059324719685,NA,26.1995997347271,NA,0.3326055526733398,7.38429800541393e-4
FRA,1976,0.12730046250670699,NA,0.5388377373171513,2.233293568420845,3.44255969735414,1.0311980402216256,4.778208159109872,42.54604538732166,NA,25.718825796987982,NA,0.418132960796356,0.021947543170001655
FRA,1981,-0.7972323053454893,NA,0.5208048285668302,2.0763123957016765,1.61428617587349,0.4983831511579044,4.671301438999572,47.95188589780016,NA,21.25034380009924,NA,0.3669927656650542,-0.010355932330024346
FRA,1986,-0.3738658950144106,0.7315101493041988,0.5049478654384291,2.0918261455750584,3.398260436601264,1.1263416714885002,4.689463796512523,43.66868609801718,NA,22.79789374313054,NA,0.43006473183631877,-0.04615047293304312
FRA,1991,0.332201867220829,0.7301148175760592,0.5072039111829045,2.1873499955457674,1.416435886889124,1.108953403478535,4.68364419562139,43.96513636104398,NA,22.08345356167682,NA,0.8149802684783936,-0.07896170555711368
FRA,1996,2.201300523890578,0.7080531885284436,0.5185113737231378,2.2566609589654307,2.983408780168846,1.0556771284659876,4.645588742546587,51.35881498649406,NA,23.2508907632584,NA,1,0.031398287405169346
FRA,2001,0.802325637158813,0.7150038152236694,0.5533565825919852,2.2518600724943973,1.7383721662444163,0.7695141476173628,4.621463709397368,54.83944818935616,NA,22.65646071682686,2.092044341432754,1,-0.0051930114784738204
FRA,2006,-0.5838721706818867,0.7208120148729371,0.5926596772370281,2.1936839156784504,0.9600982060309643,2.3067543558493737,4.637042477302762,56.79765981039306,NA,22.32650974938458,1.7697457444503157,1,-0.126477938017635
FRA,2011,-0.8297177301856172,0.7339581647223233,0.6337664358037167,2.234774135602137,1.0935511887247908,0.8278108467438507,4.5680885173511445,61.957556113149224,NA,21.372573073236918,1.065363787633125,1,-0.19338098718195879
FRA,2016,-0.6329383048716088,0.7540091179644692,0.648539333273277,2.2647111618671074,-0.16472895518660935,4.096589810020893,4.5451873413611,64.16174665474848,NA,21.78856465786622,1.1414902540100849,1,-0.2986975823470504
FRA,2021,-0.7437090262444089,0.7361035270967065,0.6535822947394874,2.2295787670274656,3.6794384732796503,2.8463933783126434,4.523735729811143,70.12587849669804,NA,22.561075349823433,1.4571661996262957,1,-0.344204231711134
FRO,1971,NA,NA,0.7181157314376232,1.5698279587279191,NA,NA,NA,85.29167642379362,NA,NA,NA,NA,NA
FRO,1976,NA,NA,0.7046450696148768,1.6207725848462142,NA,NA,NA,82.57104424016855,NA,NA,NA,NA,NA
FRO,1981,NA,NA,0.6566718572475022,1.7709314040850084,NA,NA,NA,88.18337449956756,NA,NA,NA,NA,NA
FRO,1986,NA,NA,0.6267864408296855,1.853302255511409,NA,NA,NA,85.1520362627618,NA,NA,NA,NA,NA
FRO,1991,NA,NA,0.6468071380334832,2.016001899189315,NA,NA,NA,78.13482390184053,NA,NA,NA,NA,NA
FRO,1996,15.060988638941543,NA,0.6737279206069294,2.042290489207226,NA,NA,NA,99.80845903616635,NA,40.447125287414465,NA,NA,NA
FRO,2001,6.263417026718543,NA,0.711525973321996,1.8997218768057686,NA,NA,NA,101.23279427373436,NA,28.66701749846606,7.134941394474425,NA,0.40845979700453566
FRO,2006,0.298877946720802,0.8327759633988485,0.7215611762581845,1.9055726948851746,-2.466558116126698,2.951096185793136,NA,98.88803918383164,NA,22.04555141052164,5.549324283189804,NA,0.3440476483067682
FRO,2011,7.75436992619401,0.9157110027379806,0.7407314005736552,2.0357977728895036,4.578826904795411,2.3852898926307917,NA,109.7639481490058,NA,28.776649160837,6.4974610425919455,NA,0.1832791010068994
FRO,2016,NA,0.9449893732880325,0.7687701096255434,1.9844524196197435,2.1126720527066523,2.390426143024078,NA,104.70274316683732,NA,NA,1.1882760622010344,NA,0.2140184964890284
FRO,2021,NA,0.964854451459953,0.7807560118692437,1.8475817372334515,4.02870048533018,0.9648057580948629,NA,113.229259779467,NA,NA,0.37859388972001295,NA,0.09737965210011515
FSM,1971,NA,NA,1.3579968771395847,0.6473774833526119,10.540012676613486,14.466794760763719,NA,NA,NA,NA,NA,NA,NA
FSM,1976,NA,NA,1.4287176224627538,0.597754581067084,0.6691118435944723,4.792346284922618,NA,NA,NA,NA,NA,NA,NA
FSM,1981,NA,NA,1.4935490900154798,0.5777335310701045,4.326167037500218,8.67632132651099,NA,111.044593999029,NA,NA,NA,NA,NA
FSM,1986,NA,0.07013448476579891,1.490227512555243,0.5510883319288702,3.79898982905617,2.543225738485735,NA,NA,NA,NA,NA,NA,NA
FSM,1991,NA,0.07603944473228746,1.425320897759298,0.5915988921354548,5.211191210506704,3.577908486350098,NA,90.9380243498818,49.0310545887258,NA,NA,NA,NA
FSM,1996,NA,0.06651886759434208,1.3292922640771607,0.5535552825078708,-0.19198899789954807,4.479138093494528,NA,100.062482981072,49.09960696013942,NA,NA,0.8210234761238098,NA
FSM,2001,NA,0.06397123380835001,1.295607992522672,0.5309696380683651,0.6299780613248164,2.2453346604474502,NA,95.11991268325148,42.75175596398678,NA,6.881948658793204,0.8806823134422301,NA
FSM,2006,-11.191397293552281,0.06111777432839143,1.2662189805726722,0.4744977964615917,-0.26829718333731256,1.9235970322443723,NA,105.6827417911042,38.56890773090492,NA,3.6787226043832097,1,NA
FSM,2011,-3.838583005013882,0.06027660854949875,1.232484914123154,0.45963881769751197,0.05217864261907201,3.776011242664784,NA,110.33858347283,49.2655582980779,NA,7.510126496937319,1,NA
FSM,2016,NA,0.05711384235044233,1.2150910701902564,0.5137474816333697,1.1054335949395253,2.177794844134336,NA,98.07546545944344,67.4752594311245,NA,3.5885930390614127,1,NA
FSM,2021,NA,0.053091476351245295,1.2291480224923785,0.5689171105956158,0.215642501642606,3.009829179977908,NA,91.94100256156807,84.8734390716695,NA,4.103656905736632,1,NA
GAB,1971,NA,NA,0.9215406369953281,1.3950734134063076,18.091069060445978,12.535028078927512,NA,115.74783208808246,15.462297161506859,NA,NA,0.2814653553068638,-0.4921587338408324
GAB,1976,6.74446061775242,NA,1.0579904365101158,1.3119938818158152,0.40427663378984235,22.426342695257677,5.40800075031705,99.09142164040864,18.984246510030122,41.532146508534034,NA,0.418132960796356,-0.7660032705242734
GAB,1981,4.035964718882414,NA,1.2024801543403487,1.259023432784989,2.556400507221434,4.903053265353984,5.279530529805333,105.86691385308386,18.057914371642198,43.58667875187558,35.5587758541135,0.418132960796356,-0.44216394675222
GAB,1986,-12.51558553060039,0.500323349115193,1.3127016498765525,1.1621144688667622,1.7266521131271193,11.669518479571257,5.327183055024948,84.04463536889402,20.89160872310736,19.18467807079514,5.819615302330752,0.418132960796356,-0.767996539896754
GAB,1991,3.041675879926862,0.48931299324958283,1.3639994497094725,1.0270549405377851,3.131103088762192,3.6052625677172503,4.88358848596866,87.76164003300848,15.827701792528561,25.47873928756818,6.243386397727715,0.418132960796356,-0.8321896485202546
GAB,1996,8.074595887995851,0.43322807436587885,1.374660747599613,0.8893169932823959,0.4051321604794577,5.930468351302371,4.642745064541639,97.92306587383676,15.4047299007581,35.24424381510768,16.886925815376003,0.162431985139847,-0.7745804940121878
GAB,2001,12.19754582832907,0.34103101920998236,1.3768605554792828,0.7639193630009368,1.499855331301881,1.2309991167145666,4.597187868376159,82.88348799349164,15.36727519994068,35.61312271865072,16.5651375895179,0.162431985139847,-0.574301122260837
GAB,2006,17.591054981620985,0.2896978652008132,1.3681909661415539,0.65027564145139,1.4226634909533054,4.875540707306855,4.629410180166534,87.08860023257668,18.099779437559658,40.02227205304818,12.537743018581933,0.162431985139847,-0.2986234354404546
GAB,2011,8.244267519653919,0.2742529666702546,1.3644537025838135,0.5496418031743591,5.235078619926232,1.254615337191769,4.5655111042250445,84.18926657962464,23.25758116093116,41.74440063602434,19.982692511270844,0.162431985139847,-0.405948323262926
GAB,2016,NA,0.24052118026152838,1.4053110860759406,0.47416322963030016,1.0970097101960172,2.12323932972515,4.593595263293635,73.15617266055251,22.65360837633665,NA,12.023934464225926,0.162431985139847,-0.9642525059946856
GAB,2021,NA,0.25624151393347416,1.4675667646673214,0.4353045309758702,2.314836153608243,0.7921531518863246,4.606600489064257,89.63001812470193,NA,NA,10.521565156065583,0.162431985139847,-0.9754021511603923
GBR,1971,-0.8302311624474736,NA,0.533268153229305,2.316222350475327,2.1175729560985914,3.5887092785725483,NA,48.6361676485277,38.57658074970572,21.87465002800292,NA,0.255701005458832,0.03763258509751254
GBR,1976,0.2284480747940303,NA,0.511178281845132,2.3620817355754244,1.827810152627094,2.270642557418407,4.8594234323742205,55.46165371765662,32.05998266571072,21.37939697534134,NA,0.4698982238769532,0.02880811587904308
GBR,1981,1.2636214610743528,NA,0.47648615780879594,2.3761421105469864,2.132852691737072,2.03791862969022,4.874381124016538,52.0354126801421,36.61497454012482,18.9679976685215,NA,0.9642046928405762,0.13872034974708253
GBR,1986,-2.7984584123827005,0.6909328144639787,0.4724386945696694,2.429384185164012,3.3334450679834773,1.7668047240964326,4.764756107718785,48.941971082961096,72.60662502199482,17.7083409440652,NA,1,0.08462129371063007
GBR,1991,-1.4352352517460936,0.6985844532841794,0.5048099324635013,2.420372854360964,2.395915617290102,2.4417871677204444,4.725695021440232,48.81719745578084,62.452527407980355,15.66540219505244,NA,1,0.006051027664860445
GBR,1996,-1.0085839077608392,0.7253576889032468,0.5258504864920874,2.3065149618853193,3.642011129754094,1.0011537617510167,4.815254108993916,50.74189827387246,82.73299105953458,16.77637323824298,NA,1,-0.09548469981397593
GBR,2001,-1.961759662952664,0.7589409303261553,0.5404461823239428,2.1841715999506848,2.487047807207756,0.5629587454886943,4.838730036761082,51.35427275013618,104.68902529098717,16.48588177492774,2.1983604222381365,1,-0.04434615976806881
GBR,2006,-3.293866791872802,0.747667643302996,0.5629282873006404,2.0926067778176747,0.5488914808585805,3.0836653015506483,4.724340790946148,55.91911842121922,149.3190308931382,14.49800276268504,1.5303594349041019,1,-0.0782400845866501
GBR,2011,-3.856477332062416,0.7462229555238817,0.6002550502786822,2.10566288919387,1.8797493628677433,0.8535818888996264,4.658158275820012,60.591707794474104,141.9536280652898,13.6465618737467,8.579801862514074,1,-0.1664900625626851
GBR,2016,-3.682936340429818,0.7591304650265389,0.6413729301588694,2.0157831360297864,-0.40210485684178787,5.434733296764922,4.597460992158679,62.42053680138566,146.4144246392286,15.27220824752478,4.623310502226734,1,-0.039668536293463
GBR,2021,-2.13232306914381,0.7337453131396483,0.6572917196937795,1.9194772528898167,4.654821926303562,4.157878206445886,4.630770801862101,64.24323230302946,155.80878276148334,16.487182885318067,2.457641145488907,1,-0.0854150458326368
GEO,1971,NA,NA,0.6455363506347099,1.3532586790519028,5.596101350497408,2.814111188788167,NA,NA,NA,NA,NA,NA,NA
GEO,1976,NA,NA,0.5982198724582118,1.3774328844648145,6.47409609864948,1.186870447728711,NA,NA,NA,NA,NA,NA,NA
GEO,1981,NA,NA,0.5949612785381106,1.3800503973206728,4.387963711088609,1.4015914178095563,NA,NA,NA,NA,NA,NA,NA
GEO,1986,NA,0.2442830852867824,0.6280346415907422,1.340286892717623,-4.664261126887689,8.078194287770561,NA,86.05189789242442,NA,NA,NA,NA,NA
GEO,1991,NA,0.10013617686083975,0.6559656387245304,1.505333975122525,-20.620289433942467,18.087129054383162,3.8825805455078575,102.89523736046908,7.73874480486522,NA,NA,NA,NA
GEO,1996,-8.778970113003684,0.08333505894132742,0.645652425802825,1.7097670603342139,5.906507436152666,4.554612134601667,4.473527066610314,55.3659108538749,8.175355625622121,10.911967149322995,NA,0.6249813199043274,-0.5573651862596536
GEO,2001,-7.9773124378166385,0.10569053650828707,0.5987312305688731,1.8662130357316065,7.344435163362197,2.7917053100479388,4.426735075786579,75.23255411937296,13.69145482264836,18.80927613771502,3.7498502305514716,0.744298994541168,-0.6649126302723601
GEO,2006,-15.43587832954152,0.1466138390286282,0.5744556762906506,1.8429611618338617,5.402864280642282,6.308018204321668,4.61070315471071,84.73668777914536,24.41527947193504,7.495448449306274,9.036481616204398,0.6226116478443144,-0.8042650630820266
GEO,2011,-10.009290012379783,0.19951499442467227,0.6158340590752516,1.6348648939217345,5.417513391082906,1.8571106876424617,4.664340110220593,92.19634768489011,32.50762193316988,14.66066340081468,2.6044193210771542,0.82717245221138,-1.0289717016525224
GEO,2016,-9.053673390138265,0.2421128722916551,0.7163610240512518,1.5753734368695864,2.752480337949918,5.145830844395087,4.554434478569491,103.61188710133794,48.54259038537632,17.718179765915778,1.8601075237738283,1,-1.45431342536219
GEO,2021,-6.132509765119667,0.2861244742155911,0.7844237828077737,1.5240501376219981,9.81165568740552,1.7214458283189462,4.6648108529334165,107.81584146640233,53.6462568878743,16.480989570576234,4.179712908801272,1,-1.0841044452984043
GHA,1971,0.625389561981361,NA,1.3908880509296007,0.6235914556099148,0.0067882320918117856,7.797745947289853,NA,37.53806391613694,22.63470426831036,14.436898162386,NA,0.162431985139847,-0.13813319224676188
GHA,1976,-0.5362107420259417,NA,1.3813613575324881,0.5344880435751842,1.0353229122650036,4.760861226465816,6.499357830234163,22.371264715996702,24.0926849807633,8.047753502452107,NA,0.0649727940559388,-0.05691869565255496
GHA,1981,-4.136196488435198,NA,1.367618517626735,0.5075111245971654,-0.2502536266766079,6.734760623406373,6.978434152659,14.200545085656419,14.093360693611,6.059008806063096,16.754491920225075,0,-0.09439812306899975
GHA,1986,-2.05711731959367,0.06616756476951371,1.4154294846900646,0.5059225362321167,4.80738378122122,0.879068568284759,5.089258822270194,41.72387588143756,14.70495523118764,9.28041569804454,9.280464214811214,0,-0.2442860789494528
GHA,1991,-5.19048038848504,0.06837613802328277,1.4261495649431721,0.5068409801309585,4.284732948723932,0.7869869351820099,4.732748935063821,52.91906245352748,20.01604618256378,13.666874595053896,4.006988766543761,0.1347667932510376,-0.3276670535019498
GHA,1996,-7.500503384746614,0.06575713295763957,1.417695244306345,0.5238024139520912,4.319841257443626,0.3970416227098749,4.718654149265664,87.1919719086002,23.910890160880122,14.233373059647084,5.141727970692457,0.162431985139847,-0.4723823812495896
GHA,2001,-5.0686273081136,0.0652735071523739,1.4227752151847108,0.5288471476027489,5.040000725901798,0.7829442524936527,4.5433014570360815,100.53281830225188,32.28642013075646,20.616467009306678,7.417554653245137,0.162431985139847,-0.42608180767569576
GHA,2006,-8.411191354786437,0.07255277075490683,1.4433222625442172,0.5088000234701934,6.528145928233254,2.0225970644786813,4.640042084522751,69.2720312920293,26.7627482718012,8.880671280108201,12.072820714315275,0.162431985139847,-0.2857010985509868
GHA,2011,-8.489654671814854,0.09443627405500302,1.4704791253956933,0.4607871032343076,7.125887500975804,4.89681025285022,4.395203379988493,76.11612885078652,26.43526556757076,12.736553297098226,6.136122554186805,0.0324863970279694,-0.3895615946523134
GHA,2016,-3.435138680455554,0.08930516707107368,1.4618414371431743,0.40887744726999614,4.944830955299026,3.0107585975639917,4.332284760305661,69.95683672957668,26.82111084333292,18.63300710182372,2.3441416339462102,0,-0.5447171225337162
GHA,2021,-2.0212354637909864,0.09234998232885402,1.4421003927622362,0.38217124864153623,4.0071357474982,0.9839091215438582,4.280432631750428,65.73704941229667,31.054911642798235,14.084630127898702,4.6357307945997,0,-0.5398051148852002
GIB,1971,NA,NA,0.557525089378908,1.510674338226166,NA,NA,NA,NA,NA,NA,NA,NA,NA
GIB,1976,NA,NA,0.5636421979518034,1.573370539313548,NA,NA,NA,NA,NA,NA,NA,NA,NA
GIB,1981,NA,NA,0.564052742140569,1.6926057688517382,NA,NA,NA,NA,NA,NA,NA,NA,NA
GIB,1986,NA,NA,0.5358045747088814,1.899363716120213,NA,NA,NA,NA,NA,NA,NA,NA,NA
GIB,1991,NA,NA,0.49959698066323743,1.9848156854418983,NA,NA,NA,NA,NA,NA,NA,NA,NA
GIB,1996,NA,NA,0.528383206667373,2.0822615979944885,NA,NA,NA,NA,NA,NA,NA,NA,NA
GIB,2001,NA,NA,0.5443938171701634,2.140680226207012,NA,NA,NA,NA,NA,NA,34.79699618180361,NA,NA
GIB,2006,NA,NA,0.5810028775703022,2.0116943159468836,NA,NA,NA,NA,NA,NA,9.36605573333834,NA,NA
GIB,2011,NA,NA,0.6102700011613346,2.031614111466199,NA,NA,NA,NA,NA,NA,6.117761028350161,NA,NA
GIB,2016,NA,NA,0.6399309577048667,1.913438250843232,NA,NA,NA,NA,NA,NA,10.618286114058142,NA,NA
GIB,2021,NA,NA,0.6568488733236043,1.7254458279234979,NA,NA,NA,NA,NA,NA,22.753461275155477,NA,NA
GIN,1971,NA,NA,1.041584748804521,0.7600537613249081,3.475085300475858,1.7370129970085415,NA,NA,NA,NA,NA,0.162431985139847,-0.3278851757145644
GIN,1976,NA,NA,1.15299437735293,0.768192815290235,2.5520180334322657,4.8957691009121955,NA,NA,NA,NA,NA,0.162431985139847,-0.3827376221583034
GIN,1981,NA,NA,1.2606340968448255,0.81045009097353,2.02193875909252,1.7190097378220526,NA,NA,NA,NA,NA,0.162431985139847,-0.4899419989377856
GIN,1986,-4.440670439781456,0.0364501989370489,1.33028447250378,0.8119091343601114,4.209926868841242,1.2734888785066352,NA,41.81448956142072,NA,40.83041879899512,10.133303711022862,0.162431985139847,-0.5806357527974862
GIN,1991,-4.457909842848344,0.03572751665446921,1.3971537357664652,0.7727924990793833,3.901257431146046,0.9830770230552864,NA,35.763020549481,6.365775648966918,45.874667637897964,12.389726926560412,0.162431985139847,-0.5376311180758137
GIN,1996,-2.987345394370978,0.034183375578936616,1.5301133437893724,0.7287100221162444,3.920472876288322,0.9975514178984551,NA,32.2782861090094,6.9802749219549325,42.25401784642744,9.753254275175712,0.162431985139847,-0.6528903337400764
GIN,2001,-3.315376413858854,0.03338159468179571,1.721028802375771,0.6894718253834207,3.0817894142289397,1.4652949212979376,NA,39.16484094176122,10.947325856859354,40.8543872828416,4.825984547729969,0.0974591910839082,-0.6677221983401685
GIN,2006,-5.909782113258314,0.03271105849283426,1.8183571608932205,0.6225841718593674,3.1661615016964437,3.1337180846320805,NA,69.6106977364411,17.8746034238997,0.61245966966022,12.246101420452142,0,-0.4900470373270096
GIN,2011,-13.54031124475922,0.0342346834975945,1.8191537654342413,0.5363713553341499,4.599109761603742,1.0721357583010014,NA,80.45402989266157,23.61827975723304,-1.7611599662461639,9.62065486336559,0,-0.2544759467899178
GIN,2016,-2.358681165113234,0.04564802403375074,1.7951703946565571,0.4529682352470591,7.560125979345432,2.80677228872472,NA,99.25115709500648,23.91907111071918,8.365956607036079,4.743100251944921,0,-0.2675203528032578
GIN,2021,17.495651957880078,0.05242058855504856,1.7869985862048292,0.40091635055198876,5.03215577992491,0.9179931825955059,NA,101.7301107469017,25.343189265671068,10.83031286934848,4.796179034745609,0,NA
GMB,1971,NA,NA,1.0834795429946829,0.5549645964552362,5.539675940010346,5.485175558302604,NA,78.5145616973124,23.73285235767542,NA,NA,0.162431985139847,-0.09119775770269704
GMB,1976,-27.602390373492167,NA,1.207859445449181,0.707413365018969,4.409828909148094,3.5218500448916727,5.598261170722188,93.9566016162422,23.06103511489756,10.514444326956934,NA,0.3669927656650542,-0.2289108895911868
GMB,1981,-7.502890890350412,NA,1.3634073091317849,0.8793831267146588,3.2327063564391283,4.768911804615357,5.557434636899129,108.27136120289826,27.07814501899828,17.84336983740364,24.38234730974202,0,-0.7149805076414848
GMB,1986,6.660133372771832,0.05899580630211281,1.464198771473504,0.8327820770034864,4.095366299752798,1.2617072450388818,5.332967546842218,114.413856508955,21.6485816795824,28.21460914115612,0.6406860261922134,0.3856465697288512,-0.7396065567629434
GMB,1991,1.288217704146652,0.05550548556633717,1.5401640222729758,0.7291038212447094,2.106804718009746,1.4790481543796328,5.302962618488387,61.07376593022496,11.57478694647458,5.482101185160383,0,0.7105386316776277,-0.5148292626157716
GMB,1996,-4.203204681081515,0.04840794482329814,1.6637280078440633,0.5998687493728766,4.504708543371742,1.654700298808978,5.258778355018593,52.38319443129012,15.29338058777206,2.1136652388115,0,1,-0.5293105766927378
GMB,2001,-2.277760384194356,0.046633463526922936,1.755130467764435,0.5022504244435616,2.823654070831258,5.1664160217391055,4.729103392675951,55.076806019257084,24.52650564140074,6.4750467788083,7.937678066705592,1,-0.8266115855530602
GMB,2006,-1.951132046567005,0.04374760412131944,1.7951435223691992,0.4393254167827402,4.263526836502663,3.0478844713104523,4.64943732800473,43.30946439150656,27.68802944843876,5.25492074111336,6.017640733709514,1,-0.4807110457186916
GMB,2011,-6.413529641652138,0.037783791150628444,1.798683720127462,0.3927337177352346,0.5269170244735758,5.451867860770769,4.400232603588449,47.71651967580504,35.874419434870575,11.57967263774897,2.5234896472940003,1,-0.4478979184056112
GMB,2016,-5.272143681441624,0.03626331854194709,1.776885657317443,0.3456530032622677,4.1628803368943625,2.8192997080159277,4.511672419369006,52.410712671676,43.77885934023968,19.82303746406648,1.6300306745579973,1,-0.5260595611066392
GMB,2021,-4.482244199888363,0.039437629553162885,1.741496735704611,0.3323812877582813,5.55525424431276,0.33478338545504893,4.621048110395906,42.260640552430466,53.0279349996801,21.5181893968387,2.9022979401387032,1,-0.7586111534226228
GNB,1971,NA,NA,1.0889364789814306,0.8839678217513459,3.195722318776902,4.702208163281352,NA,40.12810605103326,NA,NA,NA,NA,NA
GNB,1976,NA,NA,1.287079159560228,0.9614532663930343,-0.6118156843587763,11.233129327744875,NA,44.44606659591668,NA,NA,NA,NA,-1.4522765368839
GNB,1981,-18.4683494149214,NA,1.4440892287449107,1.033837683572377,6.449007748383348,7.931538759186113,NA,53.2900335294429,NA,-11.334201119797383,55.596467843387536,0.162431985139847,-1.579538740564058
GNB,1986,-11.877888177771606,0.034497720683328584,1.5178279145079963,1.0657199328520461,3.7812304754495227,2.8780060172722512,NA,50.61066125876526,11.24338577733664,3.95652090846572,32.13490480399806,0.162431985139847,-1.804413863671906
GNB,1991,-10.131659707159562,0.03402914894125938,1.5247536566595898,0.9121870768636978,3.180000003327142,1.6330952441477542,NA,48.38969961721568,5.965975325508248,2.81500228909628,17.347931634183052,0.0649727940559388,-1.3286756630424277
GNB,1996,-3.619980075876869,0.030750549836356174,1.557108400366263,0.7049044882466255,2.713914471782718,15.229490774761912,NA,51.437671752563205,11.986640460566422,0.7366585670057599,6.012344104158437,0.1299455881118776,-1.324647218288796
GNB,2001,-0.4558041368637636,0.02768394817671324,1.6185364118107783,0.5644287382241369,3.177127855083993,2.750988440088745,NA,42.85382298859258,15.872843968566386,9.070276505059145,23.415913745915002,0.162431985139847,-2.057941138345488
GNB,2006,-5.256454058089308,0.02713057316736237,1.6896505464660128,0.47055872894592715,3.5608441448310417,1.4273441493360393,NA,45.450851255795136,20.33460329218308,5.470894633270521,2.7151427218472306,0.162431985139847,-1.2593233409617899
GNB,2011,-2.301065845815255,0.027984718672239936,1.7116617752128473,0.4079806008242409,3.3453718207891896,3.9212123266635754,NA,46.78860448856956,35.20661283440348,11.442284901528918,2.592874852359825,0.162431985139847,-0.290023172413449
GNB,2016,-2.4214211765143245,0.03393040800047216,1.6804124980114266,0.3701775367360576,4.415341032251292,1.081508651889512,NA,51.81258110026134,41.55792091535056,17.86722342610764,6.11408210608919,0.162431985139847,-0.3106743823101808
GNB,2021,-5.384593199102563,0.035840480368427775,1.6410174921998422,0.34707444276408966,5.46930862310003,0.3919931816893352,NA,43.680832065882,42.32222258915197,17.668663732102335,13.61224938551059,0.162431985139847,-0.4135843159380105
GNQ,1971,NA,NA,1.0224913793407784,0.9519490405973265,NA,NA,NA,NA,NA,NA,NA,0,NA
GNQ,1976,NA,NA,1.1293509063700637,0.8878468326625792,NA,NA,NA,NA,NA,NA,NA,0,-1.74757261961504
GNQ,1981,NA,NA,1.1904469167030438,0.8444330292071891,5.378408836819116,4.639709246011454,4.831152994090365,NA,32.148980007319,NA,NA,0.0649727940559388,-2.782311912956652
GNQ,1986,-20.7766257118271,0.024170335578264257,1.2077751883192256,0.7423496324792918,0.35474020462533007,3.0058597748796925,4.509137714832138,NA,26.509186260887198,NA,3.0612060555549006,0.162431985139847,-1.720731677214068
GNQ,1991,-25.969578482547742,0.03142484929100592,1.3247006115766469,0.6678438560039213,15.782278692745084,12.925091103527144,4.2669596852629175,NA,12.292129632829564,NA,1.8799035919781235,0.2135721802711488,-2.29954933174985
GNQ,1996,-147.997312487613,0.1503410282990794,1.4250567636853497,0.5958002077346339,56.84104768750492,55.51097138237586,4.166472908179921,NA,9.205903312949124,NA,21.78149419424393,0.162431985139847,-1.745114601075538
GNQ,2001,NA,0.3989164343057144,1.4101749212721726,0.5600509251555182,30.30907744767284,20.747173692887404,4.360180406948414,131.02447181321,7.7743446132549785,NA,32.28047966205679,0.162431985139847,-0.720680781159928
GNQ,2006,NA,0.5715509410079681,1.394271717057094,0.5168969673135407,6.641064211799472,10.847164366714868,4.5693783628207525,129.6369761880026,8.12931083118748,NA,23.873039186496552,0.162431985139847,-0.12012833223907818
GNQ,2011,NA,0.4968038113744464,1.4350055269667663,0.4457085899562887,0.4017244251641614,7.264760231441739,4.6265332262924295,108.24066237487672,12.678008556100947,NA,23.698206683207065,0.162431985139847,-0.5039950499666598
GNQ,2016,NA,0.27032268579203134,1.4798549513825037,0.40793006902626966,-6.1986752034355135,1.551720095723898,4.640700273933857,94.29626953361708,13.12281241346382,NA,16.407833495010852,0.162431985139847,-1.41452567950851
GNQ,2021,NA,0.22680978530132373,1.515961813432092,0.3900371533707625,-0.3351768159157571,4.283404196776164,4.62387654143282,73.40764875190153,12.2075473503752,NA,37.86990889875496,0.162431985139847,-1.3416581449037874
GRC,1971,NA,NA,0.5361872864979197,1.8661435271150695,5.204454923107604,6.647457396056435,NA,29.42216422487408,NA,NA,NA,0.162431985139847,-0.022727998381287064
GRC,1976,-3.135529953607282,NA,0.5440882029506936,2.0114686631746754,4.199794915243836,2.79079765992765,4.4304780898816505,35.62916448864812,NA,29.42137320992984,NA,0.162431985139847,-0.06477977896513652
GRC,1981,-4.696106514695432,NA,0.5516319699064595,2.038058004241224,0.15102918810903804,1.9420753634773937,4.431197212880213,41.2143388953087,NA,24.94034662960356,NA,0.162431985139847,-0.2439341013203648
GRC,1986,-2.624460933989648,0.5494785997466942,0.5000506460394896,2.0286422126385664,1.2693316928085512,2.745003554570885,4.347948943740195,40.0332763209862,NA,22.86511932243888,NA,0.162431985139847,-0.2725225037809984
GRC,1991,-1.2660256092876583,0.5439986724350977,0.45330818175877274,2.1592397522148286,1.25994388023924,1.8118724650208045,4.4636353797354085,36.54149798524614,NA,22.74945203921846,NA,0.3669927656650542,-0.181020512364232
GRC,1996,-4.955917539769765,0.5236630661544643,0.4295377526981962,2.295715189456117,3.04378045046069,1.069144102573461,4.513629164139866,45.207613729737425,NA,20.311437174415047,NA,0.6249813199043274,-0.21439819371961139
GRC,2001,-6.654794590078732,0.5751714412972799,0.4436908103900842,2.397584794358207,4.338349461777378,1.828731662472904,4.525492306934612,50.99722688247218,NA,17.95260155751538,1.984070480887681,0.9488597989082336,-0.6202518012346664
GRC,2006,-12.19922487628612,0.6083357073020422,0.4595528482220958,2.4234802944935794,0.038944826427723726,5.079329498725063,4.594555925581285,52.00723792544174,NA,11.210965379379113,2.1264994709616087,1,-0.9003896723070071
GRC,2011,-3.550619301257184,0.4838807919264253,0.491337054016474,2.4713658631541593,-3.983221358818521,4.834008475595098,4.56122174047269,62.669423332831876,NA,8.580718668730714,1.1436782764396634,0.9488597989082336,-1.2456593935541895
GRC,2016,-3.496726045282636,0.4747864147311635,0.5105339800704551,2.415422510348616,-0.682609761163059,4.844079458764664,4.492990716019966,72.93237562020055,NA,8.536681432693461,1.7824140933015524,0.8465793967247008,-1.534081235842364
GRC,2021,-8.269574892307084,0.4993083120267192,0.518766188066331,2.3622379704952445,5.4374649952939,3.260115096988899,4.472451824612231,96.20186565788724,NA,8.91505468726452,1.135781669160057,1,-1.549787433980465
GRD,1971,NA,NA,1.2252916768923439,0.8546101782060758,NA,NA,NA,NA,NA,NA,NA,NA,-0.3366646402112156
GRD,1976,0.5432052137861193,NA,1.1268932216853043,1.0669241058523602,3.4695672275568885,3.4703184552463813,4.546799211759023,NA,44.99121614540205,NA,NA,0,-0.0227000194257297
GRD,1981,-6.629181466689924,NA,1.0103607159390655,1.2444230607486444,3.767839483999996,1.586399029791799,4.817207595711014,NA,39.80356953310284,NA,NA,0,-0.17461465100755913
GRD,1986,-13.14276735404574,0.19059112799148142,0.9080375877994369,1.2059382389481101,5.407766648240166,2.6172371137687214,4.728347893827333,NA,46.24653063587156,NA,NA,0,-0.2443847610600702
GRD,1991,-12.27934037790272,0.1828793111924329,0.9335989451895036,1.215014584584607,0.4797225285980188,1.7841859334788133,4.675304274624519,NA,57.50255922902922,NA,NA,0.25087977647781357,-0.15881337422300543
GRD,1996,-16.97206394643668,0.1904694245105031,1.0114562962380629,1.3004696602028765,6.598709377502524,3.031608453602855,4.689970138398626,NA,72.63288408392816,NA,NA,0.162431985139847,-0.1491275601265164
GRD,2001,-26.84327880999204,0.20887960096782576,0.9395037963172163,1.3130220256766125,4.7012269868256285,6.550703208694175,4.667479999229083,NA,92.1289230611765,NA,9.050113099029632,0.2135721802711488,-0.4358946972239152
GRD,2006,-25.46604061546892,0.21880724960691972,0.8058856797739737,1.246499178954315,-0.8097524414243249,4.875330805221174,4.604527952559655,NA,92.112628776737,NA,5.681989088338699,0.162431985139847,-0.84610368300055006
GRD,2011,-14.082339480462725,0.21610812555988518,0.750664754836529,1.1667657643681735,3.149676102066138,3.6500540946931155,4.566922815406709,NA,91.08838493535048,NA,6.813369210603518,0.162431985139847,-1.333127030662656
GRD,2016,-11.901043124809549,0.24415548783571933,0.7181954173781733,1.09438720488921,-0.10807809986767287,7.783838407800597,4.573982960884808,NA,86.31173537078844,NA,6.161331025030228,0.162431985139847,-1.227986975391974
GRD,2021,-15.600751901634567,0.22341537644839235,0.700330719918637,1.0851544514942966,5.51151235586464,1.560090909131568,4.520435451791863,NA,93.387695398003,NA,3.5133080327994732,0.162431985139847,-1.4483928575650076
GRL,1971,NA,NA,0.9888735817817074,0.5369757115168856,6.479325606856522,4.41975577588682,NA,NA,NA,NA,NA,NA,NA
GRL,1976,NA,NA,0.742942155786173,0.5371991634016777,6.8669689445727,1.7796403399044483,NA,NA,NA,NA,NA,NA,NA
GRL,1981,NA,NA,0.5756519261178591,0.5285472529701416,-0.3640784214749374,4.226794593896252,NA,NA,NA,NA,NA,NA,NA
GRL,1986,NA,0.8569968796749465,0.5718757460975676,0.5268662913326128,2.631363517181044,8.05099235506132,NA,NA,NA,NA,NA,NA,NA
GRL,1991,NA,0.8034733007699694,0.6587942540012272,0.5975447743954332,-0.12000999307567035,5.008783268695269,NA,NA,NA,NA,NA,NA,NA
GRL,1996,NA,0.7911044886725349,0.7149664625679343,0.6691087835458944,3.8472053628356537,3.279104840502218,NA,NA,NA,NA,NA,NA,NA
GRL,2001,NA,0.8357367597333385,0.7187514273672032,0.6997685616379908,3.3243956194425297,3.1423267639364205,NA,91.71918651983184,NA,NA,14.43797257345334,NA,NA
GRL,2006,NA,0.9647455238320728,0.6909809827157143,0.7830992488067171,3.3352085943252234,2.375172784017086,NA,97.652773085243,NA,NA,4.321226677692341,NA,NA
GRL,2011,NA,0.9948479272546075,0.6627641308185538,0.8246072889848389,0.3624421846625014,2.8330336262821367,NA,99.52559527879343,NA,NA,8.651184889944266,NA,NA
GRL,2016,NA,0.9935193659494593,0.6685023244644005,0.8334227743648437,1.6881430102470252,2.009146351141431,NA,86.9343747728698,NA,NA,1.5106290080625353,NA,NA
GRL,2021,NA,0.9674326247114436,0.7078991272232584,0.8881529991914506,1.501537301861386,0.5807559325597732,NA,89.64636318065317,NA,NA,5.11566222497147,NA,NA
GTM,1971,NA,NA,1.2477947530155118,0.4805658571246831,5.604932245985256,2.140440703570618,NA,41.568422854396,21.9248811126571,NA,NA,0.5575868725776671,-0.10023898472760506
GTM,1976,-2.537817129788085,NA,1.3031751882435094,0.5140156385160581,5.733322076081928,1.7693024197442133,NA,48.58232778497976,23.40404646294792,16.758998982230125,NA,0.8682817041873931,-0.0708582281979713
GTM,1981,-4.044935851036374,NA,1.3864327120167859,0.5725801725608748,-1.1135926092792527,1.8650180292918814,NA,30.95967898847694,25.62517539231766,9.06136285649344,19.52453833859746,0.1690498024225234,-0.1596121885502594
GTM,1986,-3.783323186235553,0.1393801549484298,1.4430940176291795,0.6305137651154344,2.9249145321983088,1.5910093646077836,NA,38.495585657292416,24.118418861285242,9.078182945553845,34.053924495215504,0.20304849743843079,-0.1999600213451764
GTM,1991,-4.717822725560842,0.1418691063294314,1.4693624553407365,0.674904096940642,4.281201708102716,0.5767201534521389,NA,43.14435129650574,21.51288028158586,11.36157080019398,11.34366188510577,0.5831727027893066,-0.1616267057638272
GTM,1996,-4.567495447811874,0.13428085005087909,1.5099085973547655,0.6659782454453526,3.95426570872835,0.7700320245164616,NA,44.37494776737976,20.92506148888084,11.233446049477974,9.623444068907544,0.716427206993103,-0.2372719401053022
GTM,2001,-5.447196584844924,0.12795631661798348,1.5488373223417795,0.6353684165503646,3.029236676331242,0.5987622477730715,NA,68.4189511708091,39.8901776508206,13.500550691209627,3.715197168883374,1,-0.1480718089435064
GTM,2006,-3.233747426185208,0.13144885625286057,1.5114343020188914,0.5924505599948198,3.668742802432481,2.2857694417635335,NA,64.65157962392755,46.18638692138884,12.9728299442979,3.428848203114276,1,-0.1065136865704826
GTM,2011,-3.172814904089606,0.14539116539867983,1.405757757264805,0.547875854617406,3.87391661021839,0.5695063936242387,NA,57.73368895273024,47.49413346719966,11.92638079438364,3.3087762088119517,1,-0.18494258015525722
GTM,2016,2.089669517207982,0.162199989842006,1.3023091074112931,0.5068457278589797,2.27937472579118,2.324696268896823,NA,45.22226333811112,54.02214635455902,15.89405602568688,4.591078304712302,1,-0.171906904128199
GTM,2021,2.1371533199957833,0.166661222106516,1.2346977035118916,0.4761758453027658,5.253126490679843,2.4368401993641036,NA,50.66308622878807,58.688090938039934,18.722776878161465,3.1000000000000036,1,-0.0510391098931898
GUM,1971,NA,NA,0.8928793880957057,0.3321147110061118,NA,NA,NA,NA,NA,NA,NA,NA,NA
GUM,1976,NA,NA,0.8415624355153937,0.4022694252920136,NA,NA,NA,NA,NA,NA,NA,NA,NA
GUM,1981,NA,NA,0.8149057755624285,0.475022843322927,NA,NA,NA,NA,NA,NA,NA,NA,NA
GUM,1986,NA,NA,0.7530226907949815,0.5375883551608115,NA,NA,NA,NA,NA,NA,NA,NA,NA
GUM,1991,NA,NA,0.7836762322888012,0.6487708221734233,NA,NA,NA,NA,NA,NA,NA,NA,NA
GUM,1996,NA,NA,0.8342853343209221,0.7196726933360416,NA,NA,NA,NA,NA,NA,NA,NA,NA
GUM,2001,NA,NA,0.8923820271874584,0.80462826233483,3.6718066603652546,2.807353852912617,NA,66.83727293615583,NA,NA,2.6579926249025334,NA,NA
GUM,2006,NA,NA,0.9039894159013504,0.8324634861050102,0.360243943819387,2.3801628015651084,NA,74.91190706780357,NA,NA,3.3191866473580562,NA,NA
GUM,2011,NA,NA,0.8888322212296161,0.9274938905431359,1.304130761805318,0.8381288646504705,NA,76.75485313936389,NA,NA,1.2747548783981957,NA,NA
GUM,2016,NA,NA,0.9111532335237674,1.0790700420466082,-1.5502811824667566,5.160171488394801,NA,70.87616532828592,NA,NA,1.691153452528777,NA,NA
GUM,2021,NA,NA,0.9850658326373198,1.1986811251663516,3.579023759819365,2.1507932646276515,NA,66.85258284362816,NA,NA,4.239496825489241,NA,NA
GUY,1971,NA,NA,1.2613038030548538,0.7577108497653348,3.445152144910736,4.852734740711126,NA,126.99250715727021,37.66508619341024,NA,NA,0.162431985139847,-0.6675668382249322
GUY,1976,-16.110930047219092,NA,1.2172554245806138,0.7255555845324008,-0.6019523375932401,2.0707167795171273,6.717618025090095,145.8395408718802,53.15906641897098,12.484015407937685,NA,0.162431985139847,-1.181126587544062
GUY,1981,-27.43965745683896,NA,1.1386196763706171,0.7065573731676326,-4.223085132640902,6.407594038435271,7.008826752491055,120.00848448806454,94.32784348564438,-2.3491896610794862,NA,0.162431985139847,-1.947529868500818
GUY,1986,NA,0.12648750925576666,1.044222875275005,0.6783363297429279,-2.335778014636268,2.3219584396278323,5.905869083534019,136.769719752183,102.54489601969536,NA,NA,0.0324863970279694,-3.114710585148904
GUY,1991,-28.186714511074825,0.15179118926278862,1.0262748835437852,0.6448957289452575,7.110945435842966,1.5004048504285925,4.772614627927639,235.6693315132304,63.18360681793876,14.781916553981976,NA,0.2183933913707734,-2.447289334762168
GUY,1996,-7.893275589971868,0.17032736616303923,1.0867322323188513,0.6022492445737612,2.8106853120093263,4.342608052642608,4.5615692306240545,206.4286641708704,73.59204057190988,15.864221980727327,NA,0.8806823134422301,-1.10621731906658
GUY,2001,-8.308847069336899,0.16120894352346862,1.155919119076585,0.5950560775380002,0.4784635496541526,1.7309275178482848,4.522129969361594,196.1081217866288,93.80150467575454,12.267190165343749,3.97813378262919,1,-0.8828126245244884
GUY,2006,-7.748082101564776,0.17601104534750212,1.122329711855618,0.6051597944282109,4.365203831556806,2.000140627940923,4.567419940032588,NA,40.20531667320458,NA,10.771629403205443,1,-0.422730910510128
GUY,2011,-8.05806698302186,0.2039254635434815,1.0522493754647488,0.6227110158141806,3.299973111036353,2.064920586729011,4.601751817369213,NA,48.26156392234354,NA,6.465523954019503,1,-0.42476817631505737
GUY,2016,-18.916416675514306,0.21291618917833446,1.0429796452369846,0.6219452628356862,12.16307048929326,17.518536245793403,4.667676529887678,NA,51.1370320629377,NA,8.950027932917301,0.7731417655944824,-0.8762492482814243
GUY,2021,8.6051305304559,0.49854948400005544,1.0802031447370761,0.6244021876879995,39.063214346066765,22.113096157842147,4.712645081337388,NA,33.50224664429413,NA,8.635006272918,0.6567683418591816,-0.546043820554133
HKG,1971,NA,NA,0.7584097172117046,0.8312997241441545,6.618402281951554,5.09049398162194,NA,165.9109533719626,NA,NA,NA,0.9432854413986206,NA
HKG,1976,NA,NA,0.6123866306097352,0.9121816415091389,11.563102571049352,2.924881436115219,NA,170.90540429121899,NA,NA,NA,1,0.37831358382151303
HKG,1981,NA,NA,0.5451821408363737,1.0482329620960817,5.78367883208419,3.968049771224212,NA,187.1597948921438,NA,NA,2.2737080737793813,1,0.7202535690602385
HKG,1986,NA,0.7640346680887382,0.5139715752121544,1.1876106269329605,7.814736962414402,4.709286594757379,4.510052899127326,219.5941637590198,NA,NA,0.9726925330471985,1,1.62925417256858
HKG,1991,NA,0.849273091770493,0.4722769919119244,1.2982979241171932,5.309582525890726,1.6546658047962413,4.6044113213052675,240.0586685321146,165.6596390167078,NA,1.1176308203031402,1,0.9107631405158796
HKG,1996,4.176026874606273,0.7948091388606494,0.44200514470302976,1.3993290339482378,2.729155114593984,5.16038468805996,4.945339852000536,233.4707354126882,193.5130927286922,31.365723801078765,0.8461789478694343,1,1.0993550385397959
HKG,2001,9.328831334662434,0.8070479663649535,0.4137329448417274,1.47177065353355,4.272433489532954,3.5850030762141394,4.86771740782446,291.7660710059436,246.6997145466232,32.22229634540814,1.6876089267504064,1,2.249513475185842
HKG,2006,11.517559440301389,0.9558797477145281,0.3668036358799533,1.4876736951363678,3.986787306363178,4.127862485464602,4.642959688307951,370.2366092427626,297.4864323212428,33.6080225578715,0.571839138219832,1,2.910770236609676
HKG,2011,2.67303725884293,0.9948476971137853,0.3450617900691332,1.5368080282978953,2.953348512842666,1.16329758299654,4.689458859945529,422.0850154191568,348.5929691964302,26.424299696308058,0.47644516998286374,1,2.9396385502418
HKG,2016,5.023102460254776,0.955321563214326,0.36601036717992447,1.7081195327741272,0.12024827110880003,4.2663603238564285,4.83037143261964,365.967779647436,403.061320674167,25.57112551006126,0.2915475947422667,1,4.356024720867268
HKG,2021,10.167656770567527,0.8913052567964683,0.3767464812258866,1.9414775842549588,1.9981733024282164,5.179058677002034,4.8353193869633575,380.116108275223,450.285410855102,26.216577543790365,0.23094010767584539,1,5.065530104066985
HND,1971,-8.395543216784816,NA,1.3628161299492563,0.6371194139006834,5.546559977920702,2.219046939373497,NA,81.13970851691072,19.28398937739684,13.7336991363062,NA,1,-0.2315170556678966
HND,1976,-7.35816477883518,NA,1.4175503975396866,0.6436513472413007,12.458611687961582,2.6920472268208577,NA,95.89752663169642,21.16740181811326,16.93258816573314,NA,0.8179245471954346,-0.3308420724216166
HND,1981,-6.719319666450702,NA,1.4766945712960864,0.6642249841178339,5.133638511458866,2.0269742131358757,NA,71.19903802855764,23.02994180600044,10.644060311302127,8.698224882758595,0.23402259647846219,-0.49345903711809863
HND,1986,-2.656791395990448,0.022605710196047745,1.4939214678290222,0.6535945333469337,8.629959004279486,7.377350244835994,NA,73.99911037605327,26.73712169004716,16.0910945379486,25.122723095896568,0.0649727940559388,-0.6347729590588805
HND,1991,-6.189114438522558,0.03482582618126616,1.4744879638340047,0.5816946391763844,20.482558658974067,8.650226027051348,NA,100.31523995831608,26.1750491759395,22.152108808081202,13.494729454576683,0.3224703967571258,-0.9604459342235114
HND,1996,-5.0225950646327036,0.06433816138599859,1.4591756270641827,0.5233634242405645,15.62987623387183,6.4996790179034685,NA,121.75645603070821,36.36588747072334,25.59217572476812,1.6935990171038704,0.428059709072113,-0.7923188566056618
HND,2001,-5.476069810084148,0.07172979502652274,1.461766037066941,0.48229322564751204,4.66149427378358,1.4991744595738041,NA,125.6280660248254,47.8501010390774,20.07201711807114,3.5339235162704665,0.418132960796356,-0.58518566095711
HND,2006,-7.353936068981138,0.07671534179555561,1.416616189641381,0.4469976164029205,3.65733665861987,3.61539021842964,NA,122.05965389517249,53.40236055380932,21.38572751220936,3.789459064299284,0.42370733618736256,-0.3090095263213164
HND,2011,-7.5257369631783115,0.07987551787713519,1.3075536930338654,0.4239087856243326,3.530819740259132,0.5735900054506268,NA,115.9901340584016,52.72801168052284,16.35841375951836,3.6753231150471666,0.162431985139847,-0.539609937345146
HND,2016,-2.153262323992882,0.08899011812855308,1.1951068350515133,0.4200839988202277,1.2350865981371058,5.7595630335755725,NA,98.5281649246109,64.4256923244422,20.9866183377397,3.33496626669596,0.162431985139847,-0.6699042387717612
HND,2021,-5.43599196367211,0.08720393223165664,1.1519256865692586,0.4159881313429256,6.76156464060323,5.034177884898794,NA,104.95438273584017,74.11373150462077,18.312251597942467,0.7505553499465119,0.162431985139847,-0.5416054931347161
HRV,1971,NA,NA,0.46171382593812577,1.597799782234635,NA,NA,NA,NA,NA,NA,NA,NA,NA
HRV,1976,NA,NA,0.4686082212096933,1.719823299869524,NA,NA,NA,NA,NA,NA,NA,NA,NA
HRV,1981,NA,NA,0.4784971768180286,1.6287368904303163,NA,NA,NA,NA,NA,NA,NA,NA,NA
HRV,1986,NA,0.3987669909105346,0.4799098164577711,1.656075786384268,NA,NA,NA,NA,NA,NA,NA,NA,NA
HRV,1991,1.6499421018957101,0.28381473969643434,0.4596662919815331,1.824674064872658,-5.641270876987586,11.908590346433497,NA,62.8042653485871,NA,NA,NA,NA,NA
HRV,1996,-5.5986700181807825,0.29597163400101945,0.453697723500992,2.085794714171403,3.3250416063358523,2.9389240283971882,4.518150078155369,69.55764291773188,NA,16.3874063692098,NA,0.418132960796356,-0.21656863888480601
HRV,2001,-6.248193968028738,0.3397723807563907,0.46908516731543326,2.279290537845356,4.59609946408108,1.1023906699327775,4.551758831793546,81.03631661330927,NA,18.521870022289338,0.7274180724619826,0.5882766723632812,-0.4067010769368184
HRV,2006,-7.180823864039102,0.4132182193724721,0.4826709124196809,2.2988040977750472,0.7885730457717139,5.00415671178306,4.6096772498455145,78.24132699239576,NA,19.07823911236328,0.8142481194328924,0.701705813407898,-0.8746198338106214
HRV,2011,0.06533096961900203,0.4183986045908829,0.4877775683631223,2.205664745769826,-0.1439384093411354,1.6298803639426174,4.560372985353256,82.71584199913836,NA,18.314837951961998,0.881476034841561,0.701705813407898,-0.8967694832998216
HRV,2016,1.9153684254287908,0.47614694926344975,0.5096071831521577,2.242084315285281,0.8904326234653939,5.147832273880585,4.5417626263925905,95.88228002088714,NA,23.54329410554706,1.7902513789968142,0.701705813407898,-0.6148655852999484
HRV,2021,-0.7100742401948803,0.5464040008655588,0.5336266458306769,2.2796626269990026,7.896105959521224,4.465787549990768,4.558541687858704,111.67262971126567,NA,23.625428128191633,2.7682726262659414,0.701705813407898,-0.31724270765419976
HTI,1971,-0.6946804400093278,NA,1.0429237575357646,0.7669272082541426,3.8230907989455556,2.60531855914603,NA,NA,19.92816355957638,NA,NA,0.701705813407898,-0.0952139203472831
HTI,1976,-4.420786652246506,NA,1.1112857703431425,0.7730589730521662,6.658190944782906,1.8304876544743367,NA,NA,27.06736645119966,NA,NA,0.701705813407898,-0.2016298881648946
HTI,1981,-6.7939489781210565,NA,1.1856437347336686,0.7756563210900105,-0.9207450287237448,2.114183710641217,NA,NA,29.6116829711992,NA,21.85096110374465,0.418132960796356,-0.3440292778489552
HTI,1986,-1.5998949515834129,0.09218739257970014,1.2472613982732061,0.735829089648036,-0.5932056494665882,1.4768070416763777,NA,45.2521153154384,30.6427966094098,6.842579756780103,56.20181737854449,0.3856465697288512,-0.7970367908231974
HTI,1991,-1.4233936227555466,0.07808734528351872,1.282551393340248,0.6634784393732039,-2.18172119930037,8.339051825300077,NA,38.0157808612556,34.46369851514684,8.67637727752718,3.996656369952522,0.418132960796356,-0.9495166804217934
HTI,1996,-1.7021364609008167,0.0654218650684153,1.3099384328120938,0.6050454835436858,2.5215269717653626,1.17620836549205,NA,36.54804338807178,30.5394778545934,21.872809585069245,5.280392733870057,0.6449912428855895,-0.2164365583758852
HTI,2001,-1.0647586780985487,0.05778108713489874,1.3262617274735677,0.577877993614301,1.188833720026003,2.0885399729527028,NA,31.69060595929832,25.15761625320484,10.315748894577276,5.220847800422816,0.7732964038848875,-0.2161910791427566
HTI,2006,-1.1835797108832977,0.056232734490349386,1.3066784288416036,0.5607157504815325,1.87443605303997,4.511475166724895,NA,37.06053629402196,23.84649617712556,13.574188575064202,15.487833935060126,0.9880682349205018,-0.05244194248069194
HTI,2011,-3.2350835088711962,0.0555893677856773,1.2609525010929667,0.5229711420400439,2.8428389159283487,1.9264157380158156,NA,41.8103171362746,26.84130508118312,14.08490886862024,3.0692018506445597,1,0.011377747645560283
HTI,2016,-1.5001847444030536,0.052077130598113,1.2098860325248872,0.48459361853560123,0.19238958214349605,2.553353533277204,NA,42.1213250413808,29.32017236051876,14.7510459215306,3.186377253245448,1,-0.06860122355381713
HTI,2021,-1.81624340962191,0.042055633700208914,1.188556413460224,0.4595364590210766,-1.78136935361434,0.09211614936695245,NA,34.787177815976136,28.8439897529679,12.217735953119666,4.34856298103178,0.716427206993103,-0.07064307277017363
HUN,1971,NA,NA,0.41960652726301273,1.906934777627459,6.259999999999866,0.378153408024067,NA,NA,NA,NA,NA,NA,NA
HUN,1976,NA,NA,0.48523769118581367,2.059639285612051,3.700000000000181,2.690724809414337,NA,NA,NA,NA,NA,NA,NA
HUN,1981,-1.2392344124958607,NA,0.5219749331193416,1.9730632941589898,1.7671559143677327,1.4428921414731752,NA,NA,45.80300125542713,NA,NA,NA,-0.31363314557468047
HUN,1986,-2.149161793153262,0.3838285557659994,0.5169146031335955,2.005576963819093,0.5521360681118985,2.7394099847569704,NA,NA,43.1887468092899,NA,NA,0,-0.4806634149396656
HUN,1991,-4.312330336655945,0.3262572331271298,0.4707311585429081,2.019867380128281,-2.2191299389028707,5.861387543988292,4.18044429918345,60.27884200327462,49.74139103576882,16.69694443744684,NA,0.0974591910839082,-0.5193963464531586
HUN,1996,-6.657679058895858,0.3171250505694499,0.4530459713112853,2.018675589996266,2.8845309143017785,1.6620543128646537,4.264756673989548,107.23221436077996,45.1314973742078,20.52551622443836,NA,0.418132960796356,-0.6590004508216248
HUN,2001,-7.958926180450038,0.3813700149269716,0.4490750590850166,1.998141795159603,4.398855527784572,0.436732919997907,4.488097239689852,123.5161269543032,46.58777814481852,17.55365260758584,0.7318394207314132,0.8806823134422301,-0.7699044540488956
HUN,2006,-4.649619037694974,0.4209135281883326,0.45324929454397916,2.005858481929971,-0.08249847051012404,3.9720750941060627,4.599141984825286,153.2862050936472,57.1866223930055,18.65205863586296,1.9532024984624639,1,-1.0203073879301232
HUN,2011,1.4730033271671683,0.4622706321543622,0.4653401384485721,2.0181675704395095,2.120712880561258,2.196102647229126,4.549248918392262,166.6110328383742,59.07915124865972,23.642731698221098,1.3461054936371077,1,-0.8194915912526446
HUN,2016,0.9643550538923968,0.5185768357395129,0.49843248744525287,2.038749479369624,2.5814845991897957,4.051749035949293,4.487977236620176,161.2316437039102,60.4543687030682,26.527957746764262,1.2136721138759001,1,-0.4934624297281634
HUN,2021,-4.38562232530259,0.5604174774145745,0.530026484150696,2.040001260369322,3.5193963384634017,4.057215173445351,4.473688988632826,167.52449296433366,65.42181406843333,26.018696791193666,4.355838993045238,1,-0.45285062122464
IDN,1971,NA,NA,1.0944356906444244,0.6388494915505633,6.955517942527044,1.1942553194874652,NA,40.1895615776158,14.19384853610464,NA,NA,0.6806318879127502,-0.3274032723936654
IDN,1976,NA,NA,1.1040355970150948,0.6609944663982747,7.923869487896144,1.3510866783197424,NA,47.12022674379438,16.70773641271388,NA,NA,0.6652869999408723,-0.2438726142278692
IDN,1981,-3.7657237218151636,NA,1.0802099716292461,0.6767395489359281,4.760848181151828,2.5912868162002676,NA,50.64835132483702,20.52695109401824,21.24545727945286,NA,0.9432854413986206,-0.23280445090672022
IDN,1986,-2.660007387548652,0.1274223677390516,1.0131131654130618,0.6742486261713526,6.2560379040831124,1.0670269562715584,NA,47.4424185190319,32.77327235068376,23.41697441717988,NA,1,-0.4727854104077552
IDN,1991,-2.383409275795278,0.1443510706250161,0.9352321301377805,0.6842475032317374,7.133175193548518,0.742489087421205,NA,53.72521519839544,45.57047280348688,26.47634536253738,NA,1,-0.4968636202882672
IDN,1996,1.5259577805849378,0.14157473239830531,0.8872782963844101,0.70929491430415,1.020506853449242,8.29381710196373,NA,67.76511672073197,56.16474674255782,23.750043420837482,NA,0.7885370850563048,-0.822411228156081
IDN,2001,2.491653578405888,0.1350671220469445,0.8805451641669303,0.7384585009333299,4.729351241719958,0.7505498561861704,NA,61.247678748970436,46.89698549835118,23.20080572910608,6.831725179235089,0.701705813407898,-0.47602952752629363
IDN,2006,1.6163427962935126,0.15683176211282235,0.8961349710805523,0.7510140481178134,5.742480595030408,0.7012134045278763,NA,52.45223433379388,39.1328387684421,28.23849588677642,4.093042877859939,0.701705813407898,-0.3489084166051598
IDN,2011,-2.1569490944757033,0.18138892441306256,0.8980422282908594,0.7149853133421983,5.528017855130512,0.5833670851377543,NA,47.6836199971429,38.63020693811564,31.4238950814641,4.96366799856719,0.418132960796356,-0.4327387159255694
IDN,2016,-1.8954297872618553,0.18035127837667736,0.8876612350421716,0.6651530422647184,3.646184494964468,3.1935125058643674,NA,38.09022015278922,40.50588482385088,30.52179535902788,3.551337776106348,0.418132960796356,-0.3096736432183886
IDN,2021,0.3829384423488317,0.18322348165080088,0.8800392787986794,0.6479163179920763,4.68636872442849,0.861448020510359,NA,42.33523844722587,44.0479352582687,35.2699042329934,8.351247411814203,0.418132960796356,-0.1969995065114685
IMN,1971,NA,NA,0.4803831377603306,3.594061993477717,NA,NA,NA,NA,NA,NA,NA,NA,NA
IMN,1976,NA,NA,0.4985306449023217,3.5428102115692104,NA,NA,NA,NA,NA,NA,NA,NA,NA
IMN,1981,NA,NA,0.4784177680495546,3.4554357195292407,0.418923089884345,NA,NA,NA,NA,NA,NA,NA,NA
IMN,1986,NA,NA,0.4521530887886164,3.255311774794762,10.372686320688667,5.685893939355691,NA,NA,NA,NA,NA,NA,NA
IMN,1991,NA,NA,0.4650891805487313,2.901893225086716,2.6609980900839476,1.5051099391766332,NA,NA,NA,NA,NA,NA,NA
IMN,1996,NA,NA,0.49106135066870404,2.5455611801940554,9.760001008434338,3.7078293863979317,NA,NA,NA,NA,NA,NA,NA
IMN,2001,NA,NA,0.5184846891993861,2.304544876596642,5.739999870817224,0.4218990610901875,NA,NA,NA,NA,NA,NA,NA
IMN,2006,NA,NA,0.530334053710189,2.249907299973188,5.11999972780225,2.472245830738469,NA,NA,NA,NA,NA,NA,NA
IMN,2011,NA,NA,0.5549831620653694,2.3543941047758454,3.6429970020028306,2.952484196573528,NA,NA,NA,NA,NA,NA,NA
IMN,2016,NA,NA,0.5605979403055801,2.372552288122463,0.6843038663639144,5.854473769998416,NA,NA,NA,NA,NA,NA,NA
IMN,2021,NA,NA,0.5547035086403462,2.2813650213167036,-0.163778564392965,5.6591380456350855,NA,NA,NA,NA,NA,NA,NA
IND,1971,-0.149803050596716,NA,1.0400211766293699,0.7217217777523096,2.9440796950047985,3.7300706354227215,NA,9.496794128430821,23.790814142078162,13.0980864879162,NA,0.162431985139847,-0.1391291912406708
IND,1976,0.5721318457009874,NA,1.0618808031377471,0.7149047251788743,3.225607827756988,5.215785324811227,NA,13.73113948652076,32.06980319279766,15.34470103116784,NA,0.162431985139847,-0.08658129843490624
IND,1981,-1.2818770626583607,NA,1.0902882629098833,0.7234822371190586,5.169173369598294,1.5721875499776279,NA,13.84663970726514,36.89651348308604,15.9124973669859,10.318479290755784,0.162431985139847,-0.1213669314155754
IND,1986,-2.117887889856672,0.050734765767571945,1.1056402954834597,0.7146239346404347,5.970100122487408,2.180214964777753,NA,13.79378593044322,42.359882201122296,18.45716861733196,6.906636901730048,0.162431985139847,-0.2035014310001174
IND,1991,-1.1746201584436733,0.05248727961170855,1.0935569209048905,0.6945289860156418,5.104683916260594,2.5084178494188922,NA,19.60359169252138,44.40250361744112,24.40164892676594,9.942079539724695,0.162431985139847,-0.2862256089017496
IND,1996,-1.110636889028885,0.05690473809857384,1.08425025652803,0.6814966906776132,6.094101127378022,2.17678638663233,NA,23.99297315444792,49.35215616863624,26.44888606772404,7.8972079276991,0.162431985139847,-0.2023918929300828
IND,2001,0.39230102805084793,0.06246499041679749,1.0839370487827686,0.6730857376088749,6.4669380592138515,1.9983564361996475,NA,33.1199674991444,62.7443351683081,30.51857820873976,3.900258856372447,0.162431985139847,-0.1347619131292944
IND,2006,-1.888205844978614,0.07724008435555378,1.0664892995947681,0.6589480325440524,7.033543846594021,2.227989484568177,NA,48.06140915162712,74.89431012166818,36.30986272059276,6.273595460340104,0.162431985139847,-0.2047707479784664
IND,2011,-2.697379911593344,0.09317969316044153,1.0095290351281458,0.6370507847063168,6.498058308558864,1.1993388217760192,NA,51.22136666037804,77.96878717644717,34.12353855227448,4.905609034564415,0.162431985139847,-0.26221245916652297
IND,2016,-0.8440670392050955,0.10539518297671047,0.931806252259222,0.635523681073484,3.919850499916642,5.646680454006186,NA,40.42109217202168,77.48996659406093,30.64510856691478,3.829751950192073,0.162431985139847,-0.2883952748755646
IND,2021,-1.4319931100590106,0.11885770220857189,0.8889463448393258,0.6363483682470474,8.829904133300383,1.0860463162372773,NA,46.83040040722963,82.1020348312414,30.20593339694607,4.8583261863869645,0.162431985139847,-0.32630132387501126
IRL,1971,NA,NA,0.754272325486154,1.984733030291073,4.9196002566690655,1.1815766415493163,NA,77.75839908565757,NA,NA,NA,0.255701005458832,-0.1807133700143726
IRL,1976,NA,NA,0.7759831001422661,1.8755475041463436,4.58904007545984,2.943185870825803,4.4461096375275435,99.310538198054,NA,NA,NA,0.3531601786613464,-0.270488300974471
IRL,1981,NA,NA,0.7840935844098014,1.8608477006859303,2.5608743744561067,1.733650253150615,4.543220215547188,101.74949734178004,NA,NA,NA,0.418132960796356,-0.6272185301789068
IRL,1986,NA,0.5752901305853292,0.7475879925744158,1.86630366101495,4.746524303254973,3.239813888430167,4.630413132865762,104.11656524642446,NA,NA,NA,0.418132960796356,-0.412580756469322
IRL,1991,NA,0.6119825146095447,0.6748949159361198,1.7687888985265559,4.671154410203488,3.122672982211904,4.590989984909314,119.036073631517,NA,NA,NA,0.7075943410396576,-0.2787799674899636
IRL,1996,NA,0.7564024762078728,0.6060846404658566,1.6035744747056269,9.420184560765236,1.448141558960288,4.491515385231548,154.74708433307921,NA,NA,NA,1,0.1731979955616394
IRL,2001,-3.37203846174545,0.9136381673800166,0.5947365975703677,1.4675803029003083,5.3493894044719,1.4125843272157719,4.555263732409534,155.97091502119218,NA,27.0471704412532,2.9719476421629607,1,-0.1847454212325426
IRL,2006,-3.0282249322930377,0.921121349764126,0.6272249725449521,1.3803376818821387,0.4802180239316639,5.020689215221639,4.668922646209776,165.4259601342298,NA,20.575431059372562,1.7008821240756231,1,-0.551917033889288
IRL,2011,1.685172767365018,0.9368995790288083,0.7089304049978423,1.4893062701708248,7.481310727058478,10.273086316892277,4.559684400461351,202.2575376028392,NA,22.65674398642412,3.1753739937210526,1,-1.605490952287998
IRL,2016,-4.457713832371082,1,0.717481024489606,1.5021121660863086,6.229361737460366,3.3421427093682983,4.4910647726037825,242.3799074165102,NA,34.10488619774636,6.143451798459887,1,-1.75195979175177
IRL,2021,9.66499512816269,1,0.7025659043017646,1.4905699664832877,7.07765096894671,9.404776764284042,4.470866990103109,236.145799336025,NA,33.7383603663973,5.118919156749138,1,-1.0332599330903107
IRN,1971,NA,NA,1.164109657126096,0.6794225112655583,8.223423012343021,6.10263549848424,NA,58.0999355664947,29.184709375708483,NA,NA,0.3489640295505524,0.04190874242797757
IRN,1976,5.107831128811641,NA,1.186633680466558,0.6167434715297732,-6.194881668837506,15.208423467231723,5.384146196653647,51.26124515424594,43.46726356507438,30.431672812720798,NA,0.495818781852722,0.10070151410680218
IRN,1981,0.16652572116804987,NA,1.2486455493106596,0.5779205987222381,4.657794916544254,12.631959555913207,5.775453118654335,33.6426530562707,54.9149297520345,NA,NA,0.07690456286072737,-0.001615924152068498
IRN,1986,-1.0880588429936107,0.31671401440576824,1.3499494825662006,0.6006501658209759,0.7376064470549657,9.387081980599788,5.218332313962666,23.72585585765308,60.712927311155795,20.866452205515003,NA,0.1299455881118776,-0.00885810747490513
IRN,1991,-1.767787914988888,0.3372883794870261,1.3608173761499092,0.6354725724002461,3.049175462583036,5.850274062124259,4.37547726717915,41.47726890770032,41.40929291307486,33.23485713091302,NA,0,-0.2159743167499119
IRN,1996,4.298921111005866,0.315362537086593,1.1251375741458993,0.6359574307935963,3.525832156324904,2.371852104253336,5.179909433826027,34.64834770219114,37.2077879730948,36.087414004132995,NA,0,-0.01687859496541792
IRN,2001,NA,0.3350684238248317,0.8337671280515243,0.610177393403052,5.327354090966072,2.8594345369083722,4.640095447653613,49.02834227941144,39.64418109987924,NA,17.347427059364964,0.3892902433872222,0.05139966248352996
IRN,2006,NA,0.3645638150628642,0.7110222057274999,0.599091141210062,4.042349819698362,3.3356212736714608,4.464440569255706,47.75085847452402,49.22501680283568,NA,11.20727442333773,0.446004807949066,0.136720598747696
IRN,2011,NA,0.31221899354560423,0.7209973155731354,0.6266247250093231,0.18729148843991994,3.5376696618255967,4.700047114789647,43.43389763891492,58.5542374152622,NA,16.0527879198599,0.31605921983718843,0.29629229918750477
IRN,2016,NA,0.24317477043820518,0.7809328300686026,0.6836773384198743,2.0348708876452157,5.136081938324211,4.793067159652864,46.42490464615304,79.1355189357989,NA,10.281196428431858,0.0567145645618438,0.6262115958533526
IRN,2021,NA,0.22598267053787588,0.7935899793690888,0.7099645259243781,4.605352965907406,0.6393013784856592,5.808201115923536,46.99476015152883,NA,NA,13.34016491652184,0,0.7453744587289427
IRQ,1971,NA,NA,1.273913483004829,0.9404621241897978,8.426528781108017,5.54502220005038,NA,76.70198983143196,24.303111455769482,NA,NA,0.1299455881118776,NA
IRQ,1976,NA,NA,1.4379259026582363,0.9388347771752096,16.351002014571474,8.675116112566549,NA,93.46152112059728,21.0679000572191,NA,NA,0.162431985139847,NA
IRQ,1981,NA,NA,1.4734151343038253,0.8911578749888793,-2.0798814633731126,6.44059331178167,NA,70.90864267488251,NA,NA,NA,0.162431985139847,NA
IRQ,1986,NA,NA,1.464540989158593,0.7840646506837716,13.726625631868936,25.093395558482744,NA,38.9498425055353,NA,NA,NA,0.162431985139847,NA
IRQ,1991,NA,0.1491977073318493,1.4451337468253562,0.6495559736003254,0.9618975321260416,39.03999100338069,NA,1.2755129763373827,NA,NA,NA,0.162431985139847,NA
IRQ,1996,NA,0.23213788290872328,1.4755220869380743,0.5611219612082915,20.3271988421142,8.982939946363594,NA,100.4218831655272,NA,NA,NA,0.162431985139847,NA
IRQ,2001,-6.66212529091974,0.2268273222708359,1.5395406345912035,0.5034286551980575,2.393379888022373,32.55120176404441,NA,127.3506692884692,23.6067221040633,49.9737345919978,18.929757764546583,0.162431985139847,-1.57578231466088
IRQ,2006,9.373520074835794,0.23667471400899595,1.5753370857867701,0.4653518854406014,5.107361911523662,2.5022747275891657,NA,79.39675493389868,28.51205692034264,41.59003098212802,25.254544145559223,NA,-0.25554273600107186
IRQ,2011,7.951972073151028,0.24296197811178197,1.5872860591666575,0.4251365282976126,6.796328380439756,4.752188385094409,NA,70.3528573358858,35.10155914382204,37.778375418076976,41.84450979519296,NA,0.041912294242989444
IRQ,2016,5.525146085613172,0.17393897658209712,1.5530662554183032,0.3952061119379909,1.615694228178016,9.520691314473888,NA,61.38065583330552,43.27174936021446,31.641856356515422,24.96583665732034,NA,-0.1372388203725561
IRQ,2021,14.151277277873767,0.18046886995506534,1.5057089896151656,0.36896339110755383,3.326311428192727,4.042150949919523,NA,66.57446106827616,45.849854144560666,46.12419320732173,14.868422915696202,NA,0.059324372203490947
ISL,1971,NA,NA,0.7295114713682015,1.5935811827883455,6.479325796123158,4.419776027120113,NA,71.2729982738958,29.54755623122168,NA,NA,0.162431985139847,-0.2304357040870344
ISL,1976,-1.1096463726700512,NA,0.6798673430213742,1.5853118865865448,6.281372503684667,1.494418219654707,4.9637075942216065,66.94612336322642,22.93054146467274,26.775984012237075,NA,0.0649727940559388,-0.3136337282534738
ISL,1981,-4.419010844765198,NA,0.6575969630568659,1.62462439105295,2.33807424910338,2.6466678952159843,4.93870715095896,71.20023389309816,21.59729804503348,20.17219289350298,NA,0.0974591910839082,-0.4718431811542294
ISL,1986,-2.0593467579769964,0.9203154204177969,0.6405445897934764,1.6581420504448225,3.2309131679833722,3.924316861895363,4.97440789674718,64.47503294153428,28.79029496430318,18.26497180289454,NA,0.162431985139847,-0.4436903798205502
ISL,1991,-0.6767738155610942,0.8636828966658825,0.6437844139655475,1.6642142869700531,0.28829428355073333,2.538708058715625,4.8997924641400274,61.1591148322852,36.31383294613332,16.9158733874625,NA,0.480421906709671,-0.5141248431173006
ISL,1996,-5.667754340579874,0.8463245737861251,0.6471922592168304,1.666968141323869,4.8904353742447295,1.244578053685979,4.875760291173659,69.48866334303425,38.38220985720932,15.34766210630012,NA,0.701705813407898,-0.46977735250672
ISL,2001,-6.688466652717046,0.8488129316962358,0.666420053488836,1.6032536131193817,4.263308321240404,3.0367864600108585,4.9099544118800456,70.19893252436945,53.02259530729548,15.69543596541416,5.629275871769773,0.701705813407898,-0.6909244448583646
ISL,2006,-14.803256031396316,0.8651165103971739,0.6530283139635656,1.5006872138849283,1.1138540082361341,6.69788388086847,4.796467105063148,82.73003314111376,92.1489114903648,9.209687737283248,8.917398723843183,0.3781415164470674,-4.139946520603504
ISL,2011,2.146909185184012,0.8326701983768062,0.6777388395599545,1.5603019815972106,2.365734355894894,1.2340228691746304,4.661359555397096,98.0882268201256,78.86107916334304,17.4282815771611,5.317236124153227,0.162431985139847,-3.4323048648949164
ISL,2016,5.546261839606658,0.9105971167266851,0.656239360237375,1.4993269039361565,1.771251829827108,5.057411512087973,4.887849675075407,83.1001873127768,65.58226337522468,25.47519753782218,2.0992855927672114,0.6863609075546264,0.14270583743091997
ISL,2021,-1.8760800930391601,0.9410270929260991,0.6522903965742133,1.4575895393473837,6.395807843953536,2.100014831604549,4.870739585213373,85.56179561960013,66.05828952153198,22.0874095443146,4.129568177586284,0.9403411547342937,0.379946725607564
ISR,1971,-6.973958874020442,NA,0.7642098938936975,1.2746313156485038,7.680813986254032,3.7472162442659154,NA,61.48631854117798,32.0023422646388,26.35242684901356,NA,0.446004807949066,-0.2278103979392698
ISR,1976,-3.87709007108323,NA,0.8307077231379907,1.4628581042460034,2.9582294416573522,2.720596884938796,4.561192903134617,76.589435212154,23.99132105764446,24.8061680125728,NA,0.33450636863708477,-0.4594432035728656
ISR,1981,-4.3542808677336176,NA,0.8728370996053828,1.5710400378303329,3.15033648990293,1.708790605760378,4.6466403981328686,71.62127216047551,86.91196630004288,22.3269055816467,NA,0.3158525705337524,-0.82431482533646006
ISR,1986,-0.12735779740817016,0.658109997072293,0.8761145486126709,1.5640865376133857,4.425963626594744,2.8678252469003516,4.637595895081182,63.87840228042934,61.11657410735446,23.20771181590354,NA,0.162431985139847,-0.36199877838476296
ISR,1991,-2.9757513486854,0.6962041899521609,0.8347446261130738,1.5423688553994657,6.726581526563354,1.531645712246208,4.652965007334413,57.9633140062821,59.25808542198776,26.37029895348454,NA,0.3158525705337524,-0.2766923311568244
ISR,1996,-3.064771024152722,0.7033621077882386,0.8305629456067064,1.4913117451510967,5.088623555282254,2.185760640451168,4.713214050758147,61.1378984748938,75.46739762949863,24.1716566879144,NA,0.4139368146657942,-0.3009202669128258
ISR,2001,-0.47314770392626015,0.6429752635868684,0.865994686096948,1.4275434113497276,2.125719740144179,2.2614822033858792,4.572023136056921,69.55798028861015,89.22042984986957,23.48024175036708,1.600157438684829,0.8448870062828063,-0.1810192321838294
ISR,2006,2.275896521635641,0.5875735464156303,0.931921604814595,1.3639039982871222,4.38382888453805,2.1104502177165707,4.540634874374389,71.99240908201048,77.52567252061766,25.1436092804776,3.7673598182281465,1,0.06333193574329413
ISR,2011,2.1842078588215736,0.6339742850571538,1.0067449694284156,1.3668397775726944,3.613021074893542,1.3353750504481436,4.613842918362697,64.7239680186716,79.1764412481794,25.18730033496634,6.642665127793211,1,0.2117763429784608
ISR,2016,3.071223772356314,0.6449417942001738,1.0635112402833904,1.365571415147731,2.899898670534244,2.7669625630273758,4.679765154314638,56.07698452250722,88.49177649255893,26.91843737197044,4.62785047295178,1,0.3801136939032016
ISR,2021,2.92659293034492,0.6687829935923861,1.097012728830706,1.3186547555301895,5.826052655594326,3.7998384421882814,4.715431837803241,57.8456191962307,104.293559281434,29.435482442767402,1.8230011885167139,1,0.372016703702031
ITA,1971,-0.6764096762799375,NA,0.5393984548873175,1.9443673474110557,3.208886853239982,3.5650622224813384,NA,34.81713485827904,NA,25.53484137939558,NA,0.2183933913707734,0.0037142518404819835
ITA,1976,0.169399284792643,NA,0.5383134393468015,2.047748321059549,4.463040316131386,1.9690564491419087,4.578447490010929,42.0935773630249,NA,26.1617850227389,NA,0,-0.01319102117125796
ITA,1981,-1.1234906165985654,NA,0.4817683196945552,2.035291801226815,1.6901909789920657,1.245239924398396,4.585376402097993,42.7121259077641,NA,23.1010145866011,NA,0.33450636863708477,-0.05428731507544414
ITA,1986,-0.7014379839586126,0.7819753970506106,0.4180269330297341,2.1209579018861784,3.124093632693282,0.8039732412694571,4.717104198668587,35.95943597691154,NA,22.21406669299346,NA,0.43006473183631877,-0.07810015575897374
ITA,1991,-0.020848664305582586,0.7859517836936883,0.36704151884269753,2.2990706287923,1.3115555335106928,1.427406176457403,4.633935979575842,38.4495737627062,NA,20.87700114896244,NA,0.8149802684783936,-0.10985481335094488
ITA,1996,1.5476057790963766,0.7571284743554346,0.3748433945079789,2.431990441278147,2.127153941987656,1.0046381589240059,4.581582349253805,45.41633197817842,NA,22.08794596393482,NA,1,-0.080294363278532
ITA,2001,-0.4985436422156462,0.7298217325432753,0.4096507882993373,2.5686006217099693,0.9158698309636121,0.8159332554476862,4.607712547424687,48.02344871905,NA,21.12143540246646,1.1994275542270543,1,-0.13573365096898973
ITA,2006,-2.101326607903094,0.718018963265083,0.4449375059234113,2.640961492864894,-0.3074829632809041,3.0180015335200774,4.633664044065967,51.753885559723145,NA,19.38542981156582,1.9854470529329158,1,-0.2438120830743866
ITA,2011,0.20488819341180461,0.6871204763524059,0.46933852521127645,2.6135073996433413,-0.6727041415902882,1.73765333516985,4.585307809686505,54.65622211898488,NA,18.21898815728374,3.704996626179301,1,-0.2601829022735344
ITA,2016,2.936673755299854,0.6990910979085774,0.46854388669477803,2.5109891317197803,-0.9544981875342745,4.445718026018992,4.557296310535744,56.7847596811776,NA,21.0361795329604,3.2303250610426195,1,-0.11081569440959976
ITA,2021,0.14476220060949704,0.7211761269079229,0.45984951408819996,2.412911735080626,4.909311215754402,3.9784158733663277,4.550706808207898,65.80855259995563,NA,23.35570026800527,6.178457196852083,1,0.01951655837002095
JAM,1971,NA,NA,1.2427461909983644,1.3781167567979167,2.0991532171469016,9.43876332090181,NA,NA,38.75755333433314,NA,NA,0.2135721802711488,-1.084013918595154
JAM,1976,-3.915307892421216,NA,1.174121570225629,1.423363638757763,-3.223938934159669,2.8883149317689845,NA,NA,38.62476692593018,NA,NA,0.0974591910839082,-1.105666528881664
JAM,1981,-11.415087791013127,NA,1.1022249783791078,1.4056397130636678,0.4263553291665979,2.501395220886918,NA,NA,53.41438081369928,NA,NA,0.162431985139847,-1.816893159514918
JAM,1986,-3.269264797768292,0.2137214511520926,1.052496967293746,1.3214444054811776,5.016216897623694,2.462514789763366,NA,NA,64.84508241541845,NA,NA,0.162431985139847,-1.534105020819654
JAM,1991,-1.6861353343567778,0.23009319818968343,1.0240032259746907,1.176059162435216,3.9888461330190563,3.3089318338155738,NA,NA,49.65677183362084,NA,NA,0.3892902433872222,-1.061971322577668
JAM,1996,-3.239174598206486,0.20314678971533873,1.0160280542113376,0.9869407266436192,-0.3324734402549598,1.4213348706314026,NA,NA,45.65950215990618,NA,NA,0.8806823134422301,-0.5378153939899644
JAM,2001,-8.392361040527827,0.1887761613634904,0.9751213947826692,0.8362788315991706,1.8452122276799687,1.0916699815101392,NA,NA,46.29130514292192,NA,3.6678267534712754,1,-0.6853264727267094
JAM,2006,-12.516077408506176,0.1823151547974075,0.902526409044909,0.7626578279844937,-0.4566212772924443,2.7873261325657404,NA,NA,44.88447825787222,NA,9.903888125377831,0.8806823134422301,-1.0860047861033821
JAM,2011,-8.882739740388377,0.17026277189128153,0.7849256208840785,0.7194278864523328,0.6491471446007924,0.8451010835274891,NA,NA,44.194886029492544,NA,5.15053395290236,0.701705813407898,-1.342467037205964
JAM,2016,-1.4053470348710846,0.1669571878307366,0.6889556768155193,0.6692506446748623,0.21486562998330996,4.775303087617478,NA,NA,53.05049161706224,NA,5.265263526168469,0.42370733618736256,-1.449532684455614
JAM,2021,0.955404050829662,0.15088856970430212,0.635891813693643,0.6668873345720241,4.96344245290665,1.9548813108192569,NA,NA,61.9071082440234,NA,6.981642595645617,0.34218991796175635,-1.22669897158927
JOR,1971,1.4261709689336428,NA,1.5255435810582554,0.6585350831059326,NA,NA,NA,NA,57.787711746201396,NA,NA,0.162431985139847,0.25669030513670543
JOR,1976,-0.07804305446422556,NA,1.5722207326277382,0.5617013061625458,13.741432649365148,5.382291555845348,NA,117.7297255625518,75.11787898127136,31.56008020670318,NA,0.2647123754024506,0.12343365269107943
JOR,1981,-5.296154989855352,NA,1.5667013273540928,0.50528311983313,4.71393257465672,8.124650728422921,NA,125.75180191358339,89.03221481498302,26.63699287427822,2.9438005053177108,0.418132960796356,-0.22728659908038848
JOR,1986,-1.3698182400383163,0.18072057428491814,1.4993459129975222,0.47062051957985335,-0.34300895053066294,6.173340590274717,NA,112.1280304558013,115.31813973113469,19.8552523241313,7.280190506930517,0.2135721802711488,-0.6749652818814174
JOR,1991,-9.246427307475564,0.17682290231560524,1.2458093521390718,0.4146083472233517,6.323529611106868,4.792384927901319,NA,128.4620918870708,114.3694531275638,22.288025269732202,6.960718103024094,0.21914654970169078,-0.8994250662306558
JOR,1996,0.5350198307608939,0.1610078032912935,1.2494977337619289,0.4200865450735195,3.208582314007194,0.7769870993068005,NA,115.1295834706536,102.8028533763096,24.63420138866586,6.927001957484105,0.7698832750320433,-0.7159284012998057
JOR,2001,-0.19577681982466372,0.16668152705638328,1.302593371903362,0.45925420394436883,6.385848422108208,1.8982380221591035,NA,124.1123349713674,124.853345268784,24.491076839088258,7.690173426670136,1,-0.9252600316155466
JOR,2006,-9.866189579945162,0.18486215406750486,1.2897925605166125,0.4796390030367343,6.165615179264866,2.500102546869072,NA,131.0058459923612,129.8157650948408,22.45540485430642,22.534928444528067,1,-0.908517417758128
JOR,2011,-10.228891898060652,0.17772040842226614,1.2471543795411317,0.4465944317388789,2.731418431059266,0.38313401692638216,NA,110.66070258926382,116.83990586779841,17.80832260846586,3.998749804626439,1,-0.863158279178809
JOR,2016,-6.9026188960818535,0.14846007009467066,1.2201399862256028,0.40957207143590346,1.4070677625558161,1.4284594672868849,NA,83.5672031797233,109.072545935471,16.66969437379358,3.1527765540868935,1,-1.071310566251228
JOR,2021,-6.573017894153567,0.12759223794421382,1.1756008312534247,0.41664103358604765,3.062387377309627,0.5272241441980187,NA,94.92539937855447,114.734571961122,17.6893526617158,0.7549834435270754,1,-1.0438296643639375
JPN,1971,NA,NA,0.48045436779742884,1.1607534995289803,4.60229507218665,3.9542515287941136,NA,21.31023105775592,117.8498158255288,NA,NA,0.6449912428855895,0.027592119077682626
JPN,1976,NA,NA,0.5190502719918146,1.2981416394376504,4.387779316805082,1.0746431288768898,4.301903130781683,23.305085642916538,131.0925725593496,NA,NA,0.7375011086463927,0.0230643168347914
JPN,1981,NA,NA,0.5211368023523189,1.4906117117240285,4.148250773446734,0.7293034614629503,4.360159586021635,25.64033985177976,152.310874174322,NA,NA,0.9642046928405762,0.03806000966998682
JPN,1986,NA,0.8335278753016698,0.45868690943452367,1.669105721446434,4.87425200064083,1.1985779457252195,4.685830189212116,17.87072367150218,176.858646081961,NA,NA,1,0.08866318214724384
JPN,1991,NA,0.8452708852608495,0.39432454602654693,1.9100415800620953,1.535821275292691,1.5602986377491848,4.789581368393799,16.54025407502924,189.5287279936132,NA,NA,0.9880682349205018,0.13082553551307047
JPN,1996,2.28333659196471,0.7843500845829744,0.38207822672830416,2.222890255218124,1.0550973648075481,1.9096026971338829,4.737993662637748,18.94571487437066,217.8408490946872,32.13491914343422,NA,0.9522729396820072,0.2155447824945214
JPN,2001,2.9795798400582982,0.7436163914386335,0.40200930416625447,2.570348409529423,1.1906415982893175,0.9290411877440103,4.656124998181868,22.24543196134626,194.7271357103608,29.15480204063662,10.939420087110912,1,0.33663212119574537
JPN,2006,3.558335871341184,0.7237019300466543,0.4378582247214264,2.9577108601106152,0.007342419809017864,3.7010132261844517,4.520589541972939,29.97021398389342,202.9737804312676,28.1019755061874,8.216142647252417,1,0.4647615575671404
JPN,2011,1.5479966048767753,0.7254193859834015,0.46498887653603627,3.26280312917144,1.0520985821228204,0.8514208980793704,4.430039952081532,33.50069664397872,231.0504649855438,25.93596956430718,4.919044622688436,1,0.6056595718193492
JPN,2016,3.5988647636892,0.6747442518248568,0.47832694794507336,3.357588727492423,-0.29967685026130364,2.284745625652592,4.3370221000716445,33.7790037930103,252.9318035183706,28.89206429885288,4.88651204848612,1,0.6197233731728956
JPN,2021,3.24728978838723,0.6145589751240579,0.4770528904038046,3.211767678300032,1.7045358759630018,0.8995202308066743,4.144938889966009,42.9007708763628,280.243017003394,29.4656844180465,7.7565026483160135,1,0.7810664136109035
KAZ,1971,NA,NA,0.8036707857134839,0.847957481880399,NA,NA,NA,NA,NA,NA,NA,NA,NA
KAZ,1976,NA,NA,0.8003214845308214,0.9931118452165754,NA,NA,NA,NA,NA,NA,NA,NA,NA
KAZ,1981,NA,NA,0.8419611359890805,1.1461472222908833,NA,NA,NA,NA,NA,NA,NA,NA,NA
KAZ,1986,NA,0.32962113144614963,0.8404260492899485,0.9615876939869678,NA,NA,NA,NA,NA,NA,NA,NA,NA
KAZ,1991,-1.04592536802769,0.2441624579081185,0.8297616140813593,0.9663706082370113,-9.260000000431912,2.78352294764805,NA,100.16882742480962,17.441954997145935,14.9109175203857,NA,NA,-0.13505777120609036
KAZ,1996,-2.344177820610316,0.1957077553196443,0.7967993845528699,0.9745956298537486,2.5600000004254793,4.396362132991327,NA,79.42323014392557,11.523825612635608,17.02912222434694,NA,0.162431985139847,-0.5124591320967864
KAZ,2001,-1.9819332092629471,0.2659179734181197,0.7380129015880951,0.9612211007425385,10.379999999795434,1.7541379641351642,NA,94.50315786140648,22.53679221683542,27.89151780464066,16.699868641109383,0.162431985139847,-0.48781466151211184
KAZ,2006,-0.5809098399239223,0.3551472262321169,0.7635266247377535,0.8889785190911617,6.280000000586366,3.941065846038483,NA,85.56285958042763,38.79697184357446,30.0684610923051,11.808132790581238,0.162431985139847,-0.3546822750363212
KAZ,2011,0.7558672902242161,0.4183622874549246,0.8750679446281467,0.7734472530887078,4.719999999927124,2.31775753633271,NA,66.05419246572994,34.9659013944882,29.86380675677864,24.126582849628747,0.162431985139847,-0.230678455852292
KAZ,2016,-3.6884873955933486,0.41724630648801225,1.0208238011394102,0.8023822167111072,2.25999999988251,2.9913207766327434,NA,60.50999999041094,35.50647305208426,26.10794966191344,12.087927862127572,0.1862955212593078,-0.4712822324919434
KAZ,2021,-0.68757458568577,0.4636667004351708,1.1196142879291326,0.824802021628293,4.19999999891277,0.9539392013041946,NA,63.112402362328,33.657187038114735,26.43246665682703,12.635795714292527,0.222090825438499,-0.3835570257077375
KEN,1971,-6.59313081216649,NA,1.5862468074405665,0.48928671258555156,10.020144401996523,9.131697425526166,NA,62.82297843885424,28.36120389669372,12.2572924796444,NA,0.162431985139847,-0.10056149813199543
KEN,1976,-6.997641409846855,NA,1.6650868671652341,0.45763036474829144,6.345491629091196,2.726351468962225,NA,64.2325170962821,31.95855552797854,18.49257518074916,NA,0.162431985139847,-0.1642639432668688
KEN,1981,-3.531011738467212,NA,1.6857728237104252,0.4570085621668502,2.528970297716948,1.3982032951946741,NA,58.181592085622455,28.61810027016284,19.60631154230536,5.31854299347404,0.162431985139847,-0.357065900121297
KEN,1986,-5.167455818293068,0.07238906613997989,1.673277199073063,0.45152625700876803,5.640049279497326,1.2008246406986733,NA,52.71928531904738,29.50180538487284,18.648967626680122,5.6359482689777405,0.162431985139847,-0.3009111472023862
KEN,1991,-6.618146104309992,0.0664139538825268,1.6370364449522605,0.4303104540132916,1.6062102263922717,2.017394502142415,NA,64.8797835122745,36.96264701439324,25.8539252854942,13.019588833583292,0.0324863970279694,-0.374267130469281
KEN,1996,-12.04441958010131,0.05747496668936303,1.626347430111133,0.40812340419260673,2.1634077797151807,1.6217351144321803,NA,52.35355777586232,36.19141067124352,16.07541452177396,6.800061975718801,0.701705813407898,-0.1348604755508102
KEN,2001,-0.9276219310087708,0.05060248853237299,1.640165444727386,0.3747168209337001,3.6540414859872032,2.0837853646185738,NA,57.84152874016144,38.13131216311598,10.723705009769727,3.2154532343102455,0.701705813407898,-0.0677218146497531
KEN,2006,-3.9866237177448283,0.05186152630752,1.692247427635872,0.3361873556513395,4.9841840468351215,3.183709739216508,NA,52.60987034814264,34.83117583517886,12.373466799835722,4.939939270881779,0.701705813407898,-0.07490445187661164
KEN,2011,-7.824169673739267,0.05878823881956122,1.7040083405688762,0.3275705710691138,4.6950932513306665,0.5437090687013613,NA,48.797682912931776,39.20199797432806,6.183534967533646,4.9656822290597695,0.701705813407898,-0.2251044034337058
KEN,2016,-5.26250961603368,0.07071261219093002,1.61248392954222,0.3263876063736459,3.708162835825207,2.337713190791137,NA,33.48668624997088,39.66249958490882,14.22056161557016,2.481934729198173,0.701705813407898,-0.4894130147218482
KEN,2021,-3.78149534722194,0.07572785190929593,1.5243116731042656,0.31140539960846947,6.056820976118913,1.3960691900221285,NA,38.796154011207534,38.8585027426682,16.284704155328267,3.0615900008546784,0.701705813407898,-0.5281229312111547
KGZ,1971,NA,NA,1.019676060267532,0.9423126027373836,NA,NA,NA,NA,NA,NA,NA,NA,NA
KGZ,1976,NA,NA,1.0164706461563782,0.861750063175676,NA,NA,NA,NA,NA,NA,NA,NA,NA
KGZ,1981,NA,NA,1.019778754498865,0.7855595472850297,NA,NA,NA,NA,NA,NA,NA,NA,NA
KGZ,1986,NA,0.10648348205564198,1.0503744961830535,0.8113705500241253,6.24813649987622,4.80549496526768,NA,78.7383177570093,NA,NA,NA,NA,NA
KGZ,1991,-7.815475932904073,0.06984876345175703,1.1153673659713579,0.9039233174183956,-12.55001440440055,5.892785299745942,NA,75.11049933942562,17.2018878792946,6.439427070461116,NA,NA,-0.4050604444115645
KGZ,1996,-14.690534055807746,0.05123805353409737,1.1107598000489092,0.8793991934844553,5.644143521648614,3.0297503340732685,NA,90.98252509612148,13.350291934199861,5.04585022179137,NA,0.821023464202881,-1.2010246229763657
KGZ,2001,-1.093333445693268,0.054191424963026355,1.045781231883644,0.7893769422422027,3.837177403422425,3.6582859176191533,NA,85.9000321970246,17.00534576817402,14.8449640135744,5.202849038287291,0.7136375784873962,-0.940492309856767
KGZ,2006,-8.834057711194674,0.06061683078083172,0.9985598669239532,0.6563260183326275,4.492423508855173,3.8999861785190095,NA,134.1052910990526,28.6834861237878,18.30460433556678,3.6267064948793415,0.785228168964386,-0.522451958499473
KGZ,2011,-14.036323540531825,0.07194539882558429,1.0611263818227425,0.5745949382819278,4.936691525170502,3.9997731511682173,NA,129.1940631390378,31.58318256268944,12.592683297369323,3.9210967853395347,0.4029947221279142,-0.753183060743192
KGZ,2016,-7.413468838515172,0.07992454311634721,1.1785413414992447,0.5785115586959215,2.057070272209616,5.160050541439265,NA,95.7478281034385,37.30581315473594,25.56858419310014,8.540667421226514,0.539273798465729,-0.9421232115485901
KGZ,2021,-25.329735692293546,0.08453217890524985,1.256053891470432,0.5439598877309815,7.829268553689113,2.0112672588554994,NA,122.140499607557,43.4364724044418,14.061015108127997,6.415605972938172,0.539273798465729,-0.6804609712896833
KHM,1971,NA,NA,1.2182770818611137,0.6327338674693033,NA,NA,NA,NA,NA,NA,NA,0,NA
KHM,1976,NA,NA,1.2149313891822575,0.6097837261189802,-6.634675450605488,6.928297354729694,NA,NA,NA,NA,NA,NA,NA
KHM,1981,NA,NA,1.2251863660297049,0.6124645844755342,2.815352345598256,2.5574284315619735,NA,NA,NA,NA,NA,NA,NA
KHM,1986,NA,0.05901199385327686,1.2919400885980172,0.5825168243313249,8.390188238249285,8.410999772327752,NA,NA,NA,NA,NA,NA,NA
KHM,1991,-4.710159699407117,0.05053179799551899,1.4718963954755233,0.5338124023321117,-1.2395925503815026,18.879270203296805,NA,63.65300592490283,6.317785413109683,2.8855848544937035,NA,0.418132960796356,-0.18070649516280352
KHM,1996,-5.189529738895896,0.03266036308693305,1.4909904494314608,0.47040010701425133,7.4569440501834166,3.7423104062917334,NA,85.6579395275183,10.903949951731834,9.630534982972819,NA,0,-0.22637846472500459
KHM,2001,-3.31655219815405,0.040717383256075955,1.327893403070464,0.49022090912085126,9.339898681971086,2.7327279100290887,NA,123.0039437463624,16.37684473974382,16.88836272298822,16.75585017708807,0.4346775233745574,-0.1630827611473912
KHM,2006,-5.349956689267242,0.05638540234053948,1.1777487649686502,0.5116135367535559,7.593976234792725,3.0748030583096484,NA,123.3457236892992,27.40023708952358,17.07092350242334,4.658540543990141,0.716427206993103,-0.11263136478984946
KHM,2011,-6.581372263254626,0.0718772130189756,1.1134733091126707,0.5331208282507737,7.600353988881024,0.34702044253185005,NA,119.596559339151,43.83076998469848,19.79955364876998,5.6451749308590955,0.7731417655944824,-0.4027422821537024
KHM,2016,-6.084037014131918,0.08839014332895209,1.1273978867657368,0.563947381527261,5.827598456146242,5.257355005098591,NA,120.0279475466844,75.25099934892481,28.43490633890546,3.3864435622050464,1,-0.6595060817347572
KHM,2021,-15.753719098873468,0.08881668879176911,1.1291028391240616,0.5810115562378,4.409024795781787,1.1440876992898548,NA,142.08677388901734,107.14219581962,37.497836665391965,2.7055498516937324,1,-0.9717424229840625
KIR,1971,NA,NA,1.2095062109220351,0.8326075238622935,16.269244604406158,18.342818653609303,NA,112.5282346990485,NA,NA,NA,NA,NA
KIR,1976,33.866130417511954,NA,1.1553223060631796,0.6854052575191758,-8.597125668966289,11.233450330241354,NA,123.579650211032,NA,NA,NA,NA,NA
KIR,1981,5.149941586890486,NA,1.0907899977961326,0.6453142508710324,-0.8135069209515,11.180272946009325,NA,110.14539655613568,NA,NA,NA,NA,NA
KIR,1986,-11.056913800056522,0.04987863540512188,1.13331623776339,0.6222437280947368,1.4389298946083517,12.014063466676186,NA,130.88209483766857,NA,NA,NA,1,5.3848183449291405
KIR,1991,-2.3246360971836046,0.05257508880447086,1.2327207760632524,0.6017183733708569,4.600803880301793,11.31242728170994,NA,105.80900082412678,NA,NA,NA,1,5.110078407635046
KIR,1996,NA,0.04745717629313161,1.2935733544197163,0.5810201085760445,1.6791587446452423,4.11731180158683,NA,92.0596192208914,NA,NA,NA,0.8210234761238098,5.75917437431647
KIR,2001,NA,0.03990732497545587,1.297534801635889,0.5327698612947944,-0.5177956860834788,1.9469564310578307,NA,113.058633021152,NA,NA,10.491226707693578,0.701705813407898,5.319105661683832
KIR,2006,-5.140042612596401,0.036441080560350676,1.2994966753813948,0.5160662712067079,1.5220072563214697,3.2335618392557914,NA,93.79621124298592,NA,9.259983247327593,3.830796261875593,NA,4.182469782452258
KIR,2011,9.048765919688625,0.03785003725484442,1.2909785787683299,0.4747261991115237,5.8654605492788905,3.891912410963865,NA,100.08371919940161,NA,36.4625791505006,6.749296259611071,NA,3.709774171780142
KIR,2016,29.233333137113124,0.04241834423484113,1.3040764289733477,0.4422627456657617,3.222560468608486,3.0532249107775002,NA,94.3833476821832,NA,49.7354432321308,1.570668647423763,0.701705813407898,4.85048545449997
KIR,2021,-2.239190920952243,0.04248946872124369,1.3612630022934733,0.42468729003936584,5.23269155909488,2.9704600399788537,NA,96.59673317921006,NA,26.644139989289467,2.816025568065743,0.701705813407898,4.03178620177075
KNA,1971,NA,NA,1.2279429649985114,1.664964540632361,NA,NA,NA,NA,NA,NA,NA,NA,NA
KNA,1976,-3.88985068167063,NA,1.0706159630032106,1.7278297334687003,6.649233416041637,2.409434022198,4.625056691771766,NA,53.0609332966663,NA,NA,NA,NA
KNA,1981,-8.665473331120051,NA,0.9939581068276265,1.765287876930746,4.1394475246154325,4.187251864890191,4.690021315744955,NA,59.31903840300312,NA,NA,NA,-0.2392215206951206
KNA,1986,-15.041161059694563,0.3760576463674682,0.9863289334517461,1.7332250710654589,7.397951929166734,2.5522609208810882,4.593655764774829,NA,61.156273896880904,NA,NA,0.418132960796356,-0.4099046481795966
KNA,1991,-11.234048638450902,0.39169666879192494,0.9508472904584491,1.5382215518375038,3.97821916414469,3.388326655640943,4.53736264855902,NA,70.7312885052064,NA,NA,0.418132960796356,-0.7382609374968478
KNA,1996,-17.93841492695762,0.41341996250909496,0.8661535060728012,1.2292084240865973,5.088550771947135,3.9592020929342175,4.613951085075344,NA,81.50251997827831,NA,NA,0.162431985139847,-0.8706026348801852
KNA,2001,-15.032937142529686,0.42829210985401733,0.8085775475626638,1.0328097725953058,3.283387481310054,5.043223013994605,4.628956673862589,NA,104.12492350842652,NA,11.952258695117976,0.162431985139847,-1.3687095690892541
KNA,2006,-15.72086664050956,0.4737283776006307,0.7426725190638976,0.9233360114519018,2.3218169985282753,5.545312128600358,4.600890135396697,NA,108.922962575384,NA,5.08064956477024,0.162431985139847,-1.286594689582178
KNA,2011,-4.243411148409705,0.4728663068032529,0.6697866240444792,0.8353811025530049,2.9754705980602734,3.5208090395828,4.615162615716177,NA,133.59942490227658,NA,2.86792607994,0.162431985139847,-1.0502362856007623
KNA,2016,-8.760680306742142,0.4782604123409982,0.6197226723919346,0.8395370121944287,-1.241294551091761,7.97819102717815,4.60490478228022,NA,120.928284322565,NA,1.5175638372075144,0.162431985139847,-0.857572781728408
KNA,2021,-9.138148848712905,0.39979183490995873,0.6174026539823964,0.925814184343557,4.623125431729947,5.24328763639374,4.534558112723437,NA,118.679290240797,NA,1.305118130030127,0.162431985139847,-0.9278415582168467
KOR,1971,NA,NA,1.0012235932757514,0.6613244927092137,10.1086671931302,3.0251962199417983,NA,46.2486053942979,32.03896937644184,NA,NA,0.162431985139847,-0.3245980639203488
KOR,1976,-3.8853306717206157,NA,0.8713559995607526,0.6291620074993092,8.784519191836413,6.009591851178396,NA,55.3857374414764,30.3337402100357,28.55009377010038,NA,0.3158525705337524,-0.2785249431553954
KOR,1981,-4.650953858468528,NA,0.7779291497495955,0.6553864834681342,9.582859528977588,2.494437991546258,NA,57.723092806331444,32.08128152463628,29.67491773669736,5.895962324969253,0.2135721802711488,-0.4042143554176914
KOR,1986,2.9662288179963645,0.3586423392370146,0.6550959473351942,0.6917593463398802,10.743661230254585,2.2609148929104617,4.888606105424466,55.39671735385076,32.8616768454752,39.30491282318448,5.000511338909202,0.3158525705337524,-0.16726223699157583
KOR,1991,-1.0953332277728554,0.4359551143517198,0.5752678026402529,0.7473623664621891,8.665802673502354,1.9152095581695918,4.9296849873648485,48.01137204467994,34.04112108954114,38.5351825174224,4.1955788571658195,0.418132960796356,-0.06974428462453046
KOR,1996,2.0628738180877,0.5056594375356255,0.5345587879170065,0.8480002589998636,6.030562815350838,6.4323886971143995,4.7847754951271195,59.15821168675678,46.54106413564974,35.93994200068534,16.758230450110023,0.2135721802711488,-0.1303873292112337
KOR,2001,1.4746927225087416,0.5797471697976807,0.5384895288972998,1.0288956105454699,5.017306941558736,1.7143077433505738,4.678717857014629,62.12349774274942,103.7970768438516,33.29626188344434,10.607683959247607,0.418132960796356,-0.09902858596555453
KOR,2006,1.383719169097242,0.6417242355365462,0.5049833384453707,1.2154225396024092,4.378579311883894,2.4607443294595206,4.728128834319109,80.58694891064762,117.1778460279274,33.5387698798214,9.336915979058611,0.4897235810756682,-0.11450257807646168
KOR,2011,4.495286140704846,0.6801149890084452,0.440352508784402,1.3132767072813896,3.132413278033048,0.4265210067632744,4.774445900544934,91.93756947609238,124.2110362088952,34.727038897795,5.962130491695063,0.7044954299926758,0.003144502591321996
KOR,2016,4.52819840959919,0.7235687924391017,0.396778062936725,1.4015462330008683,2.278878944799453,1.7183332327115703,4.968634305813348,70.9582800546296,138.9872414745372,35.63795384178494,4.051789728009091,1,0.22198751663937522
KOR,2021,2.4577795926480532,0.7119955499483412,0.3788575946382526,1.5784442709904496,2.97451573188969,1.5299976728283355,4.934291482408032,82.716487120203,162.156932388798,34.7573415215072,3.955165398985649,1,0.46347557684143476
KWT,1971,49.3260103187055,NA,1.1146564310217388,0.33366377333788677,-4.178269141966226,9.221458786419133,NA,94.73198061888192,28.19330102054082,67.8721074660501,NA,1,0.5842590431629665
KWT,1976,46.9381119310289,NA,1.0438257752481697,0.2623654782666098,0.9203774386124915,13.021784891913649,NA,111.1591184153666,37.24623951409548,64.87510284398502,NA,1,1.637206480904222
KWT,1981,31.02196726782762,NA,0.9639176950222057,0.21840418300259995,-4.351669556281954,11.293607016863488,NA,104.89999082790176,74.19866415796872,53.64084669131254,NA,1,2.84706516285996
KWT,1986,27.893616679942525,1,0.9552068029985639,0.2552907007480456,1.2650423449741677,19.945010564100134,NA,94.22981672952537,90.35745884826828,52.39045952579455,NA,1,4.34967644981815
KWT,1991,9.91779306374597,0.9921795647450666,0.8906304448368405,0.2865815469671421,17.817292562163402,45.282082735256886,NA,103.3723926109335,113.38941151099196,30.804353378949624,NA,1,2.9660549016522437
KWT,1996,22.55588714923791,1,0.8252548750885644,0.19803221022034373,1.9292159782187337,2.5750943029803204,NA,90.1723947024954,82.06571700428954,38.09107581981036,NA,0.8210234761238098,2.44021251753825
KWT,2001,23.60643442597894,1,0.7108753658495458,0.20670276800645948,8.280595837718872,6.780424025840085,NA,87.23423174067968,72.87378911148673,42.0698303246112,22.571030346678622,0.701705813407898,2.735284152184486
KWT,2006,36.18667530783708,1,0.6627109196148235,0.2028131421393117,1.3079001957251142,6.034422981337088,NA,91.99362789729307,65.34983833097375,55.2497361536888,17.147652900615878,0.701705813407898,2.7745379996287802
KWT,2011,33.79427349225418,0.9592532303295599,0.6364660788520722,0.21943724272750814,3.699532012120541,4.18639738349008,NA,99.29411949778618,72.70080392024629,50.6236637542619,25.34821492728827,0.701705813407898,4.22372114432938
KWT,2016,13.135471406183301,0.7471339594566202,0.6331593327854607,0.3037355699951284,-0.31926305598670596,4.06554364866698,NA,94.09631440143424,97.95007142359094,31.89624084028804,15.18090906368917,0.701705813407898,6.837687641429696
KWT,2021,29.6685546699657,0.6871770867746639,0.5879091232639363,0.2519926066740876,2.254530560872087,4.24302094138189,NA,89.66737977187191,75.4564601277899,46.46378122253434,21.78585167794304,0.701705813407898,6.899409105798982
LAO,1971,NA,NA,1.0969966025745865,0.6245018430523952,NA,NA,NA,NA,NA,NA,NA,0.4159194976091386,NA
LAO,1976,NA,NA,1.211323576817757,0.6413233798896025,NA,NA,NA,NA,NA,NA,NA,NA,-0.11828894405371368
LAO,1981,-5.8657678318188555,NA,1.3102445537999017,0.6755454294984766,5.06996394724837,NA,NA,11.454254402303103,NA,4.203943192645365,NA,0.0324863970279694,-0.3098791511095096
LAO,1986,-9.931029618261928,0.0423639139099095,1.3554288754052908,0.6697681666190786,4.4688710293370155,6.640967948349577,NA,31.38657165859292,8.556944804443026,2.8963290363900644,NA,0,-0.9975013886878296
LAO,1991,-6.7332150087144225,0.04493159238062346,1.397404270909135,0.6364856473962358,6.191850164101254,1.4700238984194602,NA,52.06112568159972,11.683378235377743,NA,NA,0.0324863970279694,-0.7484570900282208
LAO,1996,-5.247576179718217,0.04853134855648306,1.45867941027076,0.5973649574889404,6.174636298303482,1.3553194093484109,NA,72.4158884837193,16.92731174265596,8.52946108553974,NA,0.2881873965263368,-1.734644810765713
LAO,2001,-3.737886520911676,0.05432064454695076,1.4781387790199214,0.5573063815135378,6.2404845430350635,0.533473786431673,NA,66.31976670221165,19.1737682315501,13.059267504110958,4.219348861575253,0.199739593267441,-1.398632885414882
LAO,2006,1.254360430920631,0.06831636269588236,1.3604963467078626,0.533023422448796,8.013935640380534,0.524781703919324,NA,80.93487010484408,27.0983439566559,16.40644056949557,5.220440594432617,0.162431985139847,-0.9794534162858668
LAO,2011,-9.546657052800972,0.09691513468579124,1.220014792209575,0.516874491277232,7.794616125074258,0.34472105536803377,NA,94.58420578247382,NA,10.381502559949071,8.154140052758477,0.162431985139847,-1.01324887592989
LAO,2016,-6.763506529393534,0.11918057920078048,1.150008652149577,0.45907691114530713,5.224818811354496,2.711571060067843,NA,75.0918909204124,NA,17.6387955255376,4.054996917384769,0.162431985139847,-1.42281335880369
LAO,2021,0.6267485603933166,0.11293482209458097,1.1307129082787835,0.43906502544423104,2.99381964429163,0.6572587672778681,NA,NA,NA,NA,15.210960960219872,0.162431985139847,-2.1040577563340426
LBN,1971,NA,NA,1.0936772669919765,0.9490412560983026,NA,NA,NA,NA,NA,NA,NA,1,0.27291410262427
LBN,1976,NA,NA,1.0599183633554736,0.8419009107487301,NA,NA,NA,NA,NA,NA,NA,1,0.8637567784013003
LBN,1981,NA,NA,1.0343514853652314,0.7396030307782728,NA,NA,NA,NA,NA,NA,NA,1,0.7006699932268888
LBN,1986,NA,0.1251783731162649,1.0217179278747794,0.6876617251529892,-7.958979061260351,48.77925098756732,NA,113.9154483357465,178.90298961086268,NA,NA,1,1.3785599570097333
LBN,1991,NA,0.21657808122210861,0.9979100447053887,0.713837770470271,18.24109984677468,17.8518649011663,NA,79.01150112731733,119.9246189703232,NA,NA,1,1.1121202406847959
LBN,1996,NA,0.23568260855366968,0.9451414951937234,0.7431168851731892,3.364582630710253,4.674334385364978,NA,57.16597499736504,158.1241784730368,NA,NA,0.8806823134422301,0.20814378573403458
LBN,2001,-20.72464246976205,0.2264646031729979,0.9010767556166187,0.7507245486113275,3.971028260166486,1.569891860346588,NA,68.88512564746964,212.5844442698902,-1.6644665356843298,5.090038353221749,0.6505656123161315,-0.486050606263121
LBN,2006,-12.861795058794113,0.26096583662359113,0.8486165167861225,0.7421736276771226,7.627311386271942,3.491352751236527,NA,96.23145399512356,237.791313869037,9.09532098387265,1.7963852593472278,0.701705813407898,-0.497963922763958
LBN,2011,-21.22426367786042,0.3019437746859228,0.8336105410592696,0.7408884130554966,2.041277122311952,1.372341271125501,NA,85.70318243099248,241.4094545906556,-0.6672350666385299,3.1627519662471175,0.6505656123161315,-0.8452263179476076
LBN,2016,-19.659440804981354,0.32215858299484695,0.9650289972172794,0.90399551552303,-5.548390460723126,9.468802819517434,NA,63.509414930526745,259.955750789598,-1.2898183330414437,5.60642488578952,0.446004807949066,-2.297768664397124
LBN,2021,-27.469236536248033,0.15777963766117953,1.0151941508239288,0.9682001096659626,-2.7945006886871955,3.643803882477088,NA,99.30776957912403,NA,-13.695500410112587,6.213158080504098,0.446004807949066,-5.647774727174095
LBR,1971,NA,NA,1.127483724547681,0.5645412763858754,1.614792314540236,4.119367170656455,NA,NA,0.462589056291807,NA,NA,1,-0.3384392532251852
LBR,1976,0.07938697285481305,NA,1.2182072056601592,0.556799226478026,2.17627897768035,3.797902624736722,NA,NA,0.3891521707827394,NA,NA,1,-0.41609044233900583
LBR,1981,0.014611373445371932,NA,1.3063446678994985,0.5690020652615773,-1.8834348086664376,0.6120185671804502,NA,NA,0.3561699080074716,NA,3.6755319393796615,0.9880682349205018,-0.9958010434165634
LBR,1986,-0.1832554840640089,0.03292473435731459,1.3569949722265615,0.5711514915730518,-16.48428225836018,22.162399480282705,NA,NA,0.6082111116922012,NA,5.342224092181948,0.4897235810756682,-2.421390586413582
LBR,1991,NA,0.0165765694121778,1.3860465476654797,0.5576819901940113,-21.66296770648722,12.904626837487578,NA,NA,8.724620126477546,NA,NA,0.418132960796356,-12.181331981166393
LBR,1996,NA,0.019063404707490558,1.428017104985652,0.538147212636906,39.7933053120908,37.84468246930305,NA,NA,9.910584313512055,NA,NA,0.6455658376216888,-7.833914948166652
LBR,2001,-18.5739108172683,0.021351820167099345,1.535253292548689,0.5301044874271991,-3.1121561994752795,15.147149526852969,NA,NA,8.09024187156676,NA,19.346059347454347,1,-3.969002754177488
LBR,2006,-22.1232989160744,0.0189324711447442,1.673946198354034,0.5194522462651179,7.2250484411589895,1.65709371158804,NA,NA,15.992702192908821,NA,7.592562149893802,1,-1.8229215782151498
LBR,2011,-31.983855493067242,0.02360036808234869,1.7127958897882545,0.470164709656281,5.112939723529913,4.370474011235006,NA,NA,20.53371230299214,NA,23.221434064243322,1,-0.011111628822358659
LBR,2016,-14.896880382996175,0.027389213976994564,1.7320471040675174,0.41021311222585954,-0.67840329742269,2.3699854284015105,NA,NA,19.82324092259028,NA,6.077581755928912,0.716427206993103,-0.2633561073805942
LBR,2021,-7.683526466135283,0.02170488974109831,1.7014494369227826,0.3713498343005914,4.8261916317786095,0.15228564109043188,NA,NA,25.156104795107968,NA,10.851881557284589,0.716427206993103,-0.538056036805451
LBY,1971,NA,NA,1.4972044737238284,0.6952870571738112,6.40132814880267,10.231987995122228,NA,NA,24.571391967141622,NA,NA,0.162431985139847,0.09856189907708444
LBY,1976,11.34149743654197,NA,1.4419772859468236,0.5320141758407431,8.93639637567214,8.5768958208175885,NA,NA,28.86712563458304,NA,NA,0.418132960796356,0.2124270518704868
LBY,1981,-3.872084221976136,NA,1.4312361413516868,0.49129075018101526,-3.1142708614398,10.350244990815344,NA,NA,40.62379956410222,NA,2.290221602783085,0.2135721802711488,0.2265696130588108
LBY,1986,-1.7000794369457992,0.7188618547454708,1.3025600512420772,0.5008691891387577,-1.51119746892082,10.685548181843979,NA,70.797800855223,60.646201768288755,25.0359386834476,NA,0.162431985139847,0.323712132731903
LBY,1991,1.1304762888839641,0.7339150352353717,1.1063366099896905,0.5093802389217746,1.778808948149574,8.053787894760145,NA,57.0381423390661,71.84418300275281,15.51914633271226,NA,0.162431985139847,0.2808499944734512
LBY,1996,6.218843326944903,0.6069662841316147,0.9397983707611358,0.5211290590902818,1.6446958280137223,3.3510730245031164,NA,44.30259992685634,60.03404247381414,19.94833798894672,NA,0.0974591910839082,0.4375207431977204
LBY,2001,14.323542238409786,0.5659593954295682,0.9318284350059958,0.5348119231823439,5.325339312685422,6.936663455741883,NA,79.92723178597366,35.60916166394378,42.07812808469534,19.78303451684472,0.162431985139847,1.2028227563541323
LBY,2006,31.5372351177701,0.6279208948132972,0.9630333875266274,0.521889817408905,2.6391051751373378,4.767237511183742,NA,101.88214364829062,39.43212390675686,58.67001377826634,19.017150154531567,0.162431985139847,2.120798096264958
LBY,2011,-3.9922662190587346,0.37236851459867476,1.0568882797995724,0.5384809472171095,-1.0790380707657299,52.25570860198878,NA,80.19878101905591,84.34174255481196,23.179982666805415,27.73431088020757,0.162431985139847,3.001878396588152
LBY,2016,1.7242898550085262,0.2622758822411415,1.0525401761284074,0.4969829335955589,-0.3418301383407998,22.985799834958694,NA,56.482007694559776,135.0592958988252,14.560823641587264,21.03009747956485,0.162431985139847,2.586431177999352
LBY,2021,14.188460179331889,0.16768867611716134,1.009677527125867,0.4583854994914623,10.066638005392816,18.3001149563154,NA,160.01319333053166,64.4124684090201,29.3455380462998,15.831719215970613,0.162431985139847,4.201670047085647
LCA,1971,NA,NA,1.5468010028630266,1.0418623501683377,NA,NA,NA,NA,NA,NA,NA,NA,NA
LCA,1976,-19.545652173913,NA,1.424606859243608,0.9819651492645712,3.96138235148064,6.267936311447951,4.600574949524481,NA,36.355652173913,NA,NA,NA,-0.14312604096318965
LCA,1981,-9.896801606949069,NA,1.3226046848129902,0.981773689463453,5.7830635972852455,2.4022720584158788,4.742346712666463,NA,42.02162916600006,NA,NA,0.162431985139847,-0.3758195463192514
LCA,1986,-6.55732355111717,0.2909690964189384,1.2487211564553866,0.9698979944060551,10.219424044800652,4.251933561918305,4.647599091749075,NA,48.767969384351,NA,NA,0.418132960796356,-0.2490634522009812
LCA,1991,-7.774422162629958,0.2945523576213255,1.0956486516229378,0.9400424561891724,2.4517478361692815,3.1340474884346805,4.635664740127621,NA,49.34138101533114,NA,NA,0.418132960796356,-0.4278270771825114
LCA,1996,-10.76545430315355,0.2696617707773734,1.0236829255676663,0.8942731208193886,2.2468562190551613,2.7584299226129314,4.6590779974853005,NA,55.19245326318338,NA,NA,0.21914654970169078,-0.5230729928900114
LCA,2001,-17.5515729824088,0.24655183620716756,0.9092940840382745,0.9334727039650275,1.6260204324376537,4.175497321808132,4.6860767344433585,NA,65.87486580546616,NA,10.713804036652512,0.2758611142635346,-0.5950221722202222
LCA,2006,-18.618265153817305,0.2606553306125102,0.8044910591161317,0.8900865391572969,2.0674633607590773,3.622089698334341,4.598163532619555,NA,74.67910920243695,NA,8.94969273215567,0.446004807949066,-0.734281378464874
LCA,2011,-6.753713361283025,0.26115293552225,0.6911962735311923,0.8768378378181111,0.7658837354426308,2.2849250323625405,4.619249681260729,NA,73.25924233829527,NA,15.341218986768943,0.446004807949066,-0.679513405799141
LCA,2016,-4.477637804777106,0.26566125794724965,0.6134780899481209,0.8177118530841496,-3.073463653904212,12.02339344699616,4.628347566581626,NA,70.19440911047396,NA,5.595801997926659,0.446004807949066,-0.5288273061908706
LCA,2021,-5.277186835917563,0.2998002045196534,0.5902935193964604,0.7975301708106574,11.399036510583187,9.090926184045516,4.628933157978091,NA,64.42031873482684,NA,5.762233363317847,0.446004807949066,-0.5584719681786318
LIE,1971,NA,NA,0.5823750952276396,1.3363785999020414,1.66922439755246,4.904017744103818e-6,NA,NA,NA,NA,NA,NA,NA
LIE,1976,NA,NA,0.5383399511499252,1.3650624009061172,4.75867399453953,2.7390385932491303e-6,NA,NA,NA,NA,NA,NA,NA
LIE,1981,NA,NA,0.4952549042505511,1.3366095213322307,3.013915436864057,3.472682046108151,NA,NA,NA,NA,NA,NA,NA
LIE,1986,NA,NA,0.4527336723687374,1.389475653225208,5.121884521083472,2.5995968547246773,NA,NA,NA,NA,NA,NA,NA
LIE,1991,NA,NA,0.44651771952806996,1.4100490293466543,4.496651928078906,1.9746983210596418,NA,NA,NA,NA,NA,NA,NA
LIE,1996,NA,NA,0.46575051579633725,1.363239153205271,7.104563154934342,2.5741913637873575,NA,NA,NA,NA,NA,NA,NA
LIE,2001,NA,NA,0.48662407584957484,1.385212140963544,0.8405342273585639,2.9280481709255364,NA,NA,NA,NA,NA,NA,NA
LIE,2006,NA,NA,0.49075564717055425,1.5582635170397532,3.1528844101623896,4.107216549697537,NA,NA,NA,NA,NA,NA,NA
LIE,2011,NA,NA,0.48511581623796796,1.7530783280904185,NA,NA,NA,NA,NA,NA,NA,NA,NA
LIE,2016,NA,NA,0.4943529584075016,1.8547297809667722,NA,NA,NA,NA,NA,NA,NA,NA,NA
LIE,2021,NA,NA,0.5169552975595667,1.909365999959547,NA,NA,NA,NA,NA,NA,NA,NA,NA
LKA,1971,-2.90217764368681,NA,0.9501837869915467,0.7275037962052663,3.585177683438965,3.1518656240434937,NA,54.0271725103503,22.11508279182938,7.5378968253329,NA,0,-0.1411968802263752
LKA,1976,-4.421752232590807,NA,0.9318098609185953,0.741654673064962,5.267823451109792,1.1764965651255692,NA,73.03936856126266,27.1891687623164,13.520878262176325,NA,0.2322259783744812,-0.25534686345128343
LKA,1981,-7.512885332774289,NA,0.9384123752321969,0.8254719329707064,4.950712873019612,0.5609474519957736,NA,69.17888507783262,30.90866393466736,25.91945392630294,13.753820477130851,0.162431985139847,-0.327180120774189
LKA,1986,-5.335644841482174,0.10580121696543716,0.8908414532558446,0.8954739851953439,3.4506278740030583,1.9219297489373866,NA,63.02206214344902,30.0635953221229,23.9666109675202,3.622775802754357,0.162431985139847,-0.4934101225015656
LKA,1991,-5.464585459512778,0.11559369460134447,0.8086967391401794,0.9141500445102706,5.400009141323928,0.9924983897893604,NA,75.72260541541482,32.79694570456982,23.77907238905932,7.440876485439527,0.5938510477542878,-0.417672530717707
LKA,1996,-3.766525653128046,0.11996716566308521,0.7463033445287498,0.8718960839602583,5.040872721107646,1.116594452573384,NA,80.97888524081375,37.86644763734614,22.3664678860496,2.6222166546459067,0.446004807949066,-0.3878236368936776
LKA,2001,-1.7939732258717596,0.1224185994831267,0.7477987048122617,0.8594690875387412,4.0092691904222315,3.2260909035985024,NA,77.13137970102485,40.10003845620606,22.44060580344408,8.792051499836333,0.446004807949066,-0.4110863925272766
LKA,2006,-4.303363895804685,0.15151627137950358,0.7909974633007032,0.8998602960965754,6.394017117695326,1.7864386219684831,NA,63.096468821871376,36.729166114989,22.069899534816425,5.7330620090838025,0.446004807949066,-0.3758493634753402
LKA,2011,-4.084929463086618,0.20366990737917254,0.8213679689921569,0.987798386765186,6.38746901811961,2.2616925806962276,NA,46.9179708088816,44.265332325470844,32.047899683792,4.4769409198692784,0.2758611142635346,-0.510717115453809
LKA,2016,-2.173833791539434,0.21900836617503022,0.8226483181039886,1.0677048193495156,1.7958782983468091,4.413753347226479,NA,45.98719726411424,55.73920030478485,34.05369742363276,1.0691117808723265,0.162431985139847,-0.5647811641439784
LKA,2021,-1.3144064344256965,0.18623248915290877,0.8139618816870124,1.1087094516898246,-1.82385490259505,5.794926611734634,NA,43.81589488165896,NA,28.4067987722253,6.0770058416954,0.10828799009323133,-0.6636389045525708
LSO,1971,-0.723327544955326,NA,1.1025101330665479,0.7485049685754033,5.7564963645567415,14.670545844874113,NA,88.8144846062269,NA,10.6127533709147,NA,0.418132960796356,0.0472178380710044
LSO,1976,-2.91120808949446,NA,1.1322574840365665,0.6973415648269669,10.264835710612807,10.274963319597036,5.318114054072454,133.1077634149278,35.2886045819697,31.73508226304622,NA,0.3531601786613464,0.03559358505992972
LSO,1981,36.7137490806468,NA,1.247317723857634,0.7499010312421833,3.056630908477659,1.9382707792150953,5.296868658584587,136.299212598425,49.316771093758696,38.0293653129001,7.495465255456302,0.3531601786613464,-0.16947418619945576
LSO,1986,32.02894332837896,0.0319841813706827,1.3027890671159603,0.7804100640369218,5.171444213692697,2.8673515779979724,5.227767924471658,NA,45.7779106036764,NA,18.65497108256762,0.255701005458832,-0.4392070613702686
LSO,1991,-13.445640079984866,0.03532295273324225,1.3375645307911441,0.775846337058794,5.340710013146488,1.8177137477793326,5.299473592081616,NA,33.328407499548945,NA,6.051210333916707,0.255701005458832,-0.2571877022384298
LSO,1996,-18.917803752367,0.03583348086327571,1.3135423551779661,0.7534126068195581,3.037973443411631,2.0314973634210065,5.0905448486622475,NA,31.65170603931322,NA,0.4954338869602186,0.162431985139847,-0.2681040950728527
LSO,2001,3.521774201582526,0.037178339947992266,1.286024656147719,0.7315484406760406,2.8007382932144815,1.5538524946195116,4.720405792510667,NA,25.86996638047484,NA,10.212544087688547,0.162431985139847,-0.4145334687183274
LSO,2006,6.380980172718524,0.04185840891977346,1.3011670139334541,0.6527244056977439,3.59146839575292,2.7743741437708205,4.725103511682379,158.79317812493326,34.374750173586705,34.240758037516976,6.385373912309282,0.162431985139847,0.17162983210610105
LSO,2011,-11.106471561068501,0.04822283226954001,1.3461217623233255,0.5334638303782164,3.515527986747534,1.9707949914562253,4.47605326708958,137.8771840512412,35.25352439769018,20.66420944146646,8.185536023987678,0.162431985139847,-0.05092419357669608
LSO,2016,-7.696790061932606,0.043067286927035,1.3735488901986481,0.4462260106770401,-2.1167704928782283,4.218749724203084,4.358071961824304,141.7460426183068,37.51386402362442,16.04172609263304,4.564865824972297,0.162431985139847,-0.3202098123234268
LSO,2021,-8.900369550824117,0.03538528629952822,1.3692097079717165,0.4006143802306571,2.1603715292107397,0.2953044146218914,4.3673901881450465,141.02473881229534,NA,18.897292437919166,3.7509998667022075,0.162431985139847,-0.19673860492399192
LTU,1971,NA,NA,0.5797031699177491,1.8255068554857345,NA,NA,NA,NA,NA,NA,NA,NA,NA
LTU,1976,NA,NA,0.5465641403776985,1.7971393568156784,NA,NA,NA,NA,NA,NA,NA,NA,NA
LTU,1981,NA,NA,0.5385214932383969,1.6673590187457559,NA,NA,NA,NA,NA,NA,NA,NA,NA
LTU,1986,NA,0.3779968627982632,0.5501277955299436,1.6346835430157314,NA,NA,NA,NA,NA,NA,NA,NA,NA
LTU,1991,-7.75594856924648,0.25717774139280414,0.5628842157057294,1.7285286616801105,-9.92749355837543,9.498589378994545,NA,84.5445654964236,NA,13.0441656192245,NA,NA,0.025433396266805793
LTU,1996,-9.27974305409517,0.22910571428615964,0.5592685602354865,1.884551282993749,4.6224250353678595,3.7390639497676106,NA,87.92096405594148,NA,12.63626207651184,NA,0.9880682349205018,-0.2469901112935554
LTU,2001,-6.32773827314202,0.28752415237205997,0.5184291641453206,2.039041011310378,7.5978688368755,1.7288961497871675,NA,102.68650660556034,NA,15.76196886783674,2.51234570889657,1,-0.3637247489101394
LTU,2006,-7.434522223205266,0.3710034061157659,0.4770355099895406,2.171507156732133,1.3322917611351162,9.945636354519028,NA,120.8671819679856,NA,16.3101564071928,1.3122499761859385,0.9284093856811524,-0.5696379653384276
LTU,2011,-0.511346887365864,0.45969840145735985,0.4803411647789231,2.1807934624719483,4.271761181352008,1.2838332692715806,NA,148.87931225908818,NA,20.69887771527562,2.0767763480933628,0.7255693435668944,-0.507219320291699
LTU,2016,2.268918303057712,0.5718633668769736,0.5205925758954872,2.113595389457837,3.3845401447464285,2.0740172177014036,NA,142.196507370552,NA,22.1181642070156,1.3538833036861015,0.9284093856811524,-0.310039763707194
LTU,2021,-1.1715633662294433,0.6445144746205861,0.5455270827548628,1.9616731908678842,3.086601506063777,3.056097104625902,NA,159.833416280557,NA,22.828866852603767,2.5929391302792517,1,-0.07347673645648416
LUX,1971,NA,NA,0.4518641595093392,2.066788059849491,3.043840844103228,5.795556948967131,NA,168.4407206331174,NA,NA,NA,NA,NA
LUX,1976,NA,NA,0.43027122282560054,2.0351341107032757,2.273114971267066,1.2110047110285898,4.692207020583354,167.9777104913786,NA,NA,NA,NA,NA
LUX,1981,NA,NA,0.40377941849190535,1.989448759764294,2.5096132594695204,2.5049469057574445,4.608442825479385,184.7983185157992,NA,NA,NA,NA,NA
LUX,1986,NA,1,0.3985053109992791,1.9497963388260342,7.503237836379465,2.7261301100298025,4.607745221112661,188.74153799796258,NA,NA,NA,NA,NA
LUX,1991,NA,1,0.44206424860133015,1.955886364374707,3.98352250568538,2.8717149529355828,4.623191039789065,185.5889083542484,NA,NA,NA,NA,NA
LUX,1996,9.665122693061575,1,0.496273762164603,1.9708184371301878,5.721146171152818,2.6072964577971574,4.56721614783067,231.3261011981362,NA,32.49415050583165,NA,NA,2.12959952547393
LUX,2001,7.250045457866804,1,0.5369798035767513,1.8778426167189408,3.126783243824156,0.6902561340202906,4.5756585944614026,263.1474272780648,NA,30.19257100843942,6.939045299625453,NA,0.8586723026504256
LUX,2006,6.148589947595014,1,0.5525549950092439,1.7758250623112204,2.8673334917448097,4.62068487664327,4.614971014648312,292.556525361155,NA,25.0756482279162,3.3372144072564462,NA,-0.0574678903728442
LUX,2011,5.32769560466533,1,0.5369056134142173,1.615524156759204,2.1517723210285538,0.8298903300479783,4.600902435870235,325.1191245907572,NA,21.67547372415144,2.270902904133067,NA,0.580735881197673
LUX,2016,7.08226679108536,1,0.5268994330704284,1.4581433715018213,2.029188104562493,2.0214178035079975,4.600971464415281,364.4678047033422,NA,20.0628760165081,2.459674775249769,NA,0.5890461404027384
LUX,2021,5.7686206204332,1,0.5424235262524815,1.3803470288869333,1.9772524519877885,4.3305223284023855,4.598968986611068,404.0834396631637,NA,16.5035429212821,3.308070938376823,NA,0.410927801015472
LVA,1971,NA,NA,0.45179072705843176,1.998085930333056,NA,NA,NA,NA,NA,NA,NA,NA,NA
LVA,1976,NA,NA,0.458273099432724,1.9910381119172342,NA,NA,NA,NA,NA,NA,NA,NA,NA
LVA,1981,NA,NA,0.4888310234241986,1.8692941625264985,NA,NA,NA,NA,NA,NA,NA,NA,NA
LVA,1986,NA,0.31177835980841295,0.5182454328570033,1.7737479106267784,NA,NA,NA,NA,NA,NA,NA,NA,NA
LVA,1991,-0.288220368032761,0.20256969271418251,0.537760780698047,1.9155665428136397,-9.690324189332458,13.704457674137613,4.187882297368074,76.2500012714636,NA,13.2004048543462,NA,NA,0.141559344206713
LVA,1996,-6.450106413474228,0.2058293006598521,0.5063010633354439,2.0455154251431398,5.336174201859536,2.8282305469220073,4.3972576802439045,88.45986525303307,NA,14.82919115095344,NA,0.9284093976020816,-0.16659971507309435
LVA,2001,-8.729056866067905,0.26182005482328063,0.4472318345535943,2.1221487465229854,8.579131979351768,1.909532624878048,4.46632316724422,92.89760274364086,NA,21.4981714437721,1.8637954963587533,0.9761364698410036,-0.4361650972953546
LVA,2006,-9.465666002008854,0.3338940494157206,0.43309872521009135,2.2381099424773896,0.02991206816500016,11.780382395272024,4.580822539201187,100.40776383104586,NA,24.07252865075722,2.2353970564532837,1,-0.8121556511391198
LVA,2011,-2.3946282887091686,0.38008424452804423,0.4825519434974974,2.2652061800311425,3.663200514433044,2.1556354839524245,4.600120141731411,129.8091426491014,NA,23.62722255595788,1.1726039399558583,1,-0.7250084522731279
LVA,2016,1.1648651130260728,0.4640764238746593,0.5595663044567685,2.22113139515137,1.4932985746006735,3.0813772758853784,4.627506653137935,125.890689414571,NA,23.91643990378208,1.2549900398011162,1,-0.47424261558534503
LVA,2021,-4.500927629033137,0.5186206351589324,0.5953170101613983,2.1440632404558757,2.6364899507000996,3.992165618147403,4.702909777109613,144.11079425324468,NA,20.5691049318362,0.873689494805412,1,-0.265114645415576
MAC,1971,NA,NA,1.2706451665658078,1.707475300323118,NA,NA,NA,NA,NA,NA,NA,NA,NA
MAC,1976,NA,NA,0.9302458790531609,1.6621516103446856,NA,NA,NA,NA,NA,NA,NA,NA,NA
MAC,1981,NA,NA,0.5659509229286065,1.1159740282754134,6.404959249992587,4.974591963972968,NA,208.461415044173,80.39129044716024,NA,NA,NA,0.2728995805382985
MAC,1986,NA,1,0.5732859823386784,0.9976239189138455,8.360679876537572,3.5193912603886974,NA,193.903456266619,103.83864062495512,NA,NA,NA,0.5855379664713248
MAC,1991,NA,1,0.6085403965352936,0.9520088277965226,5.938856429711528,4.176052362243026,NA,141.1999046494174,126.9437248563548,NA,NA,NA,0.8367197978806266
MAC,1996,NA,0.9782069879648612,0.6217081885826761,0.9550654236717377,-0.3762794431267975,3.841673317331972,NA,130.1048381685118,146.8625424718286,NA,NA,NA,1.1805094627257122
MAC,2001,29.688639730017925,0.9950515513786475,0.5066837075443695,0.8676531410850519,11.630245565470046,8.967560261366376,NA,147.6941194028354,156.4157488254014,45.97160209841883,11.71776135040632,NA,1.848133554444354
MAC,2006,23.723360716337158,1,0.37614263674606313,0.7468929935013412,11.53358932118106,9.582725847575434,NA,123.911284614506,122.0680941250042,50.16769722341248,2.9056840846864262,NA,1.54407419211766
MAC,2011,34.84096268064938,1,0.3466305680294189,0.7808574698509955,3.5657404476325922,16.45107302216329,NA,121.1609132586376,111.9036578134578,52.3739028034363,1.6682325976913404,NA,1.41203653388124
MAC,2016,26.945838877230802,0.9772552688389936,0.4123219435419723,0.9322934328369344,-8.257356688270034,26.28703587247554,NA,116.7158491046468,187.7580112299926,46.87467944400406,1.2992305415129362,NA,2.828015556405872
MAC,2021,15.997032634857677,0.9414880472566339,0.46206281088750895,1.120986262527085,26.2712263123935,47.24797371357475,NA,162.51949580379102,278.17869184685696,36.89239385103,1.4843629385474904,NA,4.161647151526488
MAF,1971,NA,NA,1.2023474024527097,0.8106306180583198,NA,NA,NA,NA,NA,NA,NA,NA,NA
MAF,1976,NA,NA,1.1086052223700766,0.6630784375410922,NA,NA,NA,NA,NA,NA,NA,NA,NA
MAF,1981,NA,NA,0.8073333994462141,0.3779536399492908,NA,NA,NA,NA,NA,NA,NA,NA,NA
MAF,1986,NA,NA,0.6443914459034309,0.2878832988732896,NA,NA,NA,NA,NA,NA,NA,NA,NA
MAF,1991,NA,NA,0.7499153284142398,0.3817641632389491,NA,NA,NA,NA,NA,NA,NA,NA,NA
MAF,1996,NA,NA,0.791042763004158,0.5005534710348511,NA,NA,NA,NA,NA,NA,NA,NA,NA
MAF,2001,NA,NA,0.8396209681437933,0.5373564942413879,NA,NA,NA,NA,NA,NA,NA,NA,NA
MAF,2006,NA,NA,0.8771131734396775,0.6237447225603614,NA,NA,NA,NA,NA,NA,NA,NA,NA
MAF,2011,NA,NA,0.888034443440087,0.7525160587236359,1,NA,NA,NA,NA,NA,2.5388774406808965,NA,NA
MAF,2016,NA,NA,0.7976408975337688,1.301068766295456,-3.3999993838176064,8.568840314614897,NA,NA,NA,NA,5.3047769176082005,NA,NA
MAF,2021,NA,NA,0.7976840180126364,1.6920560151996638,4.89999967133534,NA,NA,NA,NA,NA,NA,NA,NA
MAR,1971,-5.60819463502751,NA,1.2804512366988925,0.646293482216168,4.949542668828578,1.992903855967205,NA,45.79740757341406,34.91538371322784,19.7524600741559,NA,0.0649727940559388,-0.1331596923731158
MAR,1976,-11.322324296667713,NA,1.272947319218286,0.5559835385807997,5.508112886006368,3.284956682950391,NA,49.90353183877062,40.4012847738909,17.53480851512414,NA,0,-0.3200830689765822
MAR,1981,-7.771552928495972,NA,1.2540698104691685,0.5026783384142397,4.205309012425482,4.302937979766905,NA,57.01363506636968,37.98894536342204,23.7033064335953,3.7550975068337493,0,-0.7000721049832472
MAR,1986,-0.40758641194994283,0.1162404874601763,1.1985152135989565,0.5190547202128927,5.415870496065012,5.004081460232138,4.619321331342088,51.01064888602702,41.21301087359494,27.52052680430822,3.746069255997547,0.162431985139847,-0.6501639090997122
MAR,1991,-1.855871744843346,0.11678789316913503,1.103853057068248,0.5822845503199392,1.9120620486782112,6.709426676432783,4.638354943545765,49.74792947839026,52.29261865659544,24.64410578614886,3.950376420668371,0.3158525705337524,-0.4843097817707974
MAR,1996,-0.38310159166691793,0.11239329178028308,1.0280499696945118,0.6358660553006161,4.465993798743144,5.425464882041869,4.715533972325873,49.187448003302464,58.63572865404298,29.91472263102808,5.126246301467012,0.162431985139847,-0.4415128218878142
MAR,2001,2.5032797582073743,0.11834828661696367,0.9887536608178519,0.6529190567897235,5.077350923097512,1.8583575760759448,4.681611662138142,55.435804672153296,75.35301986083756,38.7800628225483,3.053137008254685,0.162431985139847,-0.276533761633664
MAR,2006,-2.3068190385190968,0.13293982721921696,0.9553529012080704,0.6584286757564928,4.832350727109788,1.895483585543619,4.6371301867358214,69.15385036526244,100.10357793817498,38.12144408313136,5.838064747842387,0.162431985139847,-0.337003891057154
MAR,2011,-6.097888384349864,0.13933064100275835,0.946226975765809,0.6624498109187879,3.954605768678632,1.114388667596794,4.572228581480337,73.61759451941768,106.842580670155,30.25902596776818,6.564449710371768,0.162431985139847,-0.5465851639545358
MAR,2016,-3.253389017722772,0.12753275346523527,0.9419863744135945,0.6879204247629725,0.871498463397344,4.778571287829991,4.6027929544459,73.47856501100424,114.0482516931204,27.82177053359196,3.1405413546075147,0.162431985139847,-0.6129151209672212
MAR,2021,-2.35434554466302,0.12024111212754136,0.9442474928929853,0.7298632990745527,4.541025143454736,3.262409087992252,4.617781334955601,89.84920393175976,122.35582068501667,27.7650824605455,2.9022979401387046,0.162431985139847,-0.5109198718558433
MCO,1971,NA,NA,0.3113486971501294,3.791041500795593,3.98642014131431,2.8897046312965236,NA,NA,NA,NA,NA,NA,NA
MCO,1976,NA,NA,0.3271609681290889,3.6314018797638705,3.427615706210514,1.0376833787395001,NA,NA,NA,NA,NA,NA,NA
MCO,1981,NA,NA,0.3131389572757692,3.461763797015702,1.548591300924485,0.5762004630317156,NA,NA,NA,NA,NA,NA,NA
MCO,1986,NA,NA,0.33422677244349924,3.385716655194751,3.268530762011428,1.0297789776532538,NA,NA,NA,NA,NA,NA,NA
MCO,1991,NA,NA,0.3438362928436168,3.286700372876977,1.1601252333419436,1.2644479839123526,NA,NA,NA,NA,NA,NA,NA
MCO,1996,NA,NA,0.37781894546022465,3.207538847024233,2.812403198926776,1.1343807870326699,NA,NA,NA,NA,NA,NA,NA
MCO,2001,NA,NA,0.42154113145006245,3.1940126463488654,1.733532904946458,0.6505399665107747,NA,NA,NA,NA,NA,NA,NA
MCO,2006,NA,NA,0.4509858886290741,3.418640914404028,2.34605344001972,9.328950058635517,NA,NA,NA,NA,NA,NA,NA
MCO,2011,NA,NA,0.5001583671177706,4.470144779704561,5.9418146445542,3.213184100685001,NA,NA,NA,NA,NA,NA,NA
MCO,2016,NA,NA,0.546071462683313,4.889894433448884,-0.1236107496264542,8.332181409165576,NA,NA,NA,NA,NA,NA,NA
MCO,2021,NA,NA,0.6112161102622738,4.728899662934128,12.980820664460595,8.524444570491594,NA,NA,NA,NA,NA,NA,NA
MDA,1971,NA,NA,0.6284183540877846,1.0874017611187365,NA,NA,NA,NA,NA,NA,NA,NA,NA
MDA,1976,NA,NA,0.6027761325630743,1.1340401662583353,NA,NA,NA,NA,NA,NA,NA,NA,NA
MDA,1981,NA,NA,0.6476761275720561,1.1633456171298502,NA,NA,NA,NA,NA,NA,NA,NA,NA
MDA,1986,NA,0.2886110412854627,0.7018543723333618,1.264245362167047,NA,NA,NA,NA,NA,NA,NA,NA,NA
MDA,1991,-4.822541985588471,0.1609578529644065,0.7145124746177878,1.3949248680760091,-15.719999880648313,14.36513168949434,4.306996346546716,128.016386523173,33.6126693073234,19.2482241831624,NA,NA,-0.368098977498547
MDA,1996,-11.736283778403259,0.09176793986120976,0.681439166775174,1.4248796818715659,-2.4065452395141778,4.0891087598783376,4.316332608504296,123.4584192127718,20.39752016379968,13.090481781326469,NA,0.1982272893190382,-0.8964872038630578
MDA,2001,-3.780220348694272,0.10004787696892706,0.5820400401773275,1.3666313902925464,7.079999979552342,0.7049820423299968,4.308837482196408,134.0238866350796,32.755674094995896,21.4093119324648,8.387115886404159,0.162431985139847,-0.8816473459902285
MDA,2006,-11.704181023860235,0.12206527982947969,0.530299087204717,1.3060468321796854,3.340000010301774,5.556797782772418,4.558820979972699,122.51961658727346,48.47187835778836,20.00564126794054,4.966084977122323,0.162431985139847,-0.4061332649457106
MDA,2011,-6.93162827832558,0.14997057186601762,0.5399139155449038,1.2072180553284444,3.7867376062386238,4.165456220489662,4.650505078908452,94.76120212502968,46.95335040410212,17.26207058018204,2.6748831750190543,0.162431985139847,-0.2550778990653918
MDA,2016,-7.466536767741844,0.1939861807186287,0.6565013549448209,1.3906040634931254,1.6347115290170662,5.55385018375582,4.775590664766933,86.39456413118366,45.92981736681542,16.43099034427534,5.726517266192426,0.162431985139847,-0.3511096007096884
MDA,2021,-13.520076363808068,0.21561978622807462,0.7339029687030891,1.5006542675567125,3.5099999375947,9.478517705540972,5.017210432321474,98.1943930894993,48.18566956188557,11.08666359144162,8.552387580864965,0.162431985139847,-0.37679152484865225
MDG,1971,-2.2515748857369102,NA,1.3046547275890785,0.7610929893334576,0.660767236858874,2.614608318551828,NA,34.733216168747596,18.0688615155695,5.3306004838867,NA,0.1605311572551728,-0.2152716659850202
MDG,1976,-5.5801788232406615,NA,1.3946897725152616,0.7173268937748397,1.488138776567004,5.221125347753053,NA,37.12394277082728,18.67267502547368,11.615281049390989,NA,0.162431985139847,-0.1447856424044254
MDG,1981,-5.785514451625252,NA,1.4722352070432188,0.6538128829936474,-1.5766947839520078,4.807950188142781,NA,21.98092555065586,12.66258778216872,22.279146287849862,10.631117312600136,0.162431985139847,-0.4705395902719058
MDG,1986,-4.3495100081728095,0.04880239628011101,1.4793989421627893,0.5951824011993992,2.749170612064674,1.1656621844308714,NA,29.262507239639678,12.73316356645248,25.4124911451054,18.495900621033176,0.162431985139847,-0.8250650503747043
MDG,1991,-6.757904841280102,0.041837849947619646,1.477316252939104,0.5448395298547793,-0.2778104888870784,3.464382643273269,NA,38.1427428516091,17.91031105724362,24.862130817089202,4.63169459529593,0.162431985139847,-0.83092087044266
MDG,1996,-5.055517554595866,0.03552355621807141,1.5545628933911593,0.5095264430631734,3.7841715340424402,0.9965582565974362,NA,38.7579859296709,16.63944648398892,8.55570645487649,8.62890293039753,0.3669927656650542,-0.7615018904680438
MDG,2001,-7.408845303713588,0.03128623360540376,1.6838922356311214,0.48014978167857886,2.6740011012265583,8.659789560292962,NA,46.6305775537548,19.44258106472934,11.376100117626981,6.785485716784941,0.418132960796356,-0.523798038923741
MDG,2006,-12.359545926162394,0.03111915474811904,1.757158145809947,0.4389762498934489,2.8924472638970102,4.505446613520949,NA,64.68990407216712,20.38826641820344,18.35657375433886,3.330615558721843,0.3856465697288512,-0.3347608995726644
MDG,2011,-4.720900409043778,0.027788124986057237,1.7204506271670543,0.3927512499052697,2.672290516948324,0.7256137660550801,NA,57.73843990280784,21.87991003328676,12.820836421341427,6.115962720618886,0.3531601786613464,-0.617235847149619
MDG,2016,-1.2103917975708869,0.025030229763684856,1.6598667565772822,0.3783551072521662,1.67887413650358,4.948036754530649,NA,61.126327014188384,25.5303054224635,14.869001911048047,3.937384918953187,0.162431985139847,-0.5406650072405816
MDG,2021,-4.46319090963093,0.022048689531993397,1.6574941674382413,0.36905674385807696,4.33660912467091,0.2730073996070927,NA,62.2986782314864,27.7826661078129,14.7460601796089,0.5033222956847163,0.162431985139847,-0.454708766086916
MDV,1971,NA,NA,1.2336289456163612,0.4813432038428589,1.389710538862672,5.5331061428230965,NA,NA,NA,NA,NA,NA,NA
MDV,1976,-19.391460455179086,NA,1.3145717442423623,0.5077739192250066,11.154588698652361,6.692667967249247,NA,NA,34.80513151694968,NA,NA,NA,-0.348492651615332
MDV,1981,-29.205955961909343,NA,1.3743563387750999,0.5013582272778355,13.476061719580215,10.816419445397772,NA,NA,34.02711489193072,NA,NA,0.716427206993103,-0.6547405163293106
MDV,1986,4.209632636167048,0.1895294822217066,1.4848097744173037,0.525413940013339,10.639838472124996,3.54021239635301,NA,NA,26.45713787853932,NA,NA,0.716427206993103,-0.344036877202448
MDV,1991,-6.986107625250986,0.19842416245648348,1.5498885470250656,0.5665998980380764,6.881112223513172,4.165200187064391,NA,NA,28.50559494054728,NA,NA,0.716427206993103,-0.3560316537187398
MDV,1996,-6.834179663045022,0.23173672171016796,1.4112923540585758,0.6005700068657371,6.75454745094983,1.8209506626810477,NA,NA,39.96126625938006,NA,NA,0.9642046928405762,-0.2204901704626944
MDV,2001,-9.425870090467324,0.2373825511640205,1.1444340675610745,0.6375927779549931,2.3644768969441077,9.868237053069066,NA,NA,36.69437042428846,NA,7.870614870291497,0.8568187713623048,-0.2550801470389352
MDV,2006,-15.497037987298514,0.2669862980690301,0.8750702525697743,0.5868940615832794,7.63697520599756,11.334068999589226,NA,NA,43.40556497165576,NA,4.051296088907847,0.9350272178649904,-0.5265336971071635
MDV,2011,-6.914390486267212,0.28978842748371697,0.7293310633013059,0.462352916619705,5.987299608937723,2.742218922386731,NA,154.849878910866,46.95960686896982,25.586394965827402,6.269529487928103,0.837568044662476,-0.7071630918644298
MDV,2016,-26.80917980152054,0.3126999639299049,0.6760690120893137,0.36767868046313085,-0.7934203203990041,17.97144238113874,NA,136.0541170360048,48.298934590941556,15.168004655372853,9.896969233053117,0.7352876424789432,-1.1147285450822444
MDV,2021,-15.546695712486184,0.28740197066132533,0.6391265509235263,0.35001026199698937,18.758940885010244,16.83358812034027,NA,151.400235269117,60.3624804527159,15.160927988605,6.082762530298219,0.7430437604586286,-1.5491860023177975
MEX,1971,NA,NA,1.3480574524804343,0.5861046058448305,6.274741427375266,1.8149090713125475,NA,17.32445102943528,31.34219966371934,NA,NA,1,-0.1558587410822048
MEX,1976,-4.545119816589545,NA,1.365142205960458,0.5842044226470927,7.043963746721776,2.9104501443950066,4.7943103602191375,21.29676791318214,32.728633424580096,23.9733371521944,NA,1,-0.264993228444802
MEX,1981,-0.5819636126521199,NA,1.2862584164827175,0.6291927927365353,2.0689511928993394,5.193698976672217,4.651241493077983,24.67022006710168,29.39270537335566,26.60240889543184,55.428374836483925,0.319317688792944,-0.4585321999933748
MEX,1986,-0.987005508965666,0.35907765157519317,1.172441293826439,0.7018296683619503,1.645431316376924,3.47691764326692,4.389265180257474,35.30164537428874,20.54059355933984,21.36533072321388,11.323422793875077,0.2045608043670656,-0.5096856421060894
MEX,1991,-4.3342269829688895,0.34824897513223235,1.0739823888831246,0.7216603341166926,1.779069246834488,4.335235675536942,4.622821611126697,34.06549169913994,24.17986596902598,18.67879095434576,2.4072862626538303,0.5882766723632812,-0.379758922859951
MEX,1996,-1.9316578917631964,0.3219328329389534,1.0391393566987022,0.7462655868384833,5.477313325831446,1.7047963520808382,4.606132290044887,48.04284840177166,24.45541097115468,21.81303056205964,2.460115935795258,0.701705813407898,-0.356629036132231
MEX,2001,-1.0748940776670473,0.3070218577132095,1.0308591519285986,0.790055342117639,1.2353599494578769,1.6742434067547158,4.737921265658018,48.65072396763182,24.61439133568614,20.4561648063413,8.642617215521554,0.5994254112243652,-0.27206476534391744
MEX,2006,-0.7317037370995232,0.3197293966903512,1.006976943286773,0.8062240162890815,1.3004586700614886,4.587590105217901,4.636943522510758,55.99420980601188,26.43643505161284,20.67378756282568,2.7398905087612495,0.701705813407898,-0.32324856850357503
MEX,2011,-1.8164412841077375,0.34220054305735836,0.9670436303214033,0.7822946241351014,2.6110888611366354,1.0834307204303164,4.584902962453872,64.72467553028547,31.89035698549974,18.028190218707962,1.4983324063771701,0.701705813407898,-0.418631294672344
MEX,2016,-0.8068913663615968,0.3285288769370617,0.9193831016651085,0.7602840993342838,-0.626084244192901,4.430530441969343,4.385453791862672,77.43432381383847,38.15240781811594,21.09888313648976,2.3864199127563466,0.701705813407898,-0.4648529495821742
MEX,2021,-0.7708446658434236,0.29843115957518607,0.8938380897884192,0.7453015344608166,4.3705939867631365,1.4639696794087569,4.487511126783311,81.8155482863442,42.50298587751337,20.606689395540567,2.3028967265887803,0.701705813407898,-0.3979514011489305
MHL,1971,NA,NA,1.3455096317388353,0.800626327935006,10.539583159611642,14.462433692593645,NA,NA,NA,NA,NA,NA,NA
MHL,1976,NA,NA,1.548641653819039,0.7331537426475079,0.6711172408930063,4.789149272132322,NA,NA,NA,NA,NA,NA,NA
MHL,1981,NA,NA,1.6928395812999595,0.6904851072516657,4.876895795438355,7.753175834537855,NA,NA,NA,NA,NA,NA,NA
MHL,1986,NA,0.08800621324458506,1.7664576598516128,0.6352242347828059,8.535987438674908,9.954795426347324,NA,NA,NA,NA,NA,NA,NA
MHL,1991,NA,0.09294795567612427,1.6468198889496886,0.5273796938278187,5.465184412703825,3.1519540380482605,NA,106.864260168011,NA,NA,NA,NA,NA
MHL,1996,NA,0.07507501098649555,1.4410211782210813,0.4076311780279055,-3.2606040317451384,5.069518698192616,NA,114.16846310087661,NA,NA,NA,0.7698832750320433,NA
MHL,2001,-1.84152127674111,0.07119606513132959,1.3361302727839053,0.3479445569815616,2.077369762520311,3.371964758357699,NA,115.3607401962034,NA,26.4296184297484,1.766943975806096,0.701705813407898,NA
MHL,2006,-7.98120777612822,0.06811600015426492,1.3928168828652792,0.30787985540793394,1.1005118135697964,5.218877474468017,NA,124.5300445001978,NA,23.43658271581068,2.4562166028263888,0.701705813407898,NA
MHL,2011,-7.234474325161426,0.07122058574727695,1.439292690269078,0.3232875561065316,0.5283894757475788,2.2457373203314837,NA,152.2040640290966,NA,20.0743765282531,0.8803408430829488,0.701705813407898,NA
MHL,2016,19.287380937104345,0.08501735316025016,1.3286324813427375,0.3884553957893541,3.845728304463712,4.7965479627460486,NA,126.15751726602001,NA,12.137832972850951,1.2214745187681963,0.701705813407898,NA
MHL,2021,17.254624969460895,0.09402477395364682,1.3346336271170574,0.431262601854087,-1.183033297644819,3.6079257898932418,NA,122.29591784356234,NA,20.69661385126677,1.8999999999999986,0.701705813407898,NA
MKD,1971,NA,NA,0.7248731431105877,0.9386195032609745,NA,NA,NA,NA,NA,NA,NA,NA,NA
MKD,1976,NA,NA,0.7028801402169423,0.9803284554392124,NA,NA,NA,NA,NA,NA,NA,NA,NA
MKD,1981,NA,NA,0.6831949470890644,0.9772900717517443,NA,NA,NA,NA,NA,NA,NA,NA,NA
MKD,1986,NA,0.2238619202941138,0.6735114118314351,1.0398283511307764,NA,NA,NA,58.687030075188,NA,NA,NA,NA,NA
MKD,1991,NA,0.18846196872690998,0.6545577564541061,1.1956255221485244,-4.615626303784562,2.9488962484204158,4.838879255421725,79.91632734575578,31.37339090403667,NA,NA,NA,-0.15256147234485334
MKD,1996,-5.023147595187168,0.16698840024180073,0.649724520549676,1.3137962818357882,2.978396913694228,1.5859879235399528,4.6908286701985435,71.82600203678211,14.30819046977444,10.255444235689975,NA,0.162431985139847,-0.2113336715017874
MKD,2001,-6.002518102682994,0.17050821452295048,0.6292991191116313,1.372658423868281,2.00943774529313,3.1841005207491677,4.631685441872602,76.15850084118578,31.06990163045376,14.90948236057946,6.567442852251052,0.3892902433872222,-0.27169020139671446
MKD,2006,-5.748904000798729,0.2216737837989888,0.6070227108203746,1.402531569162083,4.016529881994584,2.6918910311279287,4.619297828005874,99.05450201317794,47.25311380197528,19.99128626584184,4.288006529845773,0.446004807949066,-0.4751332920762282
MKD,2011,-1.9200080355861386,0.25556834095235414,0.589456094539738,1.4412667851646692,2.4587898278562648,1.735677000907436,4.610771462152219,111.3000695292664,53.30964392729552,27.6930051785451,4.353504335589892,0.446004807949066,-0.5715419862341582
MKD,2016,-1.8018749996849825,0.29665038377667124,0.5865272295692624,1.5739524673017522,1.206508834048674,3.4487305313310537,4.594328447201019,128.071075225024,57.74047376736202,30.76524399462444,2.421156748333328,0.446004807949066,-0.610561997520646
MKD,2021,-2.865616299761338,0.3098557254214666,0.617434281581945,1.6684970704236608,3.274842965704963,1.0751114668868504,4.652051901266819,153.55434078234734,61.64868032677203,29.6610800227199,3.724244889907212,0.446004807949066,-0.6190848583199418
MLI,1971,-7.36103616514136,NA,1.0725219595344797,0.6238988706255935,3.410823937530452,5.526755550201026,NA,37.75617209308678,16.05503124237036,7.27638615057722,NA,0.3206737875938416,-0.3970319575045152
MLI,1976,-5.525311460212017,NA,1.2033252926756206,0.6700324194713103,4.9156893474414,7.648662433462931,NA,34.7929225612595,15.9462657923413,4.238948843716712,NA,0.418132960796356,-0.318497006943006
MLI,1981,-8.342062196110158,NA,1.3553702079296492,0.732022261208605,0.38402496278667186,8.097139559388896,NA,40.8382995058496,15.2440593853625,-11.062544619995828,4.917747222706653,0.418132960796356,-0.6985513333882418
MLI,1986,-8.337760679694346,0.040016643734087566,1.504818001413315,0.7565220606370586,1.515778697493572,6.069056946053143,NA,38.94004146138396,16.89876065412944,-4.4142182935737955,5.6226507196198465,0.418132960796356,-0.6984482225914108
MLI,1991,-6.217445128625646,0.0417062472162422,1.5986707062189194,0.7139247935369452,3.653327237493497,6.514815441360795,NA,39.81082784617168,15.80965111044512,-6.150043982859076,6.165568506383232,0.418132960796356,-0.6999930116694202
MLI,1996,-6.193688924636509,0.039769586628228625,1.666869617336331,0.630362053219469,4.22203099134786,2.972065462781116,NA,41.8155019292322,16.05052689901422,-5.702345824147907,3.511464275514468,0.162431985139847,-0.8353858830818054
MLI,2001,-5.559466625254648,0.04172140896427079,1.768407913956164,0.5414024288212217,6.531026592245982,6.13162967706671,NA,46.29857431000072,20.0768860613036,6.941265865367137,7.653769838534405,0.162431985139847,-0.6029020044486272
MLI,2006,-6.551698063348168,0.03993078264980653,1.9375082069740577,0.48966083666778665,4.02397673305785,1.568750588808183,NA,47.78359304493964,18.71955069042588,20.03908317705058,13.704196437588013,0.162431985139847,-0.1759961168219652
MLI,2011,-3.38309539725239,0.039726787305826336,2.1108025538624298,0.43370930530824553,3.579036967159916,3.0722754833052743,NA,50.37276154395356,21.83020417099482,20.7115478292586,9.20717111820998,0.162431985139847,-0.2985320471562878
MLI,2016,-4.985101424250374,0.043059443883660155,2.1772817951425822,0.3609470818934795,4.01587030994234,2.9318932910087034,NA,52.7689449658031,23.958553787788,19.8268267566674,15.941863128254491,0.162431985139847,-0.4682778688120492
MLI,2021,-6.473512979538963,0.038833626360045545,2.175383875762436,0.30686547122484137,3.8431808704025934,0.8212329726269525,NA,58.6032140750156,33.10398182567497,15.807926186600833,10.585997040115457,0.162431985139847,-0.6759852284546403
MLT,1971,6.150509753556421,NA,0.5532716362740598,1.4915684927828055,8.40698876728349,6.84173731109043,NA,139.598060947697,NA,21.189772015045282,NA,0.162431985139847,1.086011096227676
MLT,1976,6.746543109068996,NA,0.5259113412956669,1.4810581848860405,11.580580387856557,3.599038844961948,4.6590932977922,162.9385390620682,NA,29.58340629629232,NA,0.162431985139847,0.9420076891989735
MLT,1981,1.1944791637225134,NA,0.5588436018364515,1.496879488495434,1.7022949729898182,1.5527560245685126,4.766009784563434,141.45527861233,NA,30.13203876479956,NA,0.162431985139847,0.8079647007012402
MLT,1986,0.4310603105723358,0.4221896623126602,0.5832074281890246,1.5561004664617448,6.176087458823192,2.1534559255965195,4.629921686334565,151.1223859400302,NA,29.025999176079818,NA,0.162431985139847,0.57591475119250235
MLT,1991,-3.4015801003093777,0.46093445728310495,0.5693410493187513,1.612682498584736,5.484354209550814,0.8656135264389709,4.499363215224686,174.674592687211,NA,27.307823396685478,NA,0.2322259843349458,0.3971325291007618
MLT,1996,-7.602697955659624,0.493089791237012,0.5434669219941306,1.6346304580417672,7.7122325523035515,6.715909771696332,4.513086236761921,166.3152990052412,NA,20.2975561822004,NA,0.162431985139847,0.17710823111330393
MLT,2001,-2.90149245895191,0.5116262281292546,0.5159282612085381,1.696713542571151,1.7931664474259015,1.8786927091600778,4.581092807162882,158.3724028764772,NA,17.94941669468902,8.40978138071737,0.362796610593796,0.30012535994334083
MLT,2006,-4.34359132476307,0.5465128036064344,0.4757014104844537,1.738223639571471,3.317057682779546,2.9839571481937694,4.639319861170468,178.9609434765904,NA,15.92529120436272,9.182973374675546,0.9642046928405762,0.1348404709082904
MLT,2011,2.9873394592730627,0.6234505019772076,0.465708267273857,1.9966029599949706,5.727655271823104,3.3229175034237497,4.5598261304400065,193.434121268374,NA,20.94983470879074,5.64198546612804,1,0.33222372218820634
MLT,2016,13.180472613109714,0.7598777704177727,0.46279855577000784,1.9448276432345797,4.973266781999934,5.948617934235894,4.525258941746053,225.9874495303876,NA,27.08881815864532,8.416174903125532,1,0.8107321092130598
MLT,2021,4.351292526579386,0.7967325090774854,0.46230683448287135,1.8332590522434564,8.83877424485724,5.678224291584576,4.517325683685843,228.79594821738866,NA,26.9595465815629,5.943343615620194,1,0.9403784426962211
MMR,1971,NA,NA,1.0161164595981664,0.7452308630724346,3.018552795413567,2.457378947979199,NA,NA,26.66323560987928,NA,NA,0.162431985139847,-0.0694099450508615
MMR,1976,-21.913977790737373,NA,1.0417297226853504,0.7364745277164119,6.338063084916608,1.0125868971798953,NA,NA,23.2072561807029,NA,NA,0.162431985139847,-0.15445403085026255
MMR,1981,-23.775159511964382,NA,1.0527544690207242,0.7625926948894763,4.826890392454548,1.3272524427279981,NA,NA,31.01665562432746,NA,171.56225707202046,0.162431985139847,-0.3308722034610902
MMR,1986,-13.055353830144643,0.018465012072235516,1.0241205153986617,0.7654877314418724,-1.980637864778212,6.083104857417969,NA,NA,29.89973729718558,NA,26.230589391020025,0.162431985139847,-0.6217228345816724
MMR,1991,-6.53674906254209,0.020015133173106797,0.9731403549584506,0.7529137158099964,5.895149113370485,3.894321249362514,NA,NA,29.5570545854659,NA,31.527723634091018,0.162431985139847,-1.991737743699544
MMR,1996,-5.325445799605174,0.023391485451755324,0.9343040658850434,0.7391135353486556,8.53031440026211,3.6323747785023515,NA,NA,29.09500101773484,NA,30.484559254172783,0,-1.370491447068088
MMR,2001,0.9557363356772284,0.03521126442446857,0.9209956340260737,0.7127564443639888,12.8694238064718,1.1137320906575479,NA,NA,25.05204251518714,NA,3.4052681868124526,0,-0.9326177535109476
MMR,2006,4.41566542888559,0.05749783146210168,0.9170333552034439,0.6779742532189574,11.10145811213404,1.4020957092140771,NA,NA,19.80435953657062,NA,8.756026496076863,0,-0.26656514657888203
MMR,2011,-2.8703868947351294,0.07628787400025762,0.8822253075261137,0.6387657059449409,7.30258031922795,1.1223892939456745,NA,NA,36.17457503335072,NA,4.187123117368297,0,-0.05659864091294564
MMR,2016,-3.539846262340696,0.08534953102520518,0.8537658880377635,0.6325397788041025,3.1596412522614457,6.82934217695799,NA,NA,56.57587190391692,NA,2.291724241700994,0.0324863970279694,-0.46689417209526657
MMR,2021,NA,0.07285744018260643,0.8550988653957836,0.6460131744523705,-2.3401441405943615,8.520104372335314,NA,NA,NA,NA,2.6539279065817376,0.162431985139847,-0.715720942765638
MNE,1971,NA,NA,0.7025142477762788,1.2410307841805246,NA,NA,NA,NA,NA,NA,NA,NA,NA
MNE,1976,NA,NA,0.665994540141497,1.267345665647494,NA,NA,NA,NA,NA,NA,NA,NA,NA
MNE,1981,NA,NA,0.6408720615270936,1.1849176201018277,NA,NA,NA,NA,NA,NA,NA,NA,NA
MNE,1986,NA,NA,0.6321621696933828,1.1765922861982647,NA,NA,NA,NA,NA,NA,NA,NA,NA
MNE,1991,NA,NA,0.6227936823811314,1.306379349117184,NA,NA,NA,NA,NA,NA,NA,NA,NA
MNE,1996,NA,0.17551671289483017,0.6052767479623649,1.465071460053612,-0.46666407291268647,7.788667932598079,NA,87.9252021443203,NA,NA,NA,NA,NA
MNE,2001,NA,0.18628906288575764,0.6015720669089986,1.6354418619570619,2.818617979558118,1.4441744663375442,NA,95.59439386517464,14.79474769595295,NA,NA,NA,0
MNE,2006,-34.47514758009575,0.2647181920464269,0.6097921953472455,1.7006523483344524,3.8767435405862822,5.92474644272595,NA,115.6391919028685,51.26168426210232,-3.1961791917395077,NA,NA,-1.0038879647279697
MNE,2011,-13.10062818128134,0.2778475061756794,0.6087633259361557,1.619863921991379,1.840391409024348,2.4661871324747393,NA,104.77644451348739,52.30532931037136,6.387526072048886,NA,NA,-1.694753239798994
MNE,2016,-18.02804857563934,0.33046896427542605,0.6372521555092132,1.6795240592422092,0.15804175173285415,8.493183335804437,NA,103.96471667313497,57.35263465790474,11.099058431906816,NA,NA,-1.655630232490818
MNE,2021,-11.17182116482939,0.3598699167200589,0.6769313169780239,1.7119742287342428,9.08805682432785,3.4854239343968643,NA,115.99395215612266,57.8949582951247,15.038171940559566,NA,NA,-1.1097173197860575
MNG,1971,NA,NA,1.3123600654838323,1.1870141036154507,NA,NA,NA,NA,NA,NA,NA,NA,NA
MNG,1976,NA,NA,1.3005004922404808,1.0032856612162524,NA,NA,NA,NA,NA,NA,NA,NA,NA
MNG,1981,-34.15594555765764,NA,1.2673163789429476,0.8836607478592798,6.455616445763778,1.260909051346234,NA,92.76769479969197,NA,22.77494533192986,NA,NA,NA
MNG,1986,-31.82299992746714,0.14564634779316557,1.2513389054616235,0.7575779311510489,3.787070172160596,4.523072969525414,NA,88.81888234360765,NA,13.666141552409819,NA,NA,NA
MNG,1991,1.0091730827277958,0.11589911570176584,1.1880028698792728,0.6269266763839658,-2.5215984808347782,6.7956462540931195,NA,102.58048957209559,24.3420507633213,36.627342965726,NA,0.162431985139847,-0.9704417434143905
MNG,1996,-3.063920637294256,0.10747680067476294,1.0976523440565762,0.541997789110625,2.73763503489555,1.0726828624980578,NA,103.88893675474608,18.72886845056314,30.3849754213119,NA,0.701705813407898,-1.649762486720576
MNG,2001,-2.390038722754884,0.11291117320190744,0.9513678139084909,0.48984068762325406,6.513878996204438,2.8959586684750342,NA,121.6691503262062,33.1859657140147,26.49084891477166,8.34735086587031,0.701705813407898,-1.5538133812164923
MNG,2006,-3.419831842908558,0.14479738247891702,0.8672315388687074,0.47339023863909707,6.560236371774628,4.5931651178508845,NA,112.6344423492554,42.56567231301372,34.16189953717234,11.452641616675171,0.7083236217498777,-0.6967960689914822
MNG,2011,-29.741528012506144,0.19020020927426884,0.9272584120040391,0.4466105538387285,10.304914982723208,5.5527073217173015,NA,107.17515159796821,47.062472147668224,24.845610115642902,15.675713699860689,0.8256362676620487,-1.988442994590136
MNG,2016,-10.208426014016247,0.19663818811768063,1.1146746221971862,0.4450603039866309,3.1832067477601083,4.885468923930145,NA,116.11583491699099,57.52466034228036,18.6081804127487,7.212974421138621,0.837568044662476,-2.83769618735473
MNG,2021,-8.876829310406338,0.21228655545801417,1.240823564345064,0.475792021355119,4.69719732517394,2.907228116767282,NA,132.763418327156,57.4901477137393,26.977299647739567,19.3,0.837568044662476,-2.31993034746278
MNP,1971,NA,NA,1.2623929810683656,0.5596085495908167,NA,NA,NA,NA,NA,NA,NA,NA,NA
MNP,1976,NA,NA,1.1115423861461193,0.5367212172917629,NA,NA,NA,NA,NA,NA,NA,NA,NA
MNP,1981,NA,NA,0.7695671875342206,0.356362373560214,NA,NA,NA,NA,NA,NA,NA,NA,NA
MNP,1986,NA,NA,0.555880595276517,0.2508933406359722,NA,NA,NA,NA,NA,NA,NA,NA,NA
MNP,1991,NA,NA,0.6575429634572045,0.2604150253016416,NA,NA,NA,NA,NA,NA,NA,NA,NA
MNP,1996,NA,NA,0.6191303362402873,0.2141165286164439,NA,NA,NA,NA,NA,NA,NA,NA,NA
MNP,2001,NA,NA,0.6493558137324121,0.2461351181749724,-5.145899304642543,6.764405420640446,NA,164.32557914405976,NA,NA,43.596912397377736,NA,NA
MNP,2006,NA,NA,0.7712518350173719,0.32822537998708196,-8.160508221625541,6.932356777973931,NA,113.25288800967515,NA,NA,12.95465167420568,NA,NA
MNP,2011,NA,NA,0.8004144721993864,0.4378866135514051,0.7337100017853195,4.705844074782429,NA,116.522301221658,NA,NA,22.662678570725042,NA,NA
MNP,2016,NA,NA,0.785490893584147,0.5453997905188847,-1.52436067873136,26.14515854638922,NA,115.35037938633737,NA,NA,35.75230062527446,NA,NA
MNP,2021,NA,NA,0.7825897418463978,0.7234905298558721,10.806317090456545,8.253969170809716,NA,86.0204802823875,NA,NA,40.87056805738493,NA,NA
MOZ,1971,NA,NA,1.1511920434370386,0.5983108310283983,NA,NA,NA,NA,NA,NA,NA,NA,NA
MOZ,1976,NA,NA,1.264150746725004,0.6002113068256618,NA,NA,NA,NA,NA,NA,NA,NA,-0.127743162368759
MOZ,1981,NA,NA,1.3994490745327717,0.6320347232257671,-4.620000336757492,7.994186358321615,NA,NA,NA,NA,17.533450430166297,NA,-0.5212281491617696
MOZ,1986,NA,0.012392459525203927,1.4541458913896326,0.6120006885488832,5.61999939293239,6.594467266335808,NA,NA,NA,NA,22.676376170034924,0,-1.691921995457197
MOZ,1991,NA,0.011912301800241961,1.4699891280170998,0.552478312646982,3.370463307151832,6.901834934277383,NA,57.31480242141498,20.477665313065298,NA,19.423423879287615,0.0974591910839082,-2.189417039974174
MOZ,1996,NA,0.012676632149102363,1.5226550745483665,0.49568088291133483,9.092662181011349,4.700058533006339,NA,45.35680290623492,16.10105837073614,NA,8.376983321344646,0.162431985139847,-1.564688210903712
MOZ,2001,-8.57633327947647,0.015559225342009219,1.6740292254392481,0.4615425621073854,8.850923392256426,2.559567111589506,NA,67.59081868448068,19.81582901966118,9.58190912871108,5.266569441740519,0.162431985139847,-1.390904798577234
MOZ,2006,-9.761903766350862,0.0189537451683624,1.8315613411994593,0.44610408793305617,7.409352432526912,1.5264672222103783,NA,68.03752448149574,27.64749578566816,12.37445468996432,14.793478292815383,0.162431985139847,-0.899427190032693
MOZ,2011,-33.75185697403256,0.021457219184023144,1.9476491522054324,0.4190823869703071,7.359127525552562,0.5463415663940879,NA,102.96884709725,42.66037764169132,11.072389860831608,4.873089369178445,0.162431985139847,-1.65810586892483
MOZ,2016,-24.43312680747682,0.021888527718828866,1.9880501654284664,0.37886559217754656,2.383684217539036,2.214517502468855,NA,109.248954776568,49.58153666728584,13.122684568091955,6.307931515164063,0.162431985139847,-3.897870856127418
MOZ,2021,-21.8196810598679,0.020381986112276092,2.0320108995832937,0.34097038450482164,4.074458945786303,1.5722150714935117,NA,117.80571876844867,53.30046187063263,7.876964653371213,18.559903016988,0.162431985139847,-3.4911867164358577
MRT,1971,-8.98459138146242,NA,1.2191698494752616,0.5889374321799584,0.7106916497503942,7.0128253246094285,NA,68.32703785606958,9.687326252036641,5.376424174813,NA,0.10939095988869678,-0.531290471649782
MRT,1976,-11.801181670671328,NA,1.3245510929941668,0.5975746195605435,2.864809494311944,4.186097005231731,NA,74.94707175015063,14.62917053905556,-3.571139391632056,NA,0.162431985139847,-0.8108124087602108
MRT,1981,-15.6659022177253,NA,1.3960416832604374,0.6110436222908329,0.92272047525874,3.4079573953272764,NA,91.32684704519768,17.07420299908638,0.22949554637327568,3.1546837455922687,0.162431985139847,-1.563270982960824
MRT,1986,-7.2031524101764255,0.08666437663153684,1.4298951760163092,0.604382016815223,2.46812847391689,2.9462166222559767,NA,84.87648254627942,17.61835920088178,11.128891727941808,3.3562830285766587,0.1299455881118776,-1.620092066534958
MRT,1991,-3.7638364998617218,0.08215592530344741,1.4304351766362577,0.5742048673408187,3.258983729697476,4.845124001134706,NA,56.064779851952544,14.3487555269609,19.855226946968422,6.8001986850720915,0.1299455881118776,-1.2141339598783
MRT,1996,3.4635234841175433,0.07202696603480412,1.5067309786783034,0.5494172550199226,0.8614174684684341,4.557068087809902,NA,58.51075573562796,NA,15.7199843713055,3.2137706305468403,0.2135721802711488,-1.4233976793343661
MRT,2001,NA,0.06180669798814617,1.6139502572315614,0.5311826084494781,4.161860980261013,3.864047395229958,NA,67.25173412646818,19.7239883983261,NA,2.1057740120655777,0.162431985139847,-1.5424073291165499
MRT,2006,NA,0.06785670926080965,1.7448862090231776,0.5395902388687009,3.7501604230594086,8.316415693976944,NA,87.6804261253293,19.4973892994279,NA,28.777334831425925,0.162431985139847,-0.819810750184295
MRT,2011,-18.384549999318626,0.06886450890118187,1.8504213042244742,0.5581033457020235,4.488954437778252,0.5118511538327788,NA,96.12588687776972,24.1431465299918,29.12494396024615,15.9640846903291,0.162431985139847,-1.1684955795838774
MRT,2016,-10.398369067806907,0.08628245970288553,1.9029786250803442,0.4483838071112407,3.0167952131787703,2.6539590797209667,NA,84.27556672359604,27.469484675581427,32.64330992111936,13.439791665051958,0.162431985139847,-1.416291584331756
MRT,2021,-10.889793671255633,0.08325793734741455,1.9174309249703492,0.38623651808676296,4.782736837084542,3.4987676181593264,NA,94.16607246583123,NA,32.124060485006396,18.255684046345674,0.162431985139847,-1.2886212314674033
MUS,1971,NA,NA,0.9616657800087651,0.7008625863533472,6.863905677867937,4.312458331893698,NA,NA,43.4142467687418,NA,NA,0,0.12555467362403208
MUS,1976,-9.546189772408292,NA,0.8509785713208999,0.7009810560852705,5.517227281461064,12.073947975090432,NA,103.63254919007981,44.4296368708987,20.09265060101814,NA,0,-0.14644523431200684
MUS,1981,-5.145190348527549,NA,0.7949400737796236,0.7369821960350028,4.683217065593549,2.536935416270351,NA,98.7347983108953,43.58884461021228,17.18318981815404,1.3872158753692039,0.0649727940559388,-0.504067213227289
MUS,1986,-0.3911273329561039,0.20971843135377077,0.7669601315727027,0.7905758756811945,7.415261054769574,2.045510207004228,NA,128.0116430037526,58.87741285560586,28.5624816536247,3.268228151713706,0.162431985139847,-0.16431078962639015
MUS,1991,-2.0658522477567254,0.22910823932349456,0.7245838526624312,0.8460898403789457,4.890817446651438,0.975663422016772,NA,121.2973726611356,70.72548617673397,27.93077272583686,2.067472238037609,0.3158525705337524,-0.0599571722880513
MUS,1996,-0.9725093796201307,0.24485852689115373,0.6864345075467176,0.8269341539405252,5.632197123174784,1.995895454717355,NA,126.47043810222699,76.04240231463282,27.3433588989162,3.269115609307776,0.767253190279007,-0.7450873626244258
MUS,2001,1.193025960572038,0.2634966560356373,0.6878651218336429,0.8283827813945536,3.399093550080764,1.8072383464520025,NA,116.715414187642,88.97445063238926,25.729349963935178,17.240163023821363,0.8865708827972412,3.0242103013072907
MUS,2006,-8.065740066996547,0.30050962518440666,0.6533521699995655,0.8279631054379084,4.734360706199048,0.9447739060113001,NA,114.17304482424859,94.03939286500633,18.69697815510868,6.973306245963958,0.9642046928405762,11.462535804671576
MUS,2011,-7.006549891834612,0.34471200748322833,0.5978626023556721,0.8872764824129169,3.690317850868204,0.2806993573569138,NA,127.557272778834,97.83016865631197,16.051928790333058,6.85003649625314,0.7375011086463927,1.977756293514082
MUS,2016,-5.10908658942573,0.36835785341267047,0.546355060729761,1.0105295877289187,0.030387897231516005,8.161449495472214,NA,125.1758355675914,118.8244697815408,16.31932471263474,4.669903639262808,0.701705813407898,0.9265600218474153
MUS,2021,-9.645362588737276,0.3423375718205647,0.5082080165488118,1.1047981298416119,5.70159480769953,2.712006419584181,NA,143.39273059249135,144.94247024305832,16.6602469048388,9.734988443752767,0.701705813407898,3.1572152221726424
MWI,1971,NA,NA,1.204934826638774,0.5657666544771061,7.602672328028098,5.164913014272,NA,NA,NA,NA,NA,0.162431985139847,-0.2287348691348084
MWI,1976,-14.4144229275811,NA,1.2945328061132113,0.567342402943046,4.892746157978158,3.313890708630712,5.299871106622265,NA,13.0936898200998,NA,NA,0.162431985139847,-0.33097698053589597
MWI,1981,-6.39733386477706,NA,1.3912744857011385,0.7132038029132287,2.17266593261193,4.304235992907225,5.3214293180791294,NA,14.68521320625424,NA,11.730499141399186,0.162431985139847,-0.3498569022265508
MWI,1986,-3.6268227933178077,0.028109785841801904,1.4459064491993943,0.8020661115062736,2.3249424870353486,2.234185741448338,5.19414457810543,NA,14.98580448070558,NA,6.811489519300093,0.162431985139847,-0.4129879449225582
MWI,1991,-7.563286423063794,0.02771598602213098,1.521244830941826,0.6791088050052247,3.51554592174143,11.692311856080412,5.067430546967524,NA,14.75125811324744,NA,23.88892454285563,0.2135721802711488,-0.6130115021179682
MWI,1996,-4.1463770913565625,0.028380847148188705,1.617983362425272,0.5835247997627329,3.9245420283921217,2.110604239329821,4.978531028706778,NA,11.339829083977559,NA,6.477453060465609,0.162431985139847,-0.6331805169730325
MWI,2001,-5.738468539619116,0.024641924483046744,1.7671864222226896,0.6654353344447831,2.223979877928298,4.3454146852385716,4.790007269109414,NA,8.955040146443048,NA,5.954985091547059,0.162431985139847,-0.6971881995004392
MWI,2006,-7.26141148731891,0.027253421589455203,1.9213843353643643,0.6628741012582091,7.428382349378547,1.824927471746851,4.598951082161831,NA,11.834166633608424,NA,10.226827465054837,0,-0.2286491991394318
MWI,2011,-11.601204217588105,0.027967027816767537,1.975244911647291,0.5111910730563106,4.133657999624598,1.677881157265383,4.3519240424441445,NA,17.27170608924422,NA,3.115284898689043,0.0974591910839082,-0.3422593942898744
MWI,2016,-14.65390422815376,0.02294512445273435,1.8897997528182389,0.37721390231389157,3.472797267591519,1.8850601449672675,4.387698555561511,43.52672065207835,16.54439421753102,5.063698485564787,5.30631699015428,0.162431985139847,-0.474801603978114
MWI,2021,-16.525269973109534,0.022915365612481385,1.7883764609843915,0.30349627108967964,2.4750533353088686,1.8754688759252063,4.548014680052066,43.55001835764397,22.4627650626383,-0.77962155527248,5.00233278914281,0.162431985139847,-0.44910965272819503
MYS,1971,-5.476484882257525,NA,1.1094879953119234,0.5879790049723743,8.048783449828006,4.233199003432564,NA,83.44617194603862,53.89388135524,22.1157223164911,NA,0.4897235810756682,-0.1668459371101494
MYS,1976,2.566070973009307,NA,1.04925059064781,0.6004400386725225,8.552273416540512,1.9479504651869974,5.082820707591633,98.85184650848711,74.16368283482822,29.118169646210518,NA,0.7044954299926758,-0.1940107733720392
MYS,1981,-8.305803590848207,NA,1.0320446509371493,0.616393986672673,5.174805467777352,3.535807115379543,5.1513010642823955,108.1299915375582,100.31581069762782,25.96204620372118,9.47301574560938,0.9432854413986206,-0.5036750536570214
MYS,1986,2.3528703375703386,0.2882811517905219,1.0390683150779425,0.6150885170395344,6.8876749442008744,3.649763881863679,4.873832028726287,124.9237768714148,116.54534812205108,29.8776462693462,9.251130464688288,1,-0.464074876063255
MYS,1991,-6.4917645706186224,0.3409045301187024,1.0120646086753045,0.5909703252861541,9.473331143435901,0.42537873699834267,4.793781814728804,167.9762547348574,101.64699306281628,32.93451613924178,0.6127786729752293,0.8298563241958619,-0.4062501170508884
MYS,1996,5.563696307050884,0.36793920121096235,1.0098124303159437,0.5811932928441333,4.992501505727772,7.059781001441695,4.671296943598672,202.9804009660078,125.12076007628839,37.626757549291156,4.516864137518386,0.5374506533145904,-0.3512007791113672
MYS,2001,10.626621844605975,0.3632463710384247,0.9898873536953529,0.5867563081767483,4.762547959425248,2.443096738934995,4.586951005180376,202.2289816511774,132.11038640988738,34.35855334740236,0.9069475052800307,0.418132960796356,-0.2386804378002414
MYS,2006,14.82466563297938,0.3961920047147313,0.9254734786122459,0.6091612503686469,4.525344310193154,3.508441370258387,4.57888242037216,178.4429426645336,128.588222921494,36.58218700599156,5.4758560974517945,0.42370733618736256,0.042169194555677685
MYS,2011,5.392087123434538,0.4341561999901806,0.8555479693568657,0.6285323768829157,5.311868783877926,0.48474376890427845,4.57572367282974,143.036546892043,136.1403853173972,30.43654143652094,2.3188359148503794,0.2647123754024506,0.005853196215689799
MYS,2016,3.021218676883852,0.43765728686233,0.8170551556138074,0.640774706565584,2.81238632416527,4.65697330459315,4.459310019595529,126.0547106730726,127.2394046962106,26.24330527484296,0.9071934744033363,0.418132960796356,-0.00124606856364238
MYS,2021,2.8551408838117336,0.43445674907391485,0.7719569873768457,0.6602374718785526,5.294716859513956,3.2382526527198157,4.405344578636215,137.68468702874466,125.11662773831466,25.549697190580567,3.9849717690342543,0.418132960796356,0.0325534964341751
NAM,1971,NA,NA,1.2091957934203688,0.85757213230266,NA,NA,NA,NA,NA,NA,NA,NA,NA
NAM,1976,NA,NA,1.355837978882556,0.8331053460248596,NA,NA,NA,126.663009413817,NA,NA,NA,NA,NA
NAM,1981,NA,NA,1.487661303390785,0.8550113157277803,-0.20456237642181616,1.0594226455150146,NA,104.76123683285235,NA,NA,6.192383253956118,NA,NA
NAM,1986,0.987750380407312,0.1622309566351247,1.3852746687494708,0.7341249438688932,2.608064530505409,1.5535530428712412,NA,96.3424937305475,20.4673363992475,37.8169842607291,4.820653738879256,NA,-0.284140020813796
NAM,1991,3.019269004062234,0.16543236601883934,1.2967145589261555,0.6010598676186997,3.88086191516781,3.9921224407149944,NA,92.99765825230124,31.03572475070138,28.23567284371982,4.358360530604533,0.0812159925699235,-0.00685584508454916
NAM,1996,2.6849610286042376,0.14758265287239128,1.3456524524964155,0.543036950140532,3.512894402742878,0.41035947357364316,NA,91.5496529443077,38.96467499795102,26.1036039586479,2.942806349730755,0.162431985139847,-0.13540380472764224
NAM,2001,3.9101266836014945,0.1471455241673773,1.3801713368347617,0.5042291604587483,5.001042994237752,4.3064347254515924,NA,88.29888800005446,37.66223722745998,27.08012087470672,8.513806356355374,0.162431985139847,-0.14343437970090023
NAM,2006,2.8836733570937336,0.16742887159096154,1.3275314710794817,0.48379450256492185,4.286450380299388,2.766925740327025,NA,108.65861854725635,50.22507967322388,25.10281120788138,8.312821422357153,0.162431985139847,0.3867955283568546
NAM,2011,-9.37111065439754,0.18301202772316566,1.3373725163974926,0.463679348329051,5.224886705646188,0.684140815419506,NA,100.0893259110846,58.17560709656512,17.63345397880438,3.134485603731496,0.162431985139847,0.3191939505955296
NAM,2016,-4.450968877445436,0.15797796911803672,1.4031675239283161,0.4203905629980238,-1.7748136635211578,3.6320423212279764,NA,83.3452225007936,60.90825579595458,12.34984496842422,1.3899640283115253,0.162431985139847,0.10162984094048143
NAM,2021,-12.827131274898866,0.1366020813244407,1.4961842449939506,0.3853927290093709,4.481786658630663,0.898082491466705,NA,97.8591906132506,72.6054018222941,7.009705821790293,2.68514431641951,0.162431985139847,0.05283809035550033
NCL,1971,NA,NA,1.0049801271858452,0.6398321136991296,3.6797987203023803,8.969673920994675,NA,NA,NA,NA,NA,NA,NA
NCL,1976,NA,NA,1.032652224689514,0.6845700660235448,-3.398619940707667e-5,8.515568076543667,NA,NA,NA,NA,NA,NA,NA
NCL,1981,NA,NA,0.9904649642562172,0.7060965492909106,-0.06000094309154798,4.534091600604233,NA,NA,NA,NA,NA,NA,NA
NCL,1986,NA,NA,0.8900661784951099,0.7025349080001041,10.780000129507204,13.996142924591169,NA,53.1999346943577,NA,NA,NA,NA,NA
NCL,1991,NA,NA,0.8325611331402242,0.6870306874388199,2.896007128958533,2.4809324893529894,NA,44.4610007600654,NA,NA,NA,NA,NA
NCL,1996,NA,NA,0.8221313200984928,0.7325683326092254,0.45140744654591325,2.1607139649200806,NA,51.256541502203596,NA,NA,NA,NA,NA
NCL,2001,-0.2683701748876839,NA,0.8547310269640058,0.8164198998025473,NA,NA,NA,59.3394110256385,NA,23.54045917857455,12.54076101274417,NA,-0.26885548529303427
NCL,2006,-9.778448596461677,NA,0.840380651718407,0.9230528627404446,NA,NA,NA,66.47160420134736,NA,25.57055815845328,22.21672793189853,NA,-0.571125130866708
NCL,2011,-15.253820830057998,NA,0.8137547349540423,0.9828841983020481,NA,NA,NA,61.69497018336604,NA,21.06972992883538,13.884235664954701,NA,-1.492269413508456
NCL,2016,-7.49878946256032,NA,0.7755242040394668,1.0107044448553946,-1.133333333333338,1.4189197769195263,NA,57.76941080078192,NA,19.3341084834402,8.260568987666648,NA,-2.0882739527709857
NCL,2021,NA,NA,0.7636241332566661,1.0276731129020917,1.4000000000000066,3.051229260478515,NA,50.38257259182987,NA,NA,6.606310114832133,NA,-2.0564219573462377
NER,1971,-0.78003423872547,NA,1.322371501915525,0.34984243276129817,-2.110498124166902,10.15013397471568,NA,38.682146436529116,7.748634152628502,6.57345276010399,NA,0.23032516017556198,-0.020284700335009866
NER,1976,-7.623797480856822,NA,1.3644277692875195,0.3673079160788867,5.321471358695725,6.280454420778422,NA,56.81111523632686,13.19495053873224,16.2612289864311,NA,0.162431985139847,-0.12289091650444826
NER,1981,-5.537666991240115,NA,1.4389085535761699,0.40032015342229516,-2.193708284417223,9.193775441675948,NA,53.71340710535418,14.60435755338192,7.29538620489092,15.868319728895873,0.2647123754024506,-0.3917712854412772
NER,1986,-8.943150650890368,0.0309398144178229,1.4948128753594123,0.41936222016683194,2.5920272974161183,3.761820402992396,NA,40.816013382881,17.773614441513082,8.259057814814113,15.827142534575229,0.418132960796356,-0.40609896895834
NER,1991,-5.26832428831079,0.028224910313581944,1.5311668402448,0.4183421911912733,1.2389883297461317,1.2351533871771596,NA,30.71236622987586,12.85015062277462,7.56840607027374,9.124295129620112,0.43006473183631877,-0.5014686939133446
NER,1996,-5.23083272523476,0.023336475717974304,1.6415116127554534,0.4129901008337642,2.034516182458032,4.544465952230844,NA,34.16441000170226,7.029606885230306,12.50824165568584,2.7265763105720286,0.2101590573787686,-0.6012423110005646
NER,2001,-5.88785190741964,0.020995012501340643,1.8600741546639195,0.41166281950216377,4.410577256625534,3.0964245845123806,NA,34.50853844584868,8.718738897352262,15.4067046665933,10.865613186972633,0.162431985139847,-0.4780597825704626
NER,2006,-10.842296492193764,0.020755446198525426,2.104573869006329,0.4159174114574673,5.469191186942616,2.8594282734691645,NA,42.640732618261424,12.098451890376067,20.350533838809902,10.291890011071821,0.162431985139847,-0.22310006578887898
NER,2011,-13.16045731196538,0.021353789182613422,2.241513103355314,0.3995147348454638,5.851323526671908,3.0542294910604966,NA,46.41930799742456,17.31387249191766,23.7648178335707,3.969508785731554,0.162431985139847,-0.4793449506095542
NER,2016,-12.1650427815183,0.0211827237180776,2.2516328016963625,0.3582637121201407,5.489633125994022,1.3439291456551485,NA,37.14272528859332,17.893033654675,20.55090299505036,5.178030513621948,0.162431985139847,-0.7149281587795104
NER,2021,-14.747345445782233,0.022883560171574308,2.2330352772507793,0.3270163010681105,4.983743475618421,5.991337295440532,NA,45.432533348723766,19.224260827192165,20.9968906581353,2.9143323992525842,0.162431985139847,-0.8535102510342962
NGA,1971,NA,NA,1.1213939717852417,0.6377031854505755,5.78549621308232,7.543831886837276,NA,NA,12.58927416536812,NA,NA,0.162431985139847,-0.09435999879051508
NGA,1976,-0.37450376539671004,NA,1.241525954614866,0.6173869767867165,4.053314632281124,5.755505098045533,5.664241480589175,NA,23.04794654774406,NA,NA,0.162431985139847,-0.05087054647891494
NGA,1981,-1.960113391411165,NA,1.3662235324250454,0.6283371893684891,-5.211590018478498,7.719587675561402,5.999377509721111,NA,11.85265320296462,NA,13.334623051700488,0.162431985139847,-0.18854766553447738
NGA,1986,2.2712152019665304,0.11887859935327592,1.4372001658318923,0.6226735635216423,4.858272691785108,4.7009958070440065,4.610036799281842,NA,11.5964211492791,NA,7.256352390694019,0.15342060327529922,-0.725886498558434
NGA,1991,0.35690845641512464,0.10962643318786178,1.4405295111487313,0.5846700695638299,0.21336750491024586,2.6828005754018522,4.337645096621578,NA,13.76176611133508,NA,5.6915818371572415,0,-0.952559499481696
NGA,1996,2.3428102120764365,0.0916380344998109,1.4715096849847813,0.541485297695339,3.0628678440019677,1.6948608298116512,4.979246775448665,NA,11.432131741446742,NA,16.22209337554652,0.14849517419934258,-0.5181742349665774
NGA,2001,8.188674047369023,0.10020194586472203,1.5900082834627454,0.5113573015724686,8.856622022543561,3.8344437531308415,4.3599424102063296,NA,13.10277027574756,NA,22.672209517976135,0.2744306802749632,-0.2702106514444011
NGA,2006,8.421942193118483,0.11765777639701977,1.7486974752363853,0.490904495751739,7.091522437559074,0.8876934698171303,4.551197767814883,NA,20.2663862907707,NA,14.879079272589419,0.298294216394424,0.0057500467735980805
NGA,2011,1.4015225409023073,0.13094295775890377,1.8491375122582874,0.45196232478773546,5.03434654431455,1.6355655291736408,4.739080856144289,NA,23.5823519202427,NA,23.193900060145122,0.298294216394424,-0.08986339275056923
NGA,2016,0.37457143091206396,0.11678455065160051,1.8473067138993173,0.39092406197715895,-0.6097388231817364,3.554639005642141,4.726528348310583,NA,22.54528305497192,NA,14.127030827459821,0.298294216394424,-0.1283559867221564
NGA,2021,0.313705975789947,0.10628472029240171,1.8022753356379806,0.3509576419322255,2.9183091996089034,1.6433266655733274,4.801796231634231,NA,20.792914888704868,NA,13.611147392241888,0.298294216394424,-0.21372817474076325
NIC,1971,NA,NA,1.3265077167477075,0.5337758190330745,5.196334313327621,5.555854057729068,NA,64.48966267666017,19.22314104331902,NA,NA,1,-0.2671943843371382
NIC,1976,-4.257404635369828,NA,1.3957686060430075,0.5219290443422309,-3.22558438597067,14.396084842434142,NA,67.53353720290102,22.98568098759552,NA,NA,0.5073859199881554,-0.5006963589528495
NIC,1981,-22.23018725506346,NA,1.4706362189613986,0.5379401234005783,0.7024388994252385,4.1036602450062105,NA,47.6076890063969,51.56993857744528,NA,20.430832364039144,0.01193176880478858,-0.9560887335261272
NIC,1986,-26.99600723456522,0.08282470890419995,1.494086471581585,0.5515604822471184,-3.1928400382406874,5.2102047905217015,4.891499502117877,60.8819093672531,55.35889958721836,NA,18.192557188295364,0.0324863970279694,-16.960243496168218
NIC,1991,-27.2145068733214,0.07744241071682333,1.4316168221766452,0.5433505311179234,1.8107526174477715,2.7402753395559065,4.790474571099514,59.250515457809236,17.87221512052814,-0.68571656375006,13.802267301537182,0.3158525705337524,-5.7472887622923094
NIC,1996,-18.107851902518462,0.07702548695812025,1.3444486678625822,0.5594098197170124,5.032032293265388,1.5396280271181582,4.684569568235001,57.46764519899134,27.9437614606531,9.670228266326106,6.831696490371486,0.8806823134422301,-1.564476329283914
NIC,2001,-13.5711232562349,0.07792320005242362,1.2704252168754742,0.6097248114350377,3.1660168338761405,1.7413278737400733,4.626234882199478,63.41750446607196,31.2006043266441,11.033279523189575,2.0257197648178527,1,-1.49239263251702
NIC,2006,-12.747179510957459,0.08171300593370259,1.2110233248286795,0.615333555101734,2.756489702237562,3.432196763649328,4.594389101116646,92.89741093217619,31.00661473630894,15.465965405970099,3.0435177016077963,1,-0.879280078374808
NIC,2011,-10.820413890798477,0.08994927772869593,1.1544625775843114,0.5755546892868043,5.463528791941172,0.8649112334650809,4.584714035432253,108.5762630151222,35.66551725755694,20.0702677737825,6.259632577076707,1,-1.0233606687095096
NIC,2016,-1.5458605407261659,0.09772932954807563,1.1064823620086377,0.5502459749222283,0.13951733625644414,4.088985645326093,4.582032387397565,93.37187875763708,38.29551241904442,22.85130260230096,7.499533318813912,1,-1.1700578452205181
NIC,2021,0.8457373830250597,0.10035384631172037,1.0765208709106593,0.5186651255393043,6.144144262717163,3.7584754313896247,4.567186701403897,108.88838904796934,39.45405870228535,22.581812327588267,9.02902726396002,1,-1.0613790641392689
NLD,1971,3.0707880378913517,NA,0.5834746755949192,1.7586510536244067,3.3471649048154166,2.0353975876336925,NA,88.21005961615855,NA,28.70920881885036,NA,0.5798818022012713,0.1596597596074132
NLD,1976,0.7138833233736402,NA,0.5342104501786621,1.754481820656626,2.605815410141922,1.1605269501034237,4.695801646211437,92.708278062887,NA,24.09854846789576,NA,NA,0.12647478564972942
NLD,1981,3.23615772086398,NA,0.47793326351625487,1.798006865102443,1.1374897319213975,2.0000026373991515,4.600998925716871,107.93312049080821,NA,23.84088025760604,NA,1,0.1679028230214036
NLD,1986,2.597841782918502,0.8038556863386292,0.4378710656223293,1.8444469393797562,3.352556804581088,1.0219531892996785,4.609968492941625,100.64806325788368,NA,25.370322585152298,NA,1,0.1415848490897856
NLD,1991,3.626723955473414,0.8177377181826628,0.45239823774453286,1.854461256602942,2.295977216677164,0.8002631583579269,4.609875858977173,103.45421164056837,NA,25.41213227659118,NA,1,0.08537014700139679
NLD,1996,3.796163241670732,0.8440033994676421,0.4871573213672929,1.8468128464046427,4.315983329242842,0.6030508879533092,4.581339950262786,115.072506726881,NA,27.24061953074698,NA,1,-0.042745513525920625
NLD,2001,4.492817081369454,0.878340288417918,0.5321029764229783,1.8242887437660997,1.3434934111417782,1.0778016893176883,4.61822948420225,116.5488001962324,NA,25.33359622284208,2.152995257453601,1,-0.1091939158043171
NLD,2006,5.487652927549502,0.9311307266610132,0.5540106484733277,1.879403744106199,1.43870546256372,3.0378912069321324,4.633356256702577,126.4674547116994,NA,25.92076161426446,1.5706686474237643,1,-0.1739725374854861
NLD,2011,7.162734710002686,0.9181264496843403,0.5646863455048947,2.0147613872284498,0.8996901952882215,1.3371775925556455,4.589343136415263,150.7687752464332,NA,26.5058184509124,1.3217412757419644,1,0.05105365875034909
NLD,2016,7.310559656852257,0.9426886808297559,0.5569401778711871,2.0199018601818315,1.1793421074325239,2.829015458846077,4.598543903411395,157.4161275472492,NA,28.03347912595862,0.7127411872482186,1,0.549173546277991
NLD,2021,8.837902126110633,0.9848879020258492,0.5601042569886905,1.9732774094970569,3.561989685072959,3.6582378681911414,4.630642018019648,170.76425214043766,NA,30.527594695928002,1.9553345834749944,1,0.56494425986425
NOR,1971,-7.53769523792199,NA,0.5410581467262471,2.251171259560898,4.882286950365902,0.6848187433362862,NA,73.22291643780913,51.17869618942278,30.0888103016875,NA,0.5315621018409727,-0.173873223881975
NOR,1976,-5.489419692165806,NA,0.539786854749011,2.3336094361762814,4.558470523100228,0.7538494924824494,4.541685115486274,75.7311233610976,49.518917080546,27.6024659954677,NA,0.418132960796356,-0.4217818709219062
NOR,1981,3.366045748342708,NA,0.5110715693874913,2.473160818727562,3.482492014060907,2.5113612266667493,4.606118057264468,75.47073639238567,49.20513951303762,31.23339396985596,NA,0.418132960796356,-0.261247841323811
NOR,1986,-2.0733038476849277,0.7727876161905424,0.4813063322373493,2.542067490080239,1.7022054345604853,1.5654838537865914,4.607806168696298,67.97572757641018,56.19928392026584,26.79121921112972,NA,0.418132960796356,-0.194460741453342
NOR,1991,3.372481445703262,0.8228355390197091,0.49893245984386514,2.442590802985094,3.742999453283052,0.8888929058685875,4.550716922912139,67.69708660887446,56.49704611681282,25.74155225384546,NA,0.6002084374427794,-0.03392115538912724
NOR,1996,6.602787023866697,0.9097540684132105,0.5435091262631052,2.2530262354962605,3.67443983317577,1.4256669265336341,4.522990938787269,71.5594528333003,51.93913268130688,31.08906900062264,NA,0.9284093856811524,0.14437688608292268
NOR,2001,13.76625918336806,0.9958950843823255,0.5865418687147799,2.0404079969840754,2.217861549540402,1.2037231859067323,4.580117386088759,69.22749464066682,55.75818736546,34.89323559369558,10.869270055858799,1,0.4489164153716928
NOR,2006,13.49074793363228,1,0.601499267077321,1.9157620673456413,0.9408239616339242,1.9197293287833845,4.591506365338079,70.81821420148864,56.47994169516014,39.08602435202478,9.1240341954642,1,0.6546350337508106
NOR,2011,10.953635399932557,1,0.6073273993746646,1.8964465482123423,1.749055568770404,0.7055140296229309,4.5529563179483015,69.12786256541276,58.46402795734626,38.444214903539404,12.927954207839688,1,1.3546981970381142
NOR,2016,4.276127348771558,1,0.6113833390068937,1.841535604090143,0.8605954365787705,1.3515882700853032,4.425460656790448,68.89572390354108,66.84657049804395,33.87140827461336,12.713260793360606,1,2.292338096657548
NOR,2021,20.500826711145,1,0.6104878219670482,1.8105400696570844,2.409011950506231,2.0507337740195366,4.373036013724152,78.06534641740856,60.480319059779,42.8081176580367,36.379802088521586,1,2.8667249112778572
NPL,1971,NA,NA,1.0113761755754032,0.6314419000952884,1.8471883750657148,3.0229065743907615,NA,16.67213365133844,13.84106875743726,NA,NA,0.162431985139847,0.09266744412734981
NPL,1976,-0.6107363387033554,NA,1.0831165641164513,0.6360000397568083,2.374146920062352,2.7689397768728763,NA,27.02495153676682,20.03937387151056,16.7916262694459,NA,0.162431985139847,0.04628918895970672
NPL,1981,-3.73654539588061,NA,1.1539298825680069,0.6614133379099837,4.993995636939876,4.988018833498397,NA,31.2189089034765,26.46928875676036,16.487549313988218,NA,0.162431985139847,-0.07985480916760708
NPL,1986,-6.202063699417128,0.03472594077530336,1.2214249829308526,0.6698323903828928,4.584552360427792,2.1272025040761724,NA,32.81073028604976,30.08454085560462,14.150296148819459,NA,0.162431985139847,-0.2197709163640924
NPL,1991,-7.18462865977797,0.036545032104989036,1.2625573113625652,0.6534333906545406,5.201772325414224,2.0296515817926664,NA,46.69652811688132,34.80006906296582,15.69012889887734,NA,0.2135721802711488,-0.281556452268368
NPL,1996,-4.087560553057497,0.03641997022317209,1.3304758442337856,0.6402453840859421,4.80117189159814,1.1866182427946756,NA,57.4960950281128,44.96284590719394,20.36586081115108,NA,0.162431985139847,-0.2767821115351632
NPL,2001,1.383913146948806,0.03692850821029956,1.3744314760723102,0.6380631221701095,3.405371476051809,1.9147729254138828,NA,47.29775147938104,52.61674306890678,25.41400480681346,12.422766460646903,0.162431985139847,-0.1997190650393268
NPL,2006,1.3857828116830655,0.040342105186098765,1.3392305198854138,0.6618733413096934,4.446061515138916,1.1330636602488284,NA,45.688364533156076,69.4601780154476,34.44373972657584,5.260513282941125,0.162431985139847,-0.04010203355674033
NPL,2011,4.291224442741254,0.04942374059441799,1.2333013811241922,0.6761262066858555,4.320927982211352,1.0654268757611525,NA,41.74648253752714,74.05278136167713,36.1661430785455,3.888830158286678,0.162431985139847,0.0710624255679307
NPL,2016,-3.586153042733526,0.061074344202208274,1.1392175052547033,0.6622010723685077,4.264040796338601,4.947247188661202,NA,45.07473688102658,98.77238949514901,38.95846729210536,6.226315122124804,0.162431985139847,0.08732149737769807
NPL,2021,-5.94681701924425,0.06494897405158334,1.058990727300314,0.6166534311963403,4.15067086908134,1.9190736878227381,NA,44.53245218839007,118.305018379006,32.85380764574153,4.2673176586703745,0.162431985139847,-0.011715891895860229
NRU,1971,NA,NA,0.8813336758174047,0.19654921141026957,2.898387431012328,2.6776866338082203e-7,NA,NA,NA,NA,NA,NA,NA
NRU,1976,NA,NA,0.7042371361498435,0.3373038221616227,-2.816747184649068,2.5289637331609916e-7,NA,NA,NA,NA,NA,NA,NA
NRU,1981,NA,NA,0.8835528686983647,0.7856838045460162,-2.816747161168444,2.2878756076142705e-7,NA,NA,NA,NA,NA,NA,NA
NRU,1986,NA,0.6787825162616304,1.1161715868867108,0.639192854506908,-2.816747237839704,3.3868022570194264e-7,NA,NA,NA,NA,NA,NA,NA
NRU,1991,NA,0.3970030966927227,1.2605614561502831,0.31275405564632713,-12.63220774126583,6.418624578094974,NA,NA,NA,NA,NA,NA,NA
NRU,1996,NA,0.2050012408316373,1.2158031446200053,0.2822342399233697,-9.20509846833952,2.5617809570783843,NA,NA,NA,NA,NA,NA,NA
NRU,2001,NA,0.13271293386009286,1.1898741015671725,0.21914201573831338,-4.152528413100356,4.405170509153486,NA,NA,NA,NA,4.441160597883046,NA,NA
NRU,2006,55.70385525354747,0.11658754900621428,1.1929936404910348,0.1987605410248676,0.16344531837485993,15.728792633682556,NA,136.42857142857133,NA,NA,35.084797277453376,NA,0.6445227424034721
NRU,2011,24.00390233092524,0.15962027354405575,1.3625374534905876,0.17610880480024724,12.489791125868187,8.793423628521978,NA,165.456248375503,NA,NA,15.024912645336741,NA,1.0837187647905704
NRU,2016,5.883960952330186,0.1642632384171966,1.4275213506413202,0.22182474590629825,1.411475825049661,5.56048518831416,NA,148.74901433227,NA,NA,15.384147685198554,NA,1.1430435633792375
NRU,2021,2.3256292220972,0.16893675890552254,1.5262752135361422,0.26424755823463986,3.776312175174596,3.6111707186650746,NA,140.69685759315567,NA,NA,6.604039168064746,NA,2.1798617020446
NZL,1971,NA,NA,0.7182343045566822,1.5141519552553901,4.193320396894146,3.6186903559287082,NA,48.91912918168576,24.33049490474564,NA,NA,0.162431985139847,-0.3479700768954836
NZL,1976,NA,NA,0.6743320703875769,1.5281432510667565,0.1574129331992254,2.3868500549528173,4.441315738924487,55.977238150781,26.41936298167006,NA,NA,0.418132960796356,-0.3994631254251498
NZL,1981,NA,NA,0.6230655529199955,1.613268274836114,3.096979374374657,1.7573446285729506,4.428518739969072,60.45047197516792,26.159846894061438,NA,NA,0.5673573970794675,-0.5526431337431686
NZL,1986,NA,0.6200506587907791,0.5837515965933205,1.6655628670017255,0.7274717235449577,1.2032815668933294,4.533697217977679,51.1533154657159,52.23612922072204,NA,NA,0.9642046928405762,-0.6972704329580712
NZL,1991,NA,0.6047807744980671,0.5904325323426192,1.6969000949370885,3.247179919507658,3.123371916140009,4.45867827527244,57.43041937955842,71.86631254647435,NA,NA,1,-0.8236028478680246
NZL,1996,-3.30284871216651,0.5994093755581709,0.6212578951970634,1.66386964759924,2.959467619186606,1.6934302923573379,4.496986888551231,59.635442062566796,81.11696990408318,19.7746053146032,NA,1,-0.8595995416836392
NZL,2001,-3.3561858885668974,0.6022628366306615,0.6438250364416275,1.617247557132171,4.05868105742027,0.6699343028553154,4.509762213682328,60.924576793698975,77.88536677074444,20.33990770055338,2.813625147457879,1,-0.688046131532677
NZL,2006,-5.2725799689694535,0.6239876967232938,0.6602653323215372,1.630153928723494,1.2480657497216319,1.7637964494973803,4.587692074768287,59.08173225097324,88.39172111288944,17.415521756166278,5.072770446215756,1,-0.7627474778761284
NZL,2011,-3.104759885493486,0.6621656655982224,0.6793669641418628,1.6908228745358818,2.913219771010432,0.7927262478837532,4.68171538749861,56.40345773925564,95.59660272556447,19.06357685380792,4.991292417801227,1,-0.6464773471499892
NZL,2016,-2.62740656975409,0.6940962621613741,0.6688063313389183,1.621070952121131,2.52772989224715,1.6778282823538055,4.644008430722728,52.14951316159256,102.9561193024402,20.62286211106704,4.731490251495823,1,-0.5572609576386672
NZL,2021,-6.860306406543064,0.6783940918647378,0.6782374954858174,1.6237724246662444,3.1420147791283433,1.600280145864237,4.666890407317482,50.8079474032392,103.25783278348116,17.658026424968067,4.978955713801843,1,-0.5027718041962855
OMN,1971,6.81117716728193,NA,1.3319999863226937,0.6913013050014474,6.480740121237929,14.315041332901414,NA,112.75751002241041,22.6465427042593,35.995956359816404,NA,NA,0.15803614460016374
OMN,1976,8.03306131196032,NA,1.409325088975908,0.6208348984612387,5.644199162406024,9.116728573043236,NA,103.9565086249366,19.9236728460493,37.04137991692356,NA,1,-0.01827160376201782
OMN,1981,6.613739996949837,NA,1.46961373902068,0.5686574882952068,15.20047552390354,2.368997471323573,NA,94.21253713187126,23.61639433288992,33.84761726575088,NA,1,0.02329142075774142
OMN,1986,0.7448195546280416,1,1.3959954288504892,0.48993981466786185,3.2303678723432196,5.8626293891998245,NA,72.67878472185299,28.90411281712208,25.91029354312288,NA,1,-0.07038858287285653
OMN,1991,-5.016991957952752,1,1.2051333550409127,0.41820944080081623,5.880703305807982,1.6794134641048701,NA,63.87242262941838,24.4221731262058,26.451527695257198,NA,1,-0.07213839851349374
OMN,1996,-1.5522032980144682,1,1.1315798761086546,0.3930764479770855,3.10031693141045,3.0025121697780337,NA,75.89851790490496,29.890050784473118,28.28370570208584,NA,0.744298994541168,-0.1734135789633952
OMN,2001,8.268518838916712,0.9979562801946221,1.0345079895888345,0.3594091781147286,1.2812587480992108,2.7477300556187134,NA,85.67999939518187,29.47283898494648,36.1686278942151,15.866820070457173,0.8977195978164672,0.05428659463538686
OMN,2006,6.487333084435779,0.9990894325532312,0.8932562102150956,0.3303354781187968,5.410898790967854,2.3570757021309112,NA,92.7575779814825,32.17013261430092,42.20929762130084,25.675669416784437,1,-0.0334001550671725
OMN,2011,3.432570416400432,0.857035882816683,0.673781884693146,0.2771530145525195,4.658949272748556,2.8536965899258715,NA,102.98326307627615,37.40577811710222,34.50026491056408,28.22768144924411,1,0.04769859466129106
OMN,2016,-11.3084596731973,0.5705583939128116,0.7180252098413262,0.24516464903509302,0.42584537656233373,3.1227029687141923,NA,87.89014437584824,52.5397082744085,20.1604376492767,7.7258009293535395,1,-0.27178738374786743
OMN,2021,0.13489279820281666,0.5333214338178682,0.8641690822559296,0.23814823994155027,3.9939654103393565,3.5059452983983177,NA,102.7137426693975,NA,27.537438930353634,14.011899704655802,0.8806823094685873,-0.2933654271202165
PAK,1971,NA,NA,1.1677635225040301,0.5999784828281894,3.21953003085617,2.703097184255691,NA,25.2442662846726,42.67308836870012,NA,NA,0.1299455881118776,-0.4252672532530806
PAK,1976,-4.768697670847036,NA,1.2204872043639168,0.6158383950624677,6.225312220490076,2.813511683125171,5.343880551206302,30.56515223607368,40.49085432683404,14.8973301445409,NA,0.162431985139847,-0.330986579844597
PAK,1981,-2.581870347679601,NA,1.261293398548952,0.6366912284732194,6.778789802842024,1.1135752767715956,5.373933017640032,33.54312707836998,40.8400957918214,17.12119766934584,7.7995668238493625,0.162431985139847,-0.2298093775465336
PAK,1986,-2.968438141146802,0.07933753627164608,1.348610197066875,0.6530570588168181,5.79952623552654,1.2601171674215095,4.958254033088412,33.60885870636902,41.62085032673276,18.38966909070108,33.291540941857335,0.162431985139847,-0.2845450651922948
PAK,1991,-4.239996117517994,0.08170524282897167,1.4246286406870605,0.6426298160600472,4.645047595579196,2.1681463903295355,4.7929695203761185,36.56079781756268,43.18338256769896,19.03663704165556,11.891898805702942,0.162431985139847,-0.304916257655565
PAK,1996,-2.98165139098772,0.07445515390896539,1.4757655132380882,0.6162122599994287,3.26628646926685,1.5185379027429722,4.733299756919332,32.59480896266178,42.98090378988546,16.396097114778883,25.665101483593027,0.1299455881118776,-0.3366071260379758
PAK,2001,1.189428674820286,0.07221357616218113,1.4959650562070979,0.5840575509094377,5.351061546904724,2.255404164260257,4.600137843743942,25.20864216323934,34.5227095414691,17.50115507904046,15.606866177070629,0.162431985139847,-0.2468030763233968
PAK,2006,-3.8476054043977195,0.07736217271496715,1.4804287318719231,0.5551420322707997,3.518232235218994,1.8233853227889285,4.604749070359315,32.7004901889315,47.19329896649522,13.68035144318112,7.272207367780432,0.162431985139847,-0.3139688776904946
PAK,2011,-1.1766244929508969,0.07822694028035396,1.4883167011827028,0.5235630061576545,3.681787216445298,0.770881302761379,4.663918406740483,30.14597951979206,46.439896362976484,14.44486439230844,3.281310713724011,0.162431985139847,-0.2825425305479114
PAK,2016,-3.0483279725612222,0.07888835793540136,1.5039886320514613,0.4792292083492028,3.676343257798386,3.201209050568423,4.683516415622679,26.68430556992392,51.82905767094922,12.99655066108632,3.6065218701679864,0.162431985139847,-0.3539952463693258
PAK,2021,-2.363869242275695,0.074791982499858925,1.5066479838476339,0.45153466737765324,3.625685543491471,3.6053015011160188,4.5666898334519725,29.509822145856834,46.7039316585469,12.443048803984267,10.828203913853857,0.162431985139847,-0.3894661855857535
PAN,1971,NA,NA,1.1679314322406975,0.6914906192450015,4.75049986069092,3.0998758457541227,NA,128.763003311549,23.46446633657706,NA,NA,1,-0.899365141856247
PAN,1976,-6.898883786243717,NA,1.1380445389084597,0.6854968093900798,6.030072795479054,5.235478703334794,NA,133.85446916889381,29.78944521043492,27.14472102386135,NA,1,-0.8832752717775084
PAN,1981,-2.4755407704175,NA,1.0806979460705146,0.7130406059493856,3.543121794025128,5.0631522206264465,NA,105.91590258167508,34.23938814381364,19.98884079256434,7.614197494668668,1,-0.7193734380864664
PAN,1986,4.776223183618156,0.19468160343743218,1.0179744484335016,0.7240573730797196,-0.39197420492786206,8.097655505621265,NA,104.99497466946795,32.18639821760728,14.353121339096205,15.263416801272877,1,-1.0229136898113893
PAN,1991,-2.505683331699428,0.21791426251812912,0.9664680571467651,0.7195752442482305,5.535651237787888,3.3062409826331733,NA,143.0638762038076,50.72440762646862,18.822162129605818,13.50452540706322,1,-0.6107066232950222
PAN,1996,-6.42760987840719,0.22125358369376077,0.9465998966697359,0.7226004024817766,5.919373296618814,2.0065543486579935,NA,153.81505664564318,71.37203736852469,24.2808662418687,2.698682247949345,1,-0.644080890823057
PAN,2001,-3.998958821061814,0.22639661729552565,0.9508107499044021,0.7475819581567846,5.0014897668157605,3.295323448193868,NA,128.5698467828042,76.34688039591346,19.80057461094438,7.722632719501126,1,-0.7249404260215724
PAN,2006,-5.57861819399585,0.2931217497341824,0.9635767454629148,0.7971146053327113,8.178598837328465,4.449514923163669,NA,147.4438397325508,78.00014880470087,26.24615161500474,2.272663635472703,1,-0.6025341702468352
PAN,2011,-10.402701737514967,0.4116933911948327,0.9607448740195971,0.83437016013254794,7.55065112387056,3.105660044064884,NA,131.20766944023063,NA,31.8361035424387,1.0183319694480788,1,-0.6818416007793652
PAN,2016,-5.235727674294086,0.5052165535475618,0.9428662013872405,0.8462406398836193,-0.09678749909059015,9.9552474305982,NA,80.74070892644465,NA,30.861084865344598,1.4966629547095782,1,-0.9441476783338322
PAN,2021,-1.4186297876661698,0.4613893578261972,0.9257363382310186,0.8591713643308169,11.55733394919875,4.672050222333406,NA,87.319214317137,NA,32.6625831668192,6.591155690266568,1,-0.9327405515634439
PER,1971,NA,NA,1.1819344402114838,0.8840914059138082,5.606541578238218,2.3457284963853886,NA,30.56415280639182,21.67517477463074,NA,NA,0.07159061357378958,-0.4492028029618482
PER,1976,-0.9682283413979107,NA,1.207710757364652,0.8224793501184413,1.8375515376129643,3.3306641732908484,NA,40.39083058107614,20.17152617729516,21.990737550391252,NA,0.2250112116336822,-0.7592236476162216
PER,1981,-4.206953634831413,NA,1.1996672978236067,0.7234477427875363,0.11813023535715406,6.253024216421372,NA,41.93121495864308,25.8085739752785,24.171136466709537,7.604577346064459,0.40398773252964015,-0.7104387850464802
PER,1986,-6.332320114906544,0.14093153052719154,1.1578982615475937,0.6481771642108778,-1.516753927729866,10.45817774167248,NA,29.41909369097656,23.4309098355139,15.021567651385999,6.068205560505289,0.035795306414365784,-1.2338352659420604
PER,1991,-6.278211568881282,0.14441742579698388,1.1033056513046562,0.6107452222592183,5.328417643599114,4.928915770235095,NA,28.6506692910303,19.01534030352054,14.71048115651538,3.9730002104571143,0.6654416382312773,-0.6850616616387122
PER,1996,-4.826948178046566,0.1460483955685171,1.0567013123610307,0.6331200408326002,2.6147083970493616,2.5123545523414865,NA,33.36411608910156,30.99968055524832,17.59645329690874,6.899582246854009,0.9369280338287354,-0.5287110254526604
PER,2001,-0.8832087671572321,0.14304812498228522,1.0220067952659198,0.7399668277805362,4.295941586337309,2.195471378302158,NA,39.44631776653152,30.64046472897458,17.599397761934842,8.13032717269005,1,-0.4641833746901278
PER,2006,-0.5511400296100235,0.17842578904246095,0.9960487207739923,0.909627213002778,6.920427576271514,3.3057001920831635,NA,53.13833505195724,34.35926151778032,22.71216739892462,8.45369741592399,1,-0.29094428246552523
PER,2011,-3.752655607784384,0.20838170164219558,0.9642183940177443,0.9673875670894725,4.790767492410944,1.8354874370639342,NA,50.08224155492784,43.3571529510804,22.1959750680616,9.813409193547368,1,-0.2959852171272772
PER,2016,-0.8941373173270097,0.20576901904455328,0.9190500693641467,0.9191373869889189,0.34976615332326205,6.357573257137452,NA,46.54466686066668,52.69534937259268,20.40649470259732,5.32663120555572,1,-0.3735861533559826
PER,2021,-1.9906647047670076,0.2116887696501657,0.8817610664227659,0.8559133397819098,5.256138497373244,7.201806044479682,NA,54.5031365124535,61.078935310874954,19.450220889753734,6.760424049816211,1,-0.37374734422462974
PHL,1971,NA,NA,1.3357925993130015,0.49069489286534224,5.689422856132748,1.9393566620578293,NA,NA,19.56802709093912,NA,NA,0.1982272893190384,-0.1406973141341467
PHL,1976,-4.397370004398573,NA,1.2853927875754445,0.499095568438054,6.066008053465454,1.5283490302518623,4.789467211390499,NA,20.96251833503376,NA,NA,0.162431985139847,-0.2480850638208808
PHL,1981,-4.7467989914796,NA,1.2444302697595757,0.514169879317477,-0.9760377568468042,5.495795695048092,4.788539867306319,33.885687830984,24.77216129185212,26.23695383065492,5.299267686470866,0.2135721802711488,-0.5204367679263318
PHL,1986,-1.5229121440794284,0.10917197927271353,1.2377658425353135,0.5145306674574861,4.767203107781326,1.6055963926795016,4.514115800175472,39.12526681871688,26.494131850908442,21.50821924084376,9.704473645286761,0.162431985139847,-0.552382620846688
PHL,1991,-2.976982736103664,0.10317466559482179,1.2450141949478335,0.5000367884693244,2.2324040013529793,2.2764565157724923,4.6149216842890866,49.90663424113736,37.29535449112474,21.28228127184358,8.079998040881064,0.4404304444789886,-0.4040344619508474
PHL,1996,-2.548911466263676,0.09752653868592032,1.2458321469769222,0.48288485356529015,3.6523250261948643,2.510703462092772,4.635693249901135,76.69520263175714,54.02225208331178,29.059522761290683,12.264755946330338,0.446004807949066,-0.4865201261649226
PHL,2001,0.2677891713655074,0.09537146622967704,1.243508255881753,0.4733523339890538,4.672826222386492,1.359377016593121,4.40207248278399,85.4581592950411,55.06516590033346,35.90063386710672,3.3639264254503467,0.446004807949066,-0.46358134909709037
PHL,2006,3.790996910868836,0.10587747565939803,1.2493751485161968,0.4664330093144546,4.992603739950534,2.2859401195456286,4.557859663858823,69.8334917477472,58.24602678781546,37.54101630542856,6.500615355487512,0.3892902433872222,-0.2388112942799948
PHL,2011,3.011741499364568,0.11880582336361456,1.2148427226559728,0.4526234667172035,6.040402607845062,1.2439090921224916,4.66354523934793,58.21447752762988,64.00255347313704,36.2689206992834,3.548520818594701,0.2758611142635346,-0.1476192301388072
PHL,2016,-0.23919028486337543,0.13089199826164158,1.130310611575729,0.4752417580556682,3.404432313828502,7.236215592338995,4.661148903534969,65.82384727377661,78.21542683794897,32.18476307750544,2.2598672527385335,0.446004807949066,-0.12085535056713805
PHL,2021,-2.95271881047363,0.1292728476094772,1.0565835084847617,0.49490996332118975,6.27155497944514,1.1382145592482793,4.712368032411455,67.77808758060924,88.1115551735974,23.339059425895133,3.950949253027686,0.446004807949066,-0.11448421384461095
PLW,1971,NA,NA,1.269406187102127,0.9359675067957295,0.1600933605136846,0.11925683276995623,NA,NA,NA,NA,NA,NA,NA
PLW,1976,NA,NA,1.1593162404732755,0.9021438705424192,0.030338726660531872,0.8001586632261428,NA,NA,NA,NA,NA,NA,NA
PLW,1981,NA,NA,0.9955395918665478,0.9078543192061672,2.2484430940424085,2.7227562072482656,NA,NA,NA,NA,NA,NA,NA
PLW,1986,NA,0.40224824397649905,0.8391373658493664,0.9087749848098413,5.436506336521136,3.5358468149643056e-7,NA,NA,NA,NA,NA,NA,NA
PLW,1991,NA,0.35511747726019727,0.7293883962153999,0.8530298892658554,0.8810331141021781,9.804741247579676,NA,NA,NA,NA,NA,NA,NA
PLW,1996,NA,0.32531354990939054,0.6644272131613361,0.7208429407171741,1.3392217945395561,6.008819068272697,NA,NA,NA,NA,NA,NA,0.546427958166961
PLW,2001,-20.7264943599223,0.29731992911058414,0.6581511119793721,0.687959037876903,3.2580892175548137,3.465017168198771,NA,118.684212734217,NA,11.4761310734991,4.319631130922768,NA,0.358897630765749
PLW,2006,-14.682524206401826,0.2879931673908451,0.635292093729618,0.6968288494673686,-2.5647995412463165,3.376768842725789,NA,119.9463693042648,NA,4.456554490798818,5.536424839190001,NA,0.3426672828624472
PLW,2011,-13.986277607137492,0.29877978205435185,0.6125573531486875,0.7574489281488297,3.456628839046476,4.027368130469581,NA,138.7266612315316,NA,2.783997720168248,3.812872932579842,NA,0.6416997426153234
PLW,2016,-26.2409999468599,0.2911187356047595,0.6235185499217281,0.8505325112239812,-2.0281828782410316,3.1239939278462314,NA,115.2884412439404,NA,3.697237298718316,1.3183322798141617,NA,0.1165324770464877
PLW,2021,-46.00755586130427,0.22116961362593204,0.6280636323889508,0.941302779387278,-3.17711829616873,8.739137538096985,NA,97.68212359121654,NA,-7.229604606788754,5.422484055608954,NA,-0.6569198293714115
PNG,1971,NA,NA,1.211306092977316,0.21293162176611172,4.039731839951856,3.16632094221044,NA,82.3269830824825,25.4601995665566,NA,NA,NA,-0.42904074536164766
PNG,1976,0.39910677876209194,NA,1.209094444644998,0.22763515082950653,1.1050341269047825,4.686060562520341,4.897924361828865,89.74576593091804,31.21883639281846,25.02518082514062,NA,0.418132960796356,-0.2059081917726832
PNG,1981,-13.53951193436095,NA,1.207007908908894,0.29333870914908,1.3893483344988935,2.0654775943214054,4.88542774250021,94.22103707126217,32.44886230103642,13.5516351016584,NA,0.418132960796356,-0.5024944751134554
PNG,1986,-5.85442153820275,0.07129910115152832,1.2348399948067101,0.36558558552600223,1.18820865591438,3.2478176471675178,4.760163061810593,93.182505896031,33.8907750392235,15.08364152673204,NA,0.418132960796356,-0.593117040392281
PNG,1991,7.207126996266844,0.08590730598912825,1.2360495922064998,0.4032922290027419,8.845585842691614,8.205526568541707,4.687234221860661,95.1207404452245,32.90347248297568,26.11037547970834,NA,0.418132960796356,-0.5706478697388137
PNG,1996,3.7456972461438243,0.07187584626716334,1.253037640159203,0.4055175616571903,-0.11581901495524596,4.971437687056593,4.516164638918075,108.26017995975394,35.011371797407676,22.16169963286264,NA,0.162431985139847,-0.5500420664589982
PNG,2001,6.1223606855051544,0.054715723327394085,1.3003741102939304,0.4002434112519461,2.189977005530458,2.6647953129961417,4.436121527600736,122.75786434198425,30.85863286028986,28.042315646804774,8.997490898062813,0.21914654970169078,-0.4437148971455344
PNG,2006,0.8767369152774819,0.05549166678951661,1.3339978150671532,0.387809403653978,5.9715102058121055,3.9041391032487915,4.545115380878837,NA,32.13860603535452,NA,10.305726563420942,0.565322482585907,-0.4311274494555088
PNG,2011,-0.9536613434215842,0.060642490243312294,1.328920701758667,0.3650869094900797,5.94234729915253,4.682324948188765,4.81030137757842,NA,35.68381029525728,NA,10.156869596484931,0.744298994541168,-0.9436907404387253
PNG,2016,14.37573012627,0.06321472975383177,1.2993346148654923,0.3414701254643196,2.0116028420808356,3.625664610132926,4.814987465452534,NA,29.6528426767294,NA,3.523492585489572,0.363266998529434,-0.7647279749554226
PNG,2021,12.024641059526317,0.05641613524549842,1.287894441914017,0.33355583231891983,3.0023722842880947,3.1873291146353253,4.85146989507247,NA,NA,NA,33.0508698826521,0.298294216394424,-0.21721262123001
POL,1971,NA,NA,0.5291258446199718,1.4433176352640742,NA,NA,NA,NA,NA,NA,NA,NA,-0.292960108216648
POL,1976,NA,NA,0.5397045019983479,1.5473296339431253,NA,NA,NA,NA,NA,NA,NA,NA,-0.393866159461427
POL,1981,NA,NA,0.597527713841158,1.5188714217091999,NA,NA,NA,NA,NA,NA,NA,NA,-0.45797003521561996
POL,1986,4.64853694341554,0.2589142966588691,0.6353490137379143,1.525991219407152,NA,NA,NA,NA,31.1902605607025,NA,NA,0,-0.9407381044649299
POL,1991,-2.131327977789612,0.2517430950192896,0.6082102050403707,1.593632609192632,2.492034348974286,5.686837996804021,4.172168115562458,43.5552180979904,31.46561402796582,22.2564556699126,NA,0.1347667932510376,-0.3734574694796084
POL,1996,-4.570869287296932,0.2878620121347114,0.549658880741158,1.6454252819949182,5.2859824967173985,0.864008037261736,4.430900716376657,53.36158168923784,36.85376762432954,20.57194571512284,NA,0.162431985139847,-0.2577227391577872
POL,2001,-3.530817537467228,0.3124153892832124,0.4857781317232068,1.662280278468214,3.00198568138507,1.5033615351221057,4.552228304048131,65.8363667945068,42.094609451521,15.97815951658668,1.234853945452786,0.3892902433872222,-0.3806370568470614
POL,2006,-5.438255682908554,0.3794910349169055,0.45339345626623323,1.632414258606381,4.626076346069914,1.8210793778196555,4.620178201967009,79.2430666004532,50.34107040843928,17.3675942609338,1.2521980673998845,0.446004807949066,-0.548271995115321
POL,2011,-3.100457810321724,0.4619235356207332,0.47032043945430724,1.6308327737032209,3.1607520952341233,1.9642258925414748,4.563731800627381,90.092109363499,59.73686545730782,17.7031519487795,1.003493896344169,0.49714500904083236,-0.6589540358416888
POL,2016,-0.4191273748946424,0.5264079792837835,0.5139859814289137,1.7663735581691196,3.394876646032792,3.249800268951286,4.521239148090185,100.14287705361278,69.24590036748106,19.78262055559718,1.35018517248561,0.701705813407898,-0.5520241743621924
POL,2021,-0.6797643672979566,0.5885139740421227,0.5508201136430618,1.860726111654158,4.144083489467747,3.4747452627349107,4.575631936400907,114.64018364136834,69.44279221578124,19.640013280185332,2.212088003071611,0.701705813407898,-0.3657959913723085
PRI,1971,NA,NA,0.8554603333672971,1.3215153840940186,4.429346101201447,3.2817997401322523,NA,89.16280724111886,NA,NA,NA,NA,NA
PRI,1976,NA,NA,0.8191950907255513,1.3503255947453074,6.2552012531850645,1.3533111079526519,NA,103.96130522065728,NA,NA,NA,NA,NA
PRI,1981,NA,NA,0.7755048337244789,1.386554408644395,1.255091711503734,3.3945899957618932,NA,102.01453822836356,NA,NA,NA,NA,NA
PRI,1986,NA,0.5613529852398771,0.7266668159211086,1.4385099108373955,3.625830152312976,3.669323201205631,NA,102.70868390548998,NA,NA,NA,NA,NA
PRI,1991,NA,0.5985079277330944,0.6813528791761498,1.5351571953995824,4.049583334062276,0.9915057657638221,NA,103.0443846628169,NA,NA,NA,NA,NA
PRI,1996,NA,0.6217202263539977,0.6659544681449031,1.6124101752202133,4.27723695893201,1.417590965817025,NA,98.64914270529964,NA,NA,NA,NA,NA
PRI,2001,NA,0.6715853957046657,0.6739973669032888,1.7700885481744622,2.809017797034629,4.520427052985142,NA,113.1601905035144,NA,NA,NA,NA,NA
PRI,2006,NA,0.6399429022750666,0.660920347123498,2.0222387407179037,-1.356406846778121,0.6170380281857354,NA,112.2035353181712,NA,NA,NA,NA,NA
PRI,2011,NA,0.6031007968817774,0.594606956226675,2.0742042724220155,-0.5751431319107679,0.5214298070714259,NA,105.60558349488021,NA,NA,NA,NA,NA
PRI,2016,NA,0.5501064306511637,0.5145620242589469,2.2607911419589644,-2.203150055554768,2.4980488567310437,NA,108.0976330271824,NA,NA,NA,NA,NA
PRI,2021,NA,0.5762030484377986,0.4592193207231704,2.388049163218094,1.3579368266304317,1.3956924233678116,NA,98.88646088660794,NA,NA,NA,NA,NA
PRK,1971,NA,NA,0.9788362394083888,0.6411097612545994,NA,NA,NA,NA,NA,NA,NA,NA,NA
PRK,1976,NA,NA,0.9124754826643877,0.6083008669856764,NA,NA,NA,NA,NA,NA,NA,NA,NA
PRK,1981,NA,NA,0.7800777092637609,0.6119261814638853,NA,NA,NA,NA,NA,NA,NA,NA,NA
PRK,1986,NA,NA,0.6552753064482235,0.6380997931206207,NA,NA,NA,NA,NA,NA,NA,NA,NA
PRK,1991,NA,NA,0.6428575283257687,0.7007190015920253,NA,NA,NA,NA,NA,NA,NA,NA,NA
PRK,1996,NA,NA,0.6757176199563943,0.8063139942070997,NA,NA,NA,NA,NA,NA,NA,NA,NA
PRK,2001,NA,NA,0.6978734839971181,0.9876523656536588,NA,NA,NA,NA,NA,NA,17.01503801089125,NA,NA
PRK,2006,NA,NA,0.6873758820370254,1.161206905743127,NA,NA,NA,NA,NA,NA,9.043616533223863,NA,NA
PRK,2011,NA,NA,0.6494599378921927,1.2101094325549895,NA,NA,NA,NA,NA,NA,5.884471089231385,NA,NA
PRK,2016,NA,NA,0.6270899062030821,1.1038144255430666,NA,NA,NA,NA,NA,NA,15.217029933597422,NA,NA
PRK,2021,NA,NA,0.6487749006958399,1.0767518071389328,NA,NA,NA,NA,NA,NA,37.41350023721384,NA,NA
PRT,1971,-3.90075055304479,NA,0.6309434147231638,1.7044636647350189,4.5286497814684,6.151217635007767,NA,46.7236467623438,NA,16.2499694661298,NA,0.162431985139847,-0.15440643131215975
PRT,1976,-3.234583030626645,NA,0.6316349100226337,1.7781519290988017,5.109414321437348,1.5215968589167945,4.332486899493274,44.86829985955358,NA,24.2220636147612,NA,0.162431985139847,-0.244151646270585
PRT,1981,-6.477761588165306,NA,0.6007230593291722,1.8874895649595453,0.9015650708484492,1.9078781058766499,4.330507996284469,59.23889542090264,NA,21.42483906839656,NA,0.162431985139847,-0.592583508755468
PRT,1986,0.4083673134477696,0.49311205333980035,0.5430403595152239,1.9998180435417445,5.6805240193159126,1.5574932034847178,4.33814406790251,61.34395810765448,NA,28.23418574054464,NA,0.3158525705337524,-0.24543623592970498
PRT,1991,-0.6086172039924505,0.5069312628877602,0.4672807365970358,2.10893038205375,1.732404845758274,2.679092817436823,4.544725952506466,57.588188530941984,NA,23.91837347168908,NA,0.6598672628402708,-0.1198836399345838
PRT,1996,-7.2210406549174255,0.5081797174796905,0.4429429027260725,2.1810828043168224,4.087166464402588,0.5157032799038043,4.558600456693607,63.42259664204188,NA,20.7030270976651,NA,0.9880682349205018,-0.2964853657055696
PRT,2001,-8.600499669315461,0.5238675068685624,0.4613911904838891,2.254059588032987,0.8709317937520882,1.1463316783384387,4.606830651267889,62.93765206198692,NA,16.22478298775054,2.3555274598401112,1,-0.6459007541272404
PRT,2006,-10.466529269563972,0.5479217828571824,0.48485823583509274,2.3160993264222323,0.6132816624915716,2.231128563352124,4.63255496998567,67.95016946834693,NA,11.85574369894642,1.6146206984923734,1,-1.0236899126076946
PRT,2011,-1.0564820756155733,0.5229792403302407,0.4912918946951123,2.3776812107496195,-0.8834694503370023,2.2073163730671523,4.590963744065013,77.56690655499717,NA,14.74083519278216,2.268700068321061,1,-1.252095297967782
PRT,2016,0.7706145305149794,0.5575879415815993,0.4838393175397054,2.397695332448272,0.5612395092319441,4.923523908282989,4.576160452919302,82.8690927824948,NA,18.241261719714142,1.2794530081249567,1,-1.13728011445213
PRT,2021,-0.7344881051172104,0.5743093436819393,0.4863118224636432,2.403292057643103,5.214859062229717,1.9656247417371406,4.559492433532537,93.45784846717876,NA,19.786700858051166,1.703917055884272,1,-0.86203721524965
PRY,1971,-4.77696270196756,NA,1.21430572463444,0.8206236358994605,6.941246495325328,1.0341375842937885,NA,29.97773784635456,18.79630796336696,19.4599053072112,NA,0.0649727940559388,-0.1988502459810508
PRY,1976,-4.69935117924165,NA,1.1762566787414594,0.8068460403951356,10.924610798857477,1.9100693820059325,5.237377994657457,37.32778298519322,22.91781158447736,22.60426693776318,NA,0.15342060327529922,-0.099910369449175307
PRY,1981,-6.528722297204686,NA,1.1785728891728897,0.7684850977357888,2.41399167419983,4.862185315663136,5.135552343800746,36.3025506567143,21.48297604750572,18.285499877602298,9.252089905436485,0.13466258272528658,-0.05742531701531648
PRY,1986,-2.997606383210292,0.23596142377742985,1.226299468716081,0.7027989790115567,5.904199779553694,1.4082967833009048,4.69438309402495,79.7922929103072,18.33805042169646,23.28061877105082,18.383900185291964,0.10076810047030457,-0.22485544335775365
PRY,1991,-0.9296465657468355,0.23813930226241076,1.2654689712053115,0.6913276110089407,4.453433108947948,1.9440138936187867,4.610149944093492,106.67680879814233,28.08985653667778,18.82879062305038,9.786618767425178,0.3669927656650542,-0.294150838822106
PRY,1996,-1.2018242151718819,0.2165935920875521,1.2625502230334353,0.6639685785027292,0.4408237419330948,2.5850611284604157,4.660805983717987,91.35517380887073,24.3744438673727,19.21440485405084,5.437400429604448,0.5682667583227156,-1.578132266427556
PRY,2001,1.5455779764706912,0.183678622914531,1.2221277445459175,0.6429091685280516,1.9312390804009931,2.3308234185808803,4.4314106517147005,79.66020773996654,23.19037099154772,21.20817679851434,11.427909140023003,0.744298994541168,-1.716310066519684
PRY,2006,1.3246964867641766,0.20214109799652252,1.1457932896726946,0.6618221963090033,5.511825225005344,4.061263492709451,4.578498403881648,79.32234972389615,25.2532029698722,23.16363378807988,6.2739939432549665,0.6727083921432494,-0.6083137011233026
PRY,2011,-0.557837912693908,0.2239805056390939,1.0655811575742165,0.663144153045024,4.025958982508139,3.296041923158307,4.736222627170209,72.52514863565332,36.57235321846802,22.14671582615298,8.261476865548921,0.4579365730285644,-0.3625316476355022
PRY,2016,2.144124177907606,0.22533150376024655,1.0361703054660312,0.6431874765275295,2.212142907563969,2.645079287421666,4.707869933938542,68.97821049422163,45.33259635245986,23.11588672223536,12.5190654603289,0.446004807949066,-0.31650508599752497
PRY,2021,-2.3005852736921755,0.2131376786199059,1.0547179645752607,0.6200980140766836,3.0640011983959514,2.548836780163283,4.6826483599403526,75.2951296057113,50.91907478146157,21.765641026351165,27.380832711953808,0.446004807949066,-0.3650535892170635
PSE,1971,NA,NA,NA,NA,NA,NA,NA,NA,NA,NA,NA,NA,NA
PSE,1976,NA,NA,NA,NA,NA,NA,NA,NA,NA,NA,NA,NA,NA
PSE,1981,NA,NA,NA,NA,NA,NA,NA,NA,NA,NA,NA,NA,NA
PSE,1986,NA,NA,1.6520182952746643,0.4285941520908002,NA,NA,NA,NA,NA,NA,NA,NA,NA
PSE,1991,-29.9652735469721,0.07985239601955325,1.6752974037937283,0.41790523699024973,7.11785989679103,NA,NA,88.9709026902211,NA,8.15157792128671,NA,NA,NA
PSE,1996,-31.244579285101562,0.08159076136114891,1.7133576735952387,0.4149613301577313,5.988260580382264,9.804986881400882,NA,90.5163529445314,65.06804642499783,8.444123642129298,NA,NA,0.241906547240375
PSE,2001,-24.48941310874456,0.06725096392200797,1.7248987002837899,0.4323438371454971,5.086264332256576,15.148479897920401,NA,80.0674990566065,79.66320770983071,3.1656439573808757,8.042709029045753,NA,0.1336617217378616
PSE,2006,-10.538733653193393,0.07797102984715892,1.656713487031173,0.4415191680362873,4.918352121618783,3.768687098597111,NA,79.55309580812796,71.10471756885084,12.059855812828996,4.728953372576221,NA,0.2411633703753068
PSE,2011,-15.131200302902121,0.09779655363909243,1.5883024654079108,0.4350420441870829,4.791853587642481,3.5525538049732996,NA,67.79419674548336,57.70505884913488,6.671674040242668,5.528109984434102,NA,0.07145634027343052
PSE,2016,-12.58018910618882,0.09947711778181588,1.5792278816411014,0.42342360372391596,0.3110570239602941,7.2729395667341565,NA,68.31082677541038,73.37818646029373,13.62944652544536,3.6995945723822232,NA,0.11394826245968125
PSE,2021,-12.22234535472697,0.07695608405492135,1.5890295551096933,0.41365493378395646,2.1796460880445463,6.014133701815932,NA,78.33721479002324,86.19169406751257,14.6389438189362,5.5434646206140785,NA,0.2879225225768455
PYF,1971,NA,NA,1.177974626564035,0.5032959975201968,5.641647509697894,10.196995356609396,NA,NA,NA,NA,NA,NA,NA
PYF,1976,NA,NA,1.1158565573003574,0.5102575149309848,4.91719875333923,4.0074322503395114,NA,NA,NA,NA,NA,NA,NA
PYF,1981,NA,NA,1.055588201678005,0.5191514611287088,1.59075440525064,1.5835563778691846,NA,NA,NA,NA,NA,NA,NA
PYF,1986,NA,NA,1.0114804232229162,0.5157587285107379,2.7013513687461512,6.447716313451853,NA,NA,NA,NA,NA,NA,NA
PYF,1991,NA,NA,0.9913612337789001,0.5415632913296189,-0.23096773098987936,2.2266591222788388,NA,26.685601875125858,NA,NA,NA,NA,NA
PYF,1996,NA,NA,0.9467092679779818,0.5838233255153366,1.215593397267995,1.59570374063833,NA,29.087175468934902,NA,NA,NA,NA,NA
PYF,2001,0.30648656391870477,NA,0.880163417288743,0.6495784089986048,0.7825494719226364,0.9129685703583618,NA,58.8757396449704,NA,25.2320326586845,8.643761519298298,NA,-0.04974391228218492
PYF,2006,-0.42314753414657097,NA,0.8311070502881054,0.7377146518608287,-0.8192257428442211,2.4662138468092136,NA,55.56546663227188,NA,20.65924817458818,8.589412086982435,NA,-0.09651048994992488
PYF,2011,3.44728245215273,NA,0.7982024740784909,0.7949392518544017,-0.21875969699757636,1.8136721516007674,NA,56.40751229850744,NA,21.31761063828806,12.456403975465792,NA,-0.2086614924751036
PYF,2016,7.49427461409959,NA,0.7401729878861685,0.8474919274351316,0.10347191379515212,6.04104410136019,NA,56.46962882776128,NA,23.2864382050466,10.694531312778507,NA,-0.193497847374348
PYF,2021,NA,NA,0.690584240460052,0.9398153581506469,3.0253634224672634,0.3061710134468769,NA,64.72580816038023,NA,NA,0.6928203230275526,NA,-0.19935629606471175
QAT,1971,NA,NA,0.8440994309808447,0.32676623134148286,8.737904337495227,2.6122842274714304,NA,NA,21.61594045917266,NA,NA,NA,0.572927014926692
QAT,1976,NA,NA,0.7189672097446242,0.22149479292678137,2.82363184887566,6.894396289697643,NA,NA,22.30871325434434,NA,NA,1,2.058564606226809
QAT,1981,NA,NA,0.6204586916053338,0.16095401086616581,-1.0522240099653957,4.244273038289795,NA,NA,36.729538126417836,NA,NA,1,7.123786604116632
QAT,1986,NA,1,0.6124750420613592,0.14520208718286567,4.184380133567815,2.557559551619707,NA,NA,61.037954300298765,NA,NA,1,14.04577925001276
QAT,1991,NA,1,0.6108839037678435,0.15831581712597512,2.432220743750248,5.269972489512589,NA,83.15893945260649,61.16995231347978,NA,NA,1,11.92784887662364
QAT,1996,NA,1,0.593847083043015,0.15682414656589452,11.583358537771124,10.696317378292145,NA,86.87200299081736,55.34184413855368,NA,NA,1,7.987415101638712
QAT,2001,NA,1,0.5669725725946768,0.13971178973309464,8.302394168336647,6.353673080481796,NA,91.74426340138307,54.74455158624864,NA,31.648279828887055,1,3.321997381495138
QAT,2006,NA,1,0.39653349326699944,0.10316366293131751,18.67363889109556,5.090568252637193,NA,90.2746453375077,53.15945835805194,NA,27.386438249615452,1,1.0815417016974922
QAT,2011,25.427465133298224,1,0.37068549084625,0.09657572371733479,6.749817731172898,3.721222315275602,NA,99.91861274936316,65.09806812067248,55.99974882072114,20.79747580837636,1,1.3080080055337662
QAT,2016,1.5938432745905258,1,0.38349831060342354,0.09595528745517533,-0.013574407400647592,2.563437301090949,NA,90.58916060700169,96.32856691708622,45.52723122381196,15.421835169654742,1,2.147858111360612
QAT,2021,19.398673209538035,1,0.43507558749998954,0.1095226146142337,2.4505657452653833,1.5026701637746498,NA,96.49636530415415,89.2149774266155,54.433118004252805,57.172458404375085,1,2.439404530525825
ROU,1971,NA,NA,0.5341884792393661,1.4837194433804628,NA,NA,NA,NA,NA,NA,NA,NA,NA
ROU,1976,NA,NA,0.6132073497352617,1.6615254373970758,NA,NA,NA,NA,NA,NA,NA,0,NA
ROU,1981,NA,NA,0.6311524584785201,1.6148887059937496,NA,NA,NA,NA,38.6630028302828,NA,NA,0,NA
ROU,1986,3.15654198370736,0.2210361246715656,0.5862690385488456,1.5789820383189392,NA,NA,NA,42.9070987294556,48.24854233254816,20.7065602051521,NA,0,0.0921839190432629
ROU,1991,-4.023754928180222,0.18445765126548216,0.540609634408785,1.6634025554825749,-1.9982300944248317,8.373082162621003,4.050922756047581,52.45748315378782,33.6921757950136,22.78395515489346,NA,0.0567145645618438,0.11204108658949934
ROU,1996,-5.423053282280642,0.1721085672343441,0.5057435641626414,1.788706617924004,-0.1773141604116028,3.498077151249908,4.2638980113123175,56.8640815689497,32.58695310822232,13.98329155868616,NA,0.162431985139847,-0.1827971597062338
ROU,2001,-6.348638678129252,0.19771200042715828,0.4753437215062184,1.8854252292680924,5.6717072610632595,2.955074518633362,4.447601668591509,56.36107879962126,30.17513358028066,16.49664850302328,2.7300328960270157,0.5631612360477448,-0.2856687634629636
ROU,2006,-9.148510534655061,0.31792226297339704,0.47622432858976327,1.9283657178795532,3.029513651786646,7.127734088604677,4.647320955414621,63.757795491569524,34.52442958726794,20.32469194167066,0.6123724356957922,0.9880682349205018,-0.5326178058563991
ROU,2011,-2.3020698177977446,0.37653040288051887,0.5075911160918445,1.9379505825172256,2.7902030183986226,1.7243817657306144,4.605770529641455,80.23180265339002,38.00619412971994,23.98662335795122,0.7694153624668533,1,-0.6481116254190344
ROU,2016,-3.983022122987346,0.4743448566669525,0.5497510455315852,1.9526912736176563,3.3624394391837322,4.374518104894828,4.575484447683651,84.68155447635992,41.70834821381914,19.91215579099104,1.6177144370994545,0.9880682349205018,-0.5056519310505734
ROU,2021,-7.83370117736099,0.5414013288933202,0.5868285303985411,1.9447347322594077,4.010932647326997,1.6718328541570722,4.642720038483078,88.13205996352744,44.344945179215635,18.728765661390167,0.30000000000000426,0.8210234642028806,-0.45113746261702775
RUS,1971,NA,NA,0.5043294047297198,1.3171504953214275,NA,NA,NA,NA,NA,NA,NA,NA,NA
RUS,1976,NA,NA,0.47590979075870987,1.4560630352364068,NA,NA,NA,NA,NA,NA,NA,NA,NA
RUS,1981,NA,NA,0.5092998565312375,1.489269749453091,NA,NA,NA,NA,NA,NA,NA,NA,NA
RUS,1986,NA,0.3360510477607847,0.5522589757607504,1.4514891362717646,-2.99999564243126,NA,NA,39.510642148249445,NA,NA,NA,NA,NA
RUS,1991,2.071892261895265,0.24775293101527937,0.5505081249903321,1.636071453140856,-8.991967590486112,4.545808008416139,3.9937099339963447,62.33376593347398,NA,28.7993643102342,NA,NA,-0.08464930996991496
RUS,1996,6.307927976052806,0.17817670333184107,0.505207778062729,1.6879260014509216,1.748973249081102,6.515665952105645,4.159221649641226,57.68777281012758,NA,26.556997130780662,NA,0.2695335865020752,0.04920771524022108
RUS,2001,9.41171903459508,0.23143083064735043,0.4387095068203436,1.6660123312773962,6.139981759538682,1.1928618650982301,4.2569049013144244,58.63593485858608,28.962190916781562,30.072189997867522,13.339632720833565,0.33450636863708477,0.04191487997122424
RUS,2006,5.936439741962606,0.38315423559322626,0.4353088280843908,1.6091325795966953,3.7200042748543716,6.678850346605302,4.54962356122845,51.72251143373888,44.1689144651192,27.830306355317198,17.055878751914253,0.4539282739162444,0.014648565397323218
RUS,2011,3.4408859352570618,0.46020317365148283,0.49740595132461857,1.4510157975276683,1.7686170975702542,2.576756958723765,4.590286628762038,47.72692595371738,52.39956492153542,26.23254437142628,18.219138289172736,0.6806318879127502,0.12196145105910028
RUS,2016,3.437140576405072,0.4524925529585941,0.5864272101461503,1.5189986538830706,0.8742293516394488,2.1967980251373787,4.443183681656647,48.03424128239062,61.37889517218192,26.38742878880562,12.188232029297765,0.5374506533145904,0.166760913326029
RUS,2021,6.52992183396835,0.5351726967922581,0.6300987098958758,1.5640566329217649,2.83771148230678,3.807011473107387,4.467069107516792,44.73443610072786,NA,31.185545828269532,11.897198549798745,0.162431985139847,0.3040880548891147
RWA,1971,NA,NA,1.3239498212695118,0.5854178518722017,0.8407590516061666,2.0166257881635135,NA,27.407591531047718,14.55381214429824,NA,NA,0.162431985139847,0.02410889804447542
RWA,1976,NA,NA,1.3528286468410164,0.5192422692136959,10.294209567405465,6.3110066149476465,NA,37.81991604758718,13.94002907183174,NA,NA,0.162431985139847,0.01691783609617636
RWA,1981,NA,NA,1.4935111573305797,0.4848994612766752,2.677874183108044,4.186565272930089,NA,32.51792613647102,12.78829845041718,NA,10.05958569538104,0.162431985139847,-0.05271675006785268
RWA,1986,NA,0.022973983953056956,1.619899354471764,0.471427584846915,1.502220200260187,3.341365649419494,NA,25.3329790764937,16.03759422965298,NA,9.734282567362898,0.162431985139847,-0.1570797889775365
RWA,1991,NA,0.018749050326071444,1.7348660675642291,0.4438798919427378,-3.954867017641407,30.79756875787621,NA,35.39004585598896,16.4925390578195,NA,8.884392070086424,0.2647123754024506,-0.3973555134449604
RWA,1996,NA,0.016286484400988083,1.7791194520689282,0.3708030039441425,9.635380399817917,3.793167644035225,NA,29.86207803361312,14.91149664093188,NA,9.21923017731075,0.162431985139847,-0.46162587749903616
RWA,2001,NA,0.019662253253305943,1.5782142589375856,0.41576173709938846,8.14091760322653,3.96576368494271,NA,30.75943664685444,13.96503185241052,NA,8.13182829214706,0.162431985139847,-0.5242398862747276
RWA,2006,-6.51687014325837,0.024383850204310928,1.6293184653326245,0.4226601196387473,8.320907048049296,1.9124622180330755,NA,36.17628564505118,15.634887712657079,13.3842236866706,10.38811821265045,0.1743637531995774,0.04552248502787584
RWA,2011,-9.623735166540607,0.029297471049750237,1.643196950372255,0.40692508285822065,7.268753435147982,1.7742978442368227,NA,42.411033442550156,18.46552662330332,13.821727993655083,4.738987233576388,0.61599383354187,-0.22494823941184405
RWA,2016,-11.767579145451595,0.03401245234045406,1.6045415577324342,0.4033851244538066,4.895816227790567,5.106903358798094,NA,54.42158306289114,21.64583501841364,12.58163933810222,5.952142471413131,0.744298994541168,-0.546752341904173
RWA,2021,-10.591607916791917,0.039811337780724425,1.5537904584567581,0.4104420686625422,9.0898474157881,1.5322810967395386,NA,60.11527183056863,25.987644720633067,14.8466346059895,0.8326663997864513,0.744298994541168,-0.7493371780725671
SAU,1971,26.69179582563022,NA,1.2136945430903654,0.5361615060789452,13.424167946327746,10.944336168132644,NA,88.71635629834316,10.574457165496932,58.17975712181808,NA,1,-1.1725367680021903
SAU,1976,14.038002415466988,NA,1.2302589504466659,0.44306519337121564,7.609768249943293,5.717771273490033,5.4843036265431495,88.94674247054397,16.6984456328411,47.70659873813424,NA,1,0.44379393780918497
SAU,1981,-2.885702628216098,NA,1.258567907825514,0.3927746096563207,-7.0678191338024545,7.203387897224206,5.477023647586489,83.073034874075,28.86944730952562,30.61331529243578,NA,1,0.8003903521268357
SAU,1986,-9.352668572048168,1,1.2818884333522407,0.3653876663131958,2.8633505238731045,5.060301693866082,4.960570517454153,68.10827394728584,49.72483433045514,15.10375566694428,NA,1,0.92601204510438
SAU,1991,-11.631102483701197,1,1.2588940141253122,0.3515494075593747,2.8891725471956162,3.4632280825099913,4.795128677379796,68.54226929324732,44.56240796317416,16.78898037738888,NA,1,0.5625888485036792
SAU,1996,-0.10527076647339068,1,1.200729089837603,0.3468814033137304,2.5681108724439707,1.9670153984991539,4.814838012711358,62.78855544850234,46.55621930525518,24.41509353116486,NA,0.8210234761238098,0.6932124879559706
SAU,2001,14.29544288634544,1,1.101609346265006,0.3279882195669694,4.600167716289752,4.514190116732275,4.730827963509976,71.00429287921372,49.47897462178722,35.74871786474326,27.115494288176695,0.701705813407898,0.8072821671885928
SAU,2006,19.850253930632103,1,0.90722600646834894,0.2991105086663361,3.147584841295952,2.819134595580712,4.587297434974431,89.66371584662411,53.14211654276304,46.35973736730748,17.841160276170378,0.701705813407898,1.251973240436028
SAU,2011,13.39640220959007,0.9897320329786147,0.7895265046485471,0.25662451110545864,5.82916543024692,3.468237464148165,4.632683043944827,78.2913989133066,56.40955388507006,41.8023853734827,25.35511782658483,0.701705813407898,1.3963666191189181
SAU,2016,0.8679202880814861,0.8682587379783835,0.7985571116508695,0.2305486730657958,0.791981115436308,2.6824598217729814,4.748086926427135,56.17670657045454,67.5232197169148,26.42993950265288,15.30271217791147,0.701705813407898,1.4871303477845539
SAU,2021,6.1428605188549135,0.8909951746787315,0.8025349084263493,0.23970663385499133,6.354258965980083,5.730786600078812,4.7701684364322325,53.9590343143934,NA,33.6876918279387,16.596485571750822,0.701705813407898,1.2582731051930875
SDN,1971,NA,NA,1.3541679256368193,0.5460923588804384,4.993455692683275,8.432076678467945,NA,33.12173077109702,19.14746565251534,NA,NA,0.1299455881118776,-1.726640374333926
SDN,1976,-2.2739952855536876,NA,1.3992084348947296,0.507707508457852,2.692759520228788,9.258747208200038,NA,28.51023247447736,24.39825799829408,6.112812220555803,NA,0.0324863970279694,-0.38415732334309177
SDN,1981,-1.8268944982264608,NA,1.4128991859293505,0.4980542439022789,0.8337562882668841,6.247837223539645,NA,28.407365020929518,29.924468925419,3.505495902048528,NA,0,-1.3547001052507681
SDN,1986,-1.2798637571448244,0.061451624858351615,1.4599813133040125,0.544361301604435,4.55298874022752,7.708684699402365,NA,13.37514560557262,25.22727761216328,7.5973171624395945,NA,0.1299455881118776,-2.0561228668878218
SDN,1991,-3.990788619646182,0.06648279263046188,1.5283553520399547,0.573022706403992,5.13216848737438,2.5415226670456654,NA,15.1184172611473,14.931935547305269,2.98656390025851,NA,0.0649727940559388,-5.787832632410438
SDN,1996,-6.6036128846346696,0.07190283092124918,1.6018928867470328,0.545796261563232,7.598049651813446,6.127933967049717,NA,22.77644012286808,9.638600092092467,8.195615769099573,NA,0.1982272893190384,-1.930918754455396
SDN,2001,-4.636516116132336,0.07651446437750364,1.6990566875412796,0.4885157620259795,5.91600885256205,0.5393732156241945,NA,27.732612886480283,12.9472986700077,32.81147145690888,NA,0.4078936100006104,-1.2382258684267837
SDN,2006,-7.683198545436748,0.07935469534071218,1.7836576798133033,0.43072950670024973,3.440793660188862,3.664050639750634,NA,34.57124317814706,18.72946142562066,31.17836990950194,NA,0.18337320256978273,-0.7720969896992936
SDN,2011,-10.540596460097547,0.07505547928566848,1.8211664438337944,0.391381759684237,-2.3383038863155505,8.679684851133931,NA,23.09008398180938,20.66910816753154,13.151898467181741,14.74012332472234,0.226703606545925,-1.2550494847275753
SDN,2016,-14.381975663395353,0.0653427692773371,1.740618705817195,0.36442836393992767,-0.862416790069802,2.9118891396869047,NA,18.211148795802522,28.43316825789036,5.50426570149897,7.904423254250056,0.502854996919632,-2.679577193313702
SDN,2021,-8.126794539388595,0.03935614178576119,1.7292476627551505,0.35900959760027185,-10.753202968784928,16.183821395449687,NA,3.10003728560649,NA,5.85512734891644,NA,0.553995192050934,-3.099944637196905
SEN,1971,-3.07494131788282,NA,1.1735355572100927,0.5343315723779535,2.4791914984403274,5.376765421625335,NA,48.5248841062257,12.578549084434,19.1746101289203,NA,0.3326055526733398,-0.2640635012226458
SEN,1976,-5.537796169067312,NA,1.3069465712912793,0.536183425689752,2.65462294476028,5.74668756091706,NA,53.47656033762156,18.67302864380648,10.585787041559714,NA,0.418132960796356,-0.3249504599975142
SEN,1981,-8.728971023381556,NA,1.4651048288662012,0.5738403025328975,2.988416133687736,5.14114529183203,NA,61.91738039053776,19.15907712109426,6.137060449434236,11.24048395524272,0.418132960796356,-0.6270169315627522
SEN,1986,-6.029542022935802,0.06333888509383243,1.523394216630812,0.5942282175978583,2.358754911587152,3.0866619688852546,NA,42.519061824304,17.61108076299654,3.299836092564424,2.345141484986841,0.418132960796356,-0.5384982323278448
SEN,1991,-4.750514980354022,0.06017629524238954,1.4984144530001937,0.5903188930559439,2.1522945220110716,2.0865291800766115,NA,45.97551187191332,17.11559756952662,4.512919912856282,15.09523089022277,0.418132960796356,-0.530943236309357
SEN,1996,-4.064406213424468,0.054860052716091935,1.502432128157184,0.5735161980220665,4.2269153539130775,1.8305980172989016,NA,47.95555636545844,17.13092060228986,10.539631940079067,22.57043352418814,0.162431985139847,-0.554540527871161
SEN,2001,-4.904842372405848,0.05383816511127779,1.5618581488662058,0.5611888984100427,3.7854062897432956,2.1431447454127412,NA,52.44970882376066,19.17978842079792,14.22290355716746,4.028760228519118,0.162431985139847,-0.4695139240410768
SEN,2006,-7.3870934989920904,0.05348148457294185,1.6548425821639359,0.561503190332661,3.000810597292522,0.5446203469888693,NA,56.18689161110078,25.44365411464614,14.94573090057542,2.2163032283512116,0.162431985139847,-0.2728757950101108
SEN,2011,-7.081726072777364,0.05269874785914981,1.7321562188517092,0.5256592587658184,4.068117999030526,2.244649321018302,NA,59.34636312259398,30.90401823338032,17.12192269478816,1.6867127793433012,0.162431985139847,-0.4559573698923652
SEN,2016,-7.998709563445974,0.055062537265951124,1.6973354750600287,0.44748046970275634,5.1856995324351844,2.3693069417377197,NA,59.57728215038018,40.5859737012364,23.25403740452946,4.50854743792277,0.162431985139847,-0.5428486429851102
SEN,2021,-17.272980177922033,0.058254075897599115,1.6187404161179109,0.39989492786199626,4.883954623267873,1.45197374391468,NA,73.45628018423696,50.948298255388266,22.6842392352008,0.9165151389911671,0.162431985139847,-0.9359665493418057
SGP,1971,-15.538086768692025,NA,0.8019452223057404,0.6438515952243967,9.287629156158928,4.057514571806417,NA,266.322834817032,59.28519239574996,26.786768137781824,NA,0.418132960796356,0.19209529209667184
SGP,1976,-8.099438689264687,NA,0.6393904429374616,0.6846845918775889,8.346922402553133,1.411045207556261,4.565098677937265,350.6865696125798,60.72883593188118,32.40290543569882,NA,0.6598672628402708,0.13671121724840438
SGP,1981,-4.765551185828179,NA,0.5242051399195727,0.7110305358995282,6.9284269685484565,4.423809888695609,4.6660560915157445,344.5461693184068,66.57174183080504,40.0633453111035,3.3314876547802816,0.9880682349205018,-0.03182652969314654
SGP,1986,5.438979179602819,0.9969257184466688,0.49418600962671455,0.7708711122871263,8.676812642932585,4.1377370754862826,4.478070247188619,334.32739952458877,81.54134083506693,41.1002726118311,3.519648362007527,1,0.233909107229242
SGP,1991,12.199090583070351,1,0.47692055389967364,0.7645633818072607,8.611788883051767,2.4459886298790736,4.601712595839368,322.0584426789926,85.4021000616781,47.00486829085068,3.948141057626752,1,0.4164229864000254
SGP,1996,16.05282345010146,1,0.4585345059002536,0.7522858637540534,5.67065460956245,4.5659303863129646,4.641245063439292,334.3408415984036,100.0054090914748,49.56279528635086,2.207115907610939,0.8977195978164672,1.382645830315491
SGP,2001,19.236733003426558,1,0.4617260866071668,0.7936200181061335,4.941411703861018,4.1292961683562694,4.545212692866208,379.6421818882606,109.113278782299,40.42991573221842,5.71136119061904,1,2.2462510720080138
SGP,2006,21.68931200207484,1,0.40892387780461553,0.8006778439228283,6.90789442794087,5.878492508663542,4.55987228585442,396.97139079392844,119.3306003103062,47.39051927647258,0.5522680508593664,1,2.2046075590043017
SGP,2011,18.44242983370852,1,0.3663081503786364,0.8257594229061574,4.47608046940403,1.1918413895444726,4.694736933073203,361.0584190641444,127.0498194284704,46.58385466500428,3.0724582991474447,1,2.004455464578134
SGP,2016,17.12662975892514,1,0.36281838550215395,0.9548222161506682,1.8339571877359042,3.3707969835299174,4.666907585529618,320.5332886436212,127.975439956789,42.9313057886964,2.7040710049848933,1,2.367586826840072
SGP,2021,18.382416206085765,1,0.3763151019710426,1.0803243954495791,5.22873720770522,4.084687504060616,4.702053980496527,329.06805849746064,NA,41.354439000383266,0.4163331998932245,1,1.8020880141762274
SLB,1971,-16.842112612654,NA,1.342602197725933,0.7253913352252693,NA,NA,NA,NA,NA,NA,NA,NA,NA
SLB,1976,2.275313717420944,NA,1.4745752754161248,0.6856100962266841,NA,NA,4.900962474717684,142.352868177982,28.015269740568602,-125.985181338901,NA,NA,0.06798224043265982
SLB,1981,-10.048472760681381,NA,1.5311786555516658,0.6826630805181565,-0.5076231804404956,2.7251348406527747,4.9444395153945715,144.25554414144838,23.55677595371954,-126.1298810080332,32.093029476677074,0.46287710219621647,-0.16614789113906467
SLB,1986,-10.454999019584422,0.05300760360869026,1.5068161187453533,0.6683507900717108,3.1868666121972575,3.345344585094847,4.573752226319161,168.8904335296934,30.40672134071566,-49.26188416428364,17.972077242670736,0.418132960796356,-0.714317129010241
SLB,1991,-3.3780678630420606,0.059423859853028824,1.4476338498001968,0.6186554953813269,8.177723190979673,3.402365642299839,4.53578176360789,146.0961783339328,25.30061578831984,-22.309060335236513,NA,0.418132960796356,-0.676512307804189
SLB,1996,-1.585473280329146,0.05291664187543575,1.4504145487903415,0.5930241573217596,-2.55507752466454,6.64307702555279,4.672490599125153,82.11186011507093,20.76070729238608,-2.1802853954620582,NA,0.162431985139847,-0.5387132926176318
SLB,2001,-13.051368520455895,0.03693754272330214,1.4798886004160152,0.5610999888749528,2.16191961281719,7.133162134612753,4.577169073315773,55.115832391578635,19.35290753972768,3.5246837897187913,9.269549140159548,0.162431985139847,-0.5790860990250288
SLB,2006,-10.41283560363634,0.041222682527882054,1.5488410232738128,0.5368137031318593,5.315187841207974,2.7534734022966303,4.600353376606079,81.78462727577428,27.1135918984299,13.32937724769736,4.290920647133898,0.162431985139847,-0.399242359756152
SLB,2011,-1.800930213918038,0.044082742156451214,1.5770198577871455,0.49079048403625375,3.599768832120802,2.6528955383523676,4.75784755371254,98.66406073547894,36.239267899951,14.27787313546656,4.476047363467017,0.162431985139847,-0.1529085009537164
SLB,2016,-4.382989137820666,0.039631003537828786,1.547236597850948,0.45144785489776224,1.9488501757563679,3.2923502645963505,4.852528175284405,79.89226038106673,41.54843575971632,14.333353671391423,3.168122472380129,0.162431985139847,0.07263009504809914
SLB,2021,-10.58306479863942,0.032654919687067796,1.5220255654056578,0.3983118354268153,0.009553200399605352,2.7205889903927796,4.874382140782358,81.13004303655397,47.222382962614134,12.127329981527174,9.787236586493654,0.162431985139847,-0.0052942249207786505
SLE,1971,NA,NA,1.0457586049039231,0.7997508214090923,2.358362851403517,1.1336920776877597,NA,55.66267351945814,14.85508482446898,NA,NA,0.162431985139847,-0.1560225026103364
SLE,1976,-12.466220825980827,NA,1.1400057553983145,0.7835358715557575,2.2717201985302133,2.4495844187699274,5.585008949481257,49.76371162042998,18.554183471531,12.43609330548451,NA,0.162431985139847,-0.254723758951764
SLE,1981,-5.698170847268703,NA,1.229650856705515,0.7857759129114731,0.868415250800538,4.381270735104188,6.053603993876393,38.40201155807476,26.01102021528786,4.66561998817695,NA,0.1299455881118776,-0.2269747429369316
SLE,1986,1.3517824339525621,0.057852767466570504,1.3033602345029733,0.7618393610578217,1.0934627236922336,5.237426433977932,5.1630361890479115,47.095061374853124,19.84701911407986,10.629968198641992,NA,0.418132960796356,-0.4873526851434274
SLE,1991,-5.93719585864797,0.04851512634323266,1.3657109944321772,0.7077149575835975,-5.04670724717469,8.794230067810092,4.78376787457684,55.5572160814273,11.62123565490756,1.1287050726941312,NA,0.2647123754024506,-0.7831058589528548
SLE,1996,-11.974690439293358,0.036310111864178526,1.468505590399413,0.6447125786731547,0.4670391468409821,4.68743009201405,4.877465065574112,40.897072169011004,14.187408200286901,-1.5377653220031298,NA,0.0974591910839082,-0.7260088058241618
SLE,2001,-4.404363519639416,0.03528461207726628,1.604176497955034,0.5872629298588383,8.098931278836242,11.902717920471469,4.6897924603964,43.00429786822146,9029.740807759592,-2.498816035371214,16.66746702748929,0.0324863970279694,-0.7240794267627481
SLE,2006,-6.9485177660942785,0.03771255586944721,1.7020404980720452,0.5355511282728131,3.92107951341462,1.721647735684398,4.600402249773819,23.23634936567664,10792.938789545064,14.569056702670391,18.45115172556987,0.154173755645752,-0.2480699775698782
SLE,2011,-17.963098158327796,0.04628615358370276,1.7121571802114326,0.47067783168929006,4.232792582509756,9.786026364815532,4.8161892197725,47.6252158723452,10109.422008407102,10.601408996403608,9.963784421594037,0,-0.30190998251685397
SLE,2016,-7.9060339830204365,0.04255543171290296,1.6394374535137661,0.3926058156785399,3.357702831735014,2.9826673510402784,4.703348215575509,38.028221064722416,15.69384809154908,9.037889367410887,3.3101359488697746,0.162431985139847,-0.3821137672449132
SLE,2021,-7.16892008746373,0.0404211588281967,1.5931956573692325,0.35267502427862163,5.6401430723605,0.2978614666652166,4.621280002739079,47.49484193731303,19.815968467306167,10.092167002277856,5.577036249956904,0.162431985139847,-0.5451453746616417
SLV,1971,NA,NA,1.2841277823469588,0.6243419435225575,4.619399540006438,1.2521905483913185,NA,63.18451978080988,25.96430337894586,NA,NA,0.162431985139847,-0.1239244855393186
SLV,1976,-0.9490636632109877,NA,1.2696796873549434,0.5341279209794916,-0.5730083982797962,9.571249894039545,NA,71.86286431113554,28.650694620839218,18.50818853935208,NA,0.162431985139847,-0.13315065139872168
SLV,1981,-2.7669033746605525,NA,1.2535879306023838,0.5017852756502768,-1.7081724548963333,3.9517772723255273,NA,53.68264940179616,40.40171685410332,9.225944024270316,6.278350614995428,0,-0.3966968944624554
SLV,1986,-0.09040267217267842,0.11956909763943645,1.2334650762516233,0.49732839966101655,2.0755957975247035,1.7749794119772844,NA,44.6896745873883,33.79791226150772,14.9593736737038,19.930218168381437,0,-0.5197726127754638
SLV,1991,-1.8906902567905,0.12732192955978097,1.2246491529512245,0.5443901293042032,4.752101913966282,2.0559468231409213,NA,52.89307404293956,38.65081195548818,17.36436903965414,20.231949676979642,0.28336617350578297,-0.22321927637193462
SLV,1996,-1.864533566774648,0.126239482009679,1.1673869665908387,0.6752975773816992,1.9783299960249638,0.9896359928680807,NA,61.88236375196866,50.1315463542665,16.16186447719402,6.406907414724272,0.8806823134422301,-0.3368139253987688
SLV,2001,-3.726149296143948,0.1214526025530339,1.1768106139615349,0.8454940192424124,1.5176319436561858,0.7348647366189225,NA,67.90897752868656,58.5267168811698,16.19505651705068,6.5688678858247656,1,-0.4924779921817064
SLV,2006,-5.023246326044664,0.12616769932297586,1.1535252126517888,0.9483208450827495,1.67688615644556,2.3394640860735576,NA,74.27021526574462,59.50582005389192,13.76662533580338,3.9711459303329577,0.9642046928405762,-0.5622342243297576
SLV,2011,-5.35406605223699,0.1340454640255104,1.037164401262738,0.8728298697391682,2.594727471219434,0.7797126812962372,NA,78.4082212600932,50.11271650011946,11.6491622242618,5.97954847793711,0.7375011086463927,-0.6466836232755104
SLV,2016,-1.3494245098950257,0.14739045570974474,0.9408711533897909,0.8056071047517257,0.348699189454012,4.60849427159237,NA,73.05177630033035,57.425310018534155,16.16229915309324,2.8289574051229507,0.701705813407898,-0.6455306501346056
SLV,2021,-4.039494571323099,0.1527259251256609,0.9104487372295551,0.7599425262442921,6.132844519989363,5.007164183726971,NA,84.08698590012067,59.4690822199735,19.3295851650078,2.702468007827909,0.701705813407898,-0.530994909823239
SMR,1971,NA,NA,0.5537339956460361,1.5296132878333466,NA,NA,NA,NA,NA,NA,NA,NA,NA
SMR,1976,NA,NA,0.5158227345588853,1.625226217676203,NA,NA,NA,NA,NA,NA,NA,NA,NA
SMR,1981,NA,NA,0.44731442659012144,1.7019807857853133,NA,NA,NA,NA,NA,NA,NA,NA,NA
SMR,1986,NA,NA,0.395678225176824,1.8969360971237186,NA,NA,NA,NA,NA,NA,NA,NA,NA
SMR,1991,NA,NA,0.3630562126016605,2.0031131864313085,NA,NA,NA,NA,NA,NA,NA,NA,NA
SMR,1996,NA,1,0.3784549684185427,2.056625009222954,6.231452907255757,3.597434083004631,NA,NA,NA,NA,NA,0.9284093856811524,NA
SMR,2001,NA,1,0.4235772677597638,2.0796492629742636,3.3472122086960567,2.0474591887249214,NA,NA,NA,NA,NA,0.7136375784873962,NA
SMR,2006,NA,1,0.47088240071733883,2.12386530208527,-1.0712347760728282,7.003723864621755,NA,NA,NA,NA,NA,0.701705813407898,NA
SMR,2011,NA,0.9645089787080336,0.4945238621892623,2.125805639750864,-2.9108290096871277,4.5484951182568025,NA,321.364013420909,NA,NA,NA,0.701705813407898,NA
SMR,2016,0.6360972107960168,0.8784975004112235,0.4775397294883207,2.0401558727064923,-0.09712980508452859,3.7486429332486257,NA,311.1304629855284,NA,34.0699978758178,NA,0.701705813407898,2.72890500785555
SMR,2021,13.66637361918678,0.9466920272105206,0.46525083105660764,2.0459894566458594,7.399388620758888,6.76175370879857,NA,351.2965469446207,NA,38.43492285761946,NA,0.701705813407898,2.41305352404275
SOM,1971,NA,NA,1.1937397333611124,0.6833922436771722,4.06352771741515,11.264725592624762,NA,38.40971667879932,19.04231411711282,NA,NA,0.162431985139847,-0.154160828540417
SOM,1976,NA,NA,1.2603909279749115,0.654142392994515,2.880560382042476,7.242915695393778,NA,82.94638687634456,24.03390039764168,NA,NA,0.162431985139847,-0.4469886585294464
SOM,1981,NA,NA,1.3688825553152708,0.6522009624014384,2.050062475099086,8.083650526761286,NA,76.93806176385029,15.76081756652202,NA,NA,0.0324863970279694,-1.94593332149905
SOM,1986,NA,NA,1.4905381705318466,0.6301415540752575,3.49832788563084,4.380422577181091,NA,38.4032077462126,20.93318115666595,NA,NA,0,-2.740501570120805
SOM,1991,NA,0.016551343163425793,1.5443579007591521,0.5444640331065751,-3.0807098575415477,9.793727470358293,NA,NA,NA,NA,NA,0,NA
SOM,1996,NA,0.01309551395876058,1.6644954103255456,0.49470666537233104,6.048321993056234,2.7711386015081216,NA,NA,NA,NA,NA,0,NA
SOM,2001,NA,0.013731237458915533,1.851785354273342,0.4641200650748954,7.318295504139658,0.28478997707951303,NA,NA,NA,NA,10.912993058163003,0,NA
SOM,2006,NA,0.015435949921168129,2.083491433763647,0.43497211167818817,6.65275568702644,0.09301201709664113,NA,NA,NA,NA,4.281004555008089,0,-2.436736673611645
SOM,2011,NA,0.019755356253513334,2.1053300591091904,0.3775172521215182,8.757639299383097,2.0196324824855454,NA,82.52375472463068,NA,NA,5.483885483851756,NA,-0.8322066666508474
SOM,2016,NA,0.02458307657030405,2.136742384726754,0.34837776269845955,4.7721518881296,6.566406696419999,NA,72.57052082295492,NA,NA,6.538195469699569,NA,-0.9373299920435609
SOM,2021,NA,0.019172532387377688,2.1867598118365432,0.32303956359764646,3.4468843655210133,0.7285153283831528,NA,90.9926896320017,NA,NA,2.145538005567215,NA,NA
SRB,1971,NA,NA,0.44993817402280967,1.448809939639268,NA,NA,NA,NA,NA,NA,NA,NA,NA
SRB,1976,NA,NA,0.4506170249513415,1.547862417755292,NA,NA,NA,NA,NA,NA,NA,NA,NA
SRB,1981,NA,NA,0.45924449596845074,1.4445100918646383,NA,NA,NA,NA,NA,NA,NA,NA,NA
SRB,1986,NA,NA,0.46072569686754794,1.5401812171232026,NA,NA,NA,NA,NA,NA,NA,NA,NA
SRB,1991,NA,0.17504390300262565,0.45162078415519535,1.807267615447456,NA,NA,NA,12.5744954171822,NA,NA,NA,NA,NA
SRB,1996,NA,0.18347695576805004,0.4462774779211758,2.1014840128205656,3.234079970120368,7.702867583587513,NA,28.89419721072332,10.753089691652033,NA,NA,NA,-0.79791019299016
SRB,2001,NA,0.20144914148770882,0.4454247791522465,2.255518247728932,6.093924674823236,0.9233516914216463,NA,62.15455972544224,18.64809253892966,NA,NA,NA,-0.4891362537726094
SRB,2006,-12.085338807049732,0.2578881061597009,0.45202554908467446,2.2063587478343427,3.0723984018265122,4.137161413588132,NA,72.23993068615857,34.79858537697674,12.04723997428176,1.4047538337136976,NA,-0.6032009283245138
SRB,2011,-6.925512837631921,0.28064755935000474,0.46382802823595237,2.1148227674642452,-0.08932731272196931,1.1509126179469669,NA,84.81358984236196,41.530397923720244,12.9235551109443,1.471393896956214,NA,-0.8486435835034324
SRB,2016,-4.597660946587752,0.3014665945053058,0.49723499260656817,2.2076116136118284,2.7576270997424355,2.3183195186435306,NA,102.77932451897888,49.92520208223628,17.91453713111404,1.7994443586840945,NA,-0.8902240731379358
SRB,2021,-4.3589656692017,0.3419328448236918,0.5335540451648484,2.232122540701967,4.800155531925677,2.7765815449930438,NA,119.58255175056034,54.38264174116333,21.49815077523907,3.2715949219506575,NA,-0.7513039044194653
SSD,1971,NA,NA,1.1948016244773276,0.45614143241147226,NA,NA,NA,NA,NA,NA,NA,NA,NA
SSD,1976,NA,NA,1.2952052331023969,0.46152962539881076,NA,NA,NA,NA,NA,NA,NA,NA,NA
SSD,1981,NA,NA,1.4116046164341878,0.4860544506624691,NA,NA,NA,NA,NA,NA,NA,NA,NA
SSD,1986,NA,NA,1.4528399664543248,0.4714387344560292,NA,NA,NA,NA,NA,NA,NA,NA,NA
SSD,1991,NA,NA,1.4730992162675056,0.4482233515371249,NA,NA,NA,NA,NA,NA,NA,NA,NA
SSD,1996,NA,NA,1.5679508936946907,0.439912506806577,NA,NA,NA,NA,NA,NA,NA,NA,NA
SSD,2001,NA,NA,1.6949065329897155,0.427408504058973,NA,NA,NA,NA,NA,NA,NA,NA,NA
SSD,2006,NA,0.06057838505910598,1.7008809951243973,0.40282411771083587,5.267529137566434,0.31945282345329673,NA,94.34850325748607,NA,NA,NA,NA,NA
SSD,2011,-4.914234856050594,0.032582983586007856,1.6794219458682256,0.367513832734278,-9.002484823914386,22.583948618181502,NA,69.16875694639907,20.043335678494522,8.395152682239244,NA,NA,-0.06939408654515146
SSD,2016,-9.140997919697982,NA,1.8661918179986365,0.3400545845883199,NA,NA,NA,NA,31.631754497190602,NA,NA,NA,-0.8779953034868122
SSD,2021,-1.1414245370000566,NA,1.7107372665400664,0.32291149914033596,NA,NA,NA,NA,26.699436249045167,NA,NA,NA,-0.5901813418501132
STP,1971,4.85763710333098,NA,1.2937473471345937,0.9791542814453453,4.0641071207482335,1.9572185007702316,NA,NA,NA,NA,NA,NA,NA
STP,1976,7.958993393497439,NA,1.3300904682504904,0.9110937909926348,8.643194419900764,10.656061343996866,NA,NA,NA,NA,NA,NA,NA
STP,1981,-19.63254726859574,NA,1.363073438552043,0.9053451834611472,-1.565132817379866,7.771030647389373,NA,NA,NA,NA,NA,NA,NA
STP,1986,-11.99068159270104,0.06297544600651099,1.4357970562024587,0.8604289866591704,-1.15616650537815,3.686956060710494,NA,NA,NA,NA,54.02611431118219,NA,-1.51523575521699
STP,1991,NA,0.06019132996697209,1.4906394097907434,0.8146435970545982,1.4402007023849552,0.6347299251085031,NA,NA,13.8067699057663,NA,6.063534977898939,NA,-2.468416634802326
STP,1996,-17.51670314092515,0.05338768334500881,1.4952580360439607,0.7673817021250887,1.5889368855059953,0.911051780824514,NA,NA,16.71685650423838,NA,9.81973965845413,NA,-3.558025360859486
STP,2001,-30.6729181056211,0.0520247942825713,1.5150256777573172,0.6879640617461459,4.973744256242352,2.3457725124808793,NA,NA,26.97990695560922,NA,14.88532988821257,NA,-3.34941194398302
STP,2006,-43.72134754737528,0.05739791325630305,1.617542415332919,0.6089284981426702,4.697444235213532,2.8870369869384254,NA,NA,36.32609887398822,NA,7.836899897280811,NA,-0.9239962588365416
STP,2011,-36.55925034510286,0.05584846612136562,1.688600922232959,0.5217200898966824,3.3015934002200242,1.6438318675659385,NA,NA,43.22274234538284,NA,2.9693433617552563,NA,-1.802371866620678
STP,2016,-19.55636688606706,0.06568348589590059,1.6759730577850145,0.474779788738043,3.661421729808516,1.3039780347122072,NA,NA,36.96339636833202,NA,10.121363544503279,NA,-1.3581432002772402
STP,2021,-6.623099239482,0.0775364545812339,1.6005069869210407,0.4309901751625824,0.8134167268654466,0.9458930588335565,NA,NA,27.378556426469235,NA,2.3007245235649907,NA,-0.8309843944462467
SUR,1971,NA,NA,1.3401717834227955,0.8896254705193987,0.9399999990818384,2.3660092966894704,NA,NA,29.61402022311618,NA,NA,0.418132960796356,NA
SUR,1976,NA,NA,1.1887290588430315,0.8307323640447868,3.2400000010987093,7.911257802439051,NA,NA,38.07800504830508,NA,NA,NA,0.07601286816097882
SUR,1981,NA,NA,1.067104731744726,0.6609079888790722,-0.17999999898136987,4.762037380194134,NA,NA,59.851234943981225,NA,NA,0.22635722905397423,-0.013607144301482322
SUR,1986,NA,0.27179074928018954,1.034349524669327,0.5472181299738698,0.4199999983541055,5.850811903880839,NA,NA,118.47690801178243,NA,NA,0.162431985139847,-0.01503096353783078
SUR,1991,NA,0.2608679992181062,1.0389801865576267,0.5145204091659005,-0.04000002168378238,3.996622418916814,NA,NA,63.60582360793416,NA,NA,0.1299455881118776,0.04682107894682458
SUR,1996,NA,0.22417484747918032,0.994545668666257,0.5993952770780304,1.9399997909220281,2.565734994394668,NA,NA,35.1537629098874,NA,NA,0.0974591910839082,0.08341762435942568
SUR,2001,-8.17994588487446,0.21841400043436277,0.9574881856958376,0.7535652420446141,5.260000187629328,2.1984082547524793,NA,NA,43.696101217212444,NA,3.446396224813142,0,0.020511902550401372
SUR,2006,9.287884411231465,0.25059869398549384,1.000899814833558,0.7761206617903079,4.646192461788826,1.086725313574066,NA,97.51881759860814,44.21943868158888,51.49596776669166,5.9823072472082215,0,0.0015681015268534716
SUR,2011,-2.8162968865137965,0.29348694902972217,0.9961415941569473,0.7366948987452329,1.663123884249805,3.4620225559255338,NA,NA,52.9660348421673,NA,9.428043275250705,0,-0.19233496527043178
SUR,2016,-1.624086093686654,0.2784953200818133,0.9490271553832241,0.7043815407660687,-2.640990708308822,8.257695301209061,NA,NA,71.40658540782712,NA,13.52664038111459,0.162431985139847,-1.0862958244675476
SUR,2021,3.9823034126757064,0.25774128332798296,0.9352764111034014,0.7136132146651606,0.7958095849547933,2.798302122809312,NA,NA,72.17544257209816,NA,5.47752985690935,0.162431985139847,-0.9461306928410562
SVK,1971,NA,NA,0.5794503690391221,1.5988977469150802,NA,NA,NA,NA,NA,NA,NA,NA,NA
SVK,1976,NA,NA,0.6071015598465844,1.6670795812045636,NA,NA,NA,NA,NA,NA,NA,NA,NA
SVK,1981,NA,NA,0.6415372250954072,1.551583829199238,NA,NA,NA,NA,NA,NA,NA,NA,NA
SVK,1986,NA,0.3616121491045257,0.6565244290375707,1.5720975013683522,NA,NA,3.826680057678292,56.466265712049,NA,NA,NA,NA,NA
SVK,1991,0.4364003082988899,0.2976932280076581,0.6079009383928717,1.5809363195130335,-1.4689875382070419,8.986859809522501,3.84628267380703,108.66802231445668,NA,20.8361433424644,NA,NA,0.09067480169473377
SVK,1996,-5.5429518165176175,0.31752050219222167,0.5460155547727075,1.5433486933057408,3.149497994987711,2.8910616909959828,3.9748256373249067,107.2963141702396,NA,25.089768382225678,NA,0.162431985139847,-0.15170721152609432
SVK,2001,-5.527076047192956,0.3557251418848003,0.4885140191561102,1.4710005892838176,4.814708712764958,1.3086400551057225,4.2093470577328365,131.491345334587,NA,23.48646699275054,2.706039869578474,0.3445074439048768,-0.3239012229267232
SVK,2006,-5.455450476374596,0.469843056440804,0.45789771552127106,1.4481519465172574,5.278587489842804,6.375338485638977,4.545784458796681,157.1719107417418,NA,22.75060926322706,2.451938009004307,0.6727083921432494,-0.5210174367247535
SVK,2011,-0.26982862301841526,0.526243900703436,0.47172459930969707,1.4818959439291166,2.5439499872292,1.6805990893558196,4.607779847172577,176.6465019954234,NA,23.99224719776932,1.2739701723352888,0.744298994541168,-0.6378150280841176
SVK,2016,-1.7355579001912533,0.5179200893753546,0.5184048883318867,1.6106966067418824,1.7150116383218441,2.5356050549460374,4.607473572753611,181.8783627293696,NA,21.4168107417311,0.9343446901438452,0.7323672294616698,-0.6800881554021754
SVK,2021,-5.806756095808463,0.5433800775460622,0.5670127608184502,1.6989694549400605,2.7710289236141814,2.618467803018104,4.679396237699184,189.14222512424033,NA,16.420282644043468,2.3643180835073787,0.5653224786122639,-0.6035935997444243
SVN,1971,NA,NA,0.5055552417866221,1.639259285173655,NA,NA,NA,NA,NA,NA,NA,NA,NA
SVN,1976,NA,NA,0.523572049562596,1.7303340082920962,NA,NA,NA,NA,NA,NA,NA,NA,NA
SVN,1981,NA,NA,0.5283216105142676,1.612652934240642,NA,NA,NA,NA,NA,NA,NA,NA,NA
SVN,1986,NA,0.5647525817490755,0.5079361801708552,1.5374474223145498,NA,NA,NA,139.573592304258,NA,NA,NA,NA,NA
SVN,1991,2.8308301335031376,0.4954063325025055,0.4681081649535694,1.6349009638714467,-0.41714845918406784,6.354717497250466,NA,102.93780502110994,NA,23.388521591444075,NA,NA,0.02336071354703449
SVN,1996,-1.1667432577629684,0.4867293237298443,0.4278569833390193,1.7837094623905707,3.982941681776824,1.149690535976919,NA,96.94891971399105,NA,25.36026725604682,NA,0.42370733618736256,-0.06223533777847106
SVN,2001,-0.8078011432494693,0.5278956141369999,0.4069307584330906,1.8869089240542714,3.541289907116892,0.6711900646032499,NA,109.4541853264804,NA,26.13389837714258,1.69804362262006,0.7732964038848875,-0.0650229359649366
SVN,2006,-2.600422388928552,0.5748811897295147,0.4180542849231973,1.9725838850649529,1.988360461065618,5.838241900386919,NA,129.3313955101962,NA,26.1067598708235,1.561409619542548,0.9164776206016542,-0.3277708079214452
SVN,2011,2.7187919816972044,0.5584549691537707,0.4672539356242662,1.9980974695092488,0.41445267601250946,2.351110096826561,NA,144.5695333133892,NA,22.67590328716838,0.9093954035511727,0.7136375784873962,-0.3917540356333138
SVN,2016,6.552068750154582,0.6188062359093353,0.5215145268105629,2.0798514830569323,2.401630574027646,3.7179755872484135,NA,155.42947243422,NA,26.88863528652316,2.0366639388961527,0.701705813407898,-0.2127644898833512
SVN,2021,2.26756524525459,0.6657942483331118,0.5561625915498802,2.09233846971687,4.48706759917219,3.4064486744881504,NA,169.53182436232368,NA,25.5033530561992,4.521061822182928,0.701705813407898,0.004179553543872023
SWE,1971,0.6698857170941784,NA,0.4497456295430538,2.3703280297493508,2.590484887645317,1.1256175382301776,NA,48.79887403833838,52.07782211026244,26.58595875091554,NA,0.701705813407898,0.0038672317524058746
SWE,1976,-1.8371048709892583,NA,0.46708596872423486,2.529414573804615,1.35067385860442,1.9525290194532345,4.979377735724533,53.16025618672806,48.65905375686358,21.77357417043066,NA,0.701705813407898,-0.04948221639866744
SWE,1981,-1.1847946155024769,NA,0.45076473107730397,2.6845971139954856,1.9988085580139052,1.4105377129744565,4.875308473192882,61.86568676827824,49.33923133638524,21.35876658994938,NA,0.701705813407898,-0.1794298694114014
SWE,1986,-0.8195523472740809,0.8521822829620849,0.4511797946069711,2.7947085484966623,2.4027373029268295,0.9736481830439381,4.888527566647988,58.11410539860572,45.29547404582968,24.26862978281104,NA,0.701705813407898,-0.1797189246802328
SWE,1991,-0.9179601890496316,0.8086638530748552,0.4866412643457025,2.6978270024755706,0.747994361454366,3.042009739313366,4.863720381981393,58.57741035974112,41.38126421558932,19.49751407065512,NA,0.7732964038848875,-0.3321946897367374
SWE,1996,3.335705278827458,0.797752356498544,0.5167950867136839,2.5473053061877393,3.56955683509654,1.195338968057956,4.770944985069949,73.83125020191636,39.48706359988818,24.09560175699496,NA,0.9880682349205018,-0.358753495576372
SWE,2001,5.73283573570611,0.8024279057565273,0.5303257774202756,2.3844721318369317,2.498456964831458,1.0767095933773412,4.676964064553463,79.1773047864404,47.0490858977821,26.82566842858686,1.9236021469004052,1,-0.2075793598936834
SWE,2006,7.225397884932391,0.8475556421427354,0.5340906909561854,2.325803523028318,1.6945961426778517,4.181532410791158,4.631977790779266,87.54707043141443,61.48678776848214,29.58864408440374,0.8074651695274522,1,-0.07080062662574575
SWE,2011,4.382627281998178,0.8665222580775909,0.5831075523607058,2.389199140000524,2.114234762659568,1.847533537572661,4.626563619786174,84.26502302512418,65.67033106043827,26.760755021156122,0.4438468204234427,1,-0.1094936913337526
SWE,2016,3.432525128008554,0.8673511080391934,0.6437872104787511,2.242594123102273,1.29173788800565,1.8316828489892834,4.498638728431504,87.431141162171,75.80114453404157,27.75854830367978,1.1755849607748472,1,0.0494370961344473
SWE,2021,5.5007948408243,0.8607719470295226,0.6642015586102498,2.101891005437122,2.09241306748134,2.810057068531308,4.456229233443858,101.94723290393007,85.7082922600886,30.811723982802167,2.0074859899884667,1,0.410225845263666
SWZ,1971,16.9809319750313,NA,1.340444097279961,0.6340335041870625,9.5677065526514,4.134438549965933,NA,NA,25.740404985855548,NA,NA,0.418132960796356,-0.20276426045985635
SWZ,1976,-11.733122713540306,NA,1.4675863548229495,0.6213423610993897,3.15465621871188,5.525968086611897,NA,NA,34.12756422430234,NA,NA,0.3531601786613464,-0.30401776227877914
SWZ,1981,-16.19891496434028,NA,1.607942524474885,0.6178182393759106,5.394106926130136,5.569112683630761,NA,NA,31.42938959548464,NA,0,0.3856465697288512,-0.5700855316459166
SWZ,1986,8.594498419512854,0.13403001388833935,1.6199992595750163,0.5503272044280599,13.473998891334997,5.187537462739017,NA,NA,30.57006788530446,NA,0,0.418132960796356,0.3067549370047984
SWZ,1991,-1.0775383855195388,0.1298115330943837,1.5509297439287597,0.4626743851897012,3.063807982517504,1.1479232402354553,NA,NA,23.4538239139724,NA,0,0.418132960796356,-0.02319588992740893
SWZ,1996,-2.8304458693697874,0.1259726488153267,1.5346844567399747,0.42584561534816257,2.851989450944646,0.7593510123528727,NA,NA,21.10582927085166,NA,0,0.162431985139847,0.04416932136715542
SWZ,2001,1.2914572190565548,0.12635161191149624,1.4502113071597305,0.40494348966818317,3.929783867932336,1.6647658904021123,NA,NA,17.8106312937293,NA,0.9901939673965654,0.162431985139847,0.184878664625233
SWZ,2006,-7.170303548690792,0.14361186212112578,1.445679973689036,0.4222679539280979,3.548926143682194,2.219263184741402,NA,NA,23.32918552976818,NA,7.640811475229579,0.162431985139847,0.38877624043817016
SWZ,2011,7.119364944814028,0.15102886591920242,1.390176695084333,0.43209820255607173,2.7572886468477162,1.225399096902552,NA,88.36185607473404,25.58401618480736,29.7153850551964,2.435569748539344,0.162431985139847,0.3229205190649404
SWZ,2016,5.155804385303274,0.14233789074201922,1.3277525637344925,0.4258342796961093,2.0031103358172335,3.5748773545638044,NA,86.47724399641844,29.5385762624783,22.48351770734416,5.946259328350888,0.162431985139847,0.2087725801936956
SWZ,2021,0.59092864476733,0.13799731340491017,1.2956565546183825,0.41694666141477066,2.7182888666930016,2.050172895938277,NA,94.07586189935067,29.14570802203805,22.2906633710321,6.600757532283695,0.162431985139847,0.05733464425726115
SXM,1971,NA,NA,0.8761304101578548,0.6531089488014787,NA,NA,NA,NA,NA,NA,NA,NA,NA
SXM,1976,NA,NA,0.8132060048056348,0.6186060410928733,NA,NA,NA,NA,NA,NA,NA,NA,NA
SXM,1981,NA,NA,0.7339404419992333,0.5514047860387237,NA,NA,NA,NA,NA,NA,NA,NA,NA
SXM,1986,NA,NA,0.5934605459497605,0.4224370694133658,NA,NA,NA,NA,NA,NA,NA,NA,NA
SXM,1991,NA,NA,0.6044186694969713,0.3829741146785212,NA,NA,NA,NA,NA,NA,NA,NA,NA
SXM,1996,NA,NA,0.6504858017916699,0.3869116756113094,NA,NA,NA,NA,NA,NA,NA,NA,NA
SXM,2001,NA,NA,0.6708329118371623,0.406005091091406,NA,NA,NA,NA,NA,NA,NA,NA,NA
SXM,2006,NA,0.7741018802699955,0.6660135999130262,0.5163719320915501,3.19999269219366,NA,NA,NA,NA,NA,NA,NA,-1.16577419464974
SXM,2011,0.4968776228036807,0.7466460983398319,0.6231475099107987,0.7098790433028401,1.7966948763740351,1.671035126601678,NA,NA,NA,NA,2.5388774406808965,NA,-1.100632029637101
SXM,2016,-5.533126878637642,0.6963223434606329,0.5783193360497753,0.9652235769327672,-3.155245282990482,9.387817443567014,NA,NA,NA,NA,5.3047769176082005,NA,-1.3921531306994759
SXM,2021,-11.172064819939466,0.6074361249663637,0.5352402093451835,1.1669669227178376,7.42586559311115,5.620229214778875,NA,NA,NA,NA,NA,NA,-0.6112697462576195
SYC,1971,NA,NA,1.1546701627371943,1.2352752474629338,7.138904954577654,5.7014325854651435,NA,NA,35.3607786919016,NA,NA,NA,NA
SYC,1976,-7.012541877653454,NA,1.0464418423600932,1.1723844797443,8.386555409423917,12.985389511319445,NA,86.24283238120631,32.45172999344044,35.659752732880136,NA,NA,-0.004166167348552371
SYC,1981,-14.591306628729138,NA,0.9489148541553778,1.169882672882554,1.6070543496228904,5.728981793484727,NA,70.4351334683052,29.81449830869946,23.78566051798684,NA,1,0.5136544722240522
SYC,1986,-9.591916487167355,0.37486270219090034,0.9045396331067639,1.1804328291331339,5.740666065299713,3.510857035656331,NA,59.21214852474216,35.16378055397022,31.32652219187586,5.787123430579339,1,0.2034493647460729
SYC,1991,0.8978910245552976,0.3938018423894969,0.8397850607205376,1.1075575357754128,3.0570617740790134,4.238388018750289,NA,53.9622552877756,50.66380953647236,22.5300212035146,14.336992764444409,0.8298563241958619,0.032990567273963586
SYC,1996,-12.284713709132365,0.40927960469369956,0.7983105819543881,1.0780139863892828,6.15684641942347,4.658121868266208,NA,98.66865110528131,79.26353834066032,23.0946303971464,5.548408326872755,0.656768321990967,0.09655239739842912
SYC,2001,-12.513151936364666,0.3667244508061004,0.75196220826583,0.9966252253702271,-0.15803014200228996,5.709452492331491,NA,165.2603424348086,97.04040145634002,23.85218077279756,16.243177221071164,0.5902832627296446,-0.16436936455631537
SYC,2006,-20.26537391785062,0.3906509616668573,0.7054733960543134,0.9008361298163401,3.5164009694695437,5.901456051420177,NA,196.2869769201086,65.88849739160489,15.383570170846408,6.214660087245316,0.7484951734542846,-0.1602870269195442
SYC,2011,-19.082342165259,0.4376594233543047,0.6697226192876823,0.7882068014819364,5.370379499109698,3.65555799415683,NA,205.9201705528182,59.36484976251502,16.81007298587771,4.744786612693979,1,-0.06704506668550982
SYC,2016,-4.506287589507976,0.5050020970959928,0.6597822844154714,0.7128155970218493,3.557118680287626,9.007767646132248,NA,178.18142809316478,75.91853217043347,5.099691737825566,2.598653497486726,1,-0.26725072332718136
SYC,2021,-8.286499079751284,0.397173653022006,0.6707455696448901,0.7283580289247792,5.17400124810791,6.582339735597449,NA,184.808304317637,85.63188074891814,-1.1761249196198598,2.386070689089772,1,-1.0336502957140277
SYR,1971,NA,NA,1.4067125516109051,0.7061394836263821,13.258804745657843,15.017599690139226,NA,48.51028739712312,37.05386796671712,NA,NA,0.0649727940559388,-0.04767565610878083
SYR,1976,2.0219130254617554,NA,1.492231293553043,0.632632502166613,7.158724924957127,7.198994607007098,NA,53.50540014973906,43.90842496363414,21.293548767105726,NA,0.0324863970279694,-0.1530910891622906
SYR,1981,-3.7379746572396098,NA,1.5461911783113507,0.5968872736147847,2.920989514002314,6.633376430744358,NA,40.2417644890398,58.37654353985504,15.20976834690986,NA,0,-0.3390614706984094
SYR,1986,3.776999255560776,NA,1.5343730257969377,0.5878845960338699,0.3665534431830358,12.145380835877695,NA,47.46857319894938,58.79727078267778,7.337898896635358,NA,0,-0.7509418383983331
SYR,1991,-0.23825212263839637,NA,1.4634724525532996,0.5824734001063103,8.205954515419327,2.720929820630558,NA,67.31350521224016,56.40675039401554,10.835501954247942,NA,0,-0.9748548421908614
SYR,1996,2.143759899661947,NA,1.4100635990410748,0.5677868064289266,3.7513742310958342,5.256905913577235,NA,65.43107871121036,54.83152450612848,14.032288956572481,NA,0,-0.7169308655579946
SYR,2001,3.967859340453268,NA,1.3715326047776246,0.5402467701064869,5.064918270395246,2.5813003653647915,NA,71.76147236029226,77.18959998175322,20.45945197671772,7.45969480672499,0,-0.0988935390695174
SYR,2006,0.45156982573031956,NA,1.2758124586809814,0.48772666282387633,5.260281740584772,0.5614705037230643,NA,69.7533060270846,68.9270535521533,15.86793005543214,2.4704250646396875,0,0.3259217633215964
SYR,2011,NA,NA,1.4457190050080755,0.5184773715722828,-12.85584668349292,13.14316119727318,NA,47.22413396090682,57.8481117496972,NA,2.1617122842783703,0,NA
SYR,2016,NA,0.05526665558103265,1.4774136958165045,0.5399680003893264,-1.0424291444107951,3.163800004268514,NA,53.12793884918058,NA,NA,1.1054410884348391,0,NA
SYR,2021,NA,0.06285185420936755,1.188499729003873,0.471367234337568,1.2934986012513026,0.7929740094544647,NA,48.41497658775525,NA,NA,2.159475244899401,0,NA
TCA,1971,NA,NA,1.2792411039526872,1.1957620146085726,NA,NA,NA,NA,NA,NA,NA,NA,NA
TCA,1976,NA,NA,1.2041276337622344,1.0684262381444545,NA,NA,NA,NA,NA,NA,NA,NA,NA
TCA,1981,NA,NA,0.9963918840965589,0.88936244957301,NA,NA,NA,NA,NA,NA,NA,NA,NA
TCA,1986,NA,NA,0.8057821504358404,0.7782193506375054,NA,NA,NA,NA,NA,NA,NA,NA,NA
TCA,1991,NA,NA,0.7378982825210627,0.6130313890300688,NA,NA,NA,NA,NA,NA,NA,NA,NA
TCA,1996,NA,NA,0.7319164456558326,0.542725369738044,NA,NA,NA,NA,NA,NA,NA,NA,NA
TCA,2001,NA,NA,0.7330200486092009,0.554905442470913,NA,NA,NA,NA,NA,NA,16.653465486956154,NA,NA
TCA,2006,NA,0.6124403359800215,0.7044265883085964,0.6931004664895727,-3.431142926943343,14.427200280007051,NA,NA,NA,NA,1.8498648599289638,NA,NA
TCA,2011,12.757886811931,0.4766931740171769,0.6179518727058679,0.828894145544085,4.610189801204828,5.640237209302838,NA,NA,NA,NA,18.110411370258824,NA,NA
TCA,2016,12.205986632257668,0.45830068009457064,0.5371214587727284,0.9041925378235771,11.951286186453968,39.10176843934448,NA,NA,NA,NA,9.119210492142399,NA,NA
TCA,2021,NA,0.3896221365305274,0.5302324053915727,0.9326957858936776,19.149216567659835,9.077831241418657,NA,NA,NA,NA,22.18738380251263,NA,NA
TCD,1971,NA,NA,1.1632009192710349,0.7813408996492437,0.898645320483506,6.677943590224848,NA,39.11925962966616,7.990662496806526,NA,NA,0.2814653553068638,-0.12703536830064527
TCD,1976,-1.5453117849530764,NA,1.3280383882742033,0.7630086381682114,-4.548600501121942,10.086436390478214,NA,45.76238636903918,12.10750064371974,23.13123556625115,NA,0.3158525705337524,-0.3903106801931922
TCD,1981,0.3990357917186677,NA,1.4733974046075142,0.7704705255876779,9.181983464381856,9.125170687976613,NA,36.61669729582968,14.45606968752386,8.110036580550664,7.82805704116876,0.162431985139847,-0.2750675261495272
TCD,1986,-2.446912427244182,0.0404625788157152,1.5412821174266491,0.7289306602395315,1.943629157029872,8.43358842697978,NA,46.47042474758642,17.26526732220608,8.185196661302882,6.910646640380134,0.162431985139847,-0.2275917647501366
TCD,1991,-4.804285635784702,0.03885058638217745,1.6180713059350431,0.651818732615359,2.4400360838587383,10.702655122700662,NA,44.31726852258066,12.201652172559818,8.066392771894847,9.717674805840007,0.3158525705337524,-0.3631602821353266
TCD,1996,NA,0.032000107663271285,1.7636543602519306,0.5695246301779925,2.6513828063947313,3.58050862755484,NA,49.212231401441,12.1148695240589,NA,3.445605459665529,0.162431985139847,-0.5474211412476112
TCD,2001,NA,0.03782709185636052,1.941032258290119,0.490621406209666,17.166583414526755,9.780512174300782,NA,90.67954308437798,10.128443284863357,NA,22.650180205700526,0.162431985139847,-0.826588514782874
TCD,2006,NA,0.04528566414825885,2.0711034490843376,0.4108748785315276,3.8008159194845854,6.003242145234228,NA,69.96925356080126,8.140540214349459,NA,17.49419903853846,0.162431985139847,-0.6596512268053187
TCD,2011,NA,0.042985047219950695,2.160116261964179,0.34050634954422504,4.3524878761891,2.7763570160362545,NA,50.55657731561862,10.199182508739103,NA,26.995888575855396,0.162431985139847,-0.7094136006001652
TCD,2016,NA,0.03538412801325725,2.204080603808553,0.29015912808604133,0.998063739840455,4.379518397659531,NA,44.26140997637776,12.5661327429672,NA,11.587838452446599,0.162431985139847,-0.871238431952218
TCD,2021,NA,0.03355364219250322,2.2067580629494894,0.2609508297709667,2.801061769642777,2.1729506254195887,NA,46.27666134765556,15.984500652896,NA,10.30582359639442,0.162431985139847,-0.703113415165393
TGO,1971,3.9951661673051806,NA,1.2391180132643083,0.6043163842416063,3.747206370270066,2.82728690830373,NA,60.8061484917662,13.57313444211688,27.063752534529847,NA,0.2814653553068638,-0.16382600253611077
TGO,1976,-10.449255540720646,NA,1.3375051508329054,0.5859234806142097,5.0724421514643465,8.443697415532784,5.057346770232145,90.12074579287496,21.70115143738514,23.63670534436934,NA,0.3158525705337524,-0.6542802938589158
TGO,1981,-2.941930685695184,NA,1.4125134954077625,0.595878743335073,-0.24009784075628593,5.352001116812184,4.957151951526087,103.8410411089432,29.37068644732228,17.6339620334708,6.14172827022805,0.162431985139847,-0.7424234057313148
TGO,1986,-3.6000832581029,0.04647276033297437,1.4330818297964232,0.5839292075889904,2.5110803629158904,2.824617628701792,4.863671506621154,86.13837244053748,27.4291779569807,19.68783716642104,2.1370687722429267,0.162431985139847,-0.423723525375426
TGO,1991,-5.482122731088074,0.04018542537293652,1.4164489310779464,0.5412842091041468,0.6103529753563226,11.493335025404265,4.671369050819938,52.9990198346399,22.60593508235728,25.99467916712037,15.22307521014748,0.162431985139847,-0.5847523333650961
TGO,1996,-6.313211256922658,0.03983592833032824,1.4182684622183228,0.49042245167523846,4.5223968920790725,6.9747691058271455,4.5428107049422,53.45431970759828,16.121930276615238,18.71609739339566,8.600317646016975,0.162431985139847,-0.6516968587614904
TGO,2001,-6.432004503092018,0.034583621206491055,1.474934225087024,0.4507247631409913,1.1450536070702986,4.377733221750637,4.572858267456656,55.5438139296932,15.413865420148001,24.11981856707594,5.092650500618549,0.162431985139847,-0.6562882352322515
TGO,2006,-4.7789360874730065,0.030304281841003946,1.5577273600641814,0.42249155998784055,3.363750662746992,2.8343212751760847,4.622576230582943,62.94050172119182,24.98161399027196,12.20602528261576,4.621688003316537,0.162431985139847,-0.4248906985281146
TGO,2011,-7.125022948786406,0.0324129229024798,1.6357472423646806,0.39855808467801657,5.810299991003592,0.3127804450745797,4.581490255469679,75.12741972411362,33.59291901803828,14.57557646958832,4.762037379105712,0.162431985139847,0.049068442877576994
TGO,2016,-2.4808988425962104,0.034050606379303724,1.6658169309900646,0.3718508184237535,4.020623917705318,1.1073897077594668,4.5558721271327665,58.7271531027085,43.4880091048533,16.58413872810238,1.7949930361981878,0.162431985139847,-0.1612137182998668
TGO,2021,NA,0.037676016440269466,1.6774245013999303,0.3530340917778069,5.871817942210266,0.6454157102616546,4.593656364138549,58.976325236313045,47.59918236881073,NA,1.5394804318340645,0.162431985139847,-0.09957772596972987
THA,1971,-4.07385436872153,NA,1.1400835825438205,0.5931193112477918,5.7693946854305596,2.513844088673889,NA,39.54142278852144,37.47700666096544,20.5611567302181,NA,0.418132960796356,-0.04486624955274178
THA,1976,-5.396089777454358,NA,1.0564501702228515,0.5796545253326828,8.002265674059142,2.5162319320722775,NA,47.72446284130718,41.0409503692258,22.03448829191728,NA,0.418132960796356,-0.14286827214446815
THA,1981,-5.25855482064991,NA,0.928816276954578,0.5815511835675854,5.44861791819558,0.4929887862525712,NA,49.22519703747622,52.925961083682836,22.11935316088708,5.991818959655592,0.418132960796356,-0.3375919372332198
THA,1986,-2.9647154682015935,0.18630314082868835,0.7925157425641207,0.5902702356141596,10.339711458472042,3.023796004195702,NA,64.40032151268115,69.8159297603479,30.11843570252,5.046075678061522,0.418132960796356,-0.337576190189896
THA,1991,-6.3622153817531,0.22056165061929786,0.6946809664832067,0.6397889010731078,8.20218085468,0.21918537943776525,NA,81.03540514361774,82.01937389359398,35.21876379230992,2.1743292457863848,0.418132960796356,-0.4627110082749626
THA,1996,3.934109662320012,0.21454068381432537,0.6526103728352248,0.752099443706039,0.858377764071686,5.80681301504061,NA,100.31413128663677,103.64586284807996,31.967838697546842,6.104782805508124,0.418132960796356,-0.6595205742489584
THA,2001,1.67977011497362,0.22053218020037949,0.6311943337881025,0.8885237757916701,5.451901787379022,1.5680154328705243,NA,123.439253910421,112.260706027518,28.08873527264356,2.1471143003798745,0.418132960796356,-0.3411146601780336
THA,2006,3.706762436208624,0.24947337674593134,0.6148230604356227,0.9858456833593159,3.7902867463896324,3.2517179389314577,NA,130.18342524295122,104.754060497829,30.4517379213277,2.1149468078417506,0.2647123754024506,-0.13386832875364305
THA,2011,1.796479852934236,0.277789531051601,0.5763366041828215,1.055780533155663,2.977787992298218,2.5904572770977277,NA,133.1115555012018,124.0383273561484,28.62298882435556,2.99215641302389,0.162431985139847,-0.186730499226575
THA,2016,7.390084179713736,0.2968089872180725,0.5398570445202205,1.1645427292625763,1.580045672849838,4.349642494323639,NA,113.95975548308716,128.45053080103241,30.65279707883442,1.771440092128437,0.2647123754024506,-0.054914755251945536
THA,2021,-1.3088841408549001,0.28510516362556926,0.5181102237655341,1.2842687335402734,2.05009859488267,0.514869009981857,NA,126.31192361869932,144.80006878327268,26.364917143815067,4.077989700820735,0.418132960796356,-0.003830877515881575
TJK,1971,NA,NA,1.204693005629028,0.8492062992313166,NA,NA,NA,NA,NA,NA,NA,NA,NA
TJK,1976,NA,NA,1.2195236910567866,0.7487316672030162,NA,NA,NA,NA,NA,NA,NA,NA,NA
TJK,1981,NA,NA,1.2686244380779281,0.6737049874823023,NA,NA,NA,NA,NA,NA,NA,NA,NA
TJK,1986,NA,0.10811605159971956,1.3204926824833798,0.6680818689292807,1.82000012557593,7.631317637558638,NA,NA,NA,NA,NA,NA,NA
TJK,1991,NA,0.059722001266115606,1.437788335086527,0.6746097665471883,-17.24326404830969,8.390087026068578,NA,98.02601666424314,NA,NA,NA,NA,NA
TJK,1996,NA,0.02771616914998899,1.467740661304884,0.6500566359797681,0.46348371426785584,9.89757728044493,NA,150.8226813290342,7.35538027779437,NA,NA,0.162431985139847,-1.0738101234974204
TJK,2001,-4.275743115830242,0.03482953549298926,1.3662426600342963,0.5778970123502972,9.6761672946438,1.7515260153771004,NA,135.6687474698182,10.246130565653639,17.828829811416576,4.01309788525741,0.162431985139847,-0.7629673804104817
TJK,2006,-18.095162915972402,0.04335496694553635,1.3120311295639167,0.4937217617606935,6.620000367095654,1.6269597619967937,NA,112.12666848738276,17.77321537740604,20.50087393776764,11.877415543795713,0.21914654970169078,-0.5802879901707664
TJK,2011,-6.99536932410782,0.05303004532489309,1.3212614841825399,0.3929575643089615,7.003860763532104,0.6367281173215406,NA,67.84978155523402,20.362503636477,19.2744166901824,8.992385667885918,0.1299455881118776,-0.6412114718899086
TJK,2016,-1.17914643294483,0.051819274117257785,1.360660748844043,0.3613933191799206,6.680000117367434,1.3026888976722486,NA,55.43019612838986,28.17757840203722,33.98452357258968,5.3307597957514465,0.1365634068846702,-0.7942416466065496
TJK,2021,9.418847545075513,0.05806082898819528,1.441777508146231,0.3731968878453007,8.56666636845274,0.7371112370453101,NA,67.63205002049203,26.698761555482534,42.00180596667563,2.1221058723195982,0.2585216561953227,-0.347579410359092
TKM,1971,NA,NA,1.2117718852221282,0.8963584294976853,NA,NA,NA,NA,NA,NA,NA,NA,NA
TKM,1976,NA,NA,1.162301795424407,0.8172244215076381,NA,NA,NA,NA,NA,NA,NA,NA,NA
TKM,1981,NA,NA,1.1503314213579667,0.7168952612679241,NA,NA,NA,NA,NA,NA,NA,NA,NA
TKM,1986,NA,0.22272284778290383,1.2038749396261543,0.6495931418363606,14.050953592228826,19.992586775390812,NA,NA,NA,NA,NA,NA,NA
TKM,1991,NA,0.15994982711695896,1.2396007631980428,0.6612536456416268,-8.514230208404536,7.682844300411173,NA,131.18392224990484,NA,NA,NA,NA,0.3436968564687985
TKM,1996,NA,0.11188059169999538,1.204257356872416,0.6534812468337887,4.873811181321362,10.107551307866775,NA,109.31662413938054,NA,NA,NA,0.0324863970279694,-0.2235619177208442
TKM,2001,NA,0.11768137537325624,1.098606230251071,0.6088692090808632,5.180859301315294,4.751420874090231,NA,64.43692024386402,NA,NA,32.59018785581474,0.0324863970279694,-0.01627754944854402
TKM,2006,NA,0.15994073683654964,1.0101140702104898,0.5328377477147508,10.406521579752592,3.1298220641755865,NA,81.05287781777636,NA,NA,25.861013127872624,0.1299455881118776,0.4714852968920852
TKM,2011,NA,0.2177585807911383,0.9758226459368968,0.42759317734360547,10.559999974177671,2.920273961390228,NA,98.2765445327966,NA,NA,14.383775582231529,0.162431985139847,0.054197282091812175
TKM,2016,NA,0.22882055622544506,1.054466668146442,0.39384474553758103,6.2200000090848295,0.21679483712643885,NA,49.34881346000418,NA,NA,14.714516641738525,0.162431985139847,-0.3206391211970042
TKM,2021,NA,0.2356465815066613,1.16348061933073,0.405906767877456,6.233385846395484,0.05782602231827542,NA,34.83944728041713,NA,NA,66.82761405287488,0.162431985139847,-0.002752168698545651
TLS,1971,NA,NA,0.966036350435557,0.494918224092848,NA,NA,NA,NA,NA,NA,NA,NA,NA
TLS,1976,NA,NA,0.9497639623457074,0.43811633875032946,NA,NA,NA,NA,NA,NA,NA,NA,NA
TLS,1981,NA,NA,1.0327753066792982,0.4384253396875257,NA,NA,NA,NA,NA,NA,NA,NA,NA
TLS,1986,NA,0.0286864612120235,1.18734008323311,0.41836639573169554,NA,NA,NA,NA,NA,NA,NA,NA,NA
TLS,1991,NA,0.034327328056060306,1.2987935586007986,0.39014741179361506,9.03653373280481,1.9630340587858865,NA,NA,NA,NA,NA,NA,NA
TLS,1996,NA,0.03440930572805227,1.3845660367346404,0.3945791770669111,6.521570426882589,33.54475163342007,NA,175.648459523834,NA,NA,NA,NA,NA
TLS,2001,NA,0.03615177361028756,1.4732193266895726,0.4166784254952962,2.169864033452107,8.695327057601807,NA,130.29224909661127,13.419414127443222,NA,NA,NA,1.09542628609447
TLS,2006,202.8224999135542,0.03486536428940525,1.610908366692739,0.58067450204381,7.404508709157482,6.4820059852816785,NA,130.99486616240122,29.71318467223864,246.4444693232398,23.656436756198087,NA,6.007461671940458
TLS,2011,144.51531685072322,0.04842124134653032,1.6122421019164428,0.7237735430041915,4.1752166499235255,1.392730802807196,NA,98.34273086200186,36.73012785279004,189.25026679329522,17.179144332591193,NA,10.861075178775316
TLS,2016,-4.29502713927298,0.06757422381193039,1.4740966159902302,0.6765871045857981,11.059927592025202,15.815983786929028,NA,67.82582224591746,46.0589242397035,24.2688149292271,7.948144437540122,NA,9.94508621526287
TLS,2021,20.241451029836384,0.07590205874434773,1.3786530504809091,0.5812285709549542,-11.096193973382418,14.309811039126338,NA,95.59525423264583,42.9043244702774,19.281953382301634,19.700084602187207,NA,7.470325047865638
TON,1971,0.752711312250312,NA,1.2841917613827465,0.6682534888937904,NA,NA,NA,112.148083714899,NA,NA,NA,NA,NA
TON,1976,-5.22367795609443,NA,1.3023229007294663,0.6586760085572027,NA,NA,NA,92.98671865314073,NA,NA,NA,NA,-0.0646128789212595
TON,1981,-1.8203415797266211,NA,1.2576232039966622,0.7236349864765305,3.7551309249518825,2.3123535011821232,NA,92.91688056299469,NA,26.94406990274788,NA,NA,-0.00824263183270806
TON,1986,1.140975749823943,0.10112592334009055,1.2273598311153453,0.7985614849609386,0.3136483781331603,2.279400099190537,NA,93.49618303386501,31.97102005900465,21.48718767066982,NA,0.418132960796356,-0.08407081899417485
TON,1991,-2.4605232672789477,0.11063954905724292,1.2278938271271125,0.8487738251071877,4.317133307639136,2.5158221692544687,NA,71.52309305636965,29.669835866410022,16.95276897799767,NA,0.49871107339859,-0.09932586559197924
TON,1996,NA,0.10822962125675147,1.2401354128832127,0.8884930059506306,1.5683033770345716,1.7833879823325025,NA,70.05218936591984,31.729822311231498,NA,NA,0.3056132107973098,-0.3211754533143336
TON,2001,-5.925776988470702,0.10454369355327375,1.3064528870866403,0.8874959562994872,0.6695824386434912,2.444985890301492,NA,71.9283590307176,41.31832133913644,18.80900714553918,5.4350198416470175,0.23402259647846219,-0.5230259846611204
TON,2006,-19.336526073786928,0.09253745698130307,1.4069411302741166,0.8762419062963233,-0.8143822342919137,3.810582100600406,NA,70.47592377023541,45.39008382413252,14.189403200028,6.797278867311534,0.3325756788253784,-0.4706122643078498
TON,2011,-12.34708401061286,0.09654881867344661,1.424761751932978,0.8294793763505168,2.2243322658554754,2.5692939317958516,NA,79.13647980987696,46.08156669609882,17.673155739922272,3.348133808556642,0.446004807949066,-0.2987291151880394
TON,2016,-7.500670701625804,0.10208323616640204,1.424137405354033,0.7519033347440923,2.369965339079811,2.7081502065366876,NA,86.3639025411324,55.750661397148356,19.04846872188154,6.083995397762887,0.2758611142635346,-0.2227941767890924
TON,2021,-8.645353644138494,0.09522779907680047,1.4570508356620349,0.7221708320772847,-0.0911090530534251,2.56561767389646,NA,72.76578158811827,66.3203478972884,24.313984361678767,13.309520402078109,0.162431985139847,-0.1764919685448761
TTO,1971,13.9318149435852,NA,0.9669722150758809,0.797006594907288,2.752534558636864,2.002400757952949,NA,NA,30.56129145518662,NA,NA,0.418132960796356,-0.3964453111529972
TTO,1976,4.618977877486999,NA,0.8718584882380451,0.7358744758636262,7.906718782252676,2.8681963424012293,4.352077515816975,NA,31.91685278410326,NA,NA,0.418132960796356,0.003964560051693397
TTO,1981,-4.058303079435586,NA,0.8726336330973029,0.7400134032458174,-2.358825515770062,6.397356349545051,4.688647406922493,NA,40.93857269407904,NA,11.305082791013191,0.2135721802711488,-0.11912119637545124
TTO,1986,-1.417096170523485,0.28790391005464766,0.9018851100976518,0.7386590596476714,-2.2162824011780957,2.516633521553232,4.419751296252858,NA,48.11848385891638,NA,7.828742612481364,0.162431985139847,-0.7803489221928148
TTO,1991,2.9607650808644843,0.31169770796628454,0.8506528959537296,0.709629637010797,3.982673272346544,3.8708789831277777,4.318142012633264,NA,41.86154554945342,NA,NA,0.5729317724704742,-0.9744366902465509
TTO,1996,-2.47842847617427,0.3569119817825459,0.7366922016764914,0.6696487784304214,7.54161466437167,0.5360397001494246,4.247057177810124,NA,48.6870463437482,NA,NA,0.9642046928405762,-1.0360088982597417
TTO,2001,10.411462494594824,0.465357052277729,0.6326630078857832,0.6442051901143088,8.141042519644486,3.849723814498793,4.346768299483726,NA,43.0730942915984,NA,16.8553695738188,1,-0.7420342821374676
TTO,2006,24.09982321416136,0.6193572437069472,0.5934942935833871,0.67874829696116,4.05710016939738,6.256796339586052,4.482707002121778,NA,47.06554742571516,NA,11.634732485106822,1,-0.23999791454037742
TTO,2011,14.80443985608103,0.5877613358224745,0.5959973823498771,0.7836987241037933,2.609833996785457,3.00206835417401,4.723858008253707,NA,53.34405561691146,NA,2.140560674215988,1,0.015798432886176893
TTO,2016,1.45721282669341,0.45637003191306746,0.605966954159616,0.923777940424812,-4.335125174676715,4.028943044184375,4.844642779304324,NA,70.63415495262882,NA,6.029344906372499,0.8700544357299809,-0.05284179525028451
TTO,2021,10.858078994924334,0.4239031551620246,0.6149914986587638,1.0378422144518442,0.5369932245165223,1.1271436360048617,4.847610817057771,NA,70.33533435142643,NA,19.08673186622931,0.7182503342628477,0.10042129640813466
TUN,1971,NA,NA,1.18803201330701,0.7120606910852924,8.575830896577884,6.6226482251992795,NA,56.52591235553244,35.67447284740326,NA,NA,0.162431985139847,-0.38871010831397
TUN,1976,-7.157072497163868,NA,1.1878464356045055,0.6845827228288974,6.342936561325004,1.7439819675154054,5.4111997573715716,73.43602952233486,40.94635057639012,24.9165764721877,NA,0.162431985139847,-0.547475329116668
TUN,1981,-7.304377125693528,NA,1.1300514380757332,0.6959435558588267,4.21993382188363,2.668590337100219,5.385383730539177,80.03440132724579,43.74491723584784,24.72425846014572,3.5082084483492078,0.162431985139847,-0.917178082907357
TUN,1986,-2.2227791396871153,0.15822127175986112,1.0902423471718925,0.71630115545428,3.004612064778342,4.126726171782399,4.966147341219227,81.59421522145362,50.193376160157555,22.24555231990276,3.673644041614974,0.162431985139847,-1.0392658075879713
TUN,1991,-5.498828659328402,0.16535656888792064,1.0001653170138296,0.7277658204439669,3.8860368429548022,2.2965444513056097,4.871405886594998,89.32318162510276,46.766820959692076,21.03038805431328,3.9556217475224673,0.3669927656650542,-0.9613520518673838
TUN,1996,-2.831018513980278,0.17042960202786858,0.8990926631973863,0.7651622088089082,5.627078867987682,1.0095894486116057,4.8809930604837435,81.34894961587892,46.52120566801094,22.21945088912992,1.5639302951592928,0.162431985139847,-0.8807552069989038
TUN,2001,-2.4075219118469926,0.18037241249912034,0.7985894331636585,0.7984409526719375,3.908712921687472,1.7975190919187074,4.795286752029741,86.8922620901341,53.90271698111462,20.77783007016962,7.6442133569205835,0.162431985139847,-0.9420157275618615
TUN,2006,-3.073232067120746,0.20501459803804384,0.7465502992077784,0.7950868243822388,4.441197031282706,1.5768726735991403,4.6416678715394575,101.10237604584903,59.2843723749965,21.10071495815798,3.766696165076233,0.162431985139847,-0.8894066027985772
TUN,2011,-8.063392558528506,0.20045378761740978,0.7755522488307255,0.7752161646567773,1.73162728416158,2.4170129198851495,4.5614400622261995,96.79353888711681,65.62801067981816,15.21788742583758,3.9023070099621826,0.162431985139847,-1.089005150465396
TUN,2016,-8.679864354568497,0.18851284576216357,0.8445773817191249,0.8017103288806579,-0.28964343718366414,4.890168255174929,4.428338737011669,94.68792620806553,70.05904922208133,9.836069430077508,2.0255863348670142,0.162431985139847,-1.4762853544269499
TUN,2021,-5.674191999860656,0.17333940423277458,0.8797064220061076,0.855277872002945,2.5574465468581917,2.2822567613857063,4.465337651824913,107.28602215463597,78.87628439432346,6.7495405882997,3.4645827069552477,0.162431985139847,-1.5525350220640775
TUR,1971,-2.581690231453365,NA,1.1085997376782961,0.9394060300138409,5.8046808874200035,1.6634063044047067,NA,15.38235220225754,24.05659689526288,32.46833613335575,NA,0.1299455881118776,-0.05808159658137476
TUR,1976,-3.548421426629532,NA,1.0907979348521102,0.879319868956457,2.459863675202852,4.985601264015207,NA,13.534469650878313,20.84988004472264,31.89815685772226,NA,0.0324863970279694,-0.10932146687139749
TUR,1981,-2.243566228424244,NA,1.074058712010143,0.8394300053356081,4.868861756886858,1.173273552585385,NA,29.43213554445562,24.54260688510756,31.4816347653139,5.541396319006367,0.1299455881118776,-0.1818670412772054
TUR,1986,-0.3941826626155716,0.34359436434339846,1.017237071859348,0.8094024948280696,5.674939497446488,4.166859457453302,NA,32.77724841727698,27.11930142091216,27.75371158209042,4.697689883824708,0.2647123754024506,-0.2639047830854578
TUR,1991,-0.5989399956062373,0.3499037786810079,0.9454817620976994,0.7933548804301418,3.3234597379669517,5.316249758267974,NA,34.59375958591478,26.97948065558856,20.43478652388254,5.756706745451243,0.418132960796356,-0.2786605666565594
TUR,1996,-1.0439429024027258,0.2978700630120352,0.8820507535264898,0.8175900018080335,4.071349583624212,4.589364465316495,NA,40.56539049621532,30.56735826540132,25.53673515767874,4.765551621335609,0.162431985139847,-0.3443425105981906
TUR,2001,-1.6768959157677787,0.24978969328958112,0.8523988656722586,0.8719514475133818,5.162435328097672,6.187310035621775,NA,47.94356739165476,37.643963774035576,23.058827061549458,0.6494288387031552,0.162431985139847,-0.3576832507070512
TUR,2006,-4.696747607888574,0.3250036117582939,0.8394888398231907,0.9109116863011467,3.3510867808503684,5.421080474902068,NA,48.343374018944296,46.28284553329038,24.92233290798568,2.083986564256111,0.3325756788253784,-0.3872830528553862
TUR,2011,-4.907231468497818,0.4221962327461367,0.7962018713165737,0.869057723864049,6.936442945134364,2.7397150067311156,NA,53.24587949994924,51.0696274514972,26.2078988288666,3.707694701563225,0.446004807949066,-0.484184852798765
TUR,2016,-2.150632933978832,0.4574298642716254,0.7662094221830479,0.8476486681190988,3.544472313694032,2.5713671563572844,NA,58.15985735177866,57.0178112199333,29.29489108791104,3.8107741995557793,0.2758611142635346,-0.5149815777867136
TUR,2021,-3.12398580440997,0.49274382574894077,0.7699697628104284,0.9139801266837542,7.432481087317966,3.797158848618431,NA,71.73012610464816,58.836604018478035,33.16334408199157,6.79288843816335,0.162431985139847,-0.42658754860637127
TUV,1971,NA,NA,1.0303114817134293,0.8663541446793552,-1.729760000000096,0.20164914579530074,NA,NA,NA,NA,NA,NA,NA
TUV,1976,NA,NA,0.8843743824209529,0.7089722725852797,-1.491079999999964,1.3712116145948678,NA,NA,NA,NA,NA,NA,NA
TUV,1981,NA,NA,0.7980425898555649,0.71520611280904,0.23813999999995783,10.029068994328323,NA,NA,NA,NA,NA,NA,NA
TUV,1986,NA,0.07015040802245144,0.8862572516447429,0.8602539476928901,13.515520000000036,9.486379095155344,NA,NA,NA,NA,NA,NA,NA
TUV,1991,NA,0.07383691753104943,1.0248696075226411,0.9875325747703989,3.15754415198093,5.446199896653808,NA,NA,NA,NA,NA,NA,NA
TUV,1996,NA,0.07185366837323802,1.1169380493958518,1.0001707791580348,3.4017476808498612,8.964070791151723,NA,NA,NA,NA,NA,NA,NA
TUV,2001,-27.546085475878275,0.06897230328242067,1.178361456680874,0.876650786734158,-0.3495813253143858,5.826536462061978,NA,NA,NA,NA,NA,NA,2.795112605143936
TUV,2006,-20.73217024598128,0.06339041029668002,1.1490420917953836,0.7960297820645854,1.555265195509096,5.773218665680414,NA,NA,NA,NA,NA,NA,2.842372806603934
TUV,2011,-15.154451189906778,0.06293881049824145,1.1352694717346647,0.6838386593784287,3.89100299946739,5.067680756227507,NA,NA,NA,NA,NA,NA,4.341090122782488
TUV,2016,17.363051866912848,0.07396070713191072,1.1449327480676386,0.6195436743497058,3.808644085766414,6.647474266951438,NA,NA,NA,NA,NA,NA,5.444219462220888
TUV,2021,14.367631469323136,0.07417071944148702,1.2252324591220662,0.6187822586900774,2.1114181559900747,1.6098964506781022,NA,NA,NA,NA,NA,NA,5.928773549892547
TZA,1971,NA,NA,1.267174128327988,0.5484229453727636,4.662310939923296,1.9928450436053502,NA,NA,12.55500028177582,NA,NA,0.162431985139847,-0.3740511197446094
TZA,1976,-2.875588701752531,NA,1.3740155169239439,0.5784782252660743,2.135553297257345,1.2469691232468034,NA,NA,14.97235558724066,NA,NA,0.162431985139847,-0.33407338705134076
TZA,1981,-2.848496622716076,NA,1.4976436762451022,0.6242852914568542,0.8359532419726328,2.2988585400007056,NA,NA,17.3437116456407,NA,NA,0.162431985139847,-0.3607336767624278
TZA,1986,-5.447984704806202,0.03873635794891491,1.5075993342823935,0.6034751062063555,5.671436752608158,1.4856738096634747,NA,34.4836065795064,13.15541023363994,36.8191390248827,13.94027787232662,0.162431985139847,-1.0940639213821015
TZA,1991,-10.57309273775432,0.03636828964212153,1.472253311906205,0.5525942848001008,1.7999369574016997,1.1282167349759404,NA,40.10692078053404,15.99522778459154,35.29895687881818,3.8305518821143867,0.20263009071350083,-1.483951449026036
TZA,1996,-4.6782353966315124,0.03305772530252704,1.51038471599676,0.5063920997617909,4.232560996320502,0.5817464309602189,NA,27.94802038947774,13.44117977710558,25.48996396942858,1.1020294713362384,0.162431985139847,-0.6959893224306531
TZA,2001,-2.8926966924675894,0.0348043933646894,1.6353982902856863,0.4703230211213067,6.963385403955482,0.6027344239054433,NA,31.30945127054852,17.68404066359214,22.1986172533961,6.847162059950803,0.162431985139847,-0.5133619787330462
TZA,2006,-7.209148112050478,0.03967115632815853,1.804301066646088,0.45474823945958887,6.11856042517421,0.6223770225576104,NA,46.20522917501772,22.96334305949906,27.55377136470632,7.252585745787498,0.162431985139847,-0.3090048322863554
TZA,2011,-9.711897763997833,0.04127326669257947,1.884096217705131,0.441471203601602,6.369397047601352,1.176493762253358,NA,49.056080802876416,23.13458276065182,23.63277962110284,3.701756339901372,0.162431985139847,-0.4479757760261744
TZA,2016,-2.734625812810622,0.0446730375212973,1.8672702330156437,0.3947000848913338,5.37780535301306,1.9809631555188891,NA,32.43145534743384,20.390597868044882,32.23798007037172,6.9379391752882915,0.162431985139847,-0.5323067871265652
TZA,2021,-4.78126507475832,0.04887146369089911,1.8785878546226724,0.3606284038628346,4.65230453038277,0.38146256348397095,NA,34.376890174647734,22.255038446125432,36.33135013624577,5.366873702010631,0.162431985139847,-0.5877616630602465
UGA,1971,NA,NA,1.314347211897122,0.5639386380937832,NA,NA,NA,31.79538554224608,21.59409661892032,NA,NA,0.162431985139847,-0.05762640287395518
UGA,1976,-6.64221718449514,NA,1.4257389196066357,0.6061211759862212,NA,NA,7.697373810060802,30.57397085675236,17.48114176581288,NA,NA,0.162431985139847,-0.040290721004907416
UGA,1981,-0.3080984677865198,NA,1.5339343883272851,0.6498360937808862,0.6978336753819894,4.61464942148666,6.269563478151119,28.421094247862982,11.429663626209821,5.4265078709778205,57.26652268808101,0.0974591910839082,-0.16943986324913599
UGA,1986,-3.384794679275764,0.027874281219745257,1.5986255463411005,0.6438554062573025,5.0910289349624875,3.040939639771373,5.967992706272473,26.46919867304506,11.110769858577282,4.523564325953328,47.68428966471012,0.162431985139847,-0.289437649959245
UGA,1991,-4.633270575870386,0.029365872379459347,1.679573139121464,0.5974607907730859,7.045124892236272,3.0611706360308295,4.947548163169924,30.231337233679522,10.751632722296174,14.076348519771951,28.572893761328608,0.1997395813465118,-0.6175650706453454
UGA,1996,-4.947901291464734,0.03174331779179011,1.862281475783806,0.5362820829473546,6.054647528760186,2.440225098622471,4.898886336269879,33.6723438547879,14.583381283844961,19.37283758789948,20.956145013883805,0.7075943410396576,-0.432895978357193
UGA,2001,-1.5431158088159425,0.03312706577538471,2.0306362199371226,0.4523860554883436,6.70588080416389,1.2873267937291997,4.647612360255642,36.529573826366416,18.24578137038876,18.15459359003152,1.0941587354220956,1,-0.4407299179602352
UGA,2006,-5.319771783138772,0.03972583604827156,2.1543249234807518,0.3694138847877597,8.069010247780504,1.9634569703969602,4.666402780958507,46.4004195517866,19.15386447654304,18.6185582131965,5.69359289025831,1,-0.1795872650435326
UGA,2011,-6.28220008353951,0.04004199538364308,2.163422104477684,0.3085355656908478,5.422036822084552,2.3340415461717656,4.6316565310869455,40.01404339763132,17.88890143685686,19.86406214006172,5.078877828812186,1,-0.3449259335298626
UGA,2016,-6.216067781677256,0.037360928671423446,2.0379993629362385,0.27392671380681305,4.721276209471224,1.6672223405905684,4.560667179404484,36.209313382591816,20.33300135528528,22.71013107853224,4.933355855804441,1,-0.4849097321159418
UGA,2021,-8.415419103448633,0.03759373892424944,1.957416409192554,0.2537658158774627,4.4871917392138,0.9044216029013311,4.635072049203837,36.5202096665979,22.066698871267434,20.707584462871566,0.907377172587746,0.744298994541168,-0.5543750615471857
UKR,1971,NA,NA,0.49893526721127046,1.5867589970246552,NA,NA,NA,NA,NA,NA,NA,NA,NA
UKR,1976,NA,NA,0.48387897446123357,1.7589293945337914,NA,NA,NA,NA,NA,NA,NA,NA,NA
UKR,1981,NA,NA,0.5010156048539699,1.766072196878364,NA,NA,NA,NA,NA,NA,NA,NA,NA
UKR,1986,NA,0.31774758332738606,0.5281859155368493,1.778092495675309,0.03144378430519993,5.560876949769649,NA,60.311292142880305,NA,NA,NA,NA,NA
UKR,1991,-2.301251317344,0.21583245212336025,0.536000750325388,1.8894482017210243,-13.580000000218876,5.62378875782331,4.75711881412522,63.8689812300842,30.50053322092335,27.83828972183655,NA,NA,-0.4203031242889975
UKR,1996,0.19635032761999396,0.11837074758408722,0.502191653023203,1.873888257167193,-1.8400000000845598,5.712530087450413,4.7329938006628955,96.3670423161268,14.958978865610039,20.09608365368508,NA,0.1299455881118776,-0.3563874600685518
UKR,2001,5.860212794924152,0.14603585245217043,0.4363761117160948,1.878746171558105,7.70456799915846,3.4741420807916277,4.612305485075693,100.62805166810558,32.28998002198454,23.9015335517962,5.875333915132374,0.162431985139847,-0.24139036008428502
UKR,2006,-3.067187721714434,0.1785065047551092,0.4167184025470393,1.867403632054,1.397258653540074,9.564978682382959,4.663358144173768,90.92107970519372,51.16127585258148,16.36679543355774,7.7978843284572985,0.0974591910839082,-0.2584547745994174
UKR,2011,-4.0952743996665175,0.18731063910004989,0.453765945093956,1.6570471385796952,-2.841769464956956,6.826299919595196,4.484684690813372,101.98558609856865,54.75545752839012,12.653133480275882,9.925623406114097,0,-0.3837684594140608
UKR,2016,-1.995764379057902,0.20769411977718083,0.510011579227988,1.6803984051921383,1.547200497970378,3.0019932710177426,4.412873993721027,95.68473791272926,40.5288525641965,14.94448545382162,2.4068651811017583,0,-0.2536436138686162
UKR,2021,-1.1212161314898432,0.2182020374143832,0.5182829184060769,1.7098069831323137,-6.592743335471907,19.224579959164224,4.539761809942781,82.53469651591337,44.058972898428735,13.919772475666766,23.3777672158827,0,-0.08157909515651222
URY,1971,NA,NA,0.6106025106402297,1.5688449621387845,1.53923542721707,2.9828473865229514,NA,28.06062636413084,20.82987591835924,NA,NA,0.01193176880478858,-0.1959681596164274
URY,1976,-4.845466483201103,NA,0.6442582276387078,1.6610468988848481,4.561486867001518,1.9380777476624016,4.666997618592696,39.17184666635548,34.62398235540974,15.351552056794384,NA,0.3597780048847198,-0.15156241108962443
URY,1981,-2.538345798195188,NA,0.6648111626650431,1.7817687786967134,-3.629758449484256,5.9327930117246845,4.523053501046809,42.19150027617942,54.50859872826848,12.530638990212353,2.974923143650135,0.7612100005149842,-0.4419576188550712
URY,1986,0.5303933343626283,0.2797592913910701,0.6719430177032868,1.8410372026467199,3.937026472813402,4.107988151914421,4.220944245362416,41.99084647790022,51.23598019269442,13.653672094550819,5.103782119211509,0.716427206993103,-0.3563842333070256
URY,1991,-0.9847930593036256,0.30806938949655377,0.663637522087906,1.8862817084602508,3.992337340122032,3.805112284801073,4.469073885381719,39.11188473819392,40.5072573153202,14.46480049723508,1.9036670093766916,0.6448365807533264,-0.16302867325275242
URY,1996,-1.761506555946714,0.3205930398430544,0.693810785177908,1.9208098165165344,3.038730901270568,4.59525162331611,4.6952131793529706,36.59500720687688,37.89833470834428,12.909766960209181,3.4468734359042075,0.8926140785217286,-0.129363581542315
URY,2001,-0.006424841152585925,0.271662675747756,0.7347692544053123,1.9285318341503628,0.3386878453963028,6.231600875610619,4.445297154609096,49.690432789062896,52.27798508296284,15.21122710262112,4.741999206037285,1,-0.10851413255272915
URY,2006,-2.275049294416556,0.3245551230631242,0.7518509979004714,1.9023072668860372,5.972627341878882,1.704832179776524,4.477814530563465,58.29671476615568,41.49494343071408,16.84038598663048,5.779273310719958,1,-0.0674423666281418
URY,2011,-2.5796070401118647,0.3867297842107682,0.7369887902096399,1.7905873324391224,3.389476572286779,1.8612865910839973,4.6671309073862455,50.488379904174536,43.39336888271646,14.67286492663546,4.202023322162785,1,-0.29846952040940117
URY,2016,0.20521514605966515,0.393933372396417,0.718746934501821,1.632591372306966,-0.5668047302359519,3.850235032378775,4.725742831292463,48.02331609938674,48.97469558431744,15.95820737022924,3.733630940518889,1,-0.2663913032126106
URY,2021,-3.0124834454855702,0.4184708030433851,0.6902895226595798,1.5371866302948358,3.6908763138728156,2.642424320452643,4.761917391597521,57.4189410646263,54.143834213318364,15.101447577778133,3.5360052790307535,1,-0.22459049507861276
USA,1971,0.24152763778492994,NA,0.5895262554442655,1.671889382185326,2.6895469574524444,2.9369278817544338,NA,13.427674846130799,70.08295145848813,22.19433222456612,NA,1,0.03503111261556426
USA,1976,-0.22430083221273514,NA,0.5239019148100761,1.66596902545899,3.691327878584386,2.398563569183109,4.661985175933476,17.58511648669808,69.56713800193418,22.565253163068682,NA,1,0.03256232453647176
USA,1981,-1.3468930707361604,NA,0.5111346489275642,1.7679846204088743,3.344901394861236,3.3358549318814443,4.907497587965228,17.55092649607284,72.79286226537972,21.44580570698378,1.7107226630156358,1,0.02724031766666809
USA,1986,-2.385174171387734,1,0.5224374981066937,1.8486833813882904,3.330494107548744,0.8591958454362718,4.7233018007297405,18.63436737121724,74.49352487846149,19.54517479523826,0.616701636642628,1,-0.019160974081394302
USA,1991,-1.0274030193081891,1,0.555411508874825,1.843383081999476,2.575886723871243,1.6011971262711506,4.636258070924543,20.6581004278534,63.92454447759648,18.034771937753902,0.679342088352445,1,-0.04907233904294712
USA,1996,-2.491037475358064,1,0.5731359792004428,1.7398746962889362,4.31380895693714,0.3937723884900117,4.72493204581814,23.47156861970718,65.32093359254552,20.72574264411782,2.0108093921060908,1,-0.10891625758208762
USA,2001,-4.681446120039574,1,0.593515466302416,1.6227383029645808,2.556582653820989,1.2124232132662347,4.774910854922156,23.5934967494684,72.04872305822896,18.2644945226441,2.7438445864261096,1,-0.20350924229768622
USA,2006,-4.24181751495011,1,0.6137125408026493,1.5890167880058834,1.0041355064197848,2.271727702364768,4.643709930686335,27.5669035955558,82.76157801519508,16.19256379384552,2.654618616675473,1,-0.1848708272396168
USA,2011,-2.371580162823062,1,0.6348086065104521,1.622248218101691,2.288144122142854,0.5100317520013139,4.601923930060796,29.8720637311322,88.47503191754527,18.56739912074362,2.24165117714599,1,-0.3613605115090386
USA,2016,-2.205980577057826,1,0.646016520451285,1.6337161653905108,1.5328750078372761,2.106939892244768,4.747533710603727,26.27733694225234,94.69402656907286,19.06843468986316,0.2701851217221266,1,-0.5267524879865513
USA,2021,-3.6539239857258665,1,0.64847978157272,1.6680231098190865,3.8183280866001965,1.9461227258603069,4.813725230207015,26.0712757286887,107.638995289376,18.132442027051265,2.159475244899401,1,-0.7837305628569038
UZB,1971,NA,NA,1.2140315840128528,1.0893162608416196,NA,NA,NA,NA,NA,NA,NA,NA,NA
UZB,1976,NA,NA,1.1505170613826134,0.8490674524538113,NA,NA,NA,NA,NA,NA,NA,NA,NA
UZB,1981,NA,NA,1.1205532472166067,0.6833820208222077,NA,NA,NA,NA,NA,NA,NA,NA,NA
UZB,1986,NA,0.11154545995473851,1.1478053362789198,0.613052444935101,4.60995875136423,3.9921563959081148,NA,NA,NA,NA,NA,NA,NA
UZB,1991,NA,0.08925944357773336,1.180173680604102,0.6753423478660902,-4.01840000107946,4.418268072998244,NA,NA,NA,NA,NA,NA,0.19808769826248682
UZB,1996,NA,0.07346845328608158,1.1752523704173685,0.7263075827141355,3.867000000524642,1.3085086912238941,NA,45.8223587324465,NA,NA,NA,0.1859070003032686,-0.09424158496982474
UZB,2001,8.02147599172506,0.07801169811957916,1.0715219679437644,0.7188706127979757,5.353792325035478,1.6967646184840597,NA,66.46220092054045,NA,34.6724805212434,14.096546136483527,0.0974591910839082,-0.120089771291667
UZB,2006,7.734597669952904,0.09950630788672295,0.9613461841119638,0.6492116806377028,8.320337217570422,0.8918585803585655,NA,67.91512343642545,NA,38.67955383762464,7.256238695081634,0.1299455881118776,0.1712480994103376
UZB,2011,2.3641810777388637,0.11959742190363233,0.9227008059381253,0.5566309785162008,7.203349420003272,0.24043327504559206,NA,40.67695373892092,18.830345872374433,30.3863169891408,10.458871832085904,0,0.1418115688543874
UZB,2016,-2.664136276481338,0.12820976557240002,1.003023783891448,0.5412946187895812,4.84597758635519,2.025304024019847,NA,51.3810796650282,18.28051678963502,27.85078155199426,2.5820534463871994,0.0974591910839082,0.0997207979353654
UZB,2021,-5.695968800353636,0.13227593652626723,1.1304709674346576,0.5573604331677774,6.775813933086006,1.0998179258184595,NA,62.1351228464026,18.1010015891388,28.00236294110003,3.2419130154894673,0.162431985139847,-0.09618204874471309
VCT,1971,NA,NA,1.2947035683505803,1.0477890367525045,0.25378069152193217,15.286334139307082,NA,NA,65.3248842175324,NA,NA,NA,NA
VCT,1976,-3.973538006988407,NA,1.307408438053774,1.1108259679595716,7.841728491073088,4.696739779823051,4.716113552753036,NA,50.87782611766652,NA,NA,NA,0.16808727827799574
VCT,1981,-2.122534002163096,NA,1.2088020038962508,1.1136108350603022,4.8050069117886025,1.7433317421615468,4.821843447172333,NA,44.99983259404214,NA,NA,0.162431985139847,-0.0019380626724150424
VCT,1986,-9.968385106420833,0.16578521937028018,1.1248134899145112,1.1112588289561747,5.133447528426798,5.410084189569497,4.7991178245463955,NA,56.10263331252826,NA,NA,0.418132960796356,0.08456787799390886
VCT,1991,-14.840482012843216,0.17673643144190201,1.011824703367881,1.0957141303376494,3.65665469630948,3.710059704093128,4.744663624088666,NA,60.46989025211012,NA,NA,0.418132960796356,-0.08614681191317992
VCT,1996,-16.410787854177933,0.18150033476761637,0.9329931270178351,1.0521768350078131,2.646520085188378,1.1923046481874044,4.752072062993953,NA,70.59329984268136,NA,NA,0.162431985139847,-0.368453977024995
VCT,2001,-8.986742970311804,0.1959773083795653,0.9078475397025307,1.0521727214567744,4.076990178402564,2.023798340904349,4.695884550236678,NA,69.1582164012029,NA,5.444593457005912,0.162431985139847,-0.3990987157893754
VCT,2006,-24.24396217484828,0.2214872939702957,0.8527114534731425,1.0654039873132208,0.9751748267672837,4.395807751216292,4.604934414775804,NA,62.2451754748107,NA,4.197022754286664,0.162431985139847,-0.914627086994057
VCT,2011,-22.6301250483292,0.21675367780193971,0.8053040803879592,1.0904232586393043,1.391228961966724,1.3407175365258757,4.598369518539242,NA,69.84958961079874,NA,3.859144983024089,0.162431985139847,-1.332823839337116
VCT,2016,-10.712843630147614,0.23315189020295082,0.7716665134114904,1.0761358835800108,1.0545796632709008,3.271498120427328,4.6476739697146625,NA,71.62002331609236,NA,9.642198919333703,0.162431985139847,-1.506823034286956
VCT,2021,-20.363221240887,0.23321454692931992,0.7737273616332221,1.0805295308172158,3.510199656358987,1.653067906174992,4.649792943279411,NA,71.11093183623831,NA,1.9924858845171292,0.162431985139847,-1.7040589824835726
VEN,1971,6.862730581560931,NA,1.1713355440835658,0.5408545578206109,2.967529024580782,2.3992029396495402,NA,50.92307089511186,27.1495281288224,28.56528449723648,NA,0.6839408040046692,0.3370754773561898
VEN,1976,-2.7670706215443435,NA,1.1351731418747228,0.5526311253379869,2.537690502541349,4.808367092684732,4.388872171971113,59.55759315826046,38.98922387794434,23.98026879588488,NA,0.837568044662476,0.14513156224828766
VEN,1981,3.890653372195472,NA,1.1149055118611475,0.5988718370893353,-0.4817413998934435,5.758840973890039,4.45985606410768,45.2455566198025,40.426367579862216,17.93301307567376,4.710197067469815,0.4782084435224534,-0.14624908689614768
VEN,1986,1.1494125557161579,0.48675704087410576,1.090447591296062,0.642671513157662,1.987876673352426,8.91953183332246,3.8529586880424165,47.76284881107826,33.57336838841554,23.168558328877438,6.5435016243387025,0.2217023007571698,-0.28352326507695563
VEN,1991,0.13497861722762988,0.5104729150227436,1.0523827198877898,0.6717723792723869,3.5335893179695845,4.748108490189256,3.765368927360339,52.07462428462802,28.74045779489378,21.54446681107846,4.344998705253827,0.2647123754024506,-0.1717570047000352
VEN,1996,4.88107949607676,0.43108536954401966,1.0214143369069775,0.6933633878660673,0.8367235288109142,4.649052213013095,4.139975259443117,48.14886183311664,20.100066822867902,30.5563937572119,12.386426917301277,0.8239677488803864,-0.17758409943071723
VEN,2001,11.037722218360976,0.3578173968270444,1.008606327902317,0.7095091324617125,3.0775618397526783,11.657512628575379,4.143592704612805,51.35775428068538,21.84477895917604,33.09181299543798,20.809940422234803,0.5208538770675656,0.05472671730954324
VEN,2006,6.344644232598992,0.42217204160573346,0.9983343506957691,0.735720953440456,3.842497626416618,5.928480323270813,4.347366581513621,50.27030452033888,33.30663568115142,33.64954194218224,19.459881808479725,0.10738592073321337,0.3651938787539808
VEN,2011,-0.573564604076668,0.4246174013689356,0.9735029768968233,0.7572051031199495,0.2059437738363759,5.112667149626551,4.743860919469337,57.45250262284594,42.565434937295734,31.73843936065182,35.82118088505738,0,0.5614474827804122
VEN,2016,-3.42735582137767,NA,0.9799475629109594,0.8091778042418623,-22.00472457014724,6.4446950866005,6.608950248751743,44.55114893032222,NA,25.2022517082465,17.749460085685236,0,0.9650792213172801
VEN,2021,NA,NA,0.9855453927351951,0.8971248637649487,4.319344148803647,3.5334651604431393,NA,28.406408277796,NA,NA,NA,0,NA
VGB,1971,NA,NA,0.8729918681494186,0.8347489276258704,NA,NA,NA,NA,NA,NA,NA,NA,NA
VGB,1976,NA,NA,0.8633329167139493,0.9516604046021201,NA,NA,NA,NA,NA,NA,NA,NA,NA
VGB,1981,NA,NA,0.8011118322224107,0.9313842650873955,NA,NA,NA,NA,NA,NA,NA,NA,NA
VGB,1986,NA,NA,0.6887839815951958,0.8086100895406244,NA,NA,NA,NA,NA,NA,NA,NA,NA
VGB,1991,NA,NA,0.6639285428647156,0.7302088984038624,NA,NA,NA,NA,NA,NA,NA,NA,NA
VGB,1996,NA,NA,0.6735763595770171,0.6388033857719316,NA,NA,NA,NA,NA,NA,NA,NA,NA
VGB,2001,NA,NA,0.6578089950051003,0.5932941194913666,NA,NA,NA,NA,NA,NA,39.35021787877639,NA,NA
VGB,2006,NA,NA,0.6447043986878512,0.6445629704137649,NA,NA,NA,NA,NA,NA,5.7368981165783355,NA,NA
VGB,2011,NA,NA,0.6076536811125116,0.706448423308485,NA,NA,NA,NA,NA,NA,8.036790404135225,NA,NA
VGB,2016,NA,NA,0.5532573017527523,0.7395470580349871,NA,NA,NA,NA,NA,NA,4.261220482443969,NA,NA
VGB,2021,NA,NA,0.497473379776879,0.7567636330371679,NA,NA,NA,NA,NA,NA,15.678116383460525,NA,NA
VIR,1971,NA,NA,0.9198524757509512,0.6721630310898332,NA,NA,NA,NA,NA,NA,NA,NA,NA
VIR,1976,NA,NA,0.9489932248917324,0.7450552935210327,NA,NA,NA,NA,NA,NA,NA,NA,NA
VIR,1981,NA,NA,0.8294375275372916,0.8156295334007079,NA,NA,NA,NA,NA,NA,NA,NA,NA
VIR,1986,NA,NA,0.76354889900624,0.8955136534032869,NA,NA,NA,NA,NA,NA,NA,NA,NA
VIR,1991,NA,NA,0.7175326849747298,0.9943890320859161,NA,NA,NA,NA,NA,NA,NA,NA,NA
VIR,1996,NA,NA,0.7297360583302694,1.1316919996012065,NA,NA,NA,NA,NA,NA,NA,NA,NA
VIR,2001,NA,0.8344670607537633,0.7114503786561693,1.322391587568215,2.1250406042339702,2.185630752812045,NA,396.126094435028,NA,NA,NA,NA,NA
VIR,2006,NA,0.8689992672687277,0.6819508658640764,1.6055637133576652,0.5471612977024701,4.2486725504129375,NA,614.0971754731917,NA,NA,NA,NA,NA
VIR,2011,NA,0.6402643870176528,0.6830722627119898,1.9606803434939093,-6.300302164435838,5.724587147874682,NA,245.54214348403136,NA,NA,NA,NA,NA
VIR,2016,NA,0.5976033341938456,0.6390376428301339,2.207972894711301,0.8074527736945344,1.8998662976970915,NA,139.8506495239184,NA,NA,NA,NA,NA
VIR,2021,NA,0.6485689288454699,0.6332159504702737,2.273443907413586,1.1781875077015798,3.5205709197969157,NA,192.9632980546245,NA,NA,NA,NA,NA
VNM,1971,NA,NA,1.1208477466509725,1.0538521153888343,NA,NA,NA,NA,NA,NA,NA,0.0812159925699235,NA
VNM,1976,NA,NA,1.1145907419695391,0.9971888739549224,NA,NA,NA,NA,NA,NA,NA,0,NA
VNM,1981,NA,NA,1.1498893194179791,1.006893768348807,3.80585566810947,NA,NA,NA,NA,NA,NA,0,NA
VNM,1986,NA,0.050638649575590715,1.1498274098052745,0.9942612006474847,4.7946407821443175,1.7537290150466034,NA,40.43758961631206,NA,NA,NA,0,NA
VNM,1991,NA,0.058329886275996695,1.0861980356751528,0.9419225057035278,8.211816635259455,1.3632187379652365,NA,71.78611370704036,20.716190390653434,NA,NA,0.0974591910839082,-0.569399181715146
VNM,1996,-2.0360423067147218,0.06986581712222881,0.9776850941024552,0.8969496866699591,6.963492077863164,1.8251736643589915,NA,99.65119608113169,29.68053051247524,24.89119575010342,NA,0.162431985139847,-0.6087183002368974
VNM,2001,-1.519346229095642,0.08196865718908734,0.8686307233636588,0.853881384725629,6.899287226471544,0.6440874579766892,NA,123.3424210007844,61.40141096136988,32.372841400183624,4.470746028097895,0.162431985139847,-0.4411798768856332
VNM,2006,-5.85685702398376,0.10092122986597478,0.7839780205108757,0.7701796992812991,6.31807457361435,0.7717481925148338,NA,139.1840981510764,93.9044008636904,30.80208145949698,4.2606337556753235,0.3158525705337524,-0.4054246002413848
VNM,2011,2.3475052257065707,0.1266079669725864,0.7538686879061235,0.705670955660158,6.176124367673646,0.6350592485825298,NA,131.931159840631,93.97199506321762,32.97935013766346,1.814662503056699,0.418132960796356,-0.4932369871009334
VNM,2016,1.9644962683380933,0.16114182403609856,0.8087484442628903,0.7212461588538087,6.263976413219318,1.9255601166313185,NA,159.80072125084482,127.776788429861,30.5196746888251,0.9137833441248537,0.418132960796356,-0.4622424700024242
VNM,2021,1.6737653424943506,0.176740774260745,0.833598798704324,0.7798425741272239,5.385417636196647,3.004724740031339,NA,178.215841084848,141.2067765621435,33.43875034018374,1.5011106998930268,0.418132960796356,-0.42410998034015723
VUT,1971,NA,NA,1.2426507157774176,0.6311866318488604,NA,NA,NA,NA,NA,NA,NA,NA,-0.15177206639848068
VUT,1976,NA,NA,1.2777806774886868,0.6695500997202708,-11.3998067077697,NA,NA,70.1304978250363,68.6322440579055,NA,NA,NA,0.12603864706691764
VUT,1981,-4.16622289728898,NA,1.3344382216719148,0.8845665089806066,3.9888167703404522,3.364324788665729,NA,96.16944270143208,74.08267390320954,17.813565161117666,NA,1,0.660833112339029
VUT,1986,-6.895426531602958,0.0698914760930647,1.371990104616369,0.754282917342949,1.6980624796985666,5.830573735184072,NA,96.72825903604505,112.58990512062115,19.0420313374026,NA,1,0.5730007499291652
VUT,1991,-6.1571086628622735,0.06953013466931623,1.4367464604276545,0.6279474487566824,3.3107822675298983,3.3840586514860345,NA,93.73326460933224,100.20783096046186,16.053917641368,NA,1,0.2687146518152332
VUT,1996,-3.649108624198144,0.0635480221263128,1.4640208814743614,0.5123994340870393,2.9346209467379087,2.399761214713305,NA,92.45355217856329,98.81606414795624,5.543971100076948,NA,0.9642046928405762,0.19868596252367607
VUT,2001,-5.520646265961594,0.05314037427053622,1.4211244897519464,0.4552819283358055,0.997030628594712,4.899779146532657,NA,93.98393125280576,94.62965147580826,13.466228341595029,7.275841461009936,NA,-0.10833319708833067
VUT,2006,-8.408516450443406,0.055424537275767356,1.392108532860374,0.45048883030939685,4.246750465113896,2.822267679523588,NA,99.56009135164994,95.1293620764757,23.84863757258728,4.155357986984996,NA,-0.2155132844355444
VUT,2011,-6.462309836891366,0.053760643871156553,1.4408469488708724,0.48114561254721555,2.230840156605233,1.463676882580265,NA,104.36382743525748,79.32872254225244,20.60744283446642,4.57515027075614,NA,-0.6564718765331762
VUT,2016,-2.4216915445353537,0.05105877529112867,1.5448641561230059,0.4851621479196866,1.806627440044094,3.8420480865072646,NA,98.37120649177092,86.45963873466194,33.67429792601588,3.895766933480492,0.7613646388053893,-0.24380457782056247
VUT,2021,-10.008706873729816,0.043889510989431196,1.6088733288057295,0.467550005285829,1.9092256609950002,3.3730490431965148,NA,61.77586906978305,92.6175302020516,31.78625192889475,3.299999999999997,0.9403411547342937,-0.2286842551139545
WSM,1971,NA,NA,1.5071595385301029,0.6602844944354079,1.581704464801874,9.411710782594302,NA,NA,9.703185233387591,NA,NA,0.162431985139847,0.07006769468552689
WSM,1976,-13.731348910011967,NA,1.4174378325520378,0.607319922704561,3.9025706513765885,7.2072180081734905,4.67539805019439,NA,13.5723703688632,NA,NA,0.162431985139847,-0.2858621465985438
WSM,1981,-1.8296754795074053,NA,1.3247577041214573,0.6091814791727753,-0.8703091882121735,4.895571905501193,4.6703507360032495,NA,25.068472567098258,NA,NA,0.162431985139847,-0.6115445257900776
WSM,1986,9.546125383537639,0.0899292349308719,1.250776938791455,0.6528209785113148,0.7662474754228649,3.9677360780973983,4.427165832294534,NA,34.295422213364915,NA,NA,0,-0.2432563404185172
WSM,1991,-16.31546468956577,0.08652897637464849,1.2212572808014683,0.7132662314178749,1.1463068288411524,4.079511891507973,4.370244420754876,NA,33.41079308937598,NA,NA,0.25087977647781357,-0.5597594443947528
WSM,1996,2.0519931426928077,0.08568842832532564,1.286435378901021,0.7396794331677288,3.4591525212875687,2.6294332427211757,4.376964633757731,NA,31.208987344808,NA,NA,0.162431985139847,-0.483771719132838
WSM,2001,-8.192148857232024,0.09487315978801977,1.4017434419462897,0.7500756998426886,5.59623620758994,1.6394398887293868,4.422932810114634,78.2365586224919,35.66528461440162,NA,13.311975496846998,0.162431985139847,-0.3932122476811232
WSM,2006,-8.52142385175087,0.10208245861417867,1.4355578761910854,0.7408356200185784,2.3514513383037343,2.62616723733193,4.545790810019478,78.82140378439033,40.955564561897724,27.755672178467748,7.723470722414892,0.162431985139847,-0.381580497659403
WSM,2011,-4.979274959534486,0.1026474982869359,1.468504584287318,0.6811097316607079,0.9469053199244987,3.1437774196667516,4.6316784096513475,79.46956296756753,41.67364813566014,29.77769452218358,3.888830158286677,0.162431985139847,-0.661726378516064
WSM,2016,-1.5837868854028259,0.1025877554746357,1.538692888008239,0.6300272492236708,2.024742446610234,4.332325502490616,4.649097388095309,77.79475049679073,50.4435011784816,34.31493161935944,1.3776792079435596,0.162431985139847,-0.533746000210891
WSM,2021,-5.930044505245637,0.09245227208582793,1.6451731917158319,0.6407729516715122,4.15238532811719,10.269188007253717,4.705080215107509,67.15269045451227,59.641057463866765,25.621729603499766,9.446163242290492,0.162431985139847,-0.17332445241539396
XKX,1971,NA,NA,1.0966081993315342,0.845695565610551,NA,NA,NA,NA,NA,NA,NA,NA,NA
XKX,1976,NA,NA,1.0621599543721085,0.7928779703735946,NA,NA,NA,NA,NA,NA,NA,NA,NA
XKX,1981,NA,NA,1.0064081035734365,0.7274769744479666,NA,NA,NA,NA,NA,NA,NA,NA,NA
XKX,1986,NA,NA,1.0120088469612958,0.6916508146484762,NA,NA,NA,NA,NA,NA,NA,NA,NA
XKX,1991,NA,NA,0.9927524732777073,0.7087044493548785,NA,NA,NA,NA,NA,NA,NA,NA,NA
XKX,1996,NA,NA,1.000070595555915,0.8089873314902789,NA,NA,NA,NA,NA,NA,NA,NA,NA
XKX,2001,NA,NA,0.985033152291334,0.9329439684502223,NA,NA,NA,NA,NA,NA,NA,NA,NA
XKX,2006,-12.058508676297734,0.14037600575874198,0.9121904480274191,0.8974473186563969,4.98740254900644,0.06710668127501873,NA,78.88786658491433,41.7137947403043,22.440246031583534,NA,NA,NA
XKX,2011,-7.771644221090081,0.15239439632442736,0.8844182714338522,0.8547307938355879,4.527568274928842,1.9440720937919702,NA,78.74312876066327,43.38794405223158,23.435516416418398,NA,NA,NA
XKX,2016,-6.69854894648636,0.16071282860223168,0.7963118075218977,0.8543745635412768,2.644117612535278,4.531160921565911,NA,80.62109199183315,48.05085018138404,27.78444997950638,NA,NA,NA
XKX,2021,-8.43409551710991,0.18152282330876102,0.7443953619162463,0.860679175663118,6.363927351532703,3.796152887392714,NA,106.2007712275511,55.87432853637763,26.297971895582133,NA,NA,NA
YEM,1971,NA,NA,1.2330765113160496,0.6617261757357334,NA,NA,NA,NA,NA,NA,NA,NA,NA
YEM,1976,NA,NA,1.422404399082046,0.6441290083598277,NA,NA,NA,NA,NA,NA,NA,NA,NA
YEM,1981,NA,NA,1.6211785795022966,0.6474784683634858,NA,NA,NA,NA,NA,NA,NA,NA,NA
YEM,1986,NA,0.072942479383808,1.77377927509614,0.6305871714560145,NA,NA,NA,27.6276662296057,47.1099906730288,NA,NA,NA,-0.65043592202299
YEM,1991,NA,0.07646571417752762,1.8574425679377964,0.5919511096931989,6.178875764604748,1.5347890477864823,NA,61.72417146437742,46.06164365976404,NA,NA,0.283572822809219,-0.623856410052558
YEM,1996,NA,0.0738324804703856,1.867286439782382,0.545026881559515,5.166044008965942,0.9947980473773052,NA,77.23797220489138,33.82973665467964,NA,NA,0.8806823134422301,-0.8138636560386788
YEM,2001,3.73034951201846,0.07177545704918081,1.8443650072356397,0.4998314442112571,4.210144007773172,0.7778435706020839,NA,73.72508602386218,34.37930314411122,22.358415348983,19.320549846855254,1,0.026749470160133938
YEM,2006,-4.801056289171278,0.07069694531934075,1.770218163248966,0.45107114041537844,4.344784475311598,1.8955960118382,NA,74.98026597770792,34.3114024839724,10.04023212112056,9.823797636352245,1,0.025882159712339647
YEM,2011,-3.38313738198875,0.059906853200464794,1.6909057801412892,0.39606532272619965,-6.7363248194271685,13.670234134728878,NA,51.108734574184524,33.595381164565836,4.015002984575828,16.97960541355422,1,-0.0629322786785677
YEM,2016,-7.72391058547812,NA,1.6849984016102282,0.32746125673278315,-4.564823961675495,5.08278376575439,NA,43.37642389485343,NA,-4.50735537106514,6.536971775983125,1,-0.2164138516954818
YEM,2021,NA,NA,1.7381264111009913,0.28681308012057266,NA,NA,NA,NA,NA,NA,5.889821729050895,1,-0.2776997315098573
ZAF,1971,-3.3954385619138754,NA,1.0895127372346036,0.7137201806824466,3.6624529482444776,1.9431238271266877,NA,44.20651566520278,51.67122425525672,28.53213185794642,NA,0.3669927656650542,-0.3920780218200892
ZAF,1976,1.2499718188319084,NA,1.119412389313136,0.7026609573772915,3.116292736699276,2.439341664166819,5.064791566974765,51.73159506029614,50.96022640433914,27.23449815066738,NA,0.1022804021835328,-0.3820790187391526
ZAF,1981,-1.7153629952180969,NA,1.1041874690489217,0.7118429518235433,1.403684990585057,3.5324349745808497,5.0702421569115215,46.186436221848396,48.2718761351643,22.90416358737262,3.9607980473887463,0.0974591910839082,-0.3430640348510406
ZAF,1986,2.822502173312894,0.26714304571046305,1.079711960355386,0.7016185126383591,1.679144519585505,1.856925268865345,4.798129947443393,43.67661211439326,47.53412409885556,18.02312911287224,2.3531612435549647,0,-0.1681248928447446
ZAF,1991,0.5708324687377825,0.24580162853102652,1.0701002313541572,0.6738723630635669,0.8756560259227061,2.405282209340495,4.858862962818554,36.29874600965968,44.52071841201304,15.51934508583262,1.3439423736339708,0.21839338541030878,-0.12456150060585289
ZAF,1996,-0.8709882826836136,0.22978714803394765,1.093139749725954,0.7249530823113974,2.799999999442892,1.5572411497241059,4.691294452954783,43.40306985025652,47.85348286196858,14.9662170472482,2.233531761747839,0.162431985139847,-0.14426664784069668
ZAF,2001,-1.0059097097534784,0.23184217761880757,0.9978099162793082,0.7116546934895285,3.836212350394452,1.0826454095949076,4.54279388460709,48.28633320105638,54.4549929802764,17.15421734416854,2.4897399684641313,0.162431985139847,-0.149881407691343
ZAF,2006,-3.546359379492922,0.25423301598274234,0.9625219356979765,0.6917527847370432,3.131393629050608,2.8678238210426024,4.515722781071284,55.372285340392956,69.5388210652669,17.19142989385656,6.719598202273707,0.162431985139847,-0.19583085241694045
ZAF,2011,-4.232900989612596,0.24852293094643935,0.9520511237457419,0.6365903234779944,2.157189072106346,0.7807258318351017,4.437603472683056,57.0640490918115,66.38015625534098,14.2816054192648,3.368233958619857,0.162431985139847,-0.0561273162090418
ZAF,2016,-1.724993873247456,0.21517078767598546,0.9490764670932427,0.612258280505803,-0.5059398061814289,3.203485745919156,4.3304379676869,53.70807799008894,67.90832705826948,13.857212972056,7.742932261101086,0.162431985139847,0.11390486960471896
ZAF,2021,0.7908893244146132,0.18865918132720022,0.9257551402552336,0.6076325198183556,2.5742966061604835,2.074992595349866,4.310404010381495,62.26390800138843,71.13476178032067,15.540461182695601,7.502666192761082,0.162431985139847,0.2373327080419145
ZMB,1971,NA,NA,1.39484120858418,0.6667830734584653,2.4639212919500926,5.046104270993669,NA,NA,26.65830719096544,NA,NA,0.162431985139847,-1.3629477482793921
ZMB,1976,-6.982437237380363,NA,1.5362870400382485,0.6744074878467732,0.44443885127955757,4.393488704858127,NA,NA,31.37976883122472,NA,NA,0.162431985139847,-1.32250536677164
ZMB,1981,-12.663934332515264,NA,1.608294031688677,0.6674498609474255,0.5333921897065461,3.5750335897343035,NA,NA,32.709428467814,NA,14.474375915884833,0.0974591910839082,-2.050388014324976
ZMB,1986,-12.623928624748977,0.0636966657238621,1.6264929232811303,0.618333393022496,1.6351461723663656,2.959791688622891,4.022166648594697,NA,29.07580168680786,NA,34.09840500471499,0.1299455881118776,-3.4645375480971197
ZMB,1991,-9.05293158357454,0.05766170402105237,1.6484982490566435,0.5502354350060781,-0.13951091344651992,5.742337265960399,3.9110489815416387,67.93868476257745,16.421421090197423,NA,16.13799280475123,0.0324863970279694,-3.237712335331384
ZMB,1996,-12.525267001321213,0.049678081306044536,1.731071244649455,0.47271067330882516,3.6388641060258378,2.448086222168013,4.065990368140899,59.69993100184774,17.38900536949792,NA,16.68432478896539,0.8157095313072203,-3.008816981278858
ZMB,2001,-11.4557471204521,0.049062462584676426,1.8142322953236905,0.38936364335629464,6.207170131686014,1.2216367477630874,4.232256304407087,64.98219630138858,17.7420346400306,NA,13.116110715860833,1,-1.9408892749641427
ZMB,2006,2.71101305426962,0.05696519002449329,1.8852023527999453,0.31989055995080723,8.709719646937216,1.0532307393985778,4.6259181658322674,60.84385003230512,18.38279934509742,34.1488267696285,11.018302954629627,1,-0.34170681500178623
ZMB,2011,0.8843799258355866,0.06303192964550232,1.902541303218861,0.2668866031921233,5.167565693613862,1.684656527053892,4.573170892106001,76.93563036013994,21.18227106089464,38.44003282804352,9.393774534232763,1,-0.23315299489102878
ZMB,2016,0.9721044583687423,0.053787522852936046,1.8513827166720105,0.23046485935124447,1.994341589109394,2.861666061183363,4.411013697066877,73.68613595640612,24.05687379062058,41.748276896052,4.260046948098106,1,-1.337199063962942
ZMB,2021,4.203562600011867,0.04932975916721549,1.8012250176468403,0.21438033308808335,5.604696168585846,0.551387998195951,4.397746336201268,77.91590455264443,27.135615439011634,41.6711097803426,6.7002487516011975,1,-1.2328408318128399
ZWE,1971,NA,NA,1.3893917452663993,0.6937539957461543,4.90920128902763,4.550110832571427,NA,47.1986084141958,NA,NA,NA,NA,NA
ZWE,1976,-0.5145624964780486,NA,1.491925699256059,0.710525568742178,1.7229865070450932,8.040458742427733,NA,43.90573510454688,15.494444048397249,1.7788112416130049,NA,NA,-0.08526352519306105
ZWE,1981,-4.2243202221880365,NA,1.5505472928113655,0.6853874107592144,4.356411023645264,5.552250481113779,NA,41.19451991141344,25.4230076127191,-0.2394770693615201,10.580553038282796,0,-0.37445344162673644
ZWE,1986,0.268616229843101,0.1154011978315081,1.5718946532563287,0.6370706335170775,4.598092043132724,2.869393276815783,NA,45.13661863810056,39.77848656717238,0.6142054903087627,0.5990480577336026,0,-0.332074109976823
ZWE,1991,-5.530622629002755,0.10843628953540095,1.5561365822068356,0.6338525555338251,1.3921731394719292,6.866773735141414,NA,65.64233262551632,21.33112895667014,-5.674966931367503,1.1206298045175662,0.0649727940559388,-0.3242994175050772
ZWE,1996,NA,0.10506289663424584,1.4408202339996594,0.6143330922309622,2.409913374620967,5.0951913665731485,NA,77.5554404991519,24.6444378982736,NA,1.1428768634206947,0.162431985139847,-0.3656143893629664
ZWE,2001,NA,0.07351758887257755,1.4541997478834572,0.540412841454383,-7.193646794131986,6.6635180566586,NA,71.44847468002399,69.42442260020393,NA,1.136306118182279,0.0649727940559388,-0.514827161859811
ZWE,2006,-10.646798751121576,0.049159789268490905,1.6250932539324707,0.495808295899451,1.6327619409278946,14.895138594219222,NA,84.28234920134426,16.373597244639498,-0.171396973663835,7.822723310970419,0.1161129891872406,-1.0959782657665484
ZWE,2011,-13.322993876403538,0.0682021391007781,1.8023346201032295,0.46669854042514985,7.401133888391102,7.3840342180277565,NA,66.7412259457175,21.7912543297377,-0.3870378146746468,4.4494943532945355,0.3158525705337524,NA
ZWE,2016,-0.6168185467874614,0.0890250780457729,1.815988754176627,0.4529711619643575,-0.729854716611982,6.054469111041923,NA,49.41652451379114,14.96669803420478,22.255089186892764,3.32971470249329,0.418132960796356,-0.631146656450417
ZWE,2021,0.6549475998872156,0.06911940085871647,1.7958114304790738,0.42283088614340236,6.652716278255147,1.620764747627662,NA,46.491057647427766,11.372573438307734,32.423066361814,2.550163393458019,0.418132960796356,-0.6947561772636179
