"COUNTRY","INDICATOR","FREQUENCY","TIME_PERIOD","OBS_VALUE","SCALE"
"United States","Gross national savings, Percent of GDP","Annual","1980","22.059","Units"
"United States","Gross national savings, Percent of GDP","Annual","1981","23.206","Units"
"United States","Gross national savings, Percent of GDP","Annual","1982","21.713","Units"
"United States","Gross national savings, Percent of GDP","Annual","1983","19.725","Units"
"United States","Gross national savings, Percent of GDP","Annual","1984","21.839","Units"
"United States","Gross national savings, Percent of GDP","Annual","1985","20.308","Units"
"United States","Gross national savings, Percent of GDP","Annual","1986","18.882","Units"
"United States","Gross national savings, Percent of GDP","Annual","1987","19.548","Units"
"United States","Gross national savings, Percent of GDP","Annual","1988","20.564","Units"
"United States","Gross national savings, Percent of GDP","Annual","1989","19.674","Units"
"United States","Gross national savings, Percent of GDP","Annual","1990","18.674","Units"
"United States","Gross national savings, Percent of GDP","Annual","1991","18.733","Units"
"United States","Gross national savings, Percent of GDP","Annual","1992","17.607","Units"
"United States","Gross national savings, Percent of GDP","Annual","1993","16.970","Units"
"United States","Gross national savings, Percent of GDP","Annual","1994","17.782","Units"
"United States","Gross national savings, Percent of GDP","Annual","1995","18.681","Units"
"United States","Gross national savings, Percent of GDP","Annual","1996","19.570","Units"
"United States","Gross national savings, Percent of GDP","Annual","1997","20.773","Units"
"United States","Gross national savings, Percent of GDP","Annual","1998","21.315","Units"
"United States","Gross national savings, Percent of GDP","Annual","1999","20.851","Units"
"United States","Gross national savings, Percent of GDP","Annual","2000","20.741","Units"
"United States","Gross national savings, Percent of GDP","Annual","2001","19.581","Units"
"United States","Gross national savings, Percent of GDP","Annual","2002","18.303","Units"
"United States","Gross national savings, Percent of GDP","Annual","2003","17.351","Units"
"United States","Gross national savings, Percent of GDP","Annual","2004","17.662","Units"
"United States","Gross national savings, Percent of GDP","Annual","2005","18.052","Units"
"United States","Gross national savings, Percent of GDP","Annual","2006","19.126","Units"
"United States","Gross national savings, Percent of GDP","Annual","2007","17.354","Units"
"United States","Gross national savings, Percent of GDP","Annual","2008","14.975","Units"
"United States","Gross national savings, Percent of GDP","Annual","2009","13.798","Units"
"United States","Gross national savings, Percent of GDP","Annual","2010","15.288","Units"
"United States","Gross national savings, Percent of GDP","Annual","2011","16.238","Units"
"United States","Gross national savings, Percent of GDP","Annual","2012","18.288","Units"
"United States","Gross national savings, Percent of GDP","Annual","2013","18.475","Units"
"United States","Gross national savings, Percent of GDP","Annual","2014","19.571","Units"
"United States","Gross national savings, Percent of GDP","Annual","2015","19.611","Units"
"United States","Gross national savings, Percent of GDP","Annual","2016","18.472","Units"
"United States","Gross national savings, Percent of GDP","Annual","2017","18.882","Units"
"United States","Gross national savings, Percent of GDP","Annual","2018","19.126","Units"
"United States","Gross national savings, Percent of GDP","Annual","2019","19.329","Units"
"United States","Gross national savings, Percent of GDP","Annual","2020","18.232","Units"
"United States","Gross national savings, Percent of GDP","Annual","2021","17.583","Units"
"United States","Gross national savings, Percent of GDP","Annual","2022","18.186","Units"
"United States","Gross national savings, Percent of GDP","Annual","2023","17.026","Units"
"United States","Gross national savings, Percent of GDP","Annual","2024","16.494","Units"
"United States","Gross national savings, Percent of GDP","Annual","2025","16.804","Units"
"United States","Gross national savings, Percent of GDP","Annual","2026","17.701","Units"
"World","Gross national savings, Percent of GDP","Annual","1980","23.668","Units"
"World","Gross national savings, Percent of GDP","Annual","1981","23.322","Units"
"World","Gross national savings, Percent of GDP","Annual","1982","22.030","Units"
"World","Gross national savings, Percent of GDP","Annual","1983","21.228","Units"
"World","Gross national savings, Percent of GDP","Annual","1984","22.475","Units"
"World","Gross national savings, Percent of GDP","Annual","1985","22.015","Units"
"World","Gross national savings, Percent of GDP","Annual","1986","21.969","Units"
"World","Gross national savings, Percent of GDP","Annual","1987","22.567","Units"
"World","Gross national savings, Percent of GDP","Annual","1988","23.709","Units"
"World","Gross national savings, Percent of GDP","Annual","1989","23.838","Units"
"World","Gross national savings, Percent of GDP","Annual","1990","23.632","Units"
"World","Gross national savings, Percent of GDP","Annual","1991","23.265","Units"
"World","Gross national savings, Percent of GDP","Annual","1992","22.496","Units"
"World","Gross national savings, Percent of GDP","Annual","1993","22.392","Units"
"World","Gross national savings, Percent of GDP","Annual","1994","22.596","Units"
"World","Gross national savings, Percent of GDP","Annual","1995","23.108","Units"
"World","Gross national savings, Percent of GDP","Annual","1996","24.155","Units"
"World","Gross national savings, Percent of GDP","Annual","1997","24.345","Units"
"World","Gross national savings, Percent of GDP","Annual","1998","23.946","Units"
"World","Gross national savings, Percent of GDP","Annual","1999","23.819","Units"
"World","Gross national savings, Percent of GDP","Annual","2000","24.364","Units"
"World","Gross national savings, Percent of GDP","Annual","2001","23.585","Units"
"World","Gross national savings, Percent of GDP","Annual","2002","22.913","Units"
"World","Gross national savings, Percent of GDP","Annual","2003","23.080","Units"
"World","Gross national savings, Percent of GDP","Annual","2004","23.953","Units"
"World","Gross national savings, Percent of GDP","Annual","2005","24.401","Units"
"World","Gross national savings, Percent of GDP","Annual","2006","25.498","Units"
"World","Gross national savings, Percent of GDP","Annual","2007","25.631","Units"
"World","Gross national savings, Percent of GDP","Annual","2008","25.211","Units"
"World","Gross national savings, Percent of GDP","Annual","2009","23.353","Units"
"World","Gross national savings, Percent of GDP","Annual","2010","24.949","Units"
"World","Gross national savings, Percent of GDP","Annual","2011","25.818","Units"
"World","Gross national savings, Percent of GDP","Annual","2012","26.097","Units"
"World","Gross national savings, Percent of GDP","Annual","2013","26.080","Units"
"World","Gross national savings, Percent of GDP","Annual","2014","26.534","Units"
"World","Gross national savings, Percent of GDP","Annual","2015","26.263","Units"
"World","Gross national savings, Percent of GDP","Annual","2016","25.942","Units"
"World","Gross national savings, Percent of GDP","Annual","2017","26.574","Units"
"World","Gross national savings, Percent of GDP","Annual","2018","26.941","Units"
"World","Gross national savings, Percent of GDP","Annual","2019","26.957","Units"
"World","Gross national savings, Percent of GDP","Annual","2020","26.720","Units"
"World","Gross national savings, Percent of GDP","Annual","2021","28.003","Units"
"World","Gross national savings, Percent of GDP","Annual","2022","27.887","Units"
"World","Gross national savings, Percent of GDP","Annual","2023","26.579","Units"
"World","Gross national savings, Percent of GDP","Annual","2024","26.356","Units"
"World","Gross national savings, Percent of GDP","Annual","2025","26.112","Units"
"World","Gross national savings, Percent of GDP","Annual","2026","26.209","Units"
"Advanced Economies","Gross national savings, Percent of GDP","Annual","1980","23.464","Units"
"Advanced Economies","Gross national savings, Percent of GDP","Annual","1981","23.368","Units"
"Advanced Economies","Gross national savings, Percent of GDP","Annual","1982","22.420","Units"
"Advanced Economies","Gross national savings, Percent of GDP","Annual","1983","21.621","Units"
"Advanced Economies","Gross national savings, Percent of GDP","Annual","1984","23.048","Units"
"Advanced Economies","Gross national savings, Percent of GDP","Annual","1985","22.548","Units"
"Advanced Economies","Gross national savings, Percent of GDP","Annual","1986","22.674","Units"
"Advanced Economies","Gross national savings, Percent of GDP","Annual","1987","23.030","Units"
"Advanced Economies","Gross national savings, Percent of GDP","Annual","1988","24.331","Units"
"Advanced Economies","Gross national savings, Percent of GDP","Annual","1989","24.235","Units"
"Advanced Economies","Gross national savings, Percent of GDP","Annual","1990","23.609","Units"
"Advanced Economies","Gross national savings, Percent of GDP","Annual","1991","23.438","Units"
"Advanced Economies","Gross national savings, Percent of GDP","Annual","1992","22.657","Units"
"Advanced Economies","Gross national savings, Percent of GDP","Annual","1993","22.381","Units"
"Advanced Economies","Gross national savings, Percent of GDP","Annual","1994","22.666","Units"
"Advanced Economies","Gross national savings, Percent of GDP","Annual","1995","23.210","Units"
"Advanced Economies","Gross national savings, Percent of GDP","Annual","1996","24.466","Units"
"Advanced Economies","Gross national savings, Percent of GDP","Annual","1997","24.764","Units"
"Advanced Economies","Gross national savings, Percent of GDP","Annual","1998","24.460","Units"
"Advanced Economies","Gross national savings, Percent of GDP","Annual","1999","24.005","Units"
"Advanced Economies","Gross national savings, Percent of GDP","Annual","2000","24.157","Units"
"Advanced Economies","Gross national savings, Percent of GDP","Annual","2001","23.095","Units"
"Advanced Economies","Gross national savings, Percent of GDP","Annual","2002","22.132","Units"
"Advanced Economies","Gross national savings, Percent of GDP","Annual","2003","21.840","Units"
"Advanced Economies","Gross national savings, Percent of GDP","Annual","2004","22.431","Units"
"Advanced Economies","Gross national savings, Percent of GDP","Annual","2005","22.539","Units"
"Advanced Economies","Gross national savings, Percent of GDP","Annual","2006","23.248","Units"
"Advanced Economies","Gross national savings, Percent of GDP","Annual","2007","22.793","Units"
"Advanced Economies","Gross national savings, Percent of GDP","Annual","2008","21.426","Units"
"Advanced Economies","Gross national savings, Percent of GDP","Annual","2009","19.519","Units"
"Advanced Economies","Gross national savings, Percent of GDP","Annual","2010","20.876","Units"
"Advanced Economies","Gross national savings, Percent of GDP","Annual","2011","21.519","Units"
"Advanced Economies","Gross national savings, Percent of GDP","Annual","2012","21.832","Units"
"Advanced Economies","Gross national savings, Percent of GDP","Annual","2013","21.927","Units"
"Advanced Economies","Gross national savings, Percent of GDP","Annual","2014","22.593","Units"
"Advanced Economies","Gross national savings, Percent of GDP","Annual","2015","22.809","Units"
"Advanced Economies","Gross national savings, Percent of GDP","Annual","2016","22.612","Units"
"Advanced Economies","Gross national savings, Percent of GDP","Annual","2017","23.191","Units"
"Advanced Economies","Gross national savings, Percent of GDP","Annual","2018","23.346","Units"
"Advanced Economies","Gross national savings, Percent of GDP","Annual","2019","23.459","Units"
"Advanced Economies","Gross national savings, Percent of GDP","Annual","2020","22.778","Units"
"Advanced Economies","Gross national savings, Percent of GDP","Annual","2021","23.685","Units"
"Advanced Economies","Gross national savings, Percent of GDP","Annual","2022","23.134","Units"
"Advanced Economies","Gross national savings, Percent of GDP","Annual","2023","22.201","Units"
"Advanced Economies","Gross national savings, Percent of GDP","Annual","2024","21.967","Units"
"Advanced Economies","Gross national savings, Percent of GDP","Annual","2025","22.067","Units"
"Advanced Economies","Gross national savings, Percent of GDP","Annual","2026","22.325","Units"
"United Kingdom","Gross national savings, Percent of GDP","Annual","1980","19.809","Units"
"United Kingdom","Gross national savings, Percent of GDP","Annual","1981","19.595","Units"
"United Kingdom","Gross national savings, Percent of GDP","Annual","1982","19.149","Units"
"United Kingdom","Gross national savings, Percent of GDP","Annual","1983","19.653","Units"
"United Kingdom","Gross national savings, Percent of GDP","Annual","1984","19.932","Units"
"United Kingdom","Gross national savings, Percent of GDP","Annual","1985","20.227","Units"
"United Kingdom","Gross national savings, Percent of GDP","Annual","1986","19.451","Units"
"United Kingdom","Gross national savings, Percent of GDP","Annual","1987","20.260","Units"
"United Kingdom","Gross national savings, Percent of GDP","Annual","1988","20.593","Units"
"United Kingdom","Gross national savings, Percent of GDP","Annual","1989","21.205","Units"
"United Kingdom","Gross national savings, Percent of GDP","Annual","1990","20.612","Units"
"United Kingdom","Gross national savings, Percent of GDP","Annual","1991","19.541","Units"
"United Kingdom","Gross national savings, Percent of GDP","Annual","1992","18.182","Units"
"United Kingdom","Gross national savings, Percent of GDP","Annual","1993","17.937","Units"
"United Kingdom","Gross national savings, Percent of GDP","Annual","1994","18.830","Units"
"United Kingdom","Gross national savings, Percent of GDP","Annual","1995","18.472","Units"
"United Kingdom","Gross national savings, Percent of GDP","Annual","1996","18.794","Units"
"United Kingdom","Gross national savings, Percent of GDP","Annual","1997","18.005","Units"
"United Kingdom","Gross national savings, Percent of GDP","Annual","1998","18.314","Units"
"United Kingdom","Gross national savings, Percent of GDP","Annual","1999","16.235","Units"
"United Kingdom","Gross national savings, Percent of GDP","Annual","2000","16.999","Units"
"United Kingdom","Gross national savings, Percent of GDP","Annual","2001","16.835","Units"
"United Kingdom","Gross national savings, Percent of GDP","Annual","2002","16.484","Units"
"United Kingdom","Gross national savings, Percent of GDP","Annual","2003","16.274","Units"
"United Kingdom","Gross national savings, Percent of GDP","Annual","2004","15.707","Units"
"United Kingdom","Gross national savings, Percent of GDP","Annual","2005","16.309","Units"
"United Kingdom","Gross national savings, Percent of GDP","Annual","2006","15.634","Units"
"United Kingdom","Gross national savings, Percent of GDP","Annual","2007","15.396","Units"
"United Kingdom","Gross national savings, Percent of GDP","Annual","2008","14.461","Units"
"United Kingdom","Gross national savings, Percent of GDP","Annual","2009","12.784","Units"
"United Kingdom","Gross national savings, Percent of GDP","Annual","2010","13.839","Units"
"United Kingdom","Gross national savings, Percent of GDP","Annual","2011","14.798","Units"
"United Kingdom","Gross national savings, Percent of GDP","Annual","2012","13.385","Units"
"United Kingdom","Gross national savings, Percent of GDP","Annual","2013","12.256","Units"
"United Kingdom","Gross national savings, Percent of GDP","Annual","2014","13.296","Units"
"United Kingdom","Gross national savings, Percent of GDP","Annual","2015","13.651","Units"
"United Kingdom","Gross national savings, Percent of GDP","Annual","2016","13.284","Units"
"United Kingdom","Gross national savings, Percent of GDP","Annual","2017","15.721","Units"
"United Kingdom","Gross national savings, Percent of GDP","Annual","2018","15.035","Units"
"United Kingdom","Gross national savings, Percent of GDP","Annual","2019","16.434","Units"
"United Kingdom","Gross national savings, Percent of GDP","Annual","2020","15.548","Units"
"United Kingdom","Gross national savings, Percent of GDP","Annual","2021","17.803","Units"
"United Kingdom","Gross national savings, Percent of GDP","Annual","2022","17.204","Units"
"United Kingdom","Gross national savings, Percent of GDP","Annual","2023","15.374","Units"
"United Kingdom","Gross national savings, Percent of GDP","Annual","2024","15.941","Units"
"United Kingdom","Gross national savings, Percent of GDP","Annual","2025","15.438","Units"
"United Kingdom","Gross national savings, Percent of GDP","Annual","2026","16.081","Units"
"G7","Gross national savings, Percent of GDP","Annual","1980","23.271","Units"
"G7","Gross national savings, Percent of GDP","Annual","1981","23.440","Units"
"G7","Gross national savings, Percent of GDP","Annual","1982","22.323","Units"
"G7","Gross national savings, Percent of GDP","Annual","1983","21.308","Units"
"G7","Gross national savings, Percent of GDP","Annual","1984","22.673","Units"
"G7","Gross national savings, Percent of GDP","Annual","1985","22.132","Units"
"G7","Gross national savings, Percent of GDP","Annual","1986","22.131","Units"
"G7","Gross national savings, Percent of GDP","Annual","1987","22.464","Units"
"G7","Gross national savings, Percent of GDP","Annual","1988","23.684","Units"
"G7","Gross national savings, Percent of GDP","Annual","1989","23.508","Units"
"G7","Gross national savings, Percent of GDP","Annual","1990","22.822","Units"
"G7","Gross national savings, Percent of GDP","Annual","1991","22.896","Units"
"G7","Gross national savings, Percent of GDP","Annual","1992","22.138","Units"
"G7","Gross national savings, Percent of GDP","Annual","1993","21.693","Units"
"G7","Gross national savings, Percent of GDP","Annual","1994","21.884","Units"
"G7","Gross national savings, Percent of GDP","Annual","1995","22.307","Units"
"G7","Gross national savings, Percent of GDP","Annual","1996","23.911","Units"
"G7","Gross national savings, Percent of GDP","Annual","1997","24.133","Units"
"G7","Gross national savings, Percent of GDP","Annual","1998","23.905","Units"
"G7","Gross national savings, Percent of GDP","Annual","1999","23.314","Units"
"G7","Gross national savings, Percent of GDP","Annual","2000","23.456","Units"
"G7","Gross national savings, Percent of GDP","Annual","2001","22.343","Units"
"G7","Gross national savings, Percent of GDP","Annual","2002","21.191","Units"
"G7","Gross national savings, Percent of GDP","Annual","2003","20.610","Units"
"G7","Gross national savings, Percent of GDP","Annual","2004","21.174","Units"
"G7","Gross national savings, Percent of GDP","Annual","2005","21.298","Units"
"G7","Gross national savings, Percent of GDP","Annual","2006","21.978","Units"
"G7","Gross national savings, Percent of GDP","Annual","2007","21.406","Units"
"G7","Gross national savings, Percent of GDP","Annual","2008","19.916","Units"
"G7","Gross national savings, Percent of GDP","Annual","2009","17.950","Units"
"G7","Gross national savings, Percent of GDP","Annual","2010","19.140","Units"
"G7","Gross national savings, Percent of GDP","Annual","2011","19.993","Units"
"G7","Gross national savings, Percent of GDP","Annual","2012","20.356","Units"
"G7","Gross national savings, Percent of GDP","Annual","2013","20.333","Units"
"G7","Gross national savings, Percent of GDP","Annual","2014","21.125","Units"
"G7","Gross national savings, Percent of GDP","Annual","2015","21.277","Units"
"G7","Gross national savings, Percent of GDP","Annual","2016","21.044","Units"
"G7","Gross national savings, Percent of GDP","Annual","2017","21.605","Units"
"G7","Gross national savings, Percent of GDP","Annual","2018","21.840","Units"
"G7","Gross national savings, Percent of GDP","Annual","2019","22.065","Units"
"G7","Gross national savings, Percent of GDP","Annual","2020","20.982","Units"
"G7","Gross national savings, Percent of GDP","Annual","2021","21.460","Units"
"G7","Gross national savings, Percent of GDP","Annual","2022","20.949","Units"
"G7","Gross national savings, Percent of GDP","Annual","2023","20.115","Units"
"G7","Gross national savings, Percent of GDP","Annual","2024","19.734","Units"
"G7","Gross national savings, Percent of GDP","Annual","2025","19.820","Units"
"G7","Gross national savings, Percent of GDP","Annual","2026","20.220","Units"
"Belgium","Gross national savings, Percent of GDP","Annual","1980","19.837","Units"
"Belgium","Gross national savings, Percent of GDP","Annual","1981","17.417","Units"
"Belgium","Gross national savings, Percent of GDP","Annual","1982","16.597","Units"
"Belgium","Gross national savings, Percent of GDP","Annual","1983","16.305","Units"
"Belgium","Gross national savings, Percent of GDP","Annual","1984","17.517","Units"
"Belgium","Gross national savings, Percent of GDP","Annual","1985","17.598","Units"
"Belgium","Gross national savings, Percent of GDP","Annual","1986","18.718","Units"
"Belgium","Gross national savings, Percent of GDP","Annual","1987","19.676","Units"
"Belgium","Gross national savings, Percent of GDP","Annual","1988","22.185","Units"
"Belgium","Gross national savings, Percent of GDP","Annual","1989","23.474","Units"
"Belgium","Gross national savings, Percent of GDP","Annual","1990","23.647","Units"
"Belgium","Gross national savings, Percent of GDP","Annual","1991","22.736","Units"
"Belgium","Gross national savings, Percent of GDP","Annual","1992","23.056","Units"
"Belgium","Gross national savings, Percent of GDP","Annual","1993","24.409","Units"
"Belgium","Gross national savings, Percent of GDP","Annual","1994","25.628","Units"
"Belgium","Gross national savings, Percent of GDP","Annual","1995","25.769","Units"
"Belgium","Gross national savings, Percent of GDP","Annual","1996","25.247","Units"
"Belgium","Gross national savings, Percent of GDP","Annual","1997","26.212","Units"
"Belgium","Gross national savings, Percent of GDP","Annual","1998","26.086","Units"
"Belgium","Gross national savings, Percent of GDP","Annual","1999","28.876","Units"
"Belgium","Gross national savings, Percent of GDP","Annual","2000","26.203","Units"
"Belgium","Gross national savings, Percent of GDP","Annual","2001","24.126","Units"
"Belgium","Gross national savings, Percent of GDP","Annual","2002","25.249","Units"
"Belgium","Gross national savings, Percent of GDP","Annual","2003","24.362","Units"
"Belgium","Gross national savings, Percent of GDP","Annual","2004","25.765","Units"
"Belgium","Gross national savings, Percent of GDP","Annual","2005","25.677","Units"
"Belgium","Gross national savings, Percent of GDP","Annual","2006","25.821","Units"
"Belgium","Gross national savings, Percent of GDP","Annual","2007","26.099","Units"
"Belgium","Gross national savings, Percent of GDP","Annual","2008","24.931","Units"
"Belgium","Gross national savings, Percent of GDP","Annual","2009","23.678","Units"
"Belgium","Gross national savings, Percent of GDP","Annual","2010","24.018","Units"
"Belgium","Gross national savings, Percent of GDP","Annual","2011","22.554","Units"
"Belgium","Gross national savings, Percent of GDP","Annual","2012","23.507","Units"
"Belgium","Gross national savings, Percent of GDP","Annual","2013","23.659","Units"
"Belgium","Gross national savings, Percent of GDP","Annual","2014","24.026","Units"
"Belgium","Gross national savings, Percent of GDP","Annual","2015","24.709","Units"
"Belgium","Gross national savings, Percent of GDP","Annual","2016","24.735","Units"
"Belgium","Gross national savings, Percent of GDP","Annual","2017","25.033","Units"
"Belgium","Gross national savings, Percent of GDP","Annual","2018","24.637","Units"
"Belgium","Gross national savings, Percent of GDP","Annual","2019","24.815","Units"
"Belgium","Gross national savings, Percent of GDP","Annual","2020","24.984","Units"
"Belgium","Gross national savings, Percent of GDP","Annual","2021","26.284","Units"
"Belgium","Gross national savings, Percent of GDP","Annual","2022","25.341","Units"
"Belgium","Gross national savings, Percent of GDP","Annual","2023","25.513","Units"
"Belgium","Gross national savings, Percent of GDP","Annual","2024","24.118","Units"
"Belgium","Gross national savings, Percent of GDP","Annual","2025","23.513","Units"
"Belgium","Gross national savings, Percent of GDP","Annual","2026","23.721","Units"
"Austria","Gross national savings, Percent of GDP","Annual","1980","26.061","Units"
"Austria","Gross national savings, Percent of GDP","Annual","1981","24.733","Units"
"Austria","Gross national savings, Percent of GDP","Annual","1982","23.778","Units"
"Austria","Gross national savings, Percent of GDP","Annual","1983","22.098","Units"
"Austria","Gross national savings, Percent of GDP","Annual","1984","23.142","Units"
"Austria","Gross national savings, Percent of GDP","Annual","1985","23.124","Units"
"Austria","Gross national savings, Percent of GDP","Annual","1986","23.223","Units"
"Austria","Gross national savings, Percent of GDP","Annual","1987","23.434","Units"
"Austria","Gross national savings, Percent of GDP","Annual","1988","23.965","Units"
"Austria","Gross national savings, Percent of GDP","Annual","1989","25.151","Units"
"Austria","Gross national savings, Percent of GDP","Annual","1990","25.873","Units"
"Austria","Gross national savings, Percent of GDP","Annual","1991","25.402","Units"
"Austria","Gross national savings, Percent of GDP","Annual","1992","24.360","Units"
"Austria","Gross national savings, Percent of GDP","Annual","1993","23.053","Units"
"Austria","Gross national savings, Percent of GDP","Annual","1994","22.981","Units"
"Austria","Gross national savings, Percent of GDP","Annual","1995","24.111","Units"
"Austria","Gross national savings, Percent of GDP","Annual","1996","23.638","Units"
"Austria","Gross national savings, Percent of GDP","Annual","1997","23.825","Units"
"Austria","Gross national savings, Percent of GDP","Annual","1998","24.387","Units"
"Austria","Gross national savings, Percent of GDP","Annual","1999","24.004","Units"
"Austria","Gross national savings, Percent of GDP","Annual","2000","25.230","Units"
"Austria","Gross national savings, Percent of GDP","Annual","2001","24.626","Units"
"Austria","Gross national savings, Percent of GDP","Annual","2002","25.896","Units"
"Austria","Gross national savings, Percent of GDP","Annual","2003","26.013","Units"
"Austria","Gross national savings, Percent of GDP","Annual","2004","26.295","Units"
"Austria","Gross national savings, Percent of GDP","Annual","2005","26.239","Units"
"Austria","Gross national savings, Percent of GDP","Annual","2006","27.147","Units"
"Austria","Gross national savings, Percent of GDP","Annual","2007","28.560","Units"
"Austria","Gross national savings, Percent of GDP","Annual","2008","29.224","Units"
"Austria","Gross national savings, Percent of GDP","Annual","2009","25.627","Units"
"Austria","Gross national savings, Percent of GDP","Annual","2010","25.732","Units"
"Austria","Gross national savings, Percent of GDP","Annual","2011","25.993","Units"
"Austria","Gross national savings, Percent of GDP","Annual","2012","25.748","Units"
"Austria","Gross national savings, Percent of GDP","Annual","2013","25.690","Units"
"Austria","Gross national savings, Percent of GDP","Annual","2014","26.246","Units"
"Austria","Gross national savings, Percent of GDP","Annual","2015","25.589","Units"
"Austria","Gross national savings, Percent of GDP","Annual","2016","27.031","Units"
"Austria","Gross national savings, Percent of GDP","Annual","2017","26.242","Units"
"Austria","Gross national savings, Percent of GDP","Annual","2018","26.744","Units"
"Austria","Gross national savings, Percent of GDP","Annual","2019","27.885","Units"
"Austria","Gross national savings, Percent of GDP","Annual","2020","29.020","Units"
"Austria","Gross national savings, Percent of GDP","Annual","2021","29.392","Units"
"Austria","Gross national savings, Percent of GDP","Annual","2022","27.943","Units"
"Austria","Gross national savings, Percent of GDP","Annual","2023","27.610","Units"
"Austria","Gross national savings, Percent of GDP","Annual","2024","25.104","Units"
"Austria","Gross national savings, Percent of GDP","Annual","2025","24.661","Units"
"Austria","Gross national savings, Percent of GDP","Annual","2026","23.702","Units"
"Other Advanced Economies (Advanced Economies excluding G7 and Euro Area countries)","Gross national savings, Percent of GDP","Annual","1980","26.224","Units"
"Other Advanced Economies (Advanced Economies excluding G7 and Euro Area countries)","Gross national savings, Percent of GDP","Annual","1981","24.976","Units"
"Other Advanced Economies (Advanced Economies excluding G7 and Euro Area countries)","Gross national savings, Percent of GDP","Annual","1982","24.278","Units"
"Other Advanced Economies (Advanced Economies excluding G7 and Euro Area countries)","Gross national savings, Percent of GDP","Annual","1983","24.896","Units"
"Other Advanced Economies (Advanced Economies excluding G7 and Euro Area countries)","Gross national savings, Percent of GDP","Annual","1984","27.270","Units"
"Other Advanced Economies (Advanced Economies excluding G7 and Euro Area countries)","Gross national savings, Percent of GDP","Annual","1985","27.337","Units"
"Other Advanced Economies (Advanced Economies excluding G7 and Euro Area countries)","Gross national savings, Percent of GDP","Annual","1986","28.177","Units"
"Other Advanced Economies (Advanced Economies excluding G7 and Euro Area countries)","Gross national savings, Percent of GDP","Annual","1987","29.008","Units"
"Other Advanced Economies (Advanced Economies excluding G7 and Euro Area countries)","Gross national savings, Percent of GDP","Annual","1988","30.583","Units"
"Other Advanced Economies (Advanced Economies excluding G7 and Euro Area countries)","Gross national savings, Percent of GDP","Annual","1989","30.583","Units"
"Other Advanced Economies (Advanced Economies excluding G7 and Euro Area countries)","Gross national savings, Percent of GDP","Annual","1990","30.049","Units"
"Other Advanced Economies (Advanced Economies excluding G7 and Euro Area countries)","Gross national savings, Percent of GDP","Annual","1991","28.769","Units"
"Other Advanced Economies (Advanced Economies excluding G7 and Euro Area countries)","Gross national savings, Percent of GDP","Annual","1992","28.216","Units"
"Other Advanced Economies (Advanced Economies excluding G7 and Euro Area countries)","Gross national savings, Percent of GDP","Annual","1993","29.055","Units"
"Other Advanced Economies (Advanced Economies excluding G7 and Euro Area countries)","Gross national savings, Percent of GDP","Annual","1994","29.607","Units"
"Other Advanced Economies (Advanced Economies excluding G7 and Euro Area countries)","Gross national savings, Percent of GDP","Annual","1995","30.131","Units"
"Other Advanced Economies (Advanced Economies excluding G7 and Euro Area countries)","Gross national savings, Percent of GDP","Annual","1996","29.637","Units"
"Other Advanced Economies (Advanced Economies excluding G7 and Euro Area countries)","Gross national savings, Percent of GDP","Annual","1997","30.051","Units"
"Other Advanced Economies (Advanced Economies excluding G7 and Euro Area countries)","Gross national savings, Percent of GDP","Annual","1998","29.721","Units"
"Other Advanced Economies (Advanced Economies excluding G7 and Euro Area countries)","Gross national savings, Percent of GDP","Annual","1999","29.605","Units"
"Other Advanced Economies (Advanced Economies excluding G7 and Euro Area countries)","Gross national savings, Percent of GDP","Annual","2000","30.173","Units"
"Other Advanced Economies (Advanced Economies excluding G7 and Euro Area countries)","Gross national savings, Percent of GDP","Annual","2001","29.195","Units"
"Other Advanced Economies (Advanced Economies excluding G7 and Euro Area countries)","Gross national savings, Percent of GDP","Annual","2002","28.574","Units"
"Other Advanced Economies (Advanced Economies excluding G7 and Euro Area countries)","Gross national savings, Percent of GDP","Annual","2003","29.304","Units"
"Other Advanced Economies (Advanced Economies excluding G7 and Euro Area countries)","Gross national savings, Percent of GDP","Annual","2004","29.909","Units"
"Other Advanced Economies (Advanced Economies excluding G7 and Euro Area countries)","Gross national savings, Percent of GDP","Annual","2005","30.287","Units"
"Other Advanced Economies (Advanced Economies excluding G7 and Euro Area countries)","Gross national savings, Percent of GDP","Annual","2006","31.223","Units"
"Other Advanced Economies (Advanced Economies excluding G7 and Euro Area countries)","Gross national savings, Percent of GDP","Annual","2007","30.975","Units"
"Other Advanced Economies (Advanced Economies excluding G7 and Euro Area countries)","Gross national savings, Percent of GDP","Annual","2008","30.452","Units"
"Other Advanced Economies (Advanced Economies excluding G7 and Euro Area countries)","Gross national savings, Percent of GDP","Annual","2009","28.981","Units"
"Other Advanced Economies (Advanced Economies excluding G7 and Euro Area countries)","Gross national savings, Percent of GDP","Annual","2010","31.021","Units"
"Other Advanced Economies (Advanced Economies excluding G7 and Euro Area countries)","Gross national savings, Percent of GDP","Annual","2011","30.489","Units"
"Other Advanced Economies (Advanced Economies excluding G7 and Euro Area countries)","Gross national savings, Percent of GDP","Annual","2012","30.286","Units"
"Other Advanced Economies (Advanced Economies excluding G7 and Euro Area countries)","Gross national savings, Percent of GDP","Annual","2013","30.343","Units"
"Other Advanced Economies (Advanced Economies excluding G7 and Euro Area countries)","Gross national savings, Percent of GDP","Annual","2014","30.506","Units"
"Other Advanced Economies (Advanced Economies excluding G7 and Euro Area countries)","Gross national savings, Percent of GDP","Annual","2015","30.721","Units"
"Other Advanced Economies (Advanced Economies excluding G7 and Euro Area countries)","Gross national savings, Percent of GDP","Annual","2016","30.282","Units"
"Other Advanced Economies (Advanced Economies excluding G7 and Euro Area countries)","Gross national savings, Percent of GDP","Annual","2017","30.574","Units"
"Other Advanced Economies (Advanced Economies excluding G7 and Euro Area countries)","Gross national savings, Percent of GDP","Annual","2018","30.288","Units"
"Other Advanced Economies (Advanced Economies excluding G7 and Euro Area countries)","Gross national savings, Percent of GDP","Annual","2019","30.001","Units"
"Other Advanced Economies (Advanced Economies excluding G7 and Euro Area countries)","Gross national savings, Percent of GDP","Annual","2020","31.221","Units"
"Other Advanced Economies (Advanced Economies excluding G7 and Euro Area countries)","Gross national savings, Percent of GDP","Annual","2021","33.342","Units"
"Other Advanced Economies (Advanced Economies excluding G7 and Euro Area countries)","Gross national savings, Percent of GDP","Annual","2022","33.322","Units"
"Other Advanced Economies (Advanced Economies excluding G7 and Euro Area countries)","Gross national savings, Percent of GDP","Annual","2023","31.431","Units"
"Other Advanced Economies (Advanced Economies excluding G7 and Euro Area countries)","Gross national savings, Percent of GDP","Annual","2024","31.992","Units"
"Other Advanced Economies (Advanced Economies excluding G7 and Euro Area countries)","Gross national savings, Percent of GDP","Annual","2025","32.421","Units"
"Other Advanced Economies (Advanced Economies excluding G7 and Euro Area countries)","Gross national savings, Percent of GDP","Annual","2026","31.754","Units"
"Italy","Gross national savings, Percent of GDP","Annual","1980","22.821783",""
"Italy","Gross national savings, Percent of GDP","Annual","1981","20.388953",""
"Italy","Gross national savings, Percent of GDP","Annual","1982","19.729881",""
"Italy","Gross national savings, Percent of GDP","Annual","1983","19.947844",""
"Italy","Gross national savings, Percent of GDP","Annual","1984","20.270008",""
"Italy","Gross national savings, Percent of GDP","Annual","1985","19.403076",""
"Italy","Gross national savings, Percent of GDP","Annual","1986","20.274055",""
"Italy","Gross national savings, Percent of GDP","Annual","1987","19.613132",""
"Italy","Gross national savings, Percent of GDP","Annual","1988","20.741897",""
"Italy","Gross national savings, Percent of GDP","Annual","1989","19.78866",""
"Italy","Gross national savings, Percent of GDP","Annual","1990","19.929095",""
"Italy","Gross national savings, Percent of GDP","Annual","1991","19.031902",""
"Italy","Gross national savings, Percent of GDP","Annual","1992","18.266581",""
"Italy","Gross national savings, Percent of GDP","Annual","1993","19.520017",""
"Italy","Gross national savings, Percent of GDP","Annual","1994","19.855724",""
"Italy","Gross national savings, Percent of GDP","Annual","1995","22.088454",""
"Italy","Gross national savings, Percent of GDP","Annual","1996","22.337783",""
"Italy","Gross national savings, Percent of GDP","Annual","1997","22.609384",""
"Italy","Gross national savings, Percent of GDP","Annual","1998","21.883856",""
"Italy","Gross national savings, Percent of GDP","Annual","1999","21.504629",""
"Italy","Gross national savings, Percent of GDP","Annual","2000","21.051468",""
"Italy","Gross national savings, Percent of GDP","Annual","2001","21.459562",""
"Italy","Gross national savings, Percent of GDP","Annual","2002","21.555932",""
"Italy","Gross national savings, Percent of GDP","Annual","2003","20.795676",""
"Italy","Gross national savings, Percent of GDP","Annual","2004","21.161644",""
"Italy","Gross national savings, Percent of GDP","Annual","2005","20.645824",""
"Italy","Gross national savings, Percent of GDP","Annual","2006","20.891378",""
"Italy","Gross national savings, Percent of GDP","Annual","2007","21.258334",""
"Italy","Gross national savings, Percent of GDP","Annual","2008","19.315763",""
"Italy","Gross national savings, Percent of GDP","Annual","2009","17.88068",""
"Italy","Gross national savings, Percent of GDP","Annual","2010","17.574024",""
"Italy","Gross national savings, Percent of GDP","Annual","2011","17.934961",""
"Italy","Gross national savings, Percent of GDP","Annual","2012","17.769004",""
"Italy","Gross national savings, Percent of GDP","Annual","2013","18.03579",""
"Italy","Gross national savings, Percent of GDP","Annual","2014","18.831271",""
"Italy","Gross national savings, Percent of GDP","Annual","2015","18.523922",""
"Italy","Gross national savings, Percent of GDP","Annual","2016","20.172505",""
"Italy","Gross national savings, Percent of GDP","Annual","2017","20.608636",""
"Italy","Gross national savings, Percent of GDP","Annual","2018","21.162057",""
"Italy","Gross national savings, Percent of GDP","Annual","2019","21.521132",""
"Italy","Gross national savings, Percent of GDP","Annual","2020","21.65959",""
"Italy","Gross national savings, Percent of GDP","Annual","2021","24.007902",""
"Italy","Gross national savings, Percent of GDP","Annual","2022","22.769276",""
"Italy","Gross national savings, Percent of GDP","Annual","2023","23.291795",""
"Italy","Gross national savings, Percent of GDP","Annual","2024","23.347955",""
"Italy","Gross national savings, Percent of GDP","Annual","2025","23.461776",""
"Italy","Gross national savings, Percent of GDP","Annual","2026","23.807712",""
"Denmark","Gross national savings, Percent of GDP","Annual","1980","19.588","Units"
"Denmark","Gross national savings, Percent of GDP","Annual","1981","16.357","Units"
"Denmark","Gross national savings, Percent of GDP","Annual","1982","17.476","Units"
"Denmark","Gross national savings, Percent of GDP","Annual","1983","17.511","Units"
"Denmark","Gross national savings, Percent of GDP","Annual","1984","19.713","Units"
"Denmark","Gross national savings, Percent of GDP","Annual","1985","21.126","Units"
"Denmark","Gross national savings, Percent of GDP","Annual","1986","22.994","Units"
"Denmark","Gross national savings, Percent of GDP","Annual","1987","21.036","Units"
"Denmark","Gross national savings, Percent of GDP","Annual","1988","21.058","Units"
"Denmark","Gross national savings, Percent of GDP","Annual","1989","21.324","Units"
"Denmark","Gross national savings, Percent of GDP","Annual","1990","20.793","Units"
"Denmark","Gross national savings, Percent of GDP","Annual","1991","19.600","Units"
"Denmark","Gross national savings, Percent of GDP","Annual","1992","18.923","Units"
"Denmark","Gross national savings, Percent of GDP","Annual","1993","17.355","Units"
"Denmark","Gross national savings, Percent of GDP","Annual","1994","18.716","Units"
"Denmark","Gross national savings, Percent of GDP","Annual","1995","20.645","Units"
"Denmark","Gross national savings, Percent of GDP","Annual","1996","20.019","Units"
"Denmark","Gross national savings, Percent of GDP","Annual","1997","23.330","Units"
"Denmark","Gross national savings, Percent of GDP","Annual","1998","22.451","Units"
"Denmark","Gross national savings, Percent of GDP","Annual","1999","23.365","Units"
"Denmark","Gross national savings, Percent of GDP","Annual","2000","24.285","Units"
"Denmark","Gross national savings, Percent of GDP","Annual","2001","25.393","Units"
"Denmark","Gross national savings, Percent of GDP","Annual","2002","24.254","Units"
"Denmark","Gross national savings, Percent of GDP","Annual","2003","24.811","Units"
"Denmark","Gross national savings, Percent of GDP","Annual","2004","25.681","Units"
"Denmark","Gross national savings, Percent of GDP","Annual","2005","26.224","Units"
"Denmark","Gross national savings, Percent of GDP","Annual","2006","27.443","Units"
"Denmark","Gross national savings, Percent of GDP","Annual","2007","26.523","Units"
"Denmark","Gross national savings, Percent of GDP","Annual","2008","26.901","Units"
"Denmark","Gross national savings, Percent of GDP","Annual","2009","22.619","Units"
"Denmark","Gross national savings, Percent of GDP","Annual","2010","24.237","Units"
"Denmark","Gross national savings, Percent of GDP","Annual","2011","25.333","Units"
"Denmark","Gross national savings, Percent of GDP","Annual","2012","25.291","Units"
"Denmark","Gross national savings, Percent of GDP","Annual","2013","26.720","Units"
"Denmark","Gross national savings, Percent of GDP","Annual","2014","28.550","Units"
"Denmark","Gross national savings, Percent of GDP","Annual","2015","28.500","Units"
"Denmark","Gross national savings, Percent of GDP","Annual","2016","28.768","Units"
"Denmark","Gross national savings, Percent of GDP","Annual","2017","29.280","Units"
"Denmark","Gross national savings, Percent of GDP","Annual","2018","28.840","Units"
"Denmark","Gross national savings, Percent of GDP","Annual","2019","29.332","Units"
"Denmark","Gross national savings, Percent of GDP","Annual","2020","29.989","Units"
"Denmark","Gross national savings, Percent of GDP","Annual","2021","32.507","Units"
"Denmark","Gross national savings, Percent of GDP","Annual","2022","35.940","Units"
"Denmark","Gross national savings, Percent of GDP","Annual","2023","34.650","Units"
"Denmark","Gross national savings, Percent of GDP","Annual","2024","35.400","Units"
"Denmark","Gross national savings, Percent of GDP","Annual","2025","34.560","Units"
"Denmark","Gross national savings, Percent of GDP","Annual","2026","34.317","Units"
"Germany","Gross national savings, Percent of GDP","Annual","1980","21.462","Units"
"Germany","Gross national savings, Percent of GDP","Annual","1981","20.081","Units"
"Germany","Gross national savings, Percent of GDP","Annual","1982","20.066","Units"
"Germany","Gross national savings, Percent of GDP","Annual","1983","21.012","Units"
"Germany","Gross national savings, Percent of GDP","Annual","1984","21.687","Units"
"Germany","Gross national savings, Percent of GDP","Annual","1985","22.052","Units"
"Germany","Gross national savings, Percent of GDP","Annual","1986","23.593","Units"
"Germany","Gross national savings, Percent of GDP","Annual","1987","22.801","Units"
"Germany","Gross national savings, Percent of GDP","Annual","1988","23.951","Units"
"Germany","Gross national savings, Percent of GDP","Annual","1989","25.256","Units"
"Germany","Gross national savings, Percent of GDP","Annual","1990","24.252","Units"
"Germany","Gross national savings, Percent of GDP","Annual","1991","25.031","Units"
"Germany","Gross national savings, Percent of GDP","Annual","1992","24.654","Units"
"Germany","Gross national savings, Percent of GDP","Annual","1993","23.373","Units"
"Germany","Gross national savings, Percent of GDP","Annual","1994","23.241","Units"
"Germany","Gross national savings, Percent of GDP","Annual","1995","23.408","Units"
"Germany","Gross national savings, Percent of GDP","Annual","1996","22.976","Units"
"Germany","Gross national savings, Percent of GDP","Annual","1997","23.061","Units"
"Germany","Gross national savings, Percent of GDP","Annual","1998","23.563","Units"
"Germany","Gross national savings, Percent of GDP","Annual","1999","22.601","Units"
"Germany","Gross national savings, Percent of GDP","Annual","2000","22.440","Units"
"Germany","Gross national savings, Percent of GDP","Annual","2001","22.591","Units"
"Germany","Gross national savings, Percent of GDP","Annual","2002","22.106","Units"
"Germany","Gross national savings, Percent of GDP","Annual","2003","21.076","Units"
"Germany","Gross national savings, Percent of GDP","Annual","2004","23.536","Units"
"Germany","Gross national savings, Percent of GDP","Annual","2005","23.387","Units"
"Germany","Gross national savings, Percent of GDP","Annual","2006","25.708","Units"
"Germany","Gross national savings, Percent of GDP","Annual","2007","27.459","Units"
"Germany","Gross national savings, Percent of GDP","Annual","2008","26.488","Units"
"Germany","Gross national savings, Percent of GDP","Annual","2009","23.812","Units"
"Germany","Gross national savings, Percent of GDP","Annual","2010","25.275","Units"
"Germany","Gross national savings, Percent of GDP","Annual","2011","27.559","Units"
"Germany","Gross national savings, Percent of GDP","Annual","2012","26.663","Units"
"Germany","Gross national savings, Percent of GDP","Annual","2013","26.499","Units"
"Germany","Gross national savings, Percent of GDP","Annual","2014","27.375","Units"
"Germany","Gross national savings, Percent of GDP","Annual","2015","27.599","Units"
"Germany","Gross national savings, Percent of GDP","Annual","2016","28.621","Units"
"Germany","Gross national savings, Percent of GDP","Annual","2017","28.753","Units"
"Germany","Gross national savings, Percent of GDP","Annual","2018","30.072","Units"
"Germany","Gross national savings, Percent of GDP","Annual","2019","29.254","Units"
"Germany","Gross national savings, Percent of GDP","Annual","2020","28.047","Units"
"Germany","Gross national savings, Percent of GDP","Annual","2021","29.582","Units"
"Germany","Gross national savings, Percent of GDP","Annual","2022","27.087","Units"
"Germany","Gross national savings, Percent of GDP","Annual","2023","27.512","Units"
"Germany","Gross national savings, Percent of GDP","Annual","2024","27.308","Units"
"Germany","Gross national savings, Percent of GDP","Annual","2025","26.347","Units"
"Germany","Gross national savings, Percent of GDP","Annual","2026","25.402","Units"
"France","Gross national savings, Percent of GDP","Annual","1980","25.516","Units"
"France","Gross national savings, Percent of GDP","Annual","1981","23.073","Units"
"France","Gross national savings, Percent of GDP","Annual","1982","22.090","Units"
"France","Gross national savings, Percent of GDP","Annual","1983","21.176","Units"
"France","Gross national savings, Percent of GDP","Annual","1984","21.267","Units"
"France","Gross national savings, Percent of GDP","Annual","1985","21.208","Units"
"France","Gross national savings, Percent of GDP","Annual","1986","22.116","Units"
"France","Gross national savings, Percent of GDP","Annual","1987","21.832","Units"
"France","Gross national savings, Percent of GDP","Annual","1988","22.905","Units"
"France","Gross national savings, Percent of GDP","Annual","1989","23.820","Units"
"France","Gross national savings, Percent of GDP","Annual","1990","23.634","Units"
"France","Gross national savings, Percent of GDP","Annual","1991","23.091","Units"
"France","Gross national savings, Percent of GDP","Annual","1992","22.081","Units"
"France","Gross national savings, Percent of GDP","Annual","1993","19.993","Units"
"France","Gross national savings, Percent of GDP","Annual","1994","20.616","Units"
"France","Gross national savings, Percent of GDP","Annual","1995","20.647","Units"
"France","Gross national savings, Percent of GDP","Annual","1996","20.433","Units"
"France","Gross national savings, Percent of GDP","Annual","1997","22.052","Units"
"France","Gross national savings, Percent of GDP","Annual","1998","23.253","Units"
"France","Gross national savings, Percent of GDP","Annual","1999","24.626","Units"
"France","Gross national savings, Percent of GDP","Annual","2000","22.961","Units"
"France","Gross national savings, Percent of GDP","Annual","2001","23.098","Units"
"France","Gross national savings, Percent of GDP","Annual","2002","21.855","Units"
"France","Gross national savings, Percent of GDP","Annual","2003","21.491","Units"
"France","Gross national savings, Percent of GDP","Annual","2004","21.900","Units"
"France","Gross national savings, Percent of GDP","Annual","2005","22.015","Units"
"France","Gross national savings, Percent of GDP","Annual","2006","22.939","Units"
"France","Gross national savings, Percent of GDP","Annual","2007","23.467","Units"
"France","Gross national savings, Percent of GDP","Annual","2008","22.770","Units"
"France","Gross national savings, Percent of GDP","Annual","2009","20.167","Units"
"France","Gross national savings, Percent of GDP","Annual","2010","20.709","Units"
"France","Gross national savings, Percent of GDP","Annual","2011","21.642","Units"
"France","Gross national savings, Percent of GDP","Annual","2012","19.698","Units"
"France","Gross national savings, Percent of GDP","Annual","2013","20.911","Units"
"France","Gross national savings, Percent of GDP","Annual","2014","20.923","Units"
"France","Gross national savings, Percent of GDP","Annual","2015","21.392","Units"
"France","Gross national savings, Percent of GDP","Annual","2016","21.070","Units"
"France","Gross national savings, Percent of GDP","Annual","2017","21.635","Units"
"France","Gross national savings, Percent of GDP","Annual","2018","21.914","Units"
"France","Gross national savings, Percent of GDP","Annual","2019","23.623","Units"
"France","Gross national savings, Percent of GDP","Annual","2020","20.751","Units"
"France","Gross national savings, Percent of GDP","Annual","2021","23.724","Units"
"France","Gross national savings, Percent of GDP","Annual","2022","22.604","Units"
"France","Gross national savings, Percent of GDP","Annual","2023","21.919","Units"
"France","Gross national savings, Percent of GDP","Annual","2024","21.611","Units"
"France","Gross national savings, Percent of GDP","Annual","2025","21.618","Units"
"France","Gross national savings, Percent of GDP","Annual","2026","20.998","Units"
"Netherlands, The","Gross national savings, Percent of GDP","Annual","1980","22.258","Units"
"Netherlands, The","Gross national savings, Percent of GDP","Annual","1981","22.082","Units"
"Netherlands, The","Gross national savings, Percent of GDP","Annual","1982","21.858","Units"
"Netherlands, The","Gross national savings, Percent of GDP","Annual","1983","22.721","Units"
"Netherlands, The","Gross national savings, Percent of GDP","Annual","1984","23.937","Units"
"Netherlands, The","Gross national savings, Percent of GDP","Annual","1985","22.845","Units"
"Netherlands, The","Gross national savings, Percent of GDP","Annual","1986","23.856","Units"
"Netherlands, The","Gross national savings, Percent of GDP","Annual","1987","23.504","Units"
"Netherlands, The","Gross national savings, Percent of GDP","Annual","1988","25.698","Units"
"Netherlands, The","Gross national savings, Percent of GDP","Annual","1989","27.437","Units"
"Netherlands, The","Gross national savings, Percent of GDP","Annual","1990","25.668","Units"
"Netherlands, The","Gross national savings, Percent of GDP","Annual","1991","24.536","Units"
"Netherlands, The","Gross national savings, Percent of GDP","Annual","1992","24.141","Units"
"Netherlands, The","Gross national savings, Percent of GDP","Annual","1993","24.148","Units"
"Netherlands, The","Gross national savings, Percent of GDP","Annual","1994","25.116","Units"
"Netherlands, The","Gross national savings, Percent of GDP","Annual","1995","27.107","Units"
"Netherlands, The","Gross national savings, Percent of GDP","Annual","1996","26.996","Units"
"Netherlands, The","Gross national savings, Percent of GDP","Annual","1997","28.553","Units"
"Netherlands, The","Gross national savings, Percent of GDP","Annual","1998","25.710","Units"
"Netherlands, The","Gross national savings, Percent of GDP","Annual","1999","26.470","Units"
"Netherlands, The","Gross national savings, Percent of GDP","Annual","2000","24.196","Units"
"Netherlands, The","Gross national savings, Percent of GDP","Annual","2001","24.873","Units"
"Netherlands, The","Gross national savings, Percent of GDP","Annual","2002","23.287","Units"
"Netherlands, The","Gross national savings, Percent of GDP","Annual","2003","25.565","Units"
"Netherlands, The","Gross national savings, Percent of GDP","Annual","2004","27.321","Units"
"Netherlands, The","Gross national savings, Percent of GDP","Annual","2005","26.698","Units"
"Netherlands, The","Gross national savings, Percent of GDP","Annual","2006","28.867","Units"
"Netherlands, The","Gross national savings, Percent of GDP","Annual","2007","28.510","Units"
"Netherlands, The","Gross national savings, Percent of GDP","Annual","2008","26.151","Units"
"Netherlands, The","Gross national savings, Percent of GDP","Annual","2009","23.864","Units"
"Netherlands, The","Gross national savings, Percent of GDP","Annual","2010","26.453","Units"
"Netherlands, The","Gross national savings, Percent of GDP","Annual","2011","26.963","Units"
"Netherlands, The","Gross national savings, Percent of GDP","Annual","2012","26.069","Units"
"Netherlands, The","Gross national savings, Percent of GDP","Annual","2013","26.265","Units"
"Netherlands, The","Gross national savings, Percent of GDP","Annual","2014","26.266","Units"
"Netherlands, The","Gross national savings, Percent of GDP","Annual","2015","26.978","Units"
"Netherlands, The","Gross national savings, Percent of GDP","Annual","2016","26.960","Units"
"Netherlands, The","Gross national savings, Percent of GDP","Annual","2017","28.267","Units"
"Netherlands, The","Gross national savings, Percent of GDP","Annual","2018","29.329","Units"
"Netherlands, The","Gross national savings, Percent of GDP","Annual","2019","28.555","Units"
"Netherlands, The","Gross national savings, Percent of GDP","Annual","2020","27.044","Units"
"Netherlands, The","Gross national savings, Percent of GDP","Annual","2021","32.441","Units"
"Netherlands, The","Gross national savings, Percent of GDP","Annual","2022","29.642","Units"
"Netherlands, The","Gross national savings, Percent of GDP","Annual","2023","29.503","Units"
"Netherlands, The","Gross national savings, Percent of GDP","Annual","2024","28.812","Units"
"Netherlands, The","Gross national savings, Percent of GDP","Annual","2025","28.455","Units"
"Netherlands, The","Gross national savings, Percent of GDP","Annual","2026","28.433","Units"
"Norway","Gross national savings, Percent of GDP","Annual","1980","28.471","Units"
"Norway","Gross national savings, Percent of GDP","Annual","1981","30.999","Units"
"Norway","Gross national savings, Percent of GDP","Annual","1982","29.427","Units"
"Norway","Gross national savings, Percent of GDP","Annual","1983","30.154","Units"
"Norway","Gross national savings, Percent of GDP","Annual","1984","32.619","Units"
"Norway","Gross national savings, Percent of GDP","Annual","1985","31.960","Units"
"Norway","Gross national savings, Percent of GDP","Annual","1986","26.730","Units"
"Norway","Gross national savings, Percent of GDP","Annual","1987","26.688","Units"
"Norway","Gross national savings, Percent of GDP","Annual","1988","26.207","Units"
"Norway","Gross national savings, Percent of GDP","Annual","1989","27.086","Units"
"Norway","Gross national savings, Percent of GDP","Annual","1990","26.672","Units"
"Norway","Gross national savings, Percent of GDP","Annual","1991","25.234","Units"
"Norway","Gross national savings, Percent of GDP","Annual","1992","24.327","Units"
"Norway","Gross national savings, Percent of GDP","Annual","1993","24.305","Units"
"Norway","Gross national savings, Percent of GDP","Annual","1994","25.240","Units"
"Norway","Gross national savings, Percent of GDP","Annual","1995","26.715","Units"
"Norway","Gross national savings, Percent of GDP","Annual","1996","28.604","Units"
"Norway","Gross national savings, Percent of GDP","Annual","1997","30.198","Units"
"Norway","Gross national savings, Percent of GDP","Annual","1998","26.910","Units"
"Norway","Gross national savings, Percent of GDP","Annual","1999","29.001","Units"
"Norway","Gross national savings, Percent of GDP","Annual","2000","35.628","Units"
"Norway","Gross national savings, Percent of GDP","Annual","2001","35.451","Units"
"Norway","Gross national savings, Percent of GDP","Annual","2002","31.665","Units"
"Norway","Gross national savings, Percent of GDP","Annual","2003","30.472","Units"
"Norway","Gross national savings, Percent of GDP","Annual","2004","32.980","Units"
"Norway","Gross national savings, Percent of GDP","Annual","2005","37.555","Units"
"Norway","Gross national savings, Percent of GDP","Annual","2006","39.123","Units"
"Norway","Gross national savings, Percent of GDP","Annual","2007","38.271","Units"
"Norway","Gross national savings, Percent of GDP","Annual","2008","40.915","Units"
"Norway","Gross national savings, Percent of GDP","Annual","2009","34.486","Units"
"Norway","Gross national savings, Percent of GDP","Annual","2010","35.424","Units"
"Norway","Gross national savings, Percent of GDP","Annual","2011","37.451","Units"
"Norway","Gross national savings, Percent of GDP","Annual","2012","38.592","Units"
"Norway","Gross national savings, Percent of GDP","Annual","2013","37.437","Units"
"Norway","Gross national savings, Percent of GDP","Annual","2014","37.692","Units"
"Norway","Gross national savings, Percent of GDP","Annual","2015","34.747","Units"
"Norway","Gross national savings, Percent of GDP","Annual","2016","31.463","Units"
"Norway","Gross national savings, Percent of GDP","Annual","2017","31.440","Units"
"Norway","Gross national savings, Percent of GDP","Annual","2018","34.538","Units"
"Norway","Gross national savings, Percent of GDP","Annual","2019","31.557","Units"
"Norway","Gross national savings, Percent of GDP","Annual","2020","30.813","Units"
"Norway","Gross national savings, Percent of GDP","Annual","2021","37.845","Units"
"Norway","Gross national savings, Percent of GDP","Annual","2022","48.828","Units"
"Norway","Gross national savings, Percent of GDP","Annual","2023","40.725","Units"
"Norway","Gross national savings, Percent of GDP","Annual","2024","38.664","Units"
"Norway","Gross national savings, Percent of GDP","Annual","2025","37.280","Units"
"Norway","Gross national savings, Percent of GDP","Annual","2026","37.376","Units"
"Luxembourg","Gross national savings, Percent of GDP","Annual","1980","15.60753",""
"Luxembourg","Gross national savings, Percent of GDP","Annual","1981","14.585293",""
"Luxembourg","Gross national savings, Percent of GDP","Annual","1982","11.245073",""
"Luxembourg","Gross national savings, Percent of GDP","Annual","1983","14.974093",""
"Luxembourg","Gross national savings, Percent of GDP","Annual","1984","16.622318",""
"Luxembourg","Gross national savings, Percent of GDP","Annual","1985","29.87",""
"Luxembourg","Gross national savings, Percent of GDP","Annual","1986","30.793404",""
"Luxembourg","Gross national savings, Percent of GDP","Annual","1987","30.266736",""
"Luxembourg","Gross national savings, Percent of GDP","Annual","1988","30.62269",""
"Luxembourg","Gross national savings, Percent of GDP","Annual","1989","32.605325",""
"Luxembourg","Gross national savings, Percent of GDP","Annual","1990","34.017467",""
"Luxembourg","Gross national savings, Percent of GDP","Annual","1991","35.243733",""
"Luxembourg","Gross national savings, Percent of GDP","Annual","1992","35.683201",""
"Luxembourg","Gross national savings, Percent of GDP","Annual","1993","35.645297",""
"Luxembourg","Gross national savings, Percent of GDP","Annual","1994","33.835037",""
"Luxembourg","Gross national savings, Percent of GDP","Annual","1995","31.71435",""
"Luxembourg","Gross national savings, Percent of GDP","Annual","1996","31.850928",""
"Luxembourg","Gross national savings, Percent of GDP","Annual","1997","32.32515",""
"Luxembourg","Gross national savings, Percent of GDP","Annual","1998","32.005054",""
"Luxembourg","Gross national savings, Percent of GDP","Annual","1999","34.834362",""
"Luxembourg","Gross national savings, Percent of GDP","Annual","2000","35.213346",""
"Luxembourg","Gross national savings, Percent of GDP","Annual","2001","30.486886",""
"Luxembourg","Gross national savings, Percent of GDP","Annual","2002","28.036352",""
"Luxembourg","Gross national savings, Percent of GDP","Annual","2003","28.455083",""
"Luxembourg","Gross national savings, Percent of GDP","Annual","2004","28.379107",""
"Luxembourg","Gross national savings, Percent of GDP","Annual","2005","28.448532",""
"Luxembourg","Gross national savings, Percent of GDP","Annual","2006","25.646233",""
"Luxembourg","Gross national savings, Percent of GDP","Annual","2007","26.062181",""
"Luxembourg","Gross national savings, Percent of GDP","Annual","2008","26.707907",""
"Luxembourg","Gross national savings, Percent of GDP","Annual","2009","21.967852",""
"Luxembourg","Gross national savings, Percent of GDP","Annual","2010","23.861216",""
"Luxembourg","Gross national savings, Percent of GDP","Annual","2011","24.909134",""
"Luxembourg","Gross national savings, Percent of GDP","Annual","2012","23.742966",""
"Luxembourg","Gross national savings, Percent of GDP","Annual","2013","22.080681",""
"Luxembourg","Gross national savings, Percent of GDP","Annual","2014","23.188792",""
"Luxembourg","Gross national savings, Percent of GDP","Annual","2015","24.562265",""
"Luxembourg","Gross national savings, Percent of GDP","Annual","2016","25.333049",""
"Luxembourg","Gross national savings, Percent of GDP","Annual","2017","25.333168",""
"Luxembourg","Gross national savings, Percent of GDP","Annual","2018","25.308214",""
"Luxembourg","Gross national savings, Percent of GDP","Annual","2019","27.181447",""
"Luxembourg","Gross national savings, Percent of GDP","Annual","2020","22.613149",""
"Luxembourg","Gross national savings, Percent of GDP","Annual","2021","23.660453",""
"Luxembourg","Gross national savings, Percent of GDP","Annual","2022","22.449408",""
"Luxembourg","Gross national savings, Percent of GDP","Annual","2023","23.252886",""
"Luxembourg","Gross national savings, Percent of GDP","Annual","2024","20.108308",""
"Luxembourg","Gross national savings, Percent of GDP","Annual","2025","20.204975",""
"Luxembourg","Gross national savings, Percent of GDP","Annual","2026","20.127627",""
"Sweden","Gross national savings, Percent of GDP","Annual","1980","25.912","Units"
"Sweden","Gross national savings, Percent of GDP","Annual","1981","21.766","Units"
"Sweden","Gross national savings, Percent of GDP","Annual","1982","18.408","Units"
"Sweden","Gross national savings, Percent of GDP","Annual","1983","20.628","Units"
"Sweden","Gross national savings, Percent of GDP","Annual","1984","22.809","Units"
"Sweden","Gross national savings, Percent of GDP","Annual","1985","22.935","Units"
"Sweden","Gross national savings, Percent of GDP","Annual","1986","23.294","Units"
"Sweden","Gross national savings, Percent of GDP","Annual","1987","23.731","Units"
"Sweden","Gross national savings, Percent of GDP","Annual","1988","24.280","Units"
"Sweden","Gross national savings, Percent of GDP","Annual","1989","25.334","Units"
"Sweden","Gross national savings, Percent of GDP","Annual","1990","23.964","Units"
"Sweden","Gross national savings, Percent of GDP","Annual","1991","21.207","Units"
"Sweden","Gross national savings, Percent of GDP","Annual","1992","18.728","Units"
"Sweden","Gross national savings, Percent of GDP","Annual","1993","17.467","Units"
"Sweden","Gross national savings, Percent of GDP","Annual","1994","21.019","Units"
"Sweden","Gross national savings, Percent of GDP","Annual","1995","23.582","Units"
"Sweden","Gross national savings, Percent of GDP","Annual","1996","23.455","Units"
"Sweden","Gross national savings, Percent of GDP","Annual","1997","23.775","Units"
"Sweden","Gross national savings, Percent of GDP","Annual","1998","24.604","Units"
"Sweden","Gross national savings, Percent of GDP","Annual","1999","25.042","Units"
"Sweden","Gross national savings, Percent of GDP","Annual","2000","26.046","Units"
"Sweden","Gross national savings, Percent of GDP","Annual","2001","26.903","Units"
"Sweden","Gross national savings, Percent of GDP","Annual","2002","25.957","Units"
"Sweden","Gross national savings, Percent of GDP","Annual","2003","27.047","Units"
"Sweden","Gross national savings, Percent of GDP","Annual","2004","27.097","Units"
"Sweden","Gross national savings, Percent of GDP","Annual","2005","27.229","Units"
"Sweden","Gross national savings, Percent of GDP","Annual","2006","30.535","Units"
"Sweden","Gross national savings, Percent of GDP","Annual","2007","32.148","Units"
"Sweden","Gross national savings, Percent of GDP","Annual","2008","31.715","Units"
"Sweden","Gross national savings, Percent of GDP","Annual","2009","26.387","Units"
"Sweden","Gross national savings, Percent of GDP","Annual","2010","28.298","Units"
"Sweden","Gross national savings, Percent of GDP","Annual","2011","28.703","Units"
"Sweden","Gross national savings, Percent of GDP","Annual","2012","27.490","Units"
"Sweden","Gross national savings, Percent of GDP","Annual","2013","26.601","Units"
"Sweden","Gross national savings, Percent of GDP","Annual","2014","26.336","Units"
"Sweden","Gross national savings, Percent of GDP","Annual","2015","26.511","Units"
"Sweden","Gross national savings, Percent of GDP","Annual","2016","26.396","Units"
"Sweden","Gross national savings, Percent of GDP","Annual","2017","27.265","Units"
"Sweden","Gross national savings, Percent of GDP","Annual","2018","27.448","Units"
"Sweden","Gross national savings, Percent of GDP","Annual","2019","29.693","Units"
"Sweden","Gross national savings, Percent of GDP","Annual","2020","30.082","Units"
"Sweden","Gross national savings, Percent of GDP","Annual","2021","31.492","Units"
"Sweden","Gross national savings, Percent of GDP","Annual","2022","30.907","Units"
"Sweden","Gross national savings, Percent of GDP","Annual","2023","31.484","Units"
"Sweden","Gross national savings, Percent of GDP","Annual","2024","31.985","Units"
"Sweden","Gross national savings, Percent of GDP","Annual","2025","31.561","Units"
"Sweden","Gross national savings, Percent of GDP","Annual","2026","30.505","Units"
"Canada","Gross national savings, Percent of GDP","Annual","1980","20.202","Units"
"Canada","Gross national savings, Percent of GDP","Annual","1981","21.113","Units"
"Canada","Gross national savings, Percent of GDP","Annual","1982","20.407","Units"
"Canada","Gross national savings, Percent of GDP","Annual","1983","19.381","Units"
"Canada","Gross national savings, Percent of GDP","Annual","1984","20.501","Units"
"Canada","Gross national savings, Percent of GDP","Annual","1985","19.872","Units"
"Canada","Gross national savings, Percent of GDP","Annual","1986","18.618","Units"
"Canada","Gross national savings, Percent of GDP","Annual","1987","18.953","Units"
"Canada","Gross national savings, Percent of GDP","Annual","1988","20.443","Units"
"Canada","Gross national savings, Percent of GDP","Annual","1989","19.652","Units"
"Canada","Gross national savings, Percent of GDP","Annual","1990","17.870","Units"
"Canada","Gross national savings, Percent of GDP","Annual","1991","15.609","Units"
"Canada","Gross national savings, Percent of GDP","Annual","1992","14.768","Units"
"Canada","Gross national savings, Percent of GDP","Annual","1993","14.636","Units"
"Canada","Gross national savings, Percent of GDP","Annual","1994","17.138","Units"
"Canada","Gross national savings, Percent of GDP","Annual","1995","18.555","Units"
"Canada","Gross national savings, Percent of GDP","Annual","1996","19.341","Units"
"Canada","Gross national savings, Percent of GDP","Annual","1997","19.877","Units"
"Canada","Gross national savings, Percent of GDP","Annual","1998","19.704","Units"
"Canada","Gross national savings, Percent of GDP","Annual","1999","20.861","Units"
"Canada","Gross national savings, Percent of GDP","Annual","2000","23.161","Units"
"Canada","Gross national savings, Percent of GDP","Annual","2001","21.885","Units"
"Canada","Gross national savings, Percent of GDP","Annual","2002","21.471","Units"
"Canada","Gross national savings, Percent of GDP","Annual","2003","21.699","Units"
"Canada","Gross national savings, Percent of GDP","Annual","2004","23.729","Units"
"Canada","Gross national savings, Percent of GDP","Annual","2005","24.561","Units"
"Canada","Gross national savings, Percent of GDP","Annual","2006","25.038","Units"
"Canada","Gross national savings, Percent of GDP","Annual","2007","24.732","Units"
"Canada","Gross national savings, Percent of GDP","Annual","2008","24.221","Units"
"Canada","Gross national savings, Percent of GDP","Annual","2009","19.050","Units"
"Canada","Gross national savings, Percent of GDP","Annual","2010","19.918","Units"
"Canada","Gross national savings, Percent of GDP","Annual","2011","21.438","Units"
"Canada","Gross national savings, Percent of GDP","Annual","2012","21.337","Units"
"Canada","Gross national savings, Percent of GDP","Annual","2013","21.766","Units"
"Canada","Gross national savings, Percent of GDP","Annual","2014","22.551","Units"
"Canada","Gross national savings, Percent of GDP","Annual","2015","20.326","Units"
"Canada","Gross national savings, Percent of GDP","Annual","2016","19.673","Units"
"Canada","Gross national savings, Percent of GDP","Annual","2017","20.748","Units"
"Canada","Gross national savings, Percent of GDP","Annual","2018","21.000","Units"
"Canada","Gross national savings, Percent of GDP","Annual","2019","21.089","Units"
"Canada","Gross national savings, Percent of GDP","Annual","2020","20.658","Units"
"Canada","Gross national savings, Percent of GDP","Annual","2021","24.286","Units"
"Canada","Gross national savings, Percent of GDP","Annual","2022","24.569","Units"
"Canada","Gross national savings, Percent of GDP","Annual","2023","22.949","Units"
"Canada","Gross national savings, Percent of GDP","Annual","2024","22.687","Units"
"Canada","Gross national savings, Percent of GDP","Annual","2025","22.217","Units"
"Canada","Gross national savings, Percent of GDP","Annual","2026","22.844","Units"
"Switzerland","Gross national savings, Percent of GDP","Annual","1980","34.938","Units"
"Switzerland","Gross national savings, Percent of GDP","Annual","1981","35.185","Units"
"Switzerland","Gross national savings, Percent of GDP","Annual","1982","35.804","Units"
"Switzerland","Gross national savings, Percent of GDP","Annual","1983","33.096","Units"
"Switzerland","Gross national savings, Percent of GDP","Annual","1984","35.398","Units"
"Switzerland","Gross national savings, Percent of GDP","Annual","1985","36.168","Units"
"Switzerland","Gross national savings, Percent of GDP","Annual","1986","35.693","Units"
"Switzerland","Gross national savings, Percent of GDP","Annual","1987","35.674","Units"
"Switzerland","Gross national savings, Percent of GDP","Annual","1988","37.479","Units"
"Switzerland","Gross national savings, Percent of GDP","Annual","1989","38.061","Units"
"Switzerland","Gross national savings, Percent of GDP","Annual","1990","38.959","Units"
"Switzerland","Gross national savings, Percent of GDP","Annual","1991","37.082","Units"
"Switzerland","Gross national savings, Percent of GDP","Annual","1992","34.780","Units"
"Switzerland","Gross national savings, Percent of GDP","Annual","1993","35.247","Units"
"Switzerland","Gross national savings, Percent of GDP","Annual","1994","35.197","Units"
"Switzerland","Gross national savings, Percent of GDP","Annual","1995","34.538","Units"
"Switzerland","Gross national savings, Percent of GDP","Annual","1996","34.497","Units"
"Switzerland","Gross national savings, Percent of GDP","Annual","1997","35.945","Units"
"Switzerland","Gross national savings, Percent of GDP","Annual","1998","36.280","Units"
"Switzerland","Gross national savings, Percent of GDP","Annual","1999","36.754","Units"
"Switzerland","Gross national savings, Percent of GDP","Annual","2000","39.067","Units"
"Switzerland","Gross national savings, Percent of GDP","Annual","2001","35.662","Units"
"Switzerland","Gross national savings, Percent of GDP","Annual","2002","34.515","Units"
"Switzerland","Gross national savings, Percent of GDP","Annual","2003","37.905","Units"
"Switzerland","Gross national savings, Percent of GDP","Annual","2004","37.365","Units"
"Switzerland","Gross national savings, Percent of GDP","Annual","2005","38.591","Units"
"Switzerland","Gross national savings, Percent of GDP","Annual","2006","40.796","Units"
"Switzerland","Gross national savings, Percent of GDP","Annual","2007","35.966","Units"
"Switzerland","Gross national savings, Percent of GDP","Annual","2008","29.243","Units"
"Switzerland","Gross national savings, Percent of GDP","Annual","2009","34.726","Units"
"Switzerland","Gross national savings, Percent of GDP","Annual","2010","39.747","Units"
"Switzerland","Gross national savings, Percent of GDP","Annual","2011","35.509","Units"
"Switzerland","Gross national savings, Percent of GDP","Annual","2012","36.413","Units"
"Switzerland","Gross national savings, Percent of GDP","Annual","2013","35.951","Units"
"Switzerland","Gross national savings, Percent of GDP","Annual","2014","33.756","Units"
"Switzerland","Gross national savings, Percent of GDP","Annual","2015","34.891","Units"
"Switzerland","Gross national savings, Percent of GDP","Annual","2016","33.623","Units"
"Switzerland","Gross national savings, Percent of GDP","Annual","2017","32.490","Units"
"Switzerland","Gross national savings, Percent of GDP","Annual","2018","33.353","Units"
"Switzerland","Gross national savings, Percent of GDP","Annual","2019","31.996","Units"
"Switzerland","Gross national savings, Percent of GDP","Annual","2020","31.725","Units"
"Switzerland","Gross national savings, Percent of GDP","Annual","2021","35.504","Units"
"Switzerland","Gross national savings, Percent of GDP","Annual","2022","35.526","Units"
"Switzerland","Gross national savings, Percent of GDP","Annual","2023","34.408","Units"
"Switzerland","Gross national savings, Percent of GDP","Annual","2024","35.712","Units"
"Switzerland","Gross national savings, Percent of GDP","Annual","2025","36.633","Units"
"Switzerland","Gross national savings, Percent of GDP","Annual","2026","36.320","Units"
"Finland","Gross national savings, Percent of GDP","Annual","1980","28.775","Units"
"Finland","Gross national savings, Percent of GDP","Annual","1981","27.697","Units"
"Finland","Gross national savings, Percent of GDP","Annual","1982","26.296","Units"
"Finland","Gross national savings, Percent of GDP","Annual","1983","26.118","Units"
"Finland","Gross national savings, Percent of GDP","Annual","1984","26.898","Units"
"Finland","Gross national savings, Percent of GDP","Annual","1985","26.113","Units"
"Finland","Gross national savings, Percent of GDP","Annual","1986","25.665","Units"
"Finland","Gross national savings, Percent of GDP","Annual","1987","25.192","Units"
"Finland","Gross national savings, Percent of GDP","Annual","1988","27.496","Units"
"Finland","Gross national savings, Percent of GDP","Annual","1989","27.338","Units"
"Finland","Gross national savings, Percent of GDP","Annual","1990","25.086","Units"
"Finland","Gross national savings, Percent of GDP","Annual","1991","18.734","Units"
"Finland","Gross national savings, Percent of GDP","Annual","1992","16.410","Units"
"Finland","Gross national savings, Percent of GDP","Annual","1993","17.143","Units"
"Finland","Gross national savings, Percent of GDP","Annual","1994","20.605","Units"
"Finland","Gross national savings, Percent of GDP","Annual","1995","24.138","Units"
"Finland","Gross national savings, Percent of GDP","Annual","1996","23.721","Units"
"Finland","Gross national savings, Percent of GDP","Annual","1997","26.463","Units"
"Finland","Gross national savings, Percent of GDP","Annual","1998","27.677","Units"
"Finland","Gross national savings, Percent of GDP","Annual","1999","27.206","Units"
"Finland","Gross national savings, Percent of GDP","Annual","2000","30.986","Units"
"Finland","Gross national savings, Percent of GDP","Annual","2001","30.810","Units"
"Finland","Gross national savings, Percent of GDP","Annual","2002","29.837","Units"
"Finland","Gross national savings, Percent of GDP","Annual","2003","26.504","Units"
"Finland","Gross national savings, Percent of GDP","Annual","2004","28.435","Units"
"Finland","Gross national savings, Percent of GDP","Annual","2005","27.439","Units"
"Finland","Gross national savings, Percent of GDP","Annual","2006","27.895","Units"
"Finland","Gross national savings, Percent of GDP","Annual","2007","29.547","Units"
"Finland","Gross national savings, Percent of GDP","Annual","2008","27.757","Units"
"Finland","Gross national savings, Percent of GDP","Annual","2009","23.433","Units"
"Finland","Gross national savings, Percent of GDP","Annual","2010","23.934","Units"
"Finland","Gross national savings, Percent of GDP","Annual","2011","22.751","Units"
"Finland","Gross national savings, Percent of GDP","Annual","2012","21.363","Units"
"Finland","Gross national savings, Percent of GDP","Annual","2013","20.742","Units"
"Finland","Gross national savings, Percent of GDP","Annual","2014","20.786","Units"
"Finland","Gross national savings, Percent of GDP","Annual","2015","20.970","Units"
"Finland","Gross national savings, Percent of GDP","Annual","2016","21.581","Units"
"Finland","Gross national savings, Percent of GDP","Annual","2017","23.625","Units"
"Finland","Gross national savings, Percent of GDP","Annual","2018","24.081","Units"
"Finland","Gross national savings, Percent of GDP","Annual","2019","24.402","Units"
"Finland","Gross national savings, Percent of GDP","Annual","2020","25.377","Units"
"Finland","Gross national savings, Percent of GDP","Annual","2021","25.094","Units"
"Finland","Gross national savings, Percent of GDP","Annual","2022","24.846","Units"
"Finland","Gross national savings, Percent of GDP","Annual","2023","22.080","Units"
"Finland","Gross national savings, Percent of GDP","Annual","2024","21.873","Units"
"Finland","Gross national savings, Percent of GDP","Annual","2025","23.135","Units"
"Finland","Gross national savings, Percent of GDP","Annual","2026","23.201","Units"
"Euro Area (EA)","Gross national savings, Percent of GDP","Annual","1991","22.912","Units"
"Euro Area (EA)","Gross national savings, Percent of GDP","Annual","1992","22.282","Units"
"Euro Area (EA)","Gross national savings, Percent of GDP","Annual","1993","21.914","Units"
"Euro Area (EA)","Gross national savings, Percent of GDP","Annual","1994","22.206","Units"
"Euro Area (EA)","Gross national savings, Percent of GDP","Annual","1995","22.567","Units"
"Euro Area (EA)","Gross national savings, Percent of GDP","Annual","1996","22.327","Units"
"Euro Area (EA)","Gross national savings, Percent of GDP","Annual","1997","23.021","Units"
"Euro Area (EA)","Gross national savings, Percent of GDP","Annual","1998","23.241","Units"
"Euro Area (EA)","Gross national savings, Percent of GDP","Annual","1999","23.276","Units"
"Euro Area (EA)","Gross national savings, Percent of GDP","Annual","2000","22.709","Units"
"Euro Area (EA)","Gross national savings, Percent of GDP","Annual","2001","22.718","Units"
"Euro Area (EA)","Gross national savings, Percent of GDP","Annual","2002","22.342","Units"
"Euro Area (EA)","Gross national savings, Percent of GDP","Annual","2003","22.027","Units"
"Euro Area (EA)","Gross national savings, Percent of GDP","Annual","2004","22.996","Units"
"Euro Area (EA)","Gross national savings, Percent of GDP","Annual","2005","22.610","Units"
"Euro Area (EA)","Gross national savings, Percent of GDP","Annual","2006","23.582","Units"
"Euro Area (EA)","Gross national savings, Percent of GDP","Annual","2007","24.052","Units"
"Euro Area (EA)","Gross national savings, Percent of GDP","Annual","2008","22.766","Units"
"Euro Area (EA)","Gross national savings, Percent of GDP","Annual","2009","20.693","Units"
"Euro Area (EA)","Gross national savings, Percent of GDP","Annual","2010","21.360","Units"
"Euro Area (EA)","Gross national savings, Percent of GDP","Annual","2011","22.183","Units"
"Euro Area (EA)","Gross national savings, Percent of GDP","Annual","2012","21.727","Units"
"Euro Area (EA)","Gross national savings, Percent of GDP","Annual","2013","22.248","Units"
"Euro Area (EA)","Gross national savings, Percent of GDP","Annual","2014","22.846","Units"
"Euro Area (EA)","Gross national savings, Percent of GDP","Annual","2015","23.405","Units"
"Euro Area (EA)","Gross national savings, Percent of GDP","Annual","2016","24.111","Units"
"Euro Area (EA)","Gross national savings, Percent of GDP","Annual","2017","24.590","Units"
"Euro Area (EA)","Gross national savings, Percent of GDP","Annual","2018","25.174","Units"
"Euro Area (EA)","Gross national savings, Percent of GDP","Annual","2019","25.424","Units"
"Euro Area (EA)","Gross national savings, Percent of GDP","Annual","2020","24.386","Units"
"Euro Area (EA)","Gross national savings, Percent of GDP","Annual","2021","26.364","Units"
"Euro Area (EA)","Gross national savings, Percent of GDP","Annual","2022","24.767","Units"
"Euro Area (EA)","Gross national savings, Percent of GDP","Annual","2023","24.981","Units"
"Euro Area (EA)","Gross national savings, Percent of GDP","Annual","2024","24.769","Units"
"Euro Area (EA)","Gross national savings, Percent of GDP","Annual","2025","24.379","Units"
"Euro Area (EA)","Gross national savings, Percent of GDP","Annual","2026","23.991","Units"
"Japan","Gross national savings, Percent of GDP","Annual","1980","28.992674",""
"Japan","Gross national savings, Percent of GDP","Annual","1981","29.487035",""
"Japan","Gross national savings, Percent of GDP","Annual","1982","28.436205",""
"Japan","Gross national savings, Percent of GDP","Annual","1983","27.600108",""
"Japan","Gross national savings, Percent of GDP","Annual","1984","28.467953",""
"Japan","Gross national savings, Percent of GDP","Annual","1985","30.061441",""
"Japan","Gross national savings, Percent of GDP","Annual","1986","30.335664",""
"Japan","Gross national savings, Percent of GDP","Annual","1987","30.029107",""
"Japan","Gross national savings, Percent of GDP","Annual","1988","31.234836",""
"Japan","Gross national savings, Percent of GDP","Annual","1989","32.023622",""
"Japan","Gross national savings, Percent of GDP","Annual","1990","32.14765",""
"Japan","Gross national savings, Percent of GDP","Annual","1991","32.216941",""
"Japan","Gross national savings, Percent of GDP","Annual","1992","31.661254",""
"Japan","Gross national savings, Percent of GDP","Annual","1993","30.711426",""
"Japan","Gross national savings, Percent of GDP","Annual","1994","29.211045",""
"Japan","Gross national savings, Percent of GDP","Annual","1995","28.549964",""
"Japan","Gross national savings, Percent of GDP","Annual","1996","34.902086",""
"Japan","Gross national savings, Percent of GDP","Annual","1997","34.729124",""
"Japan","Gross national savings, Percent of GDP","Annual","1998","33.482794",""
"Japan","Gross national savings, Percent of GDP","Annual","1999","31.68798",""
"Japan","Gross national savings, Percent of GDP","Annual","2000","32.241717",""
"Japan","Gross national savings, Percent of GDP","Annual","2001","30.948997",""
"Japan","Gross national savings, Percent of GDP","Annual","2002","29.769769",""
"Japan","Gross national savings, Percent of GDP","Annual","2003","29.840382",""
"Japan","Gross national savings, Percent of GDP","Annual","2004","30.347446",""
"Japan","Gross national savings, Percent of GDP","Annual","2005","30.493373",""
"Japan","Gross national savings, Percent of GDP","Annual","2006","30.838984",""
"Japan","Gross national savings, Percent of GDP","Annual","2007","31.391505",""
"Japan","Gross national savings, Percent of GDP","Annual","2008","29.720838",""
"Japan","Gross national savings, Percent of GDP","Annual","2009","26.380547",""
"Japan","Gross national savings, Percent of GDP","Annual","2010","27.376028",""
"Japan","Gross national savings, Percent of GDP","Annual","2011","26.519964",""
"Japan","Gross national savings, Percent of GDP","Annual","2012","25.928915",""
"Japan","Gross national savings, Percent of GDP","Annual","2013","26.244681",""
"Japan","Gross national savings, Percent of GDP","Annual","2014","27.085462",""
"Japan","Gross national savings, Percent of GDP","Annual","2015","29.561314",""
"Japan","Gross national savings, Percent of GDP","Annual","2016","30.11022",""
"Japan","Gross national savings, Percent of GDP","Annual","2017","30.674376",""
"Japan","Gross national savings, Percent of GDP","Annual","2018","30.586322",""
"Japan","Gross national savings, Percent of GDP","Annual","2019","30.685977",""
"Japan","Gross national savings, Percent of GDP","Annual","2020","29.775846",""
"Japan","Gross national savings, Percent of GDP","Annual","2021","31.079665",""
"Japan","Gross national savings, Percent of GDP","Annual","2022","30.332129",""
"Japan","Gross national savings, Percent of GDP","Annual","2023","31.347426",""
"Japan","Gross national savings, Percent of GDP","Annual","2024","32.193841",""
"Japan","Gross national savings, Percent of GDP","Annual","2025","32.556478",""
"Japan","Gross national savings, Percent of GDP","Annual","2026","32.041174",""
"Ireland","Gross national savings, Percent of GDP","Annual","1980","15.302077",""
"Ireland","Gross national savings, Percent of GDP","Annual","1981","13.434262",""
"Ireland","Gross national savings, Percent of GDP","Annual","1982","15.983844",""
"Ireland","Gross national savings, Percent of GDP","Annual","1983","15.842161",""
"Ireland","Gross national savings, Percent of GDP","Annual","1984","15.511259",""
"Ireland","Gross national savings, Percent of GDP","Annual","1985","14.639539",""
"Ireland","Gross national savings, Percent of GDP","Annual","1986","14.744646",""
"Ireland","Gross national savings, Percent of GDP","Annual","1987","16.025813",""
"Ireland","Gross national savings, Percent of GDP","Annual","1988","15.541614",""
"Ireland","Gross national savings, Percent of GDP","Annual","1989","16.562379",""
"Ireland","Gross national savings, Percent of GDP","Annual","1990","19.339971",""
"Ireland","Gross national savings, Percent of GDP","Annual","1991","18.802421",""
"Ireland","Gross national savings, Percent of GDP","Annual","1992","16.725066",""
"Ireland","Gross national savings, Percent of GDP","Annual","1993","18.866776",""
"Ireland","Gross national savings, Percent of GDP","Annual","1994","19.096832",""
"Ireland","Gross national savings, Percent of GDP","Annual","1995","20.893589",""
"Ireland","Gross national savings, Percent of GDP","Annual","1996","22.77075",""
"Ireland","Gross national savings, Percent of GDP","Annual","1997","24.407299",""
"Ireland","Gross national savings, Percent of GDP","Annual","1998","24.459475",""
"Ireland","Gross national savings, Percent of GDP","Annual","1999","24.520697",""
"Ireland","Gross national savings, Percent of GDP","Annual","2000","25.121663",""
"Ireland","Gross national savings, Percent of GDP","Annual","2001","24.434634",""
"Ireland","Gross national savings, Percent of GDP","Annual","2002","24.329034",""
"Ireland","Gross national savings, Percent of GDP","Annual","2003","26.236287",""
"Ireland","Gross national savings, Percent of GDP","Annual","2004","27.120358",""
"Ireland","Gross national savings, Percent of GDP","Annual","2005","26.769202",""
"Ireland","Gross national savings, Percent of GDP","Annual","2006","26.540063",""
"Ireland","Gross national savings, Percent of GDP","Annual","2007","22.73753",""
"Ireland","Gross national savings, Percent of GDP","Annual","2008","18.412247",""
"Ireland","Gross national savings, Percent of GDP","Annual","2009","15.637075",""
"Ireland","Gross national savings, Percent of GDP","Annual","2010","16.002596",""
"Ireland","Gross national savings, Percent of GDP","Annual","2011","15.420544",""
"Ireland","Gross national savings, Percent of GDP","Annual","2012","16.528519",""
"Ireland","Gross national savings, Percent of GDP","Annual","2013","20.764424",""
"Ireland","Gross national savings, Percent of GDP","Annual","2014","23.999601",""
"Ireland","Gross national savings, Percent of GDP","Annual","2015","32.222239",""
"Ireland","Gross national savings, Percent of GDP","Annual","2016","34.386246",""
"Ireland","Gross national savings, Percent of GDP","Annual","2017","35.178327",""
"Ireland","Gross national savings, Percent of GDP","Annual","2018","32.461747",""
"Ireland","Gross national savings, Percent of GDP","Annual","2019","32.982087",""
"Ireland","Gross national savings, Percent of GDP","Annual","2020","35.512197",""
"Ireland","Gross national savings, Percent of GDP","Annual","2021","35.21792",""
"Ireland","Gross national savings, Percent of GDP","Annual","2022","31.649761",""
"Ireland","Gross national savings, Percent of GDP","Annual","2023","33.693202",""
"Ireland","Gross national savings, Percent of GDP","Annual","2024","34.412236",""
"Ireland","Gross national savings, Percent of GDP","Annual","2025","31.222755",""
"Ireland","Gross national savings, Percent of GDP","Annual","2026","31.13179",""
"Iceland","Gross national savings, Percent of GDP","Annual","1980","25.439977",""
"Iceland","Gross national savings, Percent of GDP","Annual","1981","23.848418",""
"Iceland","Gross national savings, Percent of GDP","Annual","1982","21.890264",""
"Iceland","Gross national savings, Percent of GDP","Annual","1983","21.920087",""
"Iceland","Gross national savings, Percent of GDP","Annual","1984","22.007848",""
"Iceland","Gross national savings, Percent of GDP","Annual","1985","19.905456",""
"Iceland","Gross national savings, Percent of GDP","Annual","1986","21.30075",""
"Iceland","Gross national savings, Percent of GDP","Annual","1987","18.653785",""
"Iceland","Gross national savings, Percent of GDP","Annual","1988","18.90118",""
"Iceland","Gross national savings, Percent of GDP","Annual","1989","19.964119",""
"Iceland","Gross national savings, Percent of GDP","Annual","1990","16.030121",""
"Iceland","Gross national savings, Percent of GDP","Annual","1991","15.200434",""
"Iceland","Gross national savings, Percent of GDP","Annual","1992","14.913544",""
"Iceland","Gross national savings, Percent of GDP","Annual","1993","16.731779",""
"Iceland","Gross national savings, Percent of GDP","Annual","1994","17.058056",""
"Iceland","Gross national savings, Percent of GDP","Annual","1995","17.827861",""
"Iceland","Gross national savings, Percent of GDP","Annual","1996","17.756925",""
"Iceland","Gross national savings, Percent of GDP","Annual","1997","19.117139",""
"Iceland","Gross national savings, Percent of GDP","Annual","1998","18.43392",""
"Iceland","Gross national savings, Percent of GDP","Annual","1999","16.321977",""
"Iceland","Gross national savings, Percent of GDP","Annual","2000","14.638243",""
"Iceland","Gross national savings, Percent of GDP","Annual","2001","18.532796",""
"Iceland","Gross national savings, Percent of GDP","Annual","2002","20.784146",""
"Iceland","Gross national savings, Percent of GDP","Annual","2003","16.372285",""
"Iceland","Gross national savings, Percent of GDP","Annual","2004","14.718927",""
"Iceland","Gross national savings, Percent of GDP","Annual","2005","13.590392",""
"Iceland","Gross national savings, Percent of GDP","Annual","2006","13.329345",""
"Iceland","Gross national savings, Percent of GDP","Annual","2007","15.916198",""
"Iceland","Gross national savings, Percent of GDP","Annual","2008","5.091699",""
"Iceland","Gross national savings, Percent of GDP","Annual","2009","6.008773",""
"Iceland","Gross national savings, Percent of GDP","Annual","2010","7.98384",""
"Iceland","Gross national savings, Percent of GDP","Annual","2011","10.810662",""
"Iceland","Gross national savings, Percent of GDP","Annual","2012","12.974593",""
"Iceland","Gross national savings, Percent of GDP","Annual","2013","21.821902",""
"Iceland","Gross national savings, Percent of GDP","Annual","2014","22.073433",""
"Iceland","Gross national savings, Percent of GDP","Annual","2015","25.493078",""
"Iceland","Gross national savings, Percent of GDP","Annual","2016","29.736145",""
"Iceland","Gross national savings, Percent of GDP","Annual","2017","26.470554",""
"Iceland","Gross national savings, Percent of GDP","Annual","2018","26.633266",""
"Iceland","Gross national savings, Percent of GDP","Annual","2019","27.57958",""
"Iceland","Gross national savings, Percent of GDP","Annual","2020","22.910503",""
"Iceland","Gross national savings, Percent of GDP","Annual","2021","20.240063",""
"Iceland","Gross national savings, Percent of GDP","Annual","2022","22.525404",""
"Iceland","Gross national savings, Percent of GDP","Annual","2023","24.197314",""
"Iceland","Gross national savings, Percent of GDP","Annual","2024","23.000278",""
"Iceland","Gross national savings, Percent of GDP","Annual","2025","22.988648",""
"Iceland","Gross national savings, Percent of GDP","Annual","2026","24.679108",""
"Greece","Gross national savings, Percent of GDP","Annual","1980","25.458","Units"
"Greece","Gross national savings, Percent of GDP","Annual","1981","18.824","Units"
"Greece","Gross national savings, Percent of GDP","Annual","1982","25.487","Units"
"Greece","Gross national savings, Percent of GDP","Annual","1983","23.732","Units"
"Greece","Gross national savings, Percent of GDP","Annual","1984","24.614","Units"
"Greece","Gross national savings, Percent of GDP","Annual","1985","23.414","Units"
"Greece","Gross national savings, Percent of GDP","Annual","1986","26.297","Units"
"Greece","Gross national savings, Percent of GDP","Annual","1987","20.336","Units"
"Greece","Gross national savings, Percent of GDP","Annual","1988","23.700","Units"
"Greece","Gross national savings, Percent of GDP","Annual","1989","21.880","Units"
"Greece","Gross national savings, Percent of GDP","Annual","1990","22.031","Units"
"Greece","Gross national savings, Percent of GDP","Annual","1991","25.040","Units"
"Greece","Gross national savings, Percent of GDP","Annual","1992","21.764","Units"
"Greece","Gross national savings, Percent of GDP","Annual","1993","21.721","Units"
"Greece","Gross national savings, Percent of GDP","Annual","1994","21.021","Units"
"Greece","Gross national savings, Percent of GDP","Annual","1995","18.274","Units"
"Greece","Gross national savings, Percent of GDP","Annual","1996","18.119","Units"
"Greece","Gross national savings, Percent of GDP","Annual","1997","17.234","Units"
"Greece","Gross national savings, Percent of GDP","Annual","1998","20.960","Units"
"Greece","Gross national savings, Percent of GDP","Annual","1999","19.452","Units"
"Greece","Gross national savings, Percent of GDP","Annual","2000","19.889","Units"
"Greece","Gross national savings, Percent of GDP","Annual","2001","17.889","Units"
"Greece","Gross national savings, Percent of GDP","Annual","2002","17.181","Units"
"Greece","Gross national savings, Percent of GDP","Annual","2003","19.592","Units"
"Greece","Gross national savings, Percent of GDP","Annual","2004","19.436","Units"
"Greece","Gross national savings, Percent of GDP","Annual","2005","14.579","Units"
"Greece","Gross national savings, Percent of GDP","Annual","2006","15.181","Units"
"Greece","Gross national savings, Percent of GDP","Annual","2007","12.311","Units"
"Greece","Gross national savings, Percent of GDP","Annual","2008","10.090","Units"
"Greece","Gross national savings, Percent of GDP","Annual","2009","7.846","Units"
"Greece","Gross national savings, Percent of GDP","Annual","2010","8.025","Units"
"Greece","Gross national savings, Percent of GDP","Annual","2011","3.902","Units"
"Greece","Gross national savings, Percent of GDP","Annual","2012","9.778","Units"
"Greece","Gross national savings, Percent of GDP","Annual","2013","10.004","Units"
"Greece","Gross national savings, Percent of GDP","Annual","2014","10.619","Units"
"Greece","Gross national savings, Percent of GDP","Annual","2015","10.501","Units"
"Greece","Gross national savings, Percent of GDP","Annual","2016","10.103","Units"
"Greece","Gross national savings, Percent of GDP","Annual","2017","9.384","Units"
"Greece","Gross national savings, Percent of GDP","Annual","2018","9.403","Units"
"Greece","Gross national savings, Percent of GDP","Annual","2019","9.983","Units"
"Greece","Gross national savings, Percent of GDP","Annual","2020","6.350","Units"
"Greece","Gross national savings, Percent of GDP","Annual","2021","10.279","Units"
"Greece","Gross national savings, Percent of GDP","Annual","2022","8.032","Units"
"Greece","Gross national savings, Percent of GDP","Annual","2023","9.293","Units"
"Greece","Gross national savings, Percent of GDP","Annual","2024","11.076","Units"
"Greece","Gross national savings, Percent of GDP","Annual","2025","11.489","Units"
"Greece","Gross national savings, Percent of GDP","Annual","2026","11.638","Units"
"Türkiye, Republic of","Gross national savings, Percent of GDP","Annual","1980","22.679","Units"
"Türkiye, Republic of","Gross national savings, Percent of GDP","Annual","1981","22.910","Units"
"Türkiye, Republic of","Gross national savings, Percent of GDP","Annual","1982","21.231","Units"
"Türkiye, Republic of","Gross national savings, Percent of GDP","Annual","1983","16.564","Units"
"Türkiye, Republic of","Gross national savings, Percent of GDP","Annual","1984","15.881","Units"
"Türkiye, Republic of","Gross national savings, Percent of GDP","Annual","1985","18.047","Units"
"Türkiye, Republic of","Gross national savings, Percent of GDP","Annual","1986","21.498","Units"
"Türkiye, Republic of","Gross national savings, Percent of GDP","Annual","1987","23.118","Units"
"Türkiye, Republic of","Gross national savings, Percent of GDP","Annual","1988","24.938","Units"
"Türkiye, Republic of","Gross national savings, Percent of GDP","Annual","1989","22.661","Units"
"Türkiye, Republic of","Gross national savings, Percent of GDP","Annual","1990","21.811","Units"
"Türkiye, Republic of","Gross national savings, Percent of GDP","Annual","1991","21.832","Units"
"Türkiye, Republic of","Gross national savings, Percent of GDP","Annual","1992","22.025","Units"
"Türkiye, Republic of","Gross national savings, Percent of GDP","Annual","1993","21.885","Units"
"Türkiye, Republic of","Gross national savings, Percent of GDP","Annual","1994","20.534","Units"
"Türkiye, Republic of","Gross national savings, Percent of GDP","Annual","1995","20.587","Units"
"Türkiye, Republic of","Gross national savings, Percent of GDP","Annual","1996","20.443","Units"
"Türkiye, Republic of","Gross national savings, Percent of GDP","Annual","1997","20.753","Units"
"Türkiye, Republic of","Gross national savings, Percent of GDP","Annual","1998","27.036","Units"
"Türkiye, Republic of","Gross national savings, Percent of GDP","Annual","1999","21.945","Units"
"Türkiye, Republic of","Gross national savings, Percent of GDP","Annual","2000","21.669","Units"
"Türkiye, Republic of","Gross national savings, Percent of GDP","Annual","2001","23.114","Units"
"Türkiye, Republic of","Gross national savings, Percent of GDP","Annual","2002","22.943","Units"
"Türkiye, Republic of","Gross national savings, Percent of GDP","Annual","2003","21.469","Units"
"Türkiye, Republic of","Gross national savings, Percent of GDP","Annual","2004","22.794","Units"
"Türkiye, Republic of","Gross national savings, Percent of GDP","Annual","2005","24.734","Units"
"Türkiye, Republic of","Gross national savings, Percent of GDP","Annual","2006","25.818","Units"
"Türkiye, Republic of","Gross national savings, Percent of GDP","Annual","2007","25.295","Units"
"Türkiye, Republic of","Gross national savings, Percent of GDP","Annual","2008","26.117","Units"
"Türkiye, Republic of","Gross national savings, Percent of GDP","Annual","2009","23.312","Units"
"Türkiye, Republic of","Gross national savings, Percent of GDP","Annual","2010","24.018","Units"
"Türkiye, Republic of","Gross national savings, Percent of GDP","Annual","2011","24.621","Units"
"Türkiye, Republic of","Gross national savings, Percent of GDP","Annual","2012","25.416","Units"
"Türkiye, Republic of","Gross national savings, Percent of GDP","Annual","2013","26.327","Units"
"Türkiye, Republic of","Gross national savings, Percent of GDP","Annual","2014","26.822","Units"
"Türkiye, Republic of","Gross national savings, Percent of GDP","Annual","2015","27.796","Units"
"Türkiye, Republic of","Gross national savings, Percent of GDP","Annual","2016","27.347","Units"
"Türkiye, Republic of","Gross national savings, Percent of GDP","Annual","2017","28.789","Units"
"Türkiye, Republic of","Gross national savings, Percent of GDP","Annual","2018","30.696","Units"
"Türkiye, Republic of","Gross national savings, Percent of GDP","Annual","2019","29.572","Units"
"Türkiye, Republic of","Gross national savings, Percent of GDP","Annual","2020","30.088","Units"
"Türkiye, Republic of","Gross national savings, Percent of GDP","Annual","2021","33.595","Units"
"Türkiye, Republic of","Gross national savings, Percent of GDP","Annual","2022","33.951","Units"
"Türkiye, Republic of","Gross national savings, Percent of GDP","Annual","2023","31.760","Units"
"Türkiye, Republic of","Gross national savings, Percent of GDP","Annual","2024","29.913","Units"
"Türkiye, Republic of","Gross national savings, Percent of GDP","Annual","2025","29.941","Units"
"Türkiye, Republic of","Gross national savings, Percent of GDP","Annual","2026","32.340","Units"
"Portugal","Gross national savings, Percent of GDP","Annual","1980","30.634","Units"
"Portugal","Gross national savings, Percent of GDP","Annual","1981","20.984","Units"
"Portugal","Gross national savings, Percent of GDP","Annual","1982","24.786","Units"
"Portugal","Gross national savings, Percent of GDP","Annual","1983","24.329","Units"
"Portugal","Gross national savings, Percent of GDP","Annual","1984","22.849","Units"
"Portugal","Gross national savings, Percent of GDP","Annual","1985","25.439","Units"
"Portugal","Gross national savings, Percent of GDP","Annual","1986","26.730","Units"
"Portugal","Gross national savings, Percent of GDP","Annual","1987","28.752","Units"
"Portugal","Gross national savings, Percent of GDP","Annual","1988","27.488","Units"
"Portugal","Gross national savings, Percent of GDP","Annual","1989","27.926","Units"
"Portugal","Gross national savings, Percent of GDP","Annual","1990","27.974","Units"
"Portugal","Gross national savings, Percent of GDP","Annual","1991","24.395","Units"
"Portugal","Gross national savings, Percent of GDP","Annual","1992","25.101","Units"
"Portugal","Gross national savings, Percent of GDP","Annual","1993","22.462","Units"
"Portugal","Gross national savings, Percent of GDP","Annual","1994","20.705","Units"
"Portugal","Gross national savings, Percent of GDP","Annual","1995","20.268","Units"
"Portugal","Gross national savings, Percent of GDP","Annual","1996","19.565","Units"
"Portugal","Gross national savings, Percent of GDP","Annual","1997","19.857","Units"
"Portugal","Gross national savings, Percent of GDP","Annual","1998","20.334","Units"
"Portugal","Gross national savings, Percent of GDP","Annual","1999","20.257","Units"
"Portugal","Gross national savings, Percent of GDP","Annual","2000","17.922","Units"
"Portugal","Gross national savings, Percent of GDP","Annual","2001","18.039","Units"
"Portugal","Gross national savings, Percent of GDP","Annual","2002","17.313","Units"
"Portugal","Gross national savings, Percent of GDP","Annual","2003","16.450","Units"
"Portugal","Gross national savings, Percent of GDP","Annual","2004","15.596","Units"
"Portugal","Gross national savings, Percent of GDP","Annual","2005","13.590","Units"
"Portugal","Gross national savings, Percent of GDP","Annual","2006","12.906","Units"
"Portugal","Gross national savings, Percent of GDP","Annual","2007","13.361","Units"
"Portugal","Gross national savings, Percent of GDP","Annual","2008","11.344","Units"
"Portugal","Gross national savings, Percent of GDP","Annual","2009","10.953","Units"
"Portugal","Gross national savings, Percent of GDP","Annual","2010","10.803","Units"
"Portugal","Gross national savings, Percent of GDP","Annual","2011","13.451","Units"
"Portugal","Gross national savings, Percent of GDP","Annual","2012","13.940","Units"
"Portugal","Gross national savings, Percent of GDP","Annual","2013","15.716","Units"
"Portugal","Gross national savings, Percent of GDP","Annual","2014","15.203","Units"
"Portugal","Gross national savings, Percent of GDP","Annual","2015","15.927","Units"
"Portugal","Gross national savings, Percent of GDP","Annual","2016","16.711","Units"
"Portugal","Gross national savings, Percent of GDP","Annual","2017","18.516","Units"
"Portugal","Gross national savings, Percent of GDP","Annual","2018","18.933","Units"
"Portugal","Gross national savings, Percent of GDP","Annual","2019","18.984","Units"
"Portugal","Gross national savings, Percent of GDP","Annual","2020","18.326","Units"
"Portugal","Gross national savings, Percent of GDP","Annual","2021","20.272","Units"
"Portugal","Gross national savings, Percent of GDP","Annual","2022","19.350","Units"
"Portugal","Gross national savings, Percent of GDP","Annual","2023","21.071","Units"
"Portugal","Gross national savings, Percent of GDP","Annual","2024","22.582","Units"
"Portugal","Gross national savings, Percent of GDP","Annual","2025","22.254","Units"
"Portugal","Gross national savings, Percent of GDP","Annual","2026","22.559","Units"
"Malta","Gross national savings, Percent of GDP","Annual","1980","49.598571",""
"Malta","Gross national savings, Percent of GDP","Annual","1981","56.637815",""
"Malta","Gross national savings, Percent of GDP","Annual","1982","53.591259",""
"Malta","Gross national savings, Percent of GDP","Annual","1983","47.609831",""
"Malta","Gross national savings, Percent of GDP","Annual","1984","48.239342",""
"Malta","Gross national savings, Percent of GDP","Annual","1985","41.543666",""
"Malta","Gross national savings, Percent of GDP","Annual","1986","41.859107",""
"Malta","Gross national savings, Percent of GDP","Annual","1987","45.910527",""
"Malta","Gross national savings, Percent of GDP","Annual","1988","51.208997",""
"Malta","Gross national savings, Percent of GDP","Annual","1989","45.916133",""
"Malta","Gross national savings, Percent of GDP","Annual","1990","48.976354",""
"Malta","Gross national savings, Percent of GDP","Annual","1991","49.084965",""
"Malta","Gross national savings, Percent of GDP","Annual","1992","44.462548",""
"Malta","Gross national savings, Percent of GDP","Annual","1993","41.140708",""
"Malta","Gross national savings, Percent of GDP","Annual","1994","40.201981",""
"Malta","Gross national savings, Percent of GDP","Annual","1995","31.632073",""
"Malta","Gross national savings, Percent of GDP","Annual","1996","25.314383",""
"Malta","Gross national savings, Percent of GDP","Annual","1997","29.928249",""
"Malta","Gross national savings, Percent of GDP","Annual","1998","27.300099",""
"Malta","Gross national savings, Percent of GDP","Annual","1999","31.638207",""
"Malta","Gross national savings, Percent of GDP","Annual","2000","15.25191",""
"Malta","Gross national savings, Percent of GDP","Annual","2001","17.421033",""
"Malta","Gross national savings, Percent of GDP","Annual","2002","19.841264",""
"Malta","Gross national savings, Percent of GDP","Annual","2003","20.133087",""
"Malta","Gross national savings, Percent of GDP","Annual","2004","19.125839",""
"Malta","Gross national savings, Percent of GDP","Annual","2005","18.732129",""
"Malta","Gross national savings, Percent of GDP","Annual","2006","14.990893",""
"Malta","Gross national savings, Percent of GDP","Annual","2007","19.563186",""
"Malta","Gross national savings, Percent of GDP","Annual","2008","21.196711",""
"Malta","Gross national savings, Percent of GDP","Annual","2009","14.81081",""
"Malta","Gross national savings, Percent of GDP","Annual","2010","17.385039",""
"Malta","Gross national savings, Percent of GDP","Annual","2011","17.309969",""
"Malta","Gross national savings, Percent of GDP","Annual","2012","20.90402",""
"Malta","Gross national savings, Percent of GDP","Annual","2013","19.60357",""
"Malta","Gross national savings, Percent of GDP","Annual","2014","24.221512",""
"Malta","Gross national savings, Percent of GDP","Annual","2015","26.094273",""
"Malta","Gross national savings, Percent of GDP","Annual","2016","21.388401",""
"Malta","Gross national savings, Percent of GDP","Annual","2017","38.088818",""
"Malta","Gross national savings, Percent of GDP","Annual","2018","32.994605",""
"Malta","Gross national savings, Percent of GDP","Annual","2019","38.867495",""
"Malta","Gross national savings, Percent of GDP","Annual","2020","36.130896",""
"Malta","Gross national savings, Percent of GDP","Annual","2021","32.428155",""
"Malta","Gross national savings, Percent of GDP","Annual","2022","23.48393",""
"Malta","Gross national savings, Percent of GDP","Annual","2023","26.392012",""
"Malta","Gross national savings, Percent of GDP","Annual","2024","26.088422",""
"Malta","Gross national savings, Percent of GDP","Annual","2025","24.403266",""
"Malta","Gross national savings, Percent of GDP","Annual","2026","23.977929",""
"Spain","Gross national savings, Percent of GDP","Annual","1980","19.831","Units"
"Spain","Gross national savings, Percent of GDP","Annual","1981","19.162","Units"
"Spain","Gross national savings, Percent of GDP","Annual","1982","19.082","Units"
"Spain","Gross national savings, Percent of GDP","Annual","1983","19.405","Units"
"Spain","Gross national savings, Percent of GDP","Annual","1984","20.436","Units"
"Spain","Gross national savings, Percent of GDP","Annual","1985","20.828","Units"
"Spain","Gross national savings, Percent of GDP","Annual","1986","21.744","Units"
"Spain","Gross national savings, Percent of GDP","Annual","1987","21.489","Units"
"Spain","Gross national savings, Percent of GDP","Annual","1988","22.355","Units"
"Spain","Gross national savings, Percent of GDP","Annual","1989","21.871","Units"
"Spain","Gross national savings, Percent of GDP","Annual","1990","21.525","Units"
"Spain","Gross national savings, Percent of GDP","Annual","1991","20.692","Units"
"Spain","Gross national savings, Percent of GDP","Annual","1992","18.856","Units"
"Spain","Gross national savings, Percent of GDP","Annual","1993","19.265","Units"
"Spain","Gross national savings, Percent of GDP","Annual","1994","19.027","Units"
"Spain","Gross national savings, Percent of GDP","Annual","1995","20.978","Units"
"Spain","Gross national savings, Percent of GDP","Annual","1996","20.814","Units"
"Spain","Gross national savings, Percent of GDP","Annual","1997","21.338","Units"
"Spain","Gross national savings, Percent of GDP","Annual","1998","21.633","Units"
"Spain","Gross national savings, Percent of GDP","Annual","1999","21.626","Units"
"Spain","Gross national savings, Percent of GDP","Annual","2000","22.436","Units"
"Spain","Gross national savings, Percent of GDP","Annual","2001","22.167","Units"
"Spain","Gross national savings, Percent of GDP","Annual","2002","23.045","Units"
"Spain","Gross national savings, Percent of GDP","Annual","2003","23.707","Units"
"Spain","Gross national savings, Percent of GDP","Annual","2004","22.885","Units"
"Spain","Gross national savings, Percent of GDP","Annual","2005","22.209","Units"
"Spain","Gross national savings, Percent of GDP","Annual","2006","21.788","Units"
"Spain","Gross national savings, Percent of GDP","Annual","2007","21.108","Units"
"Spain","Gross national savings, Percent of GDP","Annual","2008","19.688","Units"
"Spain","Gross national savings, Percent of GDP","Annual","2009","19.375","Units"
"Spain","Gross national savings, Percent of GDP","Annual","2010","18.841","Units"
"Spain","Gross national savings, Percent of GDP","Annual","2011","18.100","Units"
"Spain","Gross national savings, Percent of GDP","Annual","2012","18.750","Units"
"Spain","Gross national savings, Percent of GDP","Annual","2013","19.493","Units"
"Spain","Gross national savings, Percent of GDP","Annual","2014","19.928","Units"
"Spain","Gross national savings, Percent of GDP","Annual","2015","21.420","Units"
"Spain","Gross national savings, Percent of GDP","Annual","2016","22.208","Units"
"Spain","Gross national savings, Percent of GDP","Annual","2017","22.359","Units"
"Spain","Gross national savings, Percent of GDP","Annual","2018","22.583","Units"
"Spain","Gross national savings, Percent of GDP","Annual","2019","23.038","Units"
"Spain","Gross national savings, Percent of GDP","Annual","2020","21.416","Units"
"Spain","Gross national savings, Percent of GDP","Annual","2021","22.647","Units"
"Spain","Gross national savings, Percent of GDP","Annual","2022","23.109","Units"
"Spain","Gross national savings, Percent of GDP","Annual","2023","23.853","Units"
"Spain","Gross national savings, Percent of GDP","Annual","2024","24.352","Units"
"Spain","Gross national savings, Percent of GDP","Annual","2025","24.436","Units"
"Spain","Gross national savings, Percent of GDP","Annual","2026","24.002","Units"
"Australia","Gross national savings, Percent of GDP","Annual","1980","21.709","Units"
"Australia","Gross national savings, Percent of GDP","Annual","1981","20.854","Units"
"Australia","Gross national savings, Percent of GDP","Annual","1982","18.743","Units"
"Australia","Gross national savings, Percent of GDP","Annual","1983","16.927","Units"
"Australia","Gross national savings, Percent of GDP","Annual","1984","20.118","Units"
"Australia","Gross national savings, Percent of GDP","Annual","1985","18.318","Units"
"Australia","Gross national savings, Percent of GDP","Annual","1986","17.597","Units"
"Australia","Gross national savings, Percent of GDP","Annual","1987","20.155","Units"
"Australia","Gross national savings, Percent of GDP","Annual","1988","25.215","Units"
"Australia","Gross national savings, Percent of GDP","Annual","1989","25.326","Units"
"Australia","Gross national savings, Percent of GDP","Annual","1990","22.946","Units"
"Australia","Gross national savings, Percent of GDP","Annual","1991","18.315","Units"
"Australia","Gross national savings, Percent of GDP","Annual","1992","19.228","Units"
"Australia","Gross national savings, Percent of GDP","Annual","1993","21.066","Units"
"Australia","Gross national savings, Percent of GDP","Annual","1994","21.564","Units"
"Australia","Gross national savings, Percent of GDP","Annual","1995","20.548","Units"
"Australia","Gross national savings, Percent of GDP","Annual","1996","21.393","Units"
"Australia","Gross national savings, Percent of GDP","Annual","1997","21.716","Units"
"Australia","Gross national savings, Percent of GDP","Annual","1998","21.508","Units"
"Australia","Gross national savings, Percent of GDP","Annual","1999","20.510","Units"
"Australia","Gross national savings, Percent of GDP","Annual","2000","21.165","Units"
"Australia","Gross national savings, Percent of GDP","Annual","2001","21.099","Units"
"Australia","Gross national savings, Percent of GDP","Annual","2002","21.428","Units"
"Australia","Gross national savings, Percent of GDP","Annual","2003","21.417","Units"
"Australia","Gross national savings, Percent of GDP","Annual","2004","20.964","Units"
"Australia","Gross national savings, Percent of GDP","Annual","2005","21.656","Units"
"Australia","Gross national savings, Percent of GDP","Annual","2006","21.096","Units"
"Australia","Gross national savings, Percent of GDP","Annual","2007","21.196","Units"
"Australia","Gross national savings, Percent of GDP","Annual","2008","23.944","Units"
"Australia","Gross national savings, Percent of GDP","Annual","2009","22.053","Units"
"Australia","Gross national savings, Percent of GDP","Annual","2010","22.967","Units"
"Australia","Gross national savings, Percent of GDP","Annual","2011","23.743","Units"
"Australia","Gross national savings, Percent of GDP","Annual","2012","23.674","Units"
"Australia","Gross national savings, Percent of GDP","Annual","2013","23.692","Units"
"Australia","Gross national savings, Percent of GDP","Annual","2014","23.105","Units"
"Australia","Gross national savings, Percent of GDP","Annual","2015","21.499","Units"
"Australia","Gross national savings, Percent of GDP","Annual","2016","20.655","Units"
"Australia","Gross national savings, Percent of GDP","Annual","2017","21.698","Units"
"Australia","Gross national savings, Percent of GDP","Annual","2018","21.558","Units"
"Australia","Gross national savings, Percent of GDP","Annual","2019","22.614","Units"
"Australia","Gross national savings, Percent of GDP","Annual","2020","24.105","Units"
"Australia","Gross national savings, Percent of GDP","Annual","2021","25.680","Units"
"Australia","Gross national savings, Percent of GDP","Annual","2022","24.350","Units"
"Australia","Gross national savings, Percent of GDP","Annual","2023","23.336","Units"
"Australia","Gross national savings, Percent of GDP","Annual","2024","22.381","Units"
"Australia","Gross national savings, Percent of GDP","Annual","2025","22.032","Units"
"Australia","Gross national savings, Percent of GDP","Annual","2026","22.113","Units"
"Emerging Market and Developing Economies","Gross national savings, Percent of GDP","Annual","1980","24.333","Units"
"Emerging Market and Developing Economies","Gross national savings, Percent of GDP","Annual","1981","23.181","Units"
"Emerging Market and Developing Economies","Gross national savings, Percent of GDP","Annual","1982","20.745","Units"
"Emerging Market and Developing Economies","Gross national savings, Percent of GDP","Annual","1983","19.895","Units"
"Emerging Market and Developing Economies","Gross national savings, Percent of GDP","Annual","1984","20.449","Units"
"Emerging Market and Developing Economies","Gross national savings, Percent of GDP","Annual","1985","20.060","Units"
"Emerging Market and Developing Economies","Gross national savings, Percent of GDP","Annual","1986","18.919","Units"
"Emerging Market and Developing Economies","Gross national savings, Percent of GDP","Annual","1987","20.460","Units"
"Emerging Market and Developing Economies","Gross national savings, Percent of GDP","Annual","1988","20.788","Units"
"Emerging Market and Developing Economies","Gross national savings, Percent of GDP","Annual","1989","22.070","Units"
"Emerging Market and Developing Economies","Gross national savings, Percent of GDP","Annual","1990","23.735","Units"
"Emerging Market and Developing Economies","Gross national savings, Percent of GDP","Annual","1991","22.411","Units"
"Emerging Market and Developing Economies","Gross national savings, Percent of GDP","Annual","1992","21.665","Units"
"Emerging Market and Developing Economies","Gross national savings, Percent of GDP","Annual","1993","22.442","Units"
"Emerging Market and Developing Economies","Gross national savings, Percent of GDP","Annual","1994","22.280","Units"
"Emerging Market and Developing Economies","Gross national savings, Percent of GDP","Annual","1995","22.665","Units"
"Emerging Market and Developing Economies","Gross national savings, Percent of GDP","Annual","1996","22.944","Units"
"Emerging Market and Developing Economies","Gross national savings, Percent of GDP","Annual","1997","22.842","Units"
"Emerging Market and Developing Economies","Gross national savings, Percent of GDP","Annual","1998","22.043","Units"
"Emerging Market and Developing Economies","Gross national savings, Percent of GDP","Annual","1999","23.063","Units"
"Emerging Market and Developing Economies","Gross national savings, Percent of GDP","Annual","2000","25.142","Units"
"Emerging Market and Developing Economies","Gross national savings, Percent of GDP","Annual","2001","25.399","Units"
"Emerging Market and Developing Economies","Gross national savings, Percent of GDP","Annual","2002","25.961","Units"
"Emerging Market and Developing Economies","Gross national savings, Percent of GDP","Annual","2003","27.892","Units"
"Emerging Market and Developing Economies","Gross national savings, Percent of GDP","Annual","2004","29.458","Units"
"Emerging Market and Developing Economies","Gross national savings, Percent of GDP","Annual","2005","30.333","Units"
"Emerging Market and Developing Economies","Gross national savings, Percent of GDP","Annual","2006","31.863","Units"
"Emerging Market and Developing Economies","Gross national savings, Percent of GDP","Annual","2007","32.747","Units"
"Emerging Market and Developing Economies","Gross national savings, Percent of GDP","Annual","2008","33.550","Units"
"Emerging Market and Developing Economies","Gross national savings, Percent of GDP","Annual","2009","31.687","Units"
"Emerging Market and Developing Economies","Gross national savings, Percent of GDP","Annual","2010","32.631","Units"
"Emerging Market and Developing Economies","Gross national savings, Percent of GDP","Annual","2011","33.195","Units"
"Emerging Market and Developing Economies","Gross national savings, Percent of GDP","Annual","2012","32.994","Units"
"Emerging Market and Developing Economies","Gross national savings, Percent of GDP","Annual","2013","32.462","Units"
"Emerging Market and Developing Economies","Gross national savings, Percent of GDP","Annual","2014","32.531","Units"
"Emerging Market and Developing Economies","Gross national savings, Percent of GDP","Annual","2015","31.557","Units"
"Emerging Market and Developing Economies","Gross national savings, Percent of GDP","Annual","2016","31.188","Units"
"Emerging Market and Developing Economies","Gross national savings, Percent of GDP","Annual","2017","31.664","Units"
"Emerging Market and Developing Economies","Gross national savings, Percent of GDP","Annual","2018","32.309","Units"
"Emerging Market and Developing Economies","Gross national savings, Percent of GDP","Annual","2019","32.119","Units"
"Emerging Market and Developing Economies","Gross national savings, Percent of GDP","Annual","2020","32.690","Units"
"Emerging Market and Developing Economies","Gross national savings, Percent of GDP","Annual","2021","34.212","Units"
"Emerging Market and Developing Economies","Gross national savings, Percent of GDP","Annual","2022","34.424","Units"
"Emerging Market and Developing Economies","Gross national savings, Percent of GDP","Annual","2023","32.774","Units"
"Emerging Market and Developing Economies","Gross national savings, Percent of GDP","Annual","2024","32.584","Units"
"Emerging Market and Developing Economies","Gross national savings, Percent of GDP","Annual","2025","31.883","Units"
"Emerging Market and Developing Economies","Gross national savings, Percent of GDP","Annual","2026","31.690","Units"
"South Africa","Gross national savings, Percent of GDP","Annual","1980","33.361","Units"
"South Africa","Gross national savings, Percent of GDP","Annual","1981","26.383","Units"
"South Africa","Gross national savings, Percent of GDP","Annual","1982","20.834","Units"
"South Africa","Gross national savings, Percent of GDP","Annual","1983","24.845","Units"
"South Africa","Gross national savings, Percent of GDP","Annual","1984","21.594","Units"
"South Africa","Gross national savings, Percent of GDP","Annual","1985","24.320","Units"
"South Africa","Gross national savings, Percent of GDP","Annual","1986","23.582","Units"
"South Africa","Gross national savings, Percent of GDP","Annual","1987","22.013","Units"
"South Africa","Gross national savings, Percent of GDP","Annual","1988","22.333","Units"
"South Africa","Gross national savings, Percent of GDP","Annual","1989","22.710","Units"
"South Africa","Gross national savings, Percent of GDP","Annual","1990","19.457","Units"
"South Africa","Gross national savings, Percent of GDP","Annual","1991","18.883","Units"
"South Africa","Gross national savings, Percent of GDP","Annual","1992","17.050","Units"
"South Africa","Gross national savings, Percent of GDP","Annual","1993","16.048","Units"
"South Africa","Gross national savings, Percent of GDP","Annual","1994","16.481","Units"
"South Africa","Gross national savings, Percent of GDP","Annual","1995","16.248","Units"
"South Africa","Gross national savings, Percent of GDP","Annual","1996","15.555","Units"
"South Africa","Gross national savings, Percent of GDP","Annual","1997","14.980","Units"
"South Africa","Gross national savings, Percent of GDP","Annual","1998","14.879","Units"
"South Africa","Gross national savings, Percent of GDP","Annual","1999","15.206","Units"
"South Africa","Gross national savings, Percent of GDP","Annual","2000","14.947","Units"
"South Africa","Gross national savings, Percent of GDP","Annual","2001","14.820","Units"
"South Africa","Gross national savings, Percent of GDP","Annual","2002","15.843","Units"
"South Africa","Gross national savings, Percent of GDP","Annual","2003","14.922","Units"
"South Africa","Gross national savings, Percent of GDP","Annual","2004","14.489","Units"
"South Africa","Gross national savings, Percent of GDP","Annual","2005","14.039","Units"
"South Africa","Gross national savings, Percent of GDP","Annual","2006","14.462","Units"
"South Africa","Gross national savings, Percent of GDP","Annual","2007","14.480","Units"
"South Africa","Gross national savings, Percent of GDP","Annual","2008","16.269","Units"
"South Africa","Gross national savings, Percent of GDP","Annual","2009","16.332","Units"
"South Africa","Gross national savings, Percent of GDP","Annual","2010","16.260","Units"
"South Africa","Gross national savings, Percent of GDP","Annual","2011","16.847","Units"
"South Africa","Gross national savings, Percent of GDP","Annual","2012","13.895","Units"
"South Africa","Gross national savings, Percent of GDP","Annual","2013","13.842","Units"
"South Africa","Gross national savings, Percent of GDP","Annual","2014","13.682","Units"
"South Africa","Gross national savings, Percent of GDP","Annual","2015","14.294","Units"
"South Africa","Gross national savings, Percent of GDP","Annual","2016","14.285","Units"
"South Africa","Gross national savings, Percent of GDP","Annual","2017","14.243","Units"
"South Africa","Gross national savings, Percent of GDP","Annual","2018","13.242","Units"
"South Africa","Gross national savings, Percent of GDP","Annual","2019","13.216","Units"
"South Africa","Gross national savings, Percent of GDP","Annual","2020","14.315","Units"
"South Africa","Gross national savings, Percent of GDP","Annual","2021","16.568","Units"
"South Africa","Gross national savings, Percent of GDP","Annual","2022","15.348","Units"
"South Africa","Gross national savings, Percent of GDP","Annual","2023","14.305","Units"
"South Africa","Gross national savings, Percent of GDP","Annual","2024","13.417","Units"
"South Africa","Gross national savings, Percent of GDP","Annual","2025","13.331","Units"
"South Africa","Gross national savings, Percent of GDP","Annual","2026","12.645","Units"
"New Zealand","Gross national savings, Percent of GDP","Annual","1980","14.662","Units"
"New Zealand","Gross national savings, Percent of GDP","Annual","1981","13.232","Units"
"New Zealand","Gross national savings, Percent of GDP","Annual","1982","12.809","Units"
"New Zealand","Gross national savings, Percent of GDP","Annual","1983","20.385","Units"
"New Zealand","Gross national savings, Percent of GDP","Annual","1984","19.598","Units"
"New Zealand","Gross national savings, Percent of GDP","Annual","1985","19.111","Units"
"New Zealand","Gross national savings, Percent of GDP","Annual","1986","19.735","Units"
"New Zealand","Gross national savings, Percent of GDP","Annual","1987","19.087","Units"
"New Zealand","Gross national savings, Percent of GDP","Annual","1988","20.077","Units"
"New Zealand","Gross national savings, Percent of GDP","Annual","1989","19.515","Units"
"New Zealand","Gross national savings, Percent of GDP","Annual","1990","17.725","Units"
"New Zealand","Gross national savings, Percent of GDP","Annual","1991","15.599","Units"
"New Zealand","Gross national savings, Percent of GDP","Annual","1992","15.498","Units"
"New Zealand","Gross national savings, Percent of GDP","Annual","1993","17.658","Units"
"New Zealand","Gross national savings, Percent of GDP","Annual","1994","18.940","Units"
"New Zealand","Gross national savings, Percent of GDP","Annual","1995","19.412","Units"
"New Zealand","Gross national savings, Percent of GDP","Annual","1996","18.334","Units"
"New Zealand","Gross national savings, Percent of GDP","Annual","1997","18.675","Units"
"New Zealand","Gross national savings, Percent of GDP","Annual","1998","18.182","Units"
"New Zealand","Gross national savings, Percent of GDP","Annual","1999","18.131","Units"
"New Zealand","Gross national savings, Percent of GDP","Annual","2000","19.318","Units"
"New Zealand","Gross national savings, Percent of GDP","Annual","2001","21.256","Units"
"New Zealand","Gross national savings, Percent of GDP","Annual","2002","20.998","Units"
"New Zealand","Gross national savings, Percent of GDP","Annual","2003","21.296","Units"
"New Zealand","Gross national savings, Percent of GDP","Annual","2004","20.292","Units"
"New Zealand","Gross national savings, Percent of GDP","Annual","2005","18.217","Units"
"New Zealand","Gross national savings, Percent of GDP","Annual","2006","17.228","Units"
"New Zealand","Gross national savings, Percent of GDP","Annual","2007","17.850","Units"
"New Zealand","Gross national savings, Percent of GDP","Annual","2008","15.686","Units"
"New Zealand","Gross national savings, Percent of GDP","Annual","2009","17.470","Units"
"New Zealand","Gross national savings, Percent of GDP","Annual","2010","25.279","Units"
"New Zealand","Gross national savings, Percent of GDP","Annual","2011","20.122","Units"
"New Zealand","Gross national savings, Percent of GDP","Annual","2012","17.404","Units"
"New Zealand","Gross national savings, Percent of GDP","Annual","2013","19.016","Units"
"New Zealand","Gross national savings, Percent of GDP","Annual","2014","19.395","Units"
"New Zealand","Gross national savings, Percent of GDP","Annual","2015","20.293","Units"
"New Zealand","Gross national savings, Percent of GDP","Annual","2016","19.997","Units"
"New Zealand","Gross national savings, Percent of GDP","Annual","2017","20.657","Units"
"New Zealand","Gross national savings, Percent of GDP","Annual","2018","22.321","Units"
"New Zealand","Gross national savings, Percent of GDP","Annual","2019","21.288","Units"
"New Zealand","Gross national savings, Percent of GDP","Annual","2020","18.076","Units"
"New Zealand","Gross national savings, Percent of GDP","Annual","2021","22.219","Units"
"New Zealand","Gross national savings, Percent of GDP","Annual","2022","25.496","Units"
"New Zealand","Gross national savings, Percent of GDP","Annual","2023","18.704","Units"
"New Zealand","Gross national savings, Percent of GDP","Annual","2024","14.540","Units"
"New Zealand","Gross national savings, Percent of GDP","Annual","2025","16.148","Units"
"New Zealand","Gross national savings, Percent of GDP","Annual","2026","17.982","Units"
"Costa Rica","Gross national savings, Percent of GDP","Annual","1980","12.784","Units"
"Costa Rica","Gross national savings, Percent of GDP","Annual","1981","12.957","Units"
"Costa Rica","Gross national savings, Percent of GDP","Annual","1982","15.406","Units"
"Costa Rica","Gross national savings, Percent of GDP","Annual","1983","13.447","Units"
"Costa Rica","Gross national savings, Percent of GDP","Annual","1984","18.351","Units"
"Costa Rica","Gross national savings, Percent of GDP","Annual","1985","22.469","Units"
"Costa Rica","Gross national savings, Percent of GDP","Annual","1986","23.419","Units"
"Costa Rica","Gross national savings, Percent of GDP","Annual","1987","21.966","Units"
"Costa Rica","Gross national savings, Percent of GDP","Annual","1988","20.889","Units"
"Costa Rica","Gross national savings, Percent of GDP","Annual","1989","19.303","Units"
"Costa Rica","Gross national savings, Percent of GDP","Annual","1990","19.398","Units"
"Costa Rica","Gross national savings, Percent of GDP","Annual","1991","15.294","Units"
"Costa Rica","Gross national savings, Percent of GDP","Annual","1992","15.662","Units"
"Costa Rica","Gross national savings, Percent of GDP","Annual","1993","13.827","Units"
"Costa Rica","Gross national savings, Percent of GDP","Annual","1994","15.878","Units"
"Costa Rica","Gross national savings, Percent of GDP","Annual","1995","16.319","Units"
"Costa Rica","Gross national savings, Percent of GDP","Annual","1996","15.394","Units"
"Costa Rica","Gross national savings, Percent of GDP","Annual","1997","16.413","Units"
"Costa Rica","Gross national savings, Percent of GDP","Annual","1998","19.078","Units"
"Costa Rica","Gross national savings, Percent of GDP","Annual","1999","16.215","Units"
"Costa Rica","Gross national savings, Percent of GDP","Annual","2000","16.128","Units"
"Costa Rica","Gross national savings, Percent of GDP","Annual","2001","16.897","Units"
"Costa Rica","Gross national savings, Percent of GDP","Annual","2002","14.700","Units"
"Costa Rica","Gross national savings, Percent of GDP","Annual","2003","13.757","Units"
"Costa Rica","Gross national savings, Percent of GDP","Annual","2004","15.304","Units"
"Costa Rica","Gross national savings, Percent of GDP","Annual","2005","14.674","Units"
"Costa Rica","Gross national savings, Percent of GDP","Annual","2006","16.953","Units"
"Costa Rica","Gross national savings, Percent of GDP","Annual","2007","17.712","Units"
"Costa Rica","Gross national savings, Percent of GDP","Annual","2008","16.233","Units"
"Costa Rica","Gross national savings, Percent of GDP","Annual","2009","16.630","Units"
"Costa Rica","Gross national savings, Percent of GDP","Annual","2010","16.610","Units"
"Costa Rica","Gross national savings, Percent of GDP","Annual","2011","14.751","Units"
"Costa Rica","Gross national savings, Percent of GDP","Annual","2012","14.749","Units"
"Costa Rica","Gross national savings, Percent of GDP","Annual","2013","14.819","Units"
"Costa Rica","Gross national savings, Percent of GDP","Annual","2014","14.507","Units"
"Costa Rica","Gross national savings, Percent of GDP","Annual","2015","15.450","Units"
"Costa Rica","Gross national savings, Percent of GDP","Annual","2016","16.752","Units"
"Costa Rica","Gross national savings, Percent of GDP","Annual","2017","14.448","Units"
"Costa Rica","Gross national savings, Percent of GDP","Annual","2018","15.170","Units"
"Costa Rica","Gross national savings, Percent of GDP","Annual","2019","14.506","Units"
"Costa Rica","Gross national savings, Percent of GDP","Annual","2020","14.492","Units"
"Costa Rica","Gross national savings, Percent of GDP","Annual","2021","14.620","Units"
"Costa Rica","Gross national savings, Percent of GDP","Annual","2022","15.179","Units"
"Costa Rica","Gross national savings, Percent of GDP","Annual","2023","14.581","Units"
"Costa Rica","Gross national savings, Percent of GDP","Annual","2024","15.261","Units"
"Costa Rica","Gross national savings, Percent of GDP","Annual","2025","15.058","Units"
"Costa Rica","Gross national savings, Percent of GDP","Annual","2026","17.088","Units"
"Argentina","Gross national savings, Percent of GDP","Annual","1980","20.748","Units"
"Argentina","Gross national savings, Percent of GDP","Annual","1981","18.216","Units"
"Argentina","Gross national savings, Percent of GDP","Annual","1982","17.345","Units"
"Argentina","Gross national savings, Percent of GDP","Annual","1983","16.960","Units"
"Argentina","Gross national savings, Percent of GDP","Annual","1984","16.305","Units"
"Argentina","Gross national savings, Percent of GDP","Annual","1985","17.241","Units"
"Argentina","Gross national savings, Percent of GDP","Annual","1986","16.215","Units"
"Argentina","Gross national savings, Percent of GDP","Annual","1987","14.533","Units"
"Argentina","Gross national savings, Percent of GDP","Annual","1988","15.567","Units"
"Argentina","Gross national savings, Percent of GDP","Annual","1989","15.071","Units"
"Argentina","Gross national savings, Percent of GDP","Annual","1990","15.472","Units"
"Argentina","Gross national savings, Percent of GDP","Annual","1991","12.889","Units"
"Argentina","Gross national savings, Percent of GDP","Annual","1992","12.410","Units"
"Argentina","Gross national savings, Percent of GDP","Annual","1993","13.999","Units"
"Argentina","Gross national savings, Percent of GDP","Annual","1994","13.989","Units"
"Argentina","Gross national savings, Percent of GDP","Annual","1995","17.662","Units"
"Argentina","Gross national savings, Percent of GDP","Annual","1996","15.051","Units"
"Argentina","Gross national savings, Percent of GDP","Annual","1997","14.662","Units"
"Argentina","Gross national savings, Percent of GDP","Annual","1998","14.170","Units"
"Argentina","Gross national savings, Percent of GDP","Annual","1999","11.742","Units"
"Argentina","Gross national savings, Percent of GDP","Annual","2000","12.459","Units"
"Argentina","Gross national savings, Percent of GDP","Annual","2001","12.325","Units"
"Argentina","Gross national savings, Percent of GDP","Annual","2002","17.631","Units"
"Argentina","Gross national savings, Percent of GDP","Annual","2003","18.474","Units"
"Argentina","Gross national savings, Percent of GDP","Annual","2004","19.350","Units"
"Argentina","Gross national savings, Percent of GDP","Annual","2005","21.362","Units"
"Argentina","Gross national savings, Percent of GDP","Annual","2006","21.472","Units"
"Argentina","Gross national savings, Percent of GDP","Annual","2007","22.200","Units"
"Argentina","Gross national savings, Percent of GDP","Annual","2008","21.064","Units"
"Argentina","Gross national savings, Percent of GDP","Annual","2009","18.221","Units"
"Argentina","Gross national savings, Percent of GDP","Annual","2010","17.323","Units"
"Argentina","Gross national savings, Percent of GDP","Annual","2011","17.387","Units"
"Argentina","Gross national savings, Percent of GDP","Annual","2012","16.133","Units"
"Argentina","Gross national savings, Percent of GDP","Annual","2013","15.159","Units"
"Argentina","Gross national savings, Percent of GDP","Annual","2014","15.634","Units"
"Argentina","Gross national savings, Percent of GDP","Annual","2015","14.328","Units"
"Argentina","Gross national savings, Percent of GDP","Annual","2016","14.950","Units"
"Argentina","Gross national savings, Percent of GDP","Annual","2017","13.374","Units"
"Argentina","Gross national savings, Percent of GDP","Annual","2018","11.449","Units"
"Argentina","Gross national savings, Percent of GDP","Annual","2019","13.460","Units"
"Argentina","Gross national savings, Percent of GDP","Annual","2020","15.113","Units"
"Argentina","Gross national savings, Percent of GDP","Annual","2021","19.439","Units"
"Argentina","Gross national savings, Percent of GDP","Annual","2022","17.281","Units"
"Argentina","Gross national savings, Percent of GDP","Annual","2023","15.898","Units"
"Argentina","Gross national savings, Percent of GDP","Annual","2024","16.723","Units"
"Argentina","Gross national savings, Percent of GDP","Annual","2025","13.231","Units"
"Argentina","Gross national savings, Percent of GDP","Annual","2026","15.765","Units"
"Brazil","Gross national savings, Percent of GDP","Annual","1980","18.340","Units"
"Brazil","Gross national savings, Percent of GDP","Annual","1981","18.962","Units"
"Brazil","Gross national savings, Percent of GDP","Annual","1982","15.629","Units"
"Brazil","Gross national savings, Percent of GDP","Annual","1983","13.544","Units"
"Brazil","Gross national savings, Percent of GDP","Annual","1984","14.429","Units"
"Brazil","Gross national savings, Percent of GDP","Annual","1985","18.378","Units"
"Brazil","Gross national savings, Percent of GDP","Annual","1986","17.352","Units"
"Brazil","Gross national savings, Percent of GDP","Annual","1987","22.278","Units"
"Brazil","Gross national savings, Percent of GDP","Annual","1988","24.535","Units"
"Brazil","Gross national savings, Percent of GDP","Annual","1989","25.521","Units"
"Brazil","Gross national savings, Percent of GDP","Annual","1990","19.763","Units"
"Brazil","Gross national savings, Percent of GDP","Annual","1991","19.838","Units"
"Brazil","Gross national savings, Percent of GDP","Annual","1992","20.943","Units"
"Brazil","Gross national savings, Percent of GDP","Annual","1993","21.151","Units"
"Brazil","Gross national savings, Percent of GDP","Annual","1994","21.826","Units"
"Brazil","Gross national savings, Percent of GDP","Annual","1995","14.865","Units"
"Brazil","Gross national savings, Percent of GDP","Annual","1996","14.466","Units"
"Brazil","Gross national savings, Percent of GDP","Annual","1997","14.128","Units"
"Brazil","Gross national savings, Percent of GDP","Annual","1998","14.116","Units"
"Brazil","Gross national savings, Percent of GDP","Annual","1999","12.923","Units"
"Brazil","Gross national savings, Percent of GDP","Annual","2000","14.855","Units"
"Brazil","Gross national savings, Percent of GDP","Annual","2001","14.297","Units"
"Brazil","Gross national savings, Percent of GDP","Annual","2002","15.604","Units"
"Brazil","Gross national savings, Percent of GDP","Annual","2003","17.250","Units"
"Brazil","Gross national savings, Percent of GDP","Annual","2004","19.251","Units"
"Brazil","Gross national savings, Percent of GDP","Annual","2005","18.515","Units"
"Brazil","Gross national savings, Percent of GDP","Annual","2006","18.789","Units"
"Brazil","Gross national savings, Percent of GDP","Annual","2007","19.622","Units"
"Brazil","Gross national savings, Percent of GDP","Annual","2008","19.520","Units"
"Brazil","Gross national savings, Percent of GDP","Annual","2009","17.039","Units"
"Brazil","Gross national savings, Percent of GDP","Annual","2010","17.875","Units"
"Brazil","Gross national savings, Percent of GDP","Annual","2011","18.629","Units"
"Brazil","Gross national savings, Percent of GDP","Annual","2012","17.656","Units"
"Brazil","Gross national savings, Percent of GDP","Annual","2013","18.118","Units"
"Brazil","Gross national savings, Percent of GDP","Annual","2014","16.050","Units"
"Brazil","Gross national savings, Percent of GDP","Annual","2015","13.889","Units"
"Brazil","Gross national savings, Percent of GDP","Annual","2016","13.270","Units"
"Brazil","Gross national savings, Percent of GDP","Annual","2017","13.401","Units"
"Brazil","Gross national savings, Percent of GDP","Annual","2018","12.288","Units"
"Brazil","Gross national savings, Percent of GDP","Annual","2019","12.102","Units"
"Brazil","Gross national savings, Percent of GDP","Annual","2020","14.475","Units"
"Brazil","Gross national savings, Percent of GDP","Annual","2021","17.164","Units"
"Brazil","Gross national savings, Percent of GDP","Annual","2022","15.938","Units"
"Brazil","Gross national savings, Percent of GDP","Annual","2023","14.525","Units"
"Brazil","Gross national savings, Percent of GDP","Annual","2024","13.954","Units"
"Brazil","Gross national savings, Percent of GDP","Annual","2025","13.818","Units"
"Brazil","Gross national savings, Percent of GDP","Annual","2026","14.075","Units"
"Latin America and the Caribbean (LAC)","Gross national savings, Percent of GDP","Annual","1980","20.819","Units"
"Latin America and the Caribbean (LAC)","Gross national savings, Percent of GDP","Annual","1981","19.363","Units"
"Latin America and the Caribbean (LAC)","Gross national savings, Percent of GDP","Annual","1982","17.096","Units"
"Latin America and the Caribbean (LAC)","Gross national savings, Percent of GDP","Annual","1983","16.895","Units"
"Latin America and the Caribbean (LAC)","Gross national savings, Percent of GDP","Annual","1984","17.529","Units"
"Latin America and the Caribbean (LAC)","Gross national savings, Percent of GDP","Annual","1985","18.775","Units"
"Latin America and the Caribbean (LAC)","Gross national savings, Percent of GDP","Annual","1986","16.734","Units"
"Latin America and the Caribbean (LAC)","Gross national savings, Percent of GDP","Annual","1987","19.911","Units"
"Latin America and the Caribbean (LAC)","Gross national savings, Percent of GDP","Annual","1988","20.026","Units"
"Latin America and the Caribbean (LAC)","Gross national savings, Percent of GDP","Annual","1989","20.978","Units"
"Latin America and the Caribbean (LAC)","Gross national savings, Percent of GDP","Annual","1990","18.381","Units"
"Latin America and the Caribbean (LAC)","Gross national savings, Percent of GDP","Annual","1991","17.087","Units"
"Latin America and the Caribbean (LAC)","Gross national savings, Percent of GDP","Annual","1992","16.197","Units"
"Latin America and the Caribbean (LAC)","Gross national savings, Percent of GDP","Annual","1993","17.130","Units"
"Latin America and the Caribbean (LAC)","Gross national savings, Percent of GDP","Annual","1994","17.959","Units"
"Latin America and the Caribbean (LAC)","Gross national savings, Percent of GDP","Annual","1995","16.998","Units"
"Latin America and the Caribbean (LAC)","Gross national savings, Percent of GDP","Annual","1996","16.618","Units"
"Latin America and the Caribbean (LAC)","Gross national savings, Percent of GDP","Annual","1997","16.918","Units"
"Latin America and the Caribbean (LAC)","Gross national savings, Percent of GDP","Annual","1998","16.712","Units"
"Latin America and the Caribbean (LAC)","Gross national savings, Percent of GDP","Annual","1999","16.618","Units"
"Latin America and the Caribbean (LAC)","Gross national savings, Percent of GDP","Annual","2000","17.697","Units"
"Latin America and the Caribbean (LAC)","Gross national savings, Percent of GDP","Annual","2001","16.848","Units"
"Latin America and the Caribbean (LAC)","Gross national savings, Percent of GDP","Annual","2002","18.212","Units"
"Latin America and the Caribbean (LAC)","Gross national savings, Percent of GDP","Annual","2003","19.286","Units"
"Latin America and the Caribbean (LAC)","Gross national savings, Percent of GDP","Annual","2004","20.874","Units"
"Latin America and the Caribbean (LAC)","Gross national savings, Percent of GDP","Annual","2005","21.008","Units"
"Latin America and the Caribbean (LAC)","Gross national savings, Percent of GDP","Annual","2006","22.138","Units"
"Latin America and the Caribbean (LAC)","Gross national savings, Percent of GDP","Annual","2007","22.250","Units"
"Latin America and the Caribbean (LAC)","Gross national savings, Percent of GDP","Annual","2008","22.186","Units"
"Latin America and the Caribbean (LAC)","Gross national savings, Percent of GDP","Annual","2009","19.766","Units"
"Latin America and the Caribbean (LAC)","Gross national savings, Percent of GDP","Annual","2010","19.963","Units"
"Latin America and the Caribbean (LAC)","Gross national savings, Percent of GDP","Annual","2011","20.402","Units"
"Latin America and the Caribbean (LAC)","Gross national savings, Percent of GDP","Annual","2012","19.675","Units"
"Latin America and the Caribbean (LAC)","Gross national savings, Percent of GDP","Annual","2013","19.491","Units"
"Latin America and the Caribbean (LAC)","Gross national savings, Percent of GDP","Annual","2014","18.164","Units"
"Latin America and the Caribbean (LAC)","Gross national savings, Percent of GDP","Annual","2015","17.052","Units"
"Latin America and the Caribbean (LAC)","Gross national savings, Percent of GDP","Annual","2016","17.203","Units"
"Latin America and the Caribbean (LAC)","Gross national savings, Percent of GDP","Annual","2017","17.047","Units"
"Latin America and the Caribbean (LAC)","Gross national savings, Percent of GDP","Annual","2018","16.411","Units"
"Latin America and the Caribbean (LAC)","Gross national savings, Percent of GDP","Annual","2019","16.820","Units"
"Latin America and the Caribbean (LAC)","Gross national savings, Percent of GDP","Annual","2020","17.765","Units"
"Latin America and the Caribbean (LAC)","Gross national savings, Percent of GDP","Annual","2021","18.707","Units"
"Latin America and the Caribbean (LAC)","Gross national savings, Percent of GDP","Annual","2022","18.143","Units"
"Latin America and the Caribbean (LAC)","Gross national savings, Percent of GDP","Annual","2023","18.176","Units"
"Latin America and the Caribbean (LAC)","Gross national savings, Percent of GDP","Annual","2024","18.376","Units"
"Latin America and the Caribbean (LAC)","Gross national savings, Percent of GDP","Annual","2025","17.806","Units"
"Latin America and the Caribbean (LAC)","Gross national savings, Percent of GDP","Annual","2026","18.086","Units"
"Bolivia","Gross national savings, Percent of GDP","Annual","1980","14.715","Units"
"Bolivia","Gross national savings, Percent of GDP","Annual","1981","1.717","Units"
"Bolivia","Gross national savings, Percent of GDP","Annual","1982","9.867","Units"
"Bolivia","Gross national savings, Percent of GDP","Annual","1983","4.827","Units"
"Bolivia","Gross national savings, Percent of GDP","Annual","1984","15.956","Units"
"Bolivia","Gross national savings, Percent of GDP","Annual","1985","13.452","Units"
"Bolivia","Gross national savings, Percent of GDP","Annual","1986","5.176","Units"
"Bolivia","Gross national savings, Percent of GDP","Annual","1987","2.193","Units"
"Bolivia","Gross national savings, Percent of GDP","Annual","1988","5.712","Units"
"Bolivia","Gross national savings, Percent of GDP","Annual","1989","6.489","Units"
"Bolivia","Gross national savings, Percent of GDP","Annual","1990","8.095","Units"
"Bolivia","Gross national savings, Percent of GDP","Annual","1991","10.181","Units"
"Bolivia","Gross national savings, Percent of GDP","Annual","1992","8.847","Units"
"Bolivia","Gross national savings, Percent of GDP","Annual","1993","8.613","Units"
"Bolivia","Gross national savings, Percent of GDP","Annual","1994","9.954","Units"
"Bolivia","Gross national savings, Percent of GDP","Annual","1995","9.464","Units"
"Bolivia","Gross national savings, Percent of GDP","Annual","1996","10.777","Units"
"Bolivia","Gross national savings, Percent of GDP","Annual","1997","11.508","Units"
"Bolivia","Gross national savings, Percent of GDP","Annual","1998","12.543","Units"
"Bolivia","Gross national savings, Percent of GDP","Annual","1999","9.933","Units"
"Bolivia","Gross national savings, Percent of GDP","Annual","2000","10.562","Units"
"Bolivia","Gross national savings, Percent of GDP","Annual","2001","9.948","Units"
"Bolivia","Gross national savings, Percent of GDP","Annual","2002","11.381","Units"
"Bolivia","Gross national savings, Percent of GDP","Annual","2003","12.918","Units"
"Bolivia","Gross national savings, Percent of GDP","Annual","2004","15.540","Units"
"Bolivia","Gross national savings, Percent of GDP","Annual","2005","17.672","Units"
"Bolivia","Gross national savings, Percent of GDP","Annual","2006","25.490","Units"
"Bolivia","Gross national savings, Percent of GDP","Annual","2007","27.456","Units"
"Bolivia","Gross national savings, Percent of GDP","Annual","2008","28.102","Units"
"Bolivia","Gross national savings, Percent of GDP","Annual","2009","22.730","Units"
"Bolivia","Gross national savings, Percent of GDP","Annual","2010","24.452","Units"
"Bolivia","Gross national savings, Percent of GDP","Annual","2011","26.223","Units"
"Bolivia","Gross national savings, Percent of GDP","Annual","2012","25.295","Units"
"Bolivia","Gross national savings, Percent of GDP","Annual","2013","24.043","Units"
"Bolivia","Gross national savings, Percent of GDP","Annual","2014","21.722","Units"
"Bolivia","Gross national savings, Percent of GDP","Annual","2015","16.202","Units"
"Bolivia","Gross national savings, Percent of GDP","Annual","2016","17.581","Units"
"Bolivia","Gross national savings, Percent of GDP","Annual","2017","18.472","Units"
"Bolivia","Gross national savings, Percent of GDP","Annual","2018","18.362","Units"
"Bolivia","Gross national savings, Percent of GDP","Annual","2019","17.624","Units"
"Bolivia","Gross national savings, Percent of GDP","Annual","2020","14.924","Units"
"Bolivia","Gross national savings, Percent of GDP","Annual","2021","17.584","Units"
"Bolivia","Gross national savings, Percent of GDP","Annual","2022","15.980","Units"
"Bolivia","Gross national savings, Percent of GDP","Annual","2023","14.068","Units"
"Bolivia","Gross national savings, Percent of GDP","Annual","2024","13.800","Units"
"Bolivia","Gross national savings, Percent of GDP","Annual","2025","10.902","Units"
"Bolivia","Gross national savings, Percent of GDP","Annual","2026","23.071","Units"
"Dominican Republic","Gross national savings, Percent of GDP","Annual","1980","8.113","Units"
"Dominican Republic","Gross national savings, Percent of GDP","Annual","1981","11.136","Units"
"Dominican Republic","Gross national savings, Percent of GDP","Annual","1982","7.490","Units"
"Dominican Republic","Gross national savings, Percent of GDP","Annual","1983","11.739","Units"
"Dominican Republic","Gross national savings, Percent of GDP","Annual","1984","12.612","Units"
"Dominican Republic","Gross national savings, Percent of GDP","Annual","1985","12.145","Units"
"Dominican Republic","Gross national savings, Percent of GDP","Annual","1986","12.614","Units"
"Dominican Republic","Gross national savings, Percent of GDP","Annual","1987","13.449","Units"
"Dominican Republic","Gross national savings, Percent of GDP","Annual","1988","16.827","Units"
"Dominican Republic","Gross national savings, Percent of GDP","Annual","1989","16.997","Units"
"Dominican Republic","Gross national savings, Percent of GDP","Annual","1990","14.512","Units"
"Dominican Republic","Gross national savings, Percent of GDP","Annual","1991","16.711","Units"
"Dominican Republic","Gross national savings, Percent of GDP","Annual","1992","17.955","Units"
"Dominican Republic","Gross national savings, Percent of GDP","Annual","1993","15.684","Units"
"Dominican Republic","Gross national savings, Percent of GDP","Annual","1994","19.072","Units"
"Dominican Republic","Gross national savings, Percent of GDP","Annual","1995","18.951","Units"
"Dominican Republic","Gross national savings, Percent of GDP","Annual","1996","18.888","Units"
"Dominican Republic","Gross national savings, Percent of GDP","Annual","1997","21.287","Units"
"Dominican Republic","Gross national savings, Percent of GDP","Annual","1998","26.508","Units"
"Dominican Republic","Gross national savings, Percent of GDP","Annual","1999","25.174","Units"
"Dominican Republic","Gross national savings, Percent of GDP","Annual","2000","23.669","Units"
"Dominican Republic","Gross national savings, Percent of GDP","Annual","2001","23.877","Units"
"Dominican Republic","Gross national savings, Percent of GDP","Annual","2002","24.029","Units"
"Dominican Republic","Gross national savings, Percent of GDP","Annual","2003","24.225","Units"
"Dominican Republic","Gross national savings, Percent of GDP","Annual","2004","25.255","Units"
"Dominican Republic","Gross national savings, Percent of GDP","Annual","2005","23.458","Units"
"Dominican Republic","Gross national savings, Percent of GDP","Annual","2006","23.539","Units"
"Dominican Republic","Gross national savings, Percent of GDP","Annual","2007","22.718","Units"
"Dominican Republic","Gross national savings, Percent of GDP","Annual","2008","20.516","Units"
"Dominican Republic","Gross national savings, Percent of GDP","Annual","2009","18.602","Units"
"Dominican Republic","Gross national savings, Percent of GDP","Annual","2010","18.601","Units"
"Dominican Republic","Gross national savings, Percent of GDP","Annual","2011","17.089","Units"
"Dominican Republic","Gross national savings, Percent of GDP","Annual","2012","17.203","Units"
"Dominican Republic","Gross national savings, Percent of GDP","Annual","2013","18.006","Units"
"Dominican Republic","Gross national savings, Percent of GDP","Annual","2014","19.160","Units"
"Dominican Republic","Gross national savings, Percent of GDP","Annual","2015","20.849","Units"
"Dominican Republic","Gross national savings, Percent of GDP","Annual","2016","21.096","Units"
"Dominican Republic","Gross national savings, Percent of GDP","Annual","2017","21.013","Units"
"Dominican Republic","Gross national savings, Percent of GDP","Annual","2018","23.649","Units"
"Dominican Republic","Gross national savings, Percent of GDP","Annual","2019","23.904","Units"
"Dominican Republic","Gross national savings, Percent of GDP","Annual","2020","23.189","Units"
"Dominican Republic","Gross national savings, Percent of GDP","Annual","2021","27.450","Units"
"Dominican Republic","Gross national savings, Percent of GDP","Annual","2022","24.916","Units"
"Dominican Republic","Gross national savings, Percent of GDP","Annual","2023","24.157","Units"
"Dominican Republic","Gross national savings, Percent of GDP","Annual","2024","23.654","Units"
"Dominican Republic","Gross national savings, Percent of GDP","Annual","2025","23.515","Units"
"Dominican Republic","Gross national savings, Percent of GDP","Annual","2026","22.577","Units"
"Colombia","Gross national savings, Percent of GDP","Annual","1980","17.869","Units"
"Colombia","Gross national savings, Percent of GDP","Annual","1981","14.456","Units"
"Colombia","Gross national savings, Percent of GDP","Annual","1982","11.064","Units"
"Colombia","Gross national savings, Percent of GDP","Annual","1983","10.769","Units"
"Colombia","Gross national savings, Percent of GDP","Annual","1984","12.238","Units"
"Colombia","Gross national savings, Percent of GDP","Annual","1985","13.842","Units"
"Colombia","Gross national savings, Percent of GDP","Annual","1986","18.144","Units"
"Colombia","Gross national savings, Percent of GDP","Annual","1987","18.738","Units"
"Colombia","Gross national savings, Percent of GDP","Annual","1988","20.213","Units"
"Colombia","Gross national savings, Percent of GDP","Annual","1989","18.353","Units"
"Colombia","Gross national savings, Percent of GDP","Annual","1990","18.510","Units"
"Colombia","Gross national savings, Percent of GDP","Annual","1991","19.436","Units"
"Colombia","Gross national savings, Percent of GDP","Annual","1992","17.586","Units"
"Colombia","Gross national savings, Percent of GDP","Annual","1993","16.691","Units"
"Colombia","Gross national savings, Percent of GDP","Annual","1994","19.768","Units"
"Colombia","Gross national savings, Percent of GDP","Annual","1995","19.563","Units"
"Colombia","Gross national savings, Percent of GDP","Annual","1996","16.328","Units"
"Colombia","Gross national savings, Percent of GDP","Annual","1997","14.594","Units"
"Colombia","Gross national savings, Percent of GDP","Annual","1998","13.910","Units"
"Colombia","Gross national savings, Percent of GDP","Annual","1999","12.830","Units"
"Colombia","Gross national savings, Percent of GDP","Annual","2000","15.847","Units"
"Colombia","Gross national savings, Percent of GDP","Annual","2001","15.067","Units"
"Colombia","Gross national savings, Percent of GDP","Annual","2002","16.019","Units"
"Colombia","Gross national savings, Percent of GDP","Annual","2003","17.790","Units"
"Colombia","Gross national savings, Percent of GDP","Annual","2004","18.888","Units"
"Colombia","Gross national savings, Percent of GDP","Annual","2005","20.318","Units"
"Colombia","Gross national savings, Percent of GDP","Annual","2006","21.090","Units"
"Colombia","Gross national savings, Percent of GDP","Annual","2007","20.472","Units"
"Colombia","Gross national savings, Percent of GDP","Annual","2008","21.042","Units"
"Colombia","Gross national savings, Percent of GDP","Annual","2009","20.081","Units"
"Colombia","Gross national savings, Percent of GDP","Annual","2010","18.893","Units"
"Colombia","Gross national savings, Percent of GDP","Annual","2011","20.090","Units"
"Colombia","Gross national savings, Percent of GDP","Annual","2012","18.965","Units"
"Colombia","Gross national savings, Percent of GDP","Annual","2013","18.946","Units"
"Colombia","Gross national savings, Percent of GDP","Annual","2014","18.805","Units"
"Colombia","Gross national savings, Percent of GDP","Annual","2015","17.401","Units"
"Colombia","Gross national savings, Percent of GDP","Annual","2016","18.715","Units"
"Colombia","Gross national savings, Percent of GDP","Annual","2017","18.417","Units"
"Colombia","Gross national savings, Percent of GDP","Annual","2018","16.993","Units"
"Colombia","Gross national savings, Percent of GDP","Annual","2019","16.797","Units"
"Colombia","Gross national savings, Percent of GDP","Annual","2020","15.700","Units"
"Colombia","Gross national savings, Percent of GDP","Annual","2021","13.282","Units"
"Colombia","Gross national savings, Percent of GDP","Annual","2022","13.747","Units"
"Colombia","Gross national savings, Percent of GDP","Annual","2023","14.113","Units"
"Colombia","Gross national savings, Percent of GDP","Annual","2024","14.805","Units"
"Colombia","Gross national savings, Percent of GDP","Annual","2025","14.340","Units"
"Colombia","Gross national savings, Percent of GDP","Annual","2026","12.003","Units"
"Chile","Gross national savings, Percent of GDP","Annual","1980","12.366","Units"
"Chile","Gross national savings, Percent of GDP","Annual","1981","7.870","Units"
"Chile","Gross national savings, Percent of GDP","Annual","1982","1.467","Units"
"Chile","Gross national savings, Percent of GDP","Annual","1983","4.082","Units"
"Chile","Gross national savings, Percent of GDP","Annual","1984","2.296","Units"
"Chile","Gross national savings, Percent of GDP","Annual","1985","7.989","Units"
"Chile","Gross national savings, Percent of GDP","Annual","1986","10.613","Units"
"Chile","Gross national savings, Percent of GDP","Annual","1987","17.485","Units"
"Chile","Gross national savings, Percent of GDP","Annual","1988","20.746","Units"
"Chile","Gross national savings, Percent of GDP","Annual","1989","29.867","Units"
"Chile","Gross national savings, Percent of GDP","Annual","1990","21.431","Units"
"Chile","Gross national savings, Percent of GDP","Annual","1991","22.599","Units"
"Chile","Gross national savings, Percent of GDP","Annual","1992","20.204","Units"
"Chile","Gross national savings, Percent of GDP","Annual","1993","21.702","Units"
"Chile","Gross national savings, Percent of GDP","Annual","1994","20.071","Units"
"Chile","Gross national savings, Percent of GDP","Annual","1995","24.751","Units"
"Chile","Gross national savings, Percent of GDP","Annual","1996","25.320","Units"
"Chile","Gross national savings, Percent of GDP","Annual","1997","25.078","Units"
"Chile","Gross national savings, Percent of GDP","Annual","1998","23.400","Units"
"Chile","Gross national savings, Percent of GDP","Annual","1999","22.489","Units"
"Chile","Gross national savings, Percent of GDP","Annual","2000","22.505","Units"
"Chile","Gross national savings, Percent of GDP","Annual","2001","22.953","Units"
"Chile","Gross national savings, Percent of GDP","Annual","2002","23.122","Units"
"Chile","Gross national savings, Percent of GDP","Annual","2003","23.573","Units"
"Chile","Gross national savings, Percent of GDP","Annual","2004","24.473","Units"
"Chile","Gross national savings, Percent of GDP","Annual","2005","25.156","Units"
"Chile","Gross national savings, Percent of GDP","Annual","2006","27.682","Units"
"Chile","Gross national savings, Percent of GDP","Annual","2007","27.466","Units"
"Chile","Gross national savings, Percent of GDP","Annual","2008","24.133","Units"
"Chile","Gross national savings, Percent of GDP","Annual","2009","24.317","Units"
"Chile","Gross national savings, Percent of GDP","Annual","2010","25.659","Units"
"Chile","Gross national savings, Percent of GDP","Annual","2011","21.706","Units"
"Chile","Gross national savings, Percent of GDP","Annual","2012","23.500","Units"
"Chile","Gross national savings, Percent of GDP","Annual","2013","22.702","Units"
"Chile","Gross national savings, Percent of GDP","Annual","2014","21.709","Units"
"Chile","Gross national savings, Percent of GDP","Annual","2015","22.778","Units"
"Chile","Gross national savings, Percent of GDP","Annual","2016","21.127","Units"
"Chile","Gross national savings, Percent of GDP","Annual","2017","19.875","Units"
"Chile","Gross national savings, Percent of GDP","Annual","2018","19.634","Units"
"Chile","Gross national savings, Percent of GDP","Annual","2019","19.702","Units"
"Chile","Gross national savings, Percent of GDP","Annual","2020","19.132","Units"
"Chile","Gross national savings, Percent of GDP","Annual","2021","16.679","Units"
"Chile","Gross national savings, Percent of GDP","Annual","2022","16.927","Units"
"Chile","Gross national savings, Percent of GDP","Annual","2023","20.208","Units"
"Chile","Gross national savings, Percent of GDP","Annual","2024","21.776","Units"
"Chile","Gross national savings, Percent of GDP","Annual","2025","22.158","Units"
"Chile","Gross national savings, Percent of GDP","Annual","2026","23.348","Units"
"Honduras","Gross national savings, Percent of GDP","Annual","1980","8.033951",""
"Honduras","Gross national savings, Percent of GDP","Annual","1981","7.198505",""
"Honduras","Gross national savings, Percent of GDP","Annual","1982","4.392358",""
"Honduras","Gross national savings, Percent of GDP","Annual","1983","4.606075",""
"Honduras","Gross national savings, Percent of GDP","Annual","1984","6.2051",""
"Honduras","Gross national savings, Percent of GDP","Annual","1985","8.495445",""
"Honduras","Gross national savings, Percent of GDP","Annual","1986","7.52048",""
"Honduras","Gross national savings, Percent of GDP","Annual","1987","7.768329",""
"Honduras","Gross national savings, Percent of GDP","Annual","1988","12.205041",""
"Honduras","Gross national savings, Percent of GDP","Annual","1989","9.791921",""
"Honduras","Gross national savings, Percent of GDP","Annual","1990","12.598654",""
"Honduras","Gross national savings, Percent of GDP","Annual","1991","13.037824",""
"Honduras","Gross national savings, Percent of GDP","Annual","1992","13.509979",""
"Honduras","Gross national savings, Percent of GDP","Annual","1993","17.468147",""
"Honduras","Gross national savings, Percent of GDP","Annual","1994","21.164698",""
"Honduras","Gross national savings, Percent of GDP","Annual","1995","24.639511",""
"Honduras","Gross national savings, Percent of GDP","Annual","1996","23.263541",""
"Honduras","Gross national savings, Percent of GDP","Annual","1997","24.611784",""
"Honduras","Gross national savings, Percent of GDP","Annual","1998","24.60818",""
"Honduras","Gross national savings, Percent of GDP","Annual","1999","28.886919",""
"Honduras","Gross national savings, Percent of GDP","Annual","2000","21.13365",""
"Honduras","Gross national savings, Percent of GDP","Annual","2001","19.745681",""
"Honduras","Gross national savings, Percent of GDP","Annual","2002","20.67471",""
"Honduras","Gross national savings, Percent of GDP","Annual","2003","18.562737",""
"Honduras","Gross national savings, Percent of GDP","Annual","2004","22.014044",""
"Honduras","Gross national savings, Percent of GDP","Annual","2005","24.647036",""
"Honduras","Gross national savings, Percent of GDP","Annual","2006","24.642153",""
"Honduras","Gross national savings, Percent of GDP","Annual","2007","24.635475",""
"Honduras","Gross national savings, Percent of GDP","Annual","2008","20.725162",""
"Honduras","Gross national savings, Percent of GDP","Annual","2009","16.783422",""
"Honduras","Gross national savings, Percent of GDP","Annual","2010","16.802406",""
"Honduras","Gross national savings, Percent of GDP","Annual","2011","18.045921",""
"Honduras","Gross national savings, Percent of GDP","Annual","2012","16.030593",""
"Honduras","Gross national savings, Percent of GDP","Annual","2013","12.230301",""
"Honduras","Gross national savings, Percent of GDP","Annual","2014","15.237615",""
"Honduras","Gross national savings, Percent of GDP","Annual","2015","20.44682",""
"Honduras","Gross national savings, Percent of GDP","Annual","2016","20.232826",""
"Honduras","Gross national savings, Percent of GDP","Annual","2017","23.575123",""
"Honduras","Gross national savings, Percent of GDP","Annual","2018","19.999593",""
"Honduras","Gross national savings, Percent of GDP","Annual","2019","20.343407",""
"Honduras","Gross national savings, Percent of GDP","Annual","2020","22.518147",""
"Honduras","Gross national savings, Percent of GDP","Annual","2021","18.766917",""
"Honduras","Gross national savings, Percent of GDP","Annual","2022","19.463493",""
"Honduras","Gross national savings, Percent of GDP","Annual","2023","18.205151",""
"Honduras","Gross national savings, Percent of GDP","Annual","2024","18.064371",""
"Honduras","Gross national savings, Percent of GDP","Annual","2025","24.024994",""
"Honduras","Gross national savings, Percent of GDP","Annual","2026","19.995264",""
"Guatemala","Gross national savings, Percent of GDP","Annual","1980","13.747","Units"
"Guatemala","Gross national savings, Percent of GDP","Annual","1981","10.390","Units"
"Guatemala","Gross national savings, Percent of GDP","Annual","1982","9.482","Units"
"Guatemala","Gross national savings, Percent of GDP","Annual","1983","8.953","Units"
"Guatemala","Gross national savings, Percent of GDP","Annual","1984","7.845","Units"
"Guatemala","Gross national savings, Percent of GDP","Annual","1985","7.805","Units"
"Guatemala","Gross national savings, Percent of GDP","Annual","1986","9.353","Units"
"Guatemala","Gross national savings, Percent of GDP","Annual","1987","5.680","Units"
"Guatemala","Gross national savings, Percent of GDP","Annual","1988","7.136","Units"
"Guatemala","Gross national savings, Percent of GDP","Annual","1989","8.551","Units"
"Guatemala","Gross national savings, Percent of GDP","Annual","1990","12.138","Units"
"Guatemala","Gross national savings, Percent of GDP","Annual","1991","12.162","Units"
"Guatemala","Gross national savings, Percent of GDP","Annual","1992","11.394","Units"
"Guatemala","Gross national savings, Percent of GDP","Annual","1993","11.696","Units"
"Guatemala","Gross national savings, Percent of GDP","Annual","1994","10.984","Units"
"Guatemala","Gross national savings, Percent of GDP","Annual","1995","12.054","Units"
"Guatemala","Gross national savings, Percent of GDP","Annual","1996","11.343","Units"
"Guatemala","Gross national savings, Percent of GDP","Annual","1997","12.154","Units"
"Guatemala","Gross national savings, Percent of GDP","Annual","1998","13.288","Units"
"Guatemala","Gross national savings, Percent of GDP","Annual","1999","13.553","Units"
"Guatemala","Gross national savings, Percent of GDP","Annual","2000","13.093","Units"
"Guatemala","Gross national savings, Percent of GDP","Annual","2001","19.934","Units"
"Guatemala","Gross national savings, Percent of GDP","Annual","2002","20.661","Units"
"Guatemala","Gross national savings, Percent of GDP","Annual","2003","20.484","Units"
"Guatemala","Gross national savings, Percent of GDP","Annual","2004","16.419","Units"
"Guatemala","Gross national savings, Percent of GDP","Annual","2005","15.663","Units"
"Guatemala","Gross national savings, Percent of GDP","Annual","2006","16.216","Units"
"Guatemala","Gross national savings, Percent of GDP","Annual","2007","16.182","Units"
"Guatemala","Gross national savings, Percent of GDP","Annual","2008","12.817","Units"
"Guatemala","Gross national savings, Percent of GDP","Annual","2009","13.720","Units"
"Guatemala","Gross national savings, Percent of GDP","Annual","2010","12.621","Units"
"Guatemala","Gross national savings, Percent of GDP","Annual","2011","12.707","Units"
"Guatemala","Gross national savings, Percent of GDP","Annual","2012","12.216","Units"
"Guatemala","Gross national savings, Percent of GDP","Annual","2013","11.618","Units"
"Guatemala","Gross national savings, Percent of GDP","Annual","2014","11.770","Units"
"Guatemala","Gross national savings, Percent of GDP","Annual","2015","13.584","Units"
"Guatemala","Gross national savings, Percent of GDP","Annual","2016","14.827","Units"
"Guatemala","Gross national savings, Percent of GDP","Annual","2017","14.793","Units"
"Guatemala","Gross national savings, Percent of GDP","Annual","2018","14.676","Units"
"Guatemala","Gross national savings, Percent of GDP","Annual","2019","16.691","Units"
"Guatemala","Gross national savings, Percent of GDP","Annual","2020","18.550","Units"
"Guatemala","Gross national savings, Percent of GDP","Annual","2021","18.935","Units"
"Guatemala","Gross national savings, Percent of GDP","Annual","2022","17.735","Units"
"Guatemala","Gross national savings, Percent of GDP","Annual","2023","19.553","Units"
"Guatemala","Gross national savings, Percent of GDP","Annual","2024","19.571","Units"
"Guatemala","Gross national savings, Percent of GDP","Annual","2025","21.214","Units"
"Guatemala","Gross national savings, Percent of GDP","Annual","2026","19.857","Units"
"Ecuador","Gross national savings, Percent of GDP","Annual","1980","17.947","Units"
"Ecuador","Gross national savings, Percent of GDP","Annual","1981","15.407","Units"
"Ecuador","Gross national savings, Percent of GDP","Annual","1982","17.254","Units"
"Ecuador","Gross national savings, Percent of GDP","Annual","1983","14.726","Units"
"Ecuador","Gross national savings, Percent of GDP","Annual","1984","14.050","Units"
"Ecuador","Gross national savings, Percent of GDP","Annual","1985","17.977","Units"
"Ecuador","Gross national savings, Percent of GDP","Annual","1986","14.629","Units"
"Ecuador","Gross national savings, Percent of GDP","Annual","1987","10.954","Units"
"Ecuador","Gross national savings, Percent of GDP","Annual","1988","14.389","Units"
"Ecuador","Gross national savings, Percent of GDP","Annual","1989","13.369","Units"
"Ecuador","Gross national savings, Percent of GDP","Annual","1990","12.742","Units"
"Ecuador","Gross national savings, Percent of GDP","Annual","1991","14.496","Units"
"Ecuador","Gross national savings, Percent of GDP","Annual","1992","17.703","Units"
"Ecuador","Gross national savings, Percent of GDP","Annual","1993","16.109","Units"
"Ecuador","Gross national savings, Percent of GDP","Annual","1994","15.731","Units"
"Ecuador","Gross national savings, Percent of GDP","Annual","1995","13.467","Units"
"Ecuador","Gross national savings, Percent of GDP","Annual","1996","16.537","Units"
"Ecuador","Gross national savings, Percent of GDP","Annual","1997","16.242","Units"
"Ecuador","Gross national savings, Percent of GDP","Annual","1998","14.012","Units"
"Ecuador","Gross national savings, Percent of GDP","Annual","1999","20.860","Units"
"Ecuador","Gross national savings, Percent of GDP","Annual","2000","23.514","Units"
"Ecuador","Gross national savings, Percent of GDP","Annual","2001","16.108","Units"
"Ecuador","Gross national savings, Percent of GDP","Annual","2002","15.150","Units"
"Ecuador","Gross national savings, Percent of GDP","Annual","2003","14.524","Units"
"Ecuador","Gross national savings, Percent of GDP","Annual","2004","14.888","Units"
"Ecuador","Gross national savings, Percent of GDP","Annual","2005","18.641","Units"
"Ecuador","Gross national savings, Percent of GDP","Annual","2006","21.926","Units"
"Ecuador","Gross national savings, Percent of GDP","Annual","2007","22.102","Units"
"Ecuador","Gross national savings, Percent of GDP","Annual","2008","24.460","Units"
"Ecuador","Gross national savings, Percent of GDP","Annual","2009","21.694","Units"
"Ecuador","Gross national savings, Percent of GDP","Annual","2010","21.168","Units"
"Ecuador","Gross national savings, Percent of GDP","Annual","2011","23.026","Units"
"Ecuador","Gross national savings, Percent of GDP","Annual","2012","22.846","Units"
"Ecuador","Gross national savings, Percent of GDP","Annual","2013","23.917","Units"
"Ecuador","Gross national savings, Percent of GDP","Annual","2014","24.055","Units"
"Ecuador","Gross national savings, Percent of GDP","Annual","2015","20.402","Units"
"Ecuador","Gross national savings, Percent of GDP","Annual","2016","21.159","Units"
"Ecuador","Gross national savings, Percent of GDP","Annual","2017","22.093","Units"
"Ecuador","Gross national savings, Percent of GDP","Annual","2018","21.007","Units"
"Ecuador","Gross national savings, Percent of GDP","Annual","2019","20.543","Units"
"Ecuador","Gross national savings, Percent of GDP","Annual","2020","19.678","Units"
"Ecuador","Gross national savings, Percent of GDP","Annual","2021","23.587","Units"
"Ecuador","Gross national savings, Percent of GDP","Annual","2022","24.359","Units"
"Ecuador","Gross national savings, Percent of GDP","Annual","2023","22.719","Units"
"Ecuador","Gross national savings, Percent of GDP","Annual","2024","25.196","Units"
"Ecuador","Gross national savings, Percent of GDP","Annual","2025","25.425","Units"
"Ecuador","Gross national savings, Percent of GDP","Annual","2026","26.352","Units"
"El Salvador","Gross national savings, Percent of GDP","Annual","1981","10.644","Units"
"El Salvador","Gross national savings, Percent of GDP","Annual","1982","11.549","Units"
"El Salvador","Gross national savings, Percent of GDP","Annual","1983","13.520","Units"
"El Salvador","Gross national savings, Percent of GDP","Annual","1984","11.720","Units"
"El Salvador","Gross national savings, Percent of GDP","Annual","1985","9.040","Units"
"El Salvador","Gross national savings, Percent of GDP","Annual","1986","19.215","Units"
"El Salvador","Gross national savings, Percent of GDP","Annual","1987","16.853","Units"
"El Salvador","Gross national savings, Percent of GDP","Annual","1988","13.275","Units"
"El Salvador","Gross national savings, Percent of GDP","Annual","1989","6.917","Units"
"El Salvador","Gross national savings, Percent of GDP","Annual","1990","11.556","Units"
"El Salvador","Gross national savings, Percent of GDP","Annual","1991","12.608","Units"
"El Salvador","Gross national savings, Percent of GDP","Annual","1992","16.889","Units"
"El Salvador","Gross national savings, Percent of GDP","Annual","1993","18.120","Units"
"El Salvador","Gross national savings, Percent of GDP","Annual","1994","20.600","Units"
"El Salvador","Gross national savings, Percent of GDP","Annual","1995","19.509","Units"
"El Salvador","Gross national savings, Percent of GDP","Annual","1996","14.492","Units"
"El Salvador","Gross national savings, Percent of GDP","Annual","1997","15.287","Units"
"El Salvador","Gross national savings, Percent of GDP","Annual","1998","19.022","Units"
"El Salvador","Gross national savings, Percent of GDP","Annual","1999","16.618","Units"
"El Salvador","Gross national savings, Percent of GDP","Annual","2000","15.715","Units"
"El Salvador","Gross national savings, Percent of GDP","Annual","2001","18.391","Units"
"El Salvador","Gross national savings, Percent of GDP","Annual","2002","15.591","Units"
"El Salvador","Gross national savings, Percent of GDP","Annual","2003","14.809","Units"
"El Salvador","Gross national savings, Percent of GDP","Annual","2004","15.450","Units"
"El Salvador","Gross national savings, Percent of GDP","Annual","2005","16.734","Units"
"El Salvador","Gross national savings, Percent of GDP","Annual","2006","17.465","Units"
"El Salvador","Gross national savings, Percent of GDP","Annual","2007","13.649","Units"
"El Salvador","Gross national savings, Percent of GDP","Annual","2008","11.655","Units"
"El Salvador","Gross national savings, Percent of GDP","Annual","2009","12.281","Units"
"El Salvador","Gross national savings, Percent of GDP","Annual","2010","13.783","Units"
"El Salvador","Gross national savings, Percent of GDP","Annual","2011","12.309","Units"
"El Salvador","Gross national savings, Percent of GDP","Annual","2012","11.912","Units"
"El Salvador","Gross national savings, Percent of GDP","Annual","2013","10.115","Units"
"El Salvador","Gross national savings, Percent of GDP","Annual","2014","11.026","Units"
"El Salvador","Gross national savings, Percent of GDP","Annual","2015","12.801","Units"
"El Salvador","Gross national savings, Percent of GDP","Annual","2016","13.693","Units"
"El Salvador","Gross national savings, Percent of GDP","Annual","2017","14.817","Units"
"El Salvador","Gross national savings, Percent of GDP","Annual","2018","15.070","Units"
"El Salvador","Gross national savings, Percent of GDP","Annual","2019","17.923","Units"
"El Salvador","Gross national savings, Percent of GDP","Annual","2020","18.322","Units"
"El Salvador","Gross national savings, Percent of GDP","Annual","2021","19.049","Units"
"El Salvador","Gross national savings, Percent of GDP","Annual","2022","17.745","Units"
"El Salvador","Gross national savings, Percent of GDP","Annual","2023","19.598","Units"
"El Salvador","Gross national savings, Percent of GDP","Annual","2024","18.556","Units"
"El Salvador","Gross national savings, Percent of GDP","Annual","2025","21.288","Units"
"El Salvador","Gross national savings, Percent of GDP","Annual","2026","23.519","Units"
"Mexico","Gross national savings, Percent of GDP","Annual","1980","21.993455",""
"Mexico","Gross national savings, Percent of GDP","Annual","1981","21.267051",""
"Mexico","Gross national savings, Percent of GDP","Annual","1982","20.392182",""
"Mexico","Gross national savings, Percent of GDP","Annual","1983","24.000688",""
"Mexico","Gross national savings, Percent of GDP","Annual","1984","21.974641",""
"Mexico","Gross national savings, Percent of GDP","Annual","1985","21.676041",""
"Mexico","Gross national savings, Percent of GDP","Annual","1986","17.539335",""
"Mexico","Gross national savings, Percent of GDP","Annual","1987","22.512436",""
"Mexico","Gross national savings, Percent of GDP","Annual","1988","18.20703",""
"Mexico","Gross national savings, Percent of GDP","Annual","1989","17.39175",""
"Mexico","Gross national savings, Percent of GDP","Annual","1990","17.337197",""
"Mexico","Gross national savings, Percent of GDP","Annual","1991","15.922175",""
"Mexico","Gross national savings, Percent of GDP","Annual","1992","14.092723",""
"Mexico","Gross national savings, Percent of GDP","Annual","1993","16.180755",""
"Mexico","Gross national savings, Percent of GDP","Annual","1994","16.586308",""
"Mexico","Gross national savings, Percent of GDP","Annual","1995","18.89684",""
"Mexico","Gross national savings, Percent of GDP","Annual","1996","19.157441",""
"Mexico","Gross national savings, Percent of GDP","Annual","1997","19.681667",""
"Mexico","Gross national savings, Percent of GDP","Annual","1998","19.935302",""
"Mexico","Gross national savings, Percent of GDP","Annual","1999","20.025692",""
"Mexico","Gross national savings, Percent of GDP","Annual","2000","19.737919",""
"Mexico","Gross national savings, Percent of GDP","Annual","2001","18.07665",""
"Mexico","Gross national savings, Percent of GDP","Annual","2002","18.879103",""
"Mexico","Gross national savings, Percent of GDP","Annual","2003","20.354101",""
"Mexico","Gross national savings, Percent of GDP","Annual","2004","21.581359",""
"Mexico","Gross national savings, Percent of GDP","Annual","2005","20.898621",""
"Mexico","Gross national savings, Percent of GDP","Annual","2006","22.247527",""
"Mexico","Gross national savings, Percent of GDP","Annual","2007","22.227245",""
"Mexico","Gross national savings, Percent of GDP","Annual","2008","22.714519",""
"Mexico","Gross national savings, Percent of GDP","Annual","2009","22.508315",""
"Mexico","Gross national savings, Percent of GDP","Annual","2010","22.991882",""
"Mexico","Gross national savings, Percent of GDP","Annual","2011","23.393866",""
"Mexico","Gross national savings, Percent of GDP","Annual","2012","22.967864",""
"Mexico","Gross national savings, Percent of GDP","Annual","2013","20.286771",""
"Mexico","Gross national savings, Percent of GDP","Annual","2014","20.471916",""
"Mexico","Gross national savings, Percent of GDP","Annual","2015","21.136967",""
"Mexico","Gross national savings, Percent of GDP","Annual","2016","22.070282",""
"Mexico","Gross national savings, Percent of GDP","Annual","2017","22.094895",""
"Mexico","Gross national savings, Percent of GDP","Annual","2018","21.41332",""
"Mexico","Gross national savings, Percent of GDP","Annual","2019","21.851688",""
"Mexico","Gross national savings, Percent of GDP","Annual","2020","22.633774",""
"Mexico","Gross national savings, Percent of GDP","Annual","2021","21.366768",""
"Mexico","Gross national savings, Percent of GDP","Annual","2022","21.49594",""
"Mexico","Gross national savings, Percent of GDP","Annual","2023","22.605939",""
"Mexico","Gross national savings, Percent of GDP","Annual","2024","22.991305",""
"Mexico","Gross national savings, Percent of GDP","Annual","2025","21.995741",""
"Mexico","Gross national savings, Percent of GDP","Annual","2026","21.373452",""
"Nicaragua","Gross national savings, Percent of GDP","Annual","1980","1.309","Units"
"Nicaragua","Gross national savings, Percent of GDP","Annual","1981","0.683","Units"
"Nicaragua","Gross national savings, Percent of GDP","Annual","1982","3.790","Units"
"Nicaragua","Gross national savings, Percent of GDP","Annual","1983","5.954","Units"
"Nicaragua","Gross national savings, Percent of GDP","Annual","1984","3.281","Units"
"Nicaragua","Gross national savings, Percent of GDP","Annual","1985","10.206","Units"
"Nicaragua","Gross national savings, Percent of GDP","Annual","1986","3.897","Units"
"Nicaragua","Gross national savings, Percent of GDP","Annual","1987","10.551","Units"
"Nicaragua","Gross national savings, Percent of GDP","Annual","1988","-3.234","Units"
"Nicaragua","Gross national savings, Percent of GDP","Annual","1989","3.571","Units"
"Nicaragua","Gross national savings, Percent of GDP","Annual","1990","33.012","Units"
"Nicaragua","Gross national savings, Percent of GDP","Annual","1991","8.857","Units"
"Nicaragua","Gross national savings, Percent of GDP","Annual","1992","0.996","Units"
"Nicaragua","Gross national savings, Percent of GDP","Annual","1993","1.089","Units"
"Nicaragua","Gross national savings, Percent of GDP","Annual","1994","-5.674","Units"
"Nicaragua","Gross national savings, Percent of GDP","Annual","1995","3.940","Units"
"Nicaragua","Gross national savings, Percent of GDP","Annual","1996","6.912","Units"
"Nicaragua","Gross national savings, Percent of GDP","Annual","1997","12.086","Units"
"Nicaragua","Gross national savings, Percent of GDP","Annual","1998","14.183","Units"
"Nicaragua","Gross national savings, Percent of GDP","Annual","1999","18.071","Units"
"Nicaragua","Gross national savings, Percent of GDP","Annual","2000","8.639","Units"
"Nicaragua","Gross national savings, Percent of GDP","Annual","2001","9.980","Units"
"Nicaragua","Gross national savings, Percent of GDP","Annual","2002","7.019","Units"
"Nicaragua","Gross national savings, Percent of GDP","Annual","2003","8.817","Units"
"Nicaragua","Gross national savings, Percent of GDP","Annual","2004","12.191","Units"
"Nicaragua","Gross national savings, Percent of GDP","Annual","2005","13.594","Units"
"Nicaragua","Gross national savings, Percent of GDP","Annual","2006","15.172","Units"
"Nicaragua","Gross national savings, Percent of GDP","Annual","2007","15.045","Units"
"Nicaragua","Gross national savings, Percent of GDP","Annual","2008","16.534","Units"
"Nicaragua","Gross national savings, Percent of GDP","Annual","2009","14.746","Units"
"Nicaragua","Gross national savings, Percent of GDP","Annual","2010","15.965","Units"
"Nicaragua","Gross national savings, Percent of GDP","Annual","2011","19.075","Units"
"Nicaragua","Gross national savings, Percent of GDP","Annual","2012","19.287","Units"
"Nicaragua","Gross national savings, Percent of GDP","Annual","2013","18.336","Units"
"Nicaragua","Gross national savings, Percent of GDP","Annual","2014","20.851","Units"
"Nicaragua","Gross national savings, Percent of GDP","Annual","2015","23.603","Units"
"Nicaragua","Gross national savings, Percent of GDP","Annual","2016","22.717","Units"
"Nicaragua","Gross national savings, Percent of GDP","Annual","2017","22.755","Units"
"Nicaragua","Gross national savings, Percent of GDP","Annual","2018","22.277","Units"
"Nicaragua","Gross national savings, Percent of GDP","Annual","2019","23.763","Units"
"Nicaragua","Gross national savings, Percent of GDP","Annual","2020","24.109","Units"
"Nicaragua","Gross national savings, Percent of GDP","Annual","2021","21.022","Units"
"Nicaragua","Gross national savings, Percent of GDP","Annual","2022","18.856","Units"
"Nicaragua","Gross national savings, Percent of GDP","Annual","2023","30.381","Units"
"Nicaragua","Gross national savings, Percent of GDP","Annual","2024","28.903","Units"
"Nicaragua","Gross national savings, Percent of GDP","Annual","2025","34.327","Units"
"Nicaragua","Gross national savings, Percent of GDP","Annual","2026","35.963","Units"
"Haiti","Gross national savings, Percent of GDP","Annual","1980","9.24957",""
"Haiti","Gross national savings, Percent of GDP","Annual","1981","9.536243",""
"Haiti","Gross national savings, Percent of GDP","Annual","1982","10.843237",""
"Haiti","Gross national savings, Percent of GDP","Annual","1983","10.478442",""
"Haiti","Gross national savings, Percent of GDP","Annual","1984","10.619637",""
"Haiti","Gross national savings, Percent of GDP","Annual","1985","11.424725",""
"Haiti","Gross national savings, Percent of GDP","Annual","1986","10.946045",""
"Haiti","Gross national savings, Percent of GDP","Annual","1987","21.612705",""
"Haiti","Gross national savings, Percent of GDP","Annual","1988","31.237527",""
"Haiti","Gross national savings, Percent of GDP","Annual","1989","37.87566",""
"Haiti","Gross national savings, Percent of GDP","Annual","1990","30.672874",""
"Haiti","Gross national savings, Percent of GDP","Annual","1991","36.772717",""
"Haiti","Gross national savings, Percent of GDP","Annual","1992","43.783363",""
"Haiti","Gross national savings, Percent of GDP","Annual","1993","20.201438",""
"Haiti","Gross national savings, Percent of GDP","Annual","1994","7.077449",""
"Haiti","Gross national savings, Percent of GDP","Annual","1995","7.137034",""
"Haiti","Gross national savings, Percent of GDP","Annual","1996","7.764315",""
"Haiti","Gross national savings, Percent of GDP","Annual","1997","6.883037",""
"Haiti","Gross national savings, Percent of GDP","Annual","1998","8.624903",""
"Haiti","Gross national savings, Percent of GDP","Annual","1999","7.872545",""
"Haiti","Gross national savings, Percent of GDP","Annual","2000","6.918816",""
"Haiti","Gross national savings, Percent of GDP","Annual","2001","6.187393",""
"Haiti","Gross national savings, Percent of GDP","Annual","2002","6.831577",""
"Haiti","Gross national savings, Percent of GDP","Annual","2003","11.552336",""
"Haiti","Gross national savings, Percent of GDP","Annual","2004","9.74745",""
"Haiti","Gross national savings, Percent of GDP","Annual","2005","11.844877",""
"Haiti","Gross national savings, Percent of GDP","Annual","2006","11.846278",""
"Haiti","Gross national savings, Percent of GDP","Annual","2007","11.126763",""
"Haiti","Gross national savings, Percent of GDP","Annual","2008","11.099789",""
"Haiti","Gross national savings, Percent of GDP","Annual","2009","11.553483",""
"Haiti","Gross national savings, Percent of GDP","Annual","2010","24.129611",""
"Haiti","Gross national savings, Percent of GDP","Annual","2011","16.586916",""
"Haiti","Gross national savings, Percent of GDP","Annual","2012","14.364135",""
"Haiti","Gross national savings, Percent of GDP","Annual","2013","13.740993",""
"Haiti","Gross national savings, Percent of GDP","Annual","2014","11.561684",""
"Haiti","Gross national savings, Percent of GDP","Annual","2015","12.22661",""
"Haiti","Gross national savings, Percent of GDP","Annual","2016","15.235425",""
"Haiti","Gross national savings, Percent of GDP","Annual","2017","18.051748",""
"Haiti","Gross national savings, Percent of GDP","Annual","2018","15.828403",""
"Haiti","Gross national savings, Percent of GDP","Annual","2019","19.182041",""
"Haiti","Gross national savings, Percent of GDP","Annual","2020","18.058387",""
"Haiti","Gross national savings, Percent of GDP","Annual","2021","18.465124",""
"Haiti","Gross national savings, Percent of GDP","Annual","2022","13.380805",""
"Haiti","Gross national savings, Percent of GDP","Annual","2023","10.371813",""
"Haiti","Gross national savings, Percent of GDP","Annual","2024","9.36532",""
"Haiti","Gross national savings, Percent of GDP","Annual","2025","13.933941",""
"Haiti","Gross national savings, Percent of GDP","Annual","2026","14.394173",""
"Panama","Gross national savings, Percent of GDP","Annual","1980","15.648","Units"
"Panama","Gross national savings, Percent of GDP","Annual","1981","17.519","Units"
"Panama","Gross national savings, Percent of GDP","Annual","1982","15.585","Units"
"Panama","Gross national savings, Percent of GDP","Annual","1983","16.615","Units"
"Panama","Gross national savings, Percent of GDP","Annual","1984","11.530","Units"
"Panama","Gross national savings, Percent of GDP","Annual","1985","13.724","Units"
"Panama","Gross national savings, Percent of GDP","Annual","1986","17.340","Units"
"Panama","Gross national savings, Percent of GDP","Annual","1987","19.666","Units"
"Panama","Gross national savings, Percent of GDP","Annual","1988","11.465","Units"
"Panama","Gross national savings, Percent of GDP","Annual","1989","3.868","Units"
"Panama","Gross national savings, Percent of GDP","Annual","1990","13.508","Units"
"Panama","Gross national savings, Percent of GDP","Annual","1991","11.706","Units"
"Panama","Gross national savings, Percent of GDP","Annual","1992","15.631","Units"
"Panama","Gross national savings, Percent of GDP","Annual","1993","22.255","Units"
"Panama","Gross national savings, Percent of GDP","Annual","1994","24.460","Units"
"Panama","Gross national savings, Percent of GDP","Annual","1995","23.133","Units"
"Panama","Gross national savings, Percent of GDP","Annual","1996","22.775","Units"
"Panama","Gross national savings, Percent of GDP","Annual","1997","26.420","Units"
"Panama","Gross national savings, Percent of GDP","Annual","1998","21.116","Units"
"Panama","Gross national savings, Percent of GDP","Annual","1999","18.190","Units"
"Panama","Gross national savings, Percent of GDP","Annual","2000","17.683","Units"
"Panama","Gross national savings, Percent of GDP","Annual","2001","15.606","Units"
"Panama","Gross national savings, Percent of GDP","Annual","2002","14.354","Units"
"Panama","Gross national savings, Percent of GDP","Annual","2003","13.730","Units"
"Panama","Gross national savings, Percent of GDP","Annual","2004","10.462","Units"
"Panama","Gross national savings, Percent of GDP","Annual","2005","12.435","Units"
"Panama","Gross national savings, Percent of GDP","Annual","2006","14.958","Units"
"Panama","Gross national savings, Percent of GDP","Annual","2007","29.955","Units"
"Panama","Gross national savings, Percent of GDP","Annual","2008","32.498","Units"
"Panama","Gross national savings, Percent of GDP","Annual","2009","30.093","Units"
"Panama","Gross national savings, Percent of GDP","Annual","2010","27.016","Units"
"Panama","Gross national savings, Percent of GDP","Annual","2011","24.960","Units"
"Panama","Gross national savings, Percent of GDP","Annual","2012","33.524","Units"
"Panama","Gross national savings, Percent of GDP","Annual","2013","34.372","Units"
"Panama","Gross national savings, Percent of GDP","Annual","2014","30.591","Units"
"Panama","Gross national savings, Percent of GDP","Annual","2015","33.572","Units"
"Panama","Gross national savings, Percent of GDP","Annual","2016","32.719","Units"
"Panama","Gross national savings, Percent of GDP","Annual","2017","35.662","Units"
"Panama","Gross national savings, Percent of GDP","Annual","2018","33.315","Units"
"Panama","Gross national savings, Percent of GDP","Annual","2019","32.923","Units"
"Panama","Gross national savings, Percent of GDP","Annual","2020","24.170","Units"
"Panama","Gross national savings, Percent of GDP","Annual","2021","30.085","Units"
"Panama","Gross national savings, Percent of GDP","Annual","2022","35.893","Units"
"Panama","Gross national savings, Percent of GDP","Annual","2023","34.413","Units"
"Panama","Gross national savings, Percent of GDP","Annual","2024","34.191","Units"
"Panama","Gross national savings, Percent of GDP","Annual","2025","33.898","Units"
"Panama","Gross national savings, Percent of GDP","Annual","2026","34.726","Units"
"Paraguay","Gross national savings, Percent of GDP","Annual","1980","22.018","Units"
"Paraguay","Gross national savings, Percent of GDP","Annual","1981","21.676","Units"
"Paraguay","Gross national savings, Percent of GDP","Annual","1982","18.775","Units"
"Paraguay","Gross national savings, Percent of GDP","Annual","1983","17.357","Units"
"Paraguay","Gross national savings, Percent of GDP","Annual","1984","16.495","Units"
"Paraguay","Gross national savings, Percent of GDP","Annual","1985","16.012","Units"
"Paraguay","Gross national savings, Percent of GDP","Annual","1986","17.772","Units"
"Paraguay","Gross national savings, Percent of GDP","Annual","1987","13.441","Units"
"Paraguay","Gross national savings, Percent of GDP","Annual","1988","20.601","Units"
"Paraguay","Gross national savings, Percent of GDP","Annual","1989","30.535","Units"
"Paraguay","Gross national savings, Percent of GDP","Annual","1990","30.622","Units"
"Paraguay","Gross national savings, Percent of GDP","Annual","1991","20.327","Units"
"Paraguay","Gross national savings, Percent of GDP","Annual","1992","17.693","Units"
"Paraguay","Gross national savings, Percent of GDP","Annual","1993","20.484","Units"
"Paraguay","Gross national savings, Percent of GDP","Annual","1994","20.931","Units"
"Paraguay","Gross national savings, Percent of GDP","Annual","1995","19.622","Units"
"Paraguay","Gross national savings, Percent of GDP","Annual","1996","21.422","Units"
"Paraguay","Gross national savings, Percent of GDP","Annual","1997","17.412","Units"
"Paraguay","Gross national savings, Percent of GDP","Annual","1998","21.537","Units"
"Paraguay","Gross national savings, Percent of GDP","Annual","1999","20.540","Units"
"Paraguay","Gross national savings, Percent of GDP","Annual","2000","14.549","Units"
"Paraguay","Gross national savings, Percent of GDP","Annual","2001","17.592","Units"
"Paraguay","Gross national savings, Percent of GDP","Annual","2002","26.713","Units"
"Paraguay","Gross national savings, Percent of GDP","Annual","2003","20.848","Units"
"Paraguay","Gross national savings, Percent of GDP","Annual","2004","19.966","Units"
"Paraguay","Gross national savings, Percent of GDP","Annual","2005","20.274","Units"
"Paraguay","Gross national savings, Percent of GDP","Annual","2006","23.195","Units"
"Paraguay","Gross national savings, Percent of GDP","Annual","2007","25.687","Units"
"Paraguay","Gross national savings, Percent of GDP","Annual","2008","22.623","Units"
"Paraguay","Gross national savings, Percent of GDP","Annual","2009","20.691","Units"
"Paraguay","Gross national savings, Percent of GDP","Annual","2010","22.696","Units"
"Paraguay","Gross national savings, Percent of GDP","Annual","2011","23.928","Units"
"Paraguay","Gross national savings, Percent of GDP","Annual","2012","19.380","Units"
"Paraguay","Gross national savings, Percent of GDP","Annual","2013","22.848","Units"
"Paraguay","Gross national savings, Percent of GDP","Annual","2014","21.872","Units"
"Paraguay","Gross national savings, Percent of GDP","Annual","2015","21.661","Units"
"Paraguay","Gross national savings, Percent of GDP","Annual","2016","24.395","Units"
"Paraguay","Gross national savings, Percent of GDP","Annual","2017","24.277","Units"
"Paraguay","Gross national savings, Percent of GDP","Annual","2018","23.013","Units"
"Paraguay","Gross national savings, Percent of GDP","Annual","2019","21.523","Units"
"Paraguay","Gross national savings, Percent of GDP","Annual","2020","22.428","Units"
"Paraguay","Gross national savings, Percent of GDP","Annual","2021","23.397","Units"
"Paraguay","Gross national savings, Percent of GDP","Annual","2022","21.309","Units"
"Paraguay","Gross national savings, Percent of GDP","Annual","2023","20.410","Units"
"Paraguay","Gross national savings, Percent of GDP","Annual","2024","19.708","Units"
"Paraguay","Gross national savings, Percent of GDP","Annual","2025","21.955","Units"
"Paraguay","Gross national savings, Percent of GDP","Annual","2026","23.861","Units"
"Uruguay","Gross national savings, Percent of GDP","Annual","1980","8.602","Units"
"Uruguay","Gross national savings, Percent of GDP","Annual","1981","9.286","Units"
"Uruguay","Gross national savings, Percent of GDP","Annual","1982","12.264","Units"
"Uruguay","Gross national savings, Percent of GDP","Annual","1983","8.729","Units"
"Uruguay","Gross national savings, Percent of GDP","Annual","1984","7.591","Units"
"Uruguay","Gross national savings, Percent of GDP","Annual","1985","7.529","Units"
"Uruguay","Gross national savings, Percent of GDP","Annual","1986","10.311","Units"
"Uruguay","Gross national savings, Percent of GDP","Annual","1987","10.423","Units"
"Uruguay","Gross national savings, Percent of GDP","Annual","1988","11.212","Units"
"Uruguay","Gross national savings, Percent of GDP","Annual","1989","10.601","Units"
"Uruguay","Gross national savings, Percent of GDP","Annual","1990","11.786","Units"
"Uruguay","Gross national savings, Percent of GDP","Annual","1991","12.868","Units"
"Uruguay","Gross national savings, Percent of GDP","Annual","1992","12.023","Units"
"Uruguay","Gross national savings, Percent of GDP","Annual","1993","11.633","Units"
"Uruguay","Gross national savings, Percent of GDP","Annual","1994","11.091","Units"
"Uruguay","Gross national savings, Percent of GDP","Annual","1995","11.874","Units"
"Uruguay","Gross national savings, Percent of GDP","Annual","1996","11.705","Units"
"Uruguay","Gross national savings, Percent of GDP","Annual","1997","18.474","Units"
"Uruguay","Gross national savings, Percent of GDP","Annual","1998","19.131","Units"
"Uruguay","Gross national savings, Percent of GDP","Annual","1999","17.109","Units"
"Uruguay","Gross national savings, Percent of GDP","Annual","2000","16.258","Units"
"Uruguay","Gross national savings, Percent of GDP","Annual","2001","15.999","Units"
"Uruguay","Gross national savings, Percent of GDP","Annual","2002","13.589","Units"
"Uruguay","Gross national savings, Percent of GDP","Annual","2003","14.157","Units"
"Uruguay","Gross national savings, Percent of GDP","Annual","2004","15.676","Units"
"Uruguay","Gross national savings, Percent of GDP","Annual","2005","16.322","Units"
"Uruguay","Gross national savings, Percent of GDP","Annual","2006","18.435","Units"
"Uruguay","Gross national savings, Percent of GDP","Annual","2007","18.611","Units"
"Uruguay","Gross national savings, Percent of GDP","Annual","2008","22.296","Units"
"Uruguay","Gross national savings, Percent of GDP","Annual","2009","18.493","Units"
"Uruguay","Gross national savings, Percent of GDP","Annual","2010","18.443","Units"
"Uruguay","Gross national savings, Percent of GDP","Annual","2011","19.993","Units"
"Uruguay","Gross national savings, Percent of GDP","Annual","2012","18.671","Units"
"Uruguay","Gross national savings, Percent of GDP","Annual","2013","19.074","Units"
"Uruguay","Gross national savings, Percent of GDP","Annual","2014","17.934","Units"
"Uruguay","Gross national savings, Percent of GDP","Annual","2015","19.139","Units"
"Uruguay","Gross national savings, Percent of GDP","Annual","2016","18.213","Units"
"Uruguay","Gross national savings, Percent of GDP","Annual","2017","15.935","Units"
"Uruguay","Gross national savings, Percent of GDP","Annual","2018","14.394","Units"
"Uruguay","Gross national savings, Percent of GDP","Annual","2019","15.411","Units"
"Uruguay","Gross national savings, Percent of GDP","Annual","2020","15.592","Units"
"Uruguay","Gross national savings, Percent of GDP","Annual","2021","15.763","Units"
"Uruguay","Gross national savings, Percent of GDP","Annual","2022","15.088","Units"
"Uruguay","Gross national savings, Percent of GDP","Annual","2023","14.659","Units"
"Uruguay","Gross national savings, Percent of GDP","Annual","2024","15.151","Units"
"Uruguay","Gross national savings, Percent of GDP","Annual","2025","15.657","Units"
"Uruguay","Gross national savings, Percent of GDP","Annual","2026","14.974","Units"
"Peru","Gross national savings, Percent of GDP","Annual","1980","30.540","Units"
"Peru","Gross national savings, Percent of GDP","Annual","1981","29.012","Units"
"Peru","Gross national savings, Percent of GDP","Annual","1982","31.011","Units"
"Peru","Gross national savings, Percent of GDP","Annual","1983","23.558","Units"
"Peru","Gross national savings, Percent of GDP","Annual","1984","25.141","Units"
"Peru","Gross national savings, Percent of GDP","Annual","1985","24.057","Units"
"Peru","Gross national savings, Percent of GDP","Annual","1986","19.941","Units"
"Peru","Gross national savings, Percent of GDP","Annual","1987","20.654","Units"
"Peru","Gross national savings, Percent of GDP","Annual","1988","23.135","Units"
"Peru","Gross national savings, Percent of GDP","Annual","1989","21.818","Units"
"Peru","Gross national savings, Percent of GDP","Annual","1990","15.859","Units"
"Peru","Gross national savings, Percent of GDP","Annual","1991","13.662","Units"
"Peru","Gross national savings, Percent of GDP","Annual","1992","10.478","Units"
"Peru","Gross national savings, Percent of GDP","Annual","1993","10.400","Units"
"Peru","Gross national savings, Percent of GDP","Annual","1994","12.840","Units"
"Peru","Gross national savings, Percent of GDP","Annual","1995","12.669","Units"
"Peru","Gross national savings, Percent of GDP","Annual","1996","12.884","Units"
"Peru","Gross national savings, Percent of GDP","Annual","1997","15.129","Units"
"Peru","Gross national savings, Percent of GDP","Annual","1998","14.606","Units"
"Peru","Gross national savings, Percent of GDP","Annual","1999","15.336","Units"
"Peru","Gross national savings, Percent of GDP","Annual","2000","14.375","Units"
"Peru","Gross national savings, Percent of GDP","Annual","2001","14.155","Units"
"Peru","Gross national savings, Percent of GDP","Annual","2002","14.650","Units"
"Peru","Gross national savings, Percent of GDP","Annual","2003","15.635","Units"
"Peru","Gross national savings, Percent of GDP","Annual","2004","16.215","Units"
"Peru","Gross national savings, Percent of GDP","Annual","2005","16.952","Units"
"Peru","Gross national savings, Percent of GDP","Annual","2006","22.121","Units"
"Peru","Gross national savings, Percent of GDP","Annual","2007","23.753","Units"
"Peru","Gross national savings, Percent of GDP","Annual","2008","22.389","Units"
"Peru","Gross national savings, Percent of GDP","Annual","2009","20.372","Units"
"Peru","Gross national savings, Percent of GDP","Annual","2010","22.301","Units"
"Peru","Gross national savings, Percent of GDP","Annual","2011","22.009","Units"
"Peru","Gross national savings, Percent of GDP","Annual","2012","21.179","Units"
"Peru","Gross national savings, Percent of GDP","Annual","2013","20.787","Units"
"Peru","Gross national savings, Percent of GDP","Annual","2014","20.384","Units"
"Peru","Gross national savings, Percent of GDP","Annual","2015","19.659","Units"
"Peru","Gross national savings, Percent of GDP","Annual","2016","20.543","Units"
"Peru","Gross national savings, Percent of GDP","Annual","2017","20.411","Units"
"Peru","Gross national savings, Percent of GDP","Annual","2018","20.520","Units"
"Peru","Gross national savings, Percent of GDP","Annual","2019","20.636","Units"
"Peru","Gross national savings, Percent of GDP","Annual","2020","20.365","Units"
"Peru","Gross national savings, Percent of GDP","Annual","2021","19.748","Units"
"Peru","Gross national savings, Percent of GDP","Annual","2022","17.938","Units"
"Peru","Gross national savings, Percent of GDP","Annual","2023","19.625","Units"
"Peru","Gross national savings, Percent of GDP","Annual","2024","21.866","Units"
"Peru","Gross national savings, Percent of GDP","Annual","2025","23.365","Units"
"Peru","Gross national savings, Percent of GDP","Annual","2026","23.774","Units"
"Venezuela, República Bolivariana de","Gross national savings, Percent of GDP","Annual","1980","32.353","Units"
"Venezuela, República Bolivariana de","Gross national savings, Percent of GDP","Annual","1981","28.779","Units"
"Venezuela, República Bolivariana de","Gross national savings, Percent of GDP","Annual","1982","21.054","Units"
"Venezuela, República Bolivariana de","Gross national savings, Percent of GDP","Annual","1983","17.829","Units"
"Venezuela, República Bolivariana de","Gross national savings, Percent of GDP","Annual","1984","27.583","Units"
"Venezuela, República Bolivariana de","Gross national savings, Percent of GDP","Annual","1985","25.860","Units"
"Venezuela, República Bolivariana de","Gross national savings, Percent of GDP","Annual","1986","18.653","Units"
"Venezuela, República Bolivariana de","Gross national savings, Percent of GDP","Annual","1987","25.497","Units"
"Venezuela, República Bolivariana de","Gross national savings, Percent of GDP","Annual","1988","20.139","Units"
"Venezuela, República Bolivariana de","Gross national savings, Percent of GDP","Annual","1989","21.124","Units"
"Venezuela, República Bolivariana de","Gross national savings, Percent of GDP","Annual","1990","25.935","Units"
"Venezuela, República Bolivariana de","Gross national savings, Percent of GDP","Annual","1991","21.264","Units"
"Venezuela, República Bolivariana de","Gross national savings, Percent of GDP","Annual","1992","17.543","Units"
"Venezuela, República Bolivariana de","Gross national savings, Percent of GDP","Annual","1993","15.001","Units"
"Venezuela, República Bolivariana de","Gross national savings, Percent of GDP","Annual","1994","18.511","Units"
"Venezuela, República Bolivariana de","Gross national savings, Percent of GDP","Annual","1995","20.721","Units"
"Venezuela, República Bolivariana de","Gross national savings, Percent of GDP","Annual","1996","29.253","Units"
"Venezuela, República Bolivariana de","Gross national savings, Percent of GDP","Annual","1997","32.029","Units"
"Venezuela, República Bolivariana de","Gross national savings, Percent of GDP","Annual","1998","25.834","Units"
"Venezuela, República Bolivariana de","Gross national savings, Percent of GDP","Annual","1999","28.683","Units"
"Venezuela, República Bolivariana de","Gross national savings, Percent of GDP","Annual","2000","34.250","Units"
"Venezuela, República Bolivariana de","Gross national savings, Percent of GDP","Annual","2001","29.135","Units"
"Venezuela, República Bolivariana de","Gross national savings, Percent of GDP","Annual","2002","29.136","Units"
"Venezuela, República Bolivariana de","Gross national savings, Percent of GDP","Annual","2003","29.313","Units"
"Venezuela, República Bolivariana de","Gross national savings, Percent of GDP","Annual","2004","35.623","Units"
"Venezuela, República Bolivariana de","Gross national savings, Percent of GDP","Annual","2005","40.753","Units"
"Venezuela, República Bolivariana de","Gross national savings, Percent of GDP","Annual","2006","41.745","Units"
"Venezuela, República Bolivariana de","Gross national savings, Percent of GDP","Annual","2007","36.122","Units"
"Venezuela, República Bolivariana de","Gross national savings, Percent of GDP","Annual","2008","37.028","Units"
"Venezuela, República Bolivariana de","Gross national savings, Percent of GDP","Annual","2009","25.957","Units"
"Venezuela, República Bolivariana de","Gross national savings, Percent of GDP","Annual","2010","23.726","Units"
"Venezuela, República Bolivariana de","Gross national savings, Percent of GDP","Annual","2011","28.236","Units"
"Venezuela, República Bolivariana de","Gross national savings, Percent of GDP","Annual","2012","24.497","Units"
"Venezuela, República Bolivariana de","Gross national savings, Percent of GDP","Annual","2013","33.474","Units"
"Venezuela, República Bolivariana de","Gross national savings, Percent of GDP","Annual","2014","22.027","Units"
"Venezuela, República Bolivariana de","Gross national savings, Percent of GDP","Annual","2015","6.635","Units"
"Venezuela, República Bolivariana de","Gross national savings, Percent of GDP","Annual","2016","6.818","Units"
"Venezuela, República Bolivariana de","Gross national savings, Percent of GDP","Annual","2017","12.624","Units"
"Antigua and Barbuda","Gross national savings, Percent of GDP","Annual","2014","5.122","Units"
"Antigua and Barbuda","Gross national savings, Percent of GDP","Annual","2015","9.210","Units"
"Antigua and Barbuda","Gross national savings, Percent of GDP","Annual","2016","11.634","Units"
"Antigua and Barbuda","Gross national savings, Percent of GDP","Annual","2017","18.235","Units"
"Antigua and Barbuda","Gross national savings, Percent of GDP","Annual","2018","24.256","Units"
"Antigua and Barbuda","Gross national savings, Percent of GDP","Annual","2019","29.948","Units"
"Antigua and Barbuda","Gross national savings, Percent of GDP","Annual","2020","22.434","Units"
"Antigua and Barbuda","Gross national savings, Percent of GDP","Annual","2021","28.412","Units"
"Antigua and Barbuda","Gross national savings, Percent of GDP","Annual","2022","25.165","Units"
"Antigua and Barbuda","Gross national savings, Percent of GDP","Annual","2023","23.833","Units"
"Antigua and Barbuda","Gross national savings, Percent of GDP","Annual","2024","25.941","Units"
"Antigua and Barbuda","Gross national savings, Percent of GDP","Annual","2025","24.407","Units"
"Antigua and Barbuda","Gross national savings, Percent of GDP","Annual","2026","24.464","Units"
"Aruba, Kingdom of the Netherlands","Gross national savings, Percent of GDP","Annual","1995","29.560","Units"
"Aruba, Kingdom of the Netherlands","Gross national savings, Percent of GDP","Annual","1996","26.397","Units"
"Aruba, Kingdom of the Netherlands","Gross national savings, Percent of GDP","Annual","1997","26.537","Units"
"Aruba, Kingdom of the Netherlands","Gross national savings, Percent of GDP","Annual","1998","27.714","Units"
"Aruba, Kingdom of the Netherlands","Gross national savings, Percent of GDP","Annual","1999","26.185","Units"
"Aruba, Kingdom of the Netherlands","Gross national savings, Percent of GDP","Annual","2000","29.193","Units"
"Aruba, Kingdom of the Netherlands","Gross national savings, Percent of GDP","Annual","2001","25.602","Units"
"Aruba, Kingdom of the Netherlands","Gross national savings, Percent of GDP","Annual","2002","22.528","Units"
"Aruba, Kingdom of the Netherlands","Gross national savings, Percent of GDP","Annual","2003","21.550","Units"
"Aruba, Kingdom of the Netherlands","Gross national savings, Percent of GDP","Annual","2004","25.352","Units"
"Aruba, Kingdom of the Netherlands","Gross national savings, Percent of GDP","Annual","2005","24.261","Units"
"Aruba, Kingdom of the Netherlands","Gross national savings, Percent of GDP","Annual","2006","22.665","Units"
"Aruba, Kingdom of the Netherlands","Gross national savings, Percent of GDP","Annual","2007","21.897","Units"
"Aruba, Kingdom of the Netherlands","Gross national savings, Percent of GDP","Annual","2008","24.051","Units"
"Aruba, Kingdom of the Netherlands","Gross national savings, Percent of GDP","Annual","2009","17.923","Units"
"Aruba, Kingdom of the Netherlands","Gross national savings, Percent of GDP","Annual","2010","13.255","Units"
"Aruba, Kingdom of the Netherlands","Gross national savings, Percent of GDP","Annual","2011","12.481","Units"
"Aruba, Kingdom of the Netherlands","Gross national savings, Percent of GDP","Annual","2012","13.084","Units"
"Aruba, Kingdom of the Netherlands","Gross national savings, Percent of GDP","Annual","2013","15.247","Units"
"Aruba, Kingdom of the Netherlands","Gross national savings, Percent of GDP","Annual","2014","17.530","Units"
"Aruba, Kingdom of the Netherlands","Gross national savings, Percent of GDP","Annual","2015","21.689","Units"
"Aruba, Kingdom of the Netherlands","Gross national savings, Percent of GDP","Annual","2016","21.621","Units"
"Aruba, Kingdom of the Netherlands","Gross national savings, Percent of GDP","Annual","2017","21.108","Units"
"Aruba, Kingdom of the Netherlands","Gross national savings, Percent of GDP","Annual","2018","20.394","Units"
"Aruba, Kingdom of the Netherlands","Gross national savings, Percent of GDP","Annual","2019","18.097","Units"
"Aruba, Kingdom of the Netherlands","Gross national savings, Percent of GDP","Annual","2020","8.379","Units"
"Aruba, Kingdom of the Netherlands","Gross national savings, Percent of GDP","Annual","2021","15.367","Units"
"Aruba, Kingdom of the Netherlands","Gross national savings, Percent of GDP","Annual","2022","20.787","Units"
"Aruba, Kingdom of the Netherlands","Gross national savings, Percent of GDP","Annual","2023","28.232","Units"
"Aruba, Kingdom of the Netherlands","Gross national savings, Percent of GDP","Annual","2024","32.302","Units"
"Aruba, Kingdom of the Netherlands","Gross national savings, Percent of GDP","Annual","2025","31.764","Units"
"Aruba, Kingdom of the Netherlands","Gross national savings, Percent of GDP","Annual","2026","30.871","Units"
"Bahamas, The","Gross national savings, Percent of GDP","Annual","1980","13.405","Units"
"Bahamas, The","Gross national savings, Percent of GDP","Annual","1981","10.940","Units"
"Bahamas, The","Gross national savings, Percent of GDP","Annual","1982","11.839","Units"
"Bahamas, The","Gross national savings, Percent of GDP","Annual","1983","12.837","Units"
"Bahamas, The","Gross national savings, Percent of GDP","Annual","1984","12.661","Units"
"Bahamas, The","Gross national savings, Percent of GDP","Annual","1985","12.978","Units"
"Bahamas, The","Gross national savings, Percent of GDP","Annual","1986","13.368","Units"
"Bahamas, The","Gross national savings, Percent of GDP","Annual","1987","9.937","Units"
"Bahamas, The","Gross national savings, Percent of GDP","Annual","1988","9.737","Units"
"Bahamas, The","Gross national savings, Percent of GDP","Annual","1989","13.388","Units"
"Bahamas, The","Gross national savings, Percent of GDP","Annual","1990","14.746","Units"
"Bahamas, The","Gross national savings, Percent of GDP","Annual","1991","12.079","Units"
"Bahamas, The","Gross national savings, Percent of GDP","Annual","1992","13.142","Units"
"Bahamas, The","Gross national savings, Percent of GDP","Annual","1993","12.401","Units"
"Bahamas, The","Gross national savings, Percent of GDP","Annual","1994","12.006","Units"
"Bahamas, The","Gross national savings, Percent of GDP","Annual","1995","10.954","Units"
"Bahamas, The","Gross national savings, Percent of GDP","Annual","1996","9.736","Units"
"Bahamas, The","Gross national savings, Percent of GDP","Annual","1997","23.722","Units"
"Bahamas, The","Gross national savings, Percent of GDP","Annual","1998","22.025","Units"
"Bahamas, The","Gross national savings, Percent of GDP","Annual","1999","30.111","Units"
"Bahamas, The","Gross national savings, Percent of GDP","Annual","2000","28.670","Units"
"Bahamas, The","Gross national savings, Percent of GDP","Annual","2001","23.038","Units"
"Bahamas, The","Gross national savings, Percent of GDP","Annual","2002","24.293","Units"
"Bahamas, The","Gross national savings, Percent of GDP","Annual","2003","24.100","Units"
"Bahamas, The","Gross national savings, Percent of GDP","Annual","2004","24.798","Units"
"Bahamas, The","Gross national savings, Percent of GDP","Annual","2005","24.238","Units"
"Bahamas, The","Gross national savings, Percent of GDP","Annual","2006","23.375","Units"
"Bahamas, The","Gross national savings, Percent of GDP","Annual","2007","21.524","Units"
"Bahamas, The","Gross national savings, Percent of GDP","Annual","2008","21.174","Units"
"Bahamas, The","Gross national savings, Percent of GDP","Annual","2009","19.959","Units"
"Bahamas, The","Gross national savings, Percent of GDP","Annual","2010","20.102","Units"
"Bahamas, The","Gross national savings, Percent of GDP","Annual","2011","19.248","Units"
"Bahamas, The","Gross national savings, Percent of GDP","Annual","2012","17.053","Units"
"Bahamas, The","Gross national savings, Percent of GDP","Annual","2013","14.156","Units"
"Bahamas, The","Gross national savings, Percent of GDP","Annual","2014","10.499","Units"
"Bahamas, The","Gross national savings, Percent of GDP","Annual","2015","10.480","Units"
"Bahamas, The","Gross national savings, Percent of GDP","Annual","2016","13.976","Units"
"Bahamas, The","Gross national savings, Percent of GDP","Annual","2017","13.366","Units"
"Bahamas, The","Gross national savings, Percent of GDP","Annual","2018","14.953","Units"
"Bahamas, The","Gross national savings, Percent of GDP","Annual","2019","23.677","Units"
"Bahamas, The","Gross national savings, Percent of GDP","Annual","2020","-0.046","Units"
"Bahamas, The","Gross national savings, Percent of GDP","Annual","2021","5.742","Units"
"Bahamas, The","Gross national savings, Percent of GDP","Annual","2022","17.488","Units"
"Bahamas, The","Gross national savings, Percent of GDP","Annual","2023","17.418","Units"
"Bahamas, The","Gross national savings, Percent of GDP","Annual","2024","18.848","Units"
"Bahamas, The","Gross national savings, Percent of GDP","Annual","2025","16.263","Units"
"Bahamas, The","Gross national savings, Percent of GDP","Annual","2026","17.326","Units"
"Jamaica","Gross national savings, Percent of GDP","Annual","1980","10.869697",""
"Jamaica","Gross national savings, Percent of GDP","Annual","1981","8.374168",""
"Jamaica","Gross national savings, Percent of GDP","Annual","1982","8.132856",""
"Jamaica","Gross national savings, Percent of GDP","Annual","1983","13.832503",""
"Jamaica","Gross national savings, Percent of GDP","Annual","1984","16.195793",""
"Jamaica","Gross national savings, Percent of GDP","Annual","1985","16.018977",""
"Jamaica","Gross national savings, Percent of GDP","Annual","1986","17.416401",""
"Jamaica","Gross national savings, Percent of GDP","Annual","1987","18.862411",""
"Jamaica","Gross national savings, Percent of GDP","Annual","1988","22.298856",""
"Jamaica","Gross national savings, Percent of GDP","Annual","1989","20.206073",""
"Jamaica","Gross national savings, Percent of GDP","Annual","1990","26.2347",""
"Jamaica","Gross national savings, Percent of GDP","Annual","1991","29.132111",""
"Jamaica","Gross national savings, Percent of GDP","Annual","1992","27.562853",""
"Jamaica","Gross national savings, Percent of GDP","Annual","1993","26.520125",""
"Jamaica","Gross national savings, Percent of GDP","Annual","1994","26.638294",""
"Jamaica","Gross national savings, Percent of GDP","Annual","1995","24.276729",""
"Jamaica","Gross national savings, Percent of GDP","Annual","1996","24.408312",""
"Jamaica","Gross national savings, Percent of GDP","Annual","1997","22.295365",""
"Jamaica","Gross national savings, Percent of GDP","Annual","1998","19.280939",""
"Jamaica","Gross national savings, Percent of GDP","Annual","1999","19.2151",""
"Jamaica","Gross national savings, Percent of GDP","Annual","2000","17.261896",""
"Jamaica","Gross national savings, Percent of GDP","Annual","2001","17.850702",""
"Jamaica","Gross national savings, Percent of GDP","Annual","2002","16.2716",""
"Jamaica","Gross national savings, Percent of GDP","Annual","2003","18.24208",""
"Jamaica","Gross national savings, Percent of GDP","Annual","2004","21.298639",""
"Jamaica","Gross national savings, Percent of GDP","Annual","2005","15.452963",""
"Jamaica","Gross national savings, Percent of GDP","Annual","2006","17.922047",""
"Jamaica","Gross national savings, Percent of GDP","Annual","2007","15.918718",""
"Jamaica","Gross national savings, Percent of GDP","Annual","2008","6.276692",""
"Jamaica","Gross national savings, Percent of GDP","Annual","2009","13.31982",""
"Jamaica","Gross national savings, Percent of GDP","Annual","2010","13.792627",""
"Jamaica","Gross national savings, Percent of GDP","Annual","2011","8.777521",""
"Jamaica","Gross national savings, Percent of GDP","Annual","2012","11.293762",""
"Jamaica","Gross national savings, Percent of GDP","Annual","2013","12.490614",""
"Jamaica","Gross national savings, Percent of GDP","Annual","2014","14.509848",""
"Jamaica","Gross national savings, Percent of GDP","Annual","2015","18.112018",""
"Jamaica","Gross national savings, Percent of GDP","Annual","2016","21.063433",""
"Jamaica","Gross national savings, Percent of GDP","Annual","2017","21.493015",""
"Jamaica","Gross national savings, Percent of GDP","Annual","2018","22.182157",""
"Jamaica","Gross national savings, Percent of GDP","Annual","2019","22.769782",""
"Jamaica","Gross national savings, Percent of GDP","Annual","2020","18.555941",""
"Jamaica","Gross national savings, Percent of GDP","Annual","2021","19.24932",""
"Jamaica","Gross national savings, Percent of GDP","Annual","2022","23.370694",""
"Jamaica","Gross national savings, Percent of GDP","Annual","2023","27.331159",""
"Jamaica","Gross national savings, Percent of GDP","Annual","2024","23.762698",""
"Jamaica","Gross national savings, Percent of GDP","Annual","2025","19.216143",""
"Jamaica","Gross national savings, Percent of GDP","Annual","2026","14.92599",""
"Belize","Gross national savings, Percent of GDP","Annual","1980","18.662","Units"
"Belize","Gross national savings, Percent of GDP","Annual","1981","19.133","Units"
"Belize","Gross national savings, Percent of GDP","Annual","1982","8.324","Units"
"Belize","Gross national savings, Percent of GDP","Annual","1983","10.288","Units"
"Belize","Gross national savings, Percent of GDP","Annual","1984","15.275","Units"
"Belize","Gross national savings, Percent of GDP","Annual","1985","26.008","Units"
"Belize","Gross national savings, Percent of GDP","Annual","1986","19.775","Units"
"Belize","Gross national savings, Percent of GDP","Annual","1987","22.322","Units"
"Belize","Gross national savings, Percent of GDP","Annual","1988","20.245","Units"
"Belize","Gross national savings, Percent of GDP","Annual","1989","19.070","Units"
"Belize","Gross national savings, Percent of GDP","Annual","1990","27.041","Units"
"Belize","Gross national savings, Percent of GDP","Annual","1991","21.576","Units"
"Belize","Gross national savings, Percent of GDP","Annual","1992","23.349","Units"
"Belize","Gross national savings, Percent of GDP","Annual","1993","23.318","Units"
"Belize","Gross national savings, Percent of GDP","Annual","1994","20.284","Units"
"Belize","Gross national savings, Percent of GDP","Annual","1995","21.603","Units"
"Belize","Gross national savings, Percent of GDP","Annual","1996","20.375","Units"
"Belize","Gross national savings, Percent of GDP","Annual","1997","11.898","Units"
"Belize","Gross national savings, Percent of GDP","Annual","1998","10.987","Units"
"Belize","Gross national savings, Percent of GDP","Annual","1999","17.379","Units"
"Belize","Gross national savings, Percent of GDP","Annual","2000","18.873","Units"
"Belize","Gross national savings, Percent of GDP","Annual","2001","11.614","Units"
"Belize","Gross national savings, Percent of GDP","Annual","2002","8.840","Units"
"Belize","Gross national savings, Percent of GDP","Annual","2003","7.051","Units"
"Belize","Gross national savings, Percent of GDP","Annual","2004","9.479","Units"
"Belize","Gross national savings, Percent of GDP","Annual","2005","12.321","Units"
"Belize","Gross national savings, Percent of GDP","Annual","2006","19.441","Units"
"Belize","Gross national savings, Percent of GDP","Annual","2007","17.456","Units"
"Belize","Gross national savings, Percent of GDP","Annual","2008","12.804","Units"
"Belize","Gross national savings, Percent of GDP","Annual","2009","15.581","Units"
"Belize","Gross national savings, Percent of GDP","Annual","2010","12.332","Units"
"Belize","Gross national savings, Percent of GDP","Annual","2011","14.579","Units"
"Belize","Gross national savings, Percent of GDP","Annual","2012","13.007","Units"
"Belize","Gross national savings, Percent of GDP","Annual","2013","13.176","Units"
"Belize","Gross national savings, Percent of GDP","Annual","2014","10.716","Units"
"Belize","Gross national savings, Percent of GDP","Annual","2015","14.397","Units"
"Belize","Gross national savings, Percent of GDP","Annual","2016","15.493","Units"
"Belize","Gross national savings, Percent of GDP","Annual","2017","11.753","Units"
"Belize","Gross national savings, Percent of GDP","Annual","2018","9.530","Units"
"Belize","Gross national savings, Percent of GDP","Annual","2019","9.852","Units"
"Belize","Gross national savings, Percent of GDP","Annual","2020","19.953","Units"
"Belize","Gross national savings, Percent of GDP","Annual","2021","17.710","Units"
"Belize","Gross national savings, Percent of GDP","Annual","2022","14.149","Units"
"Belize","Gross national savings, Percent of GDP","Annual","2023","16.016","Units"
"Belize","Gross national savings, Percent of GDP","Annual","2024","16.380","Units"
"Belize","Gross national savings, Percent of GDP","Annual","2025","15.639","Units"
"Belize","Gross national savings, Percent of GDP","Annual","2026","14.657","Units"
"Dominica","Gross national savings, Percent of GDP","Annual","2000","2.025","Units"
"Dominica","Gross national savings, Percent of GDP","Annual","2001","0.616","Units"
"Dominica","Gross national savings, Percent of GDP","Annual","2002","-1.553","Units"
"Dominica","Gross national savings, Percent of GDP","Annual","2003","0.410","Units"
"Dominica","Gross national savings, Percent of GDP","Annual","2004","1.564","Units"
"Dominica","Gross national savings, Percent of GDP","Annual","2005","-0.795","Units"
"Dominica","Gross national savings, Percent of GDP","Annual","2006","6.403","Units"
"Dominica","Gross national savings, Percent of GDP","Annual","2007","-1.194","Units"
"Dominica","Gross national savings, Percent of GDP","Annual","2008","-7.249","Units"
"Dominica","Gross national savings, Percent of GDP","Annual","2009","-3.331","Units"
"Dominica","Gross national savings, Percent of GDP","Annual","2010","2.462","Units"
"Dominica","Gross national savings, Percent of GDP","Annual","2011","2.496","Units"
"Dominica","Gross national savings, Percent of GDP","Annual","2012","-2.124","Units"
"Dominica","Gross national savings, Percent of GDP","Annual","2013","4.012","Units"
"Dominica","Gross national savings, Percent of GDP","Annual","2014","8.170","Units"
"Dominica","Gross national savings, Percent of GDP","Annual","2015","9.471","Units"
"Dominica","Gross national savings, Percent of GDP","Annual","2016","11.779","Units"
"Dominica","Gross national savings, Percent of GDP","Annual","2017","18.023","Units"
"Dominica","Gross national savings, Percent of GDP","Annual","2018","-14.211","Units"
"Dominica","Gross national savings, Percent of GDP","Annual","2019","-14.661","Units"
"Dominica","Gross national savings, Percent of GDP","Annual","2020","-12.925","Units"
"Dominica","Gross national savings, Percent of GDP","Annual","2021","1.743","Units"
"Dominica","Gross national savings, Percent of GDP","Annual","2022","9.994","Units"
"Dominica","Gross national savings, Percent of GDP","Annual","2023","-2.606","Units"
"Dominica","Gross national savings, Percent of GDP","Annual","2024","2.393","Units"
"Dominica","Gross national savings, Percent of GDP","Annual","2025","-2.524","Units"
"Dominica","Gross national savings, Percent of GDP","Annual","2026","-7.170","Units"
"Barbados","Gross national savings, Percent of GDP","Annual","1980","16.686","Units"
"Barbados","Gross national savings, Percent of GDP","Annual","1981","11.132","Units"
"Barbados","Gross national savings, Percent of GDP","Annual","1982","14.401","Units"
"Barbados","Gross national savings, Percent of GDP","Annual","1983","11.738","Units"
"Barbados","Gross national savings, Percent of GDP","Annual","1984","13.449","Units"
"Barbados","Gross national savings, Percent of GDP","Annual","1985","12.359","Units"
"Barbados","Gross national savings, Percent of GDP","Annual","1986","11.563","Units"
"Barbados","Gross national savings, Percent of GDP","Annual","1987","9.623","Units"
"Barbados","Gross national savings, Percent of GDP","Annual","1988","13.815","Units"
"Barbados","Gross national savings, Percent of GDP","Annual","1989","14.827","Units"
"Barbados","Gross national savings, Percent of GDP","Annual","1990","13.008","Units"
"Barbados","Gross national savings, Percent of GDP","Annual","1991","11.047","Units"
"Barbados","Gross national savings, Percent of GDP","Annual","1992","13.807","Units"
"Barbados","Gross national savings, Percent of GDP","Annual","1993","12.426","Units"
"Barbados","Gross national savings, Percent of GDP","Annual","1994","16.132","Units"
"Barbados","Gross national savings, Percent of GDP","Annual","1995","16.084","Units"
"Barbados","Gross national savings, Percent of GDP","Annual","1996","16.845","Units"
"Barbados","Gross national savings, Percent of GDP","Annual","1997","16.022","Units"
"Barbados","Gross national savings, Percent of GDP","Annual","1998","18.363","Units"
"Barbados","Gross national savings, Percent of GDP","Annual","1999","17.471","Units"
"Barbados","Gross national savings, Percent of GDP","Annual","2000","16.806","Units"
"Barbados","Gross national savings, Percent of GDP","Annual","2001","14.079","Units"
"Barbados","Gross national savings, Percent of GDP","Annual","2002","14.920","Units"
"Barbados","Gross national savings, Percent of GDP","Annual","2003","17.397","Units"
"Barbados","Gross national savings, Percent of GDP","Annual","2004","12.181","Units"
"Barbados","Gross national savings, Percent of GDP","Annual","2005","11.915","Units"
"Barbados","Gross national savings, Percent of GDP","Annual","2006","12.275","Units"
"Barbados","Gross national savings, Percent of GDP","Annual","2007","14.910","Units"
"Barbados","Gross national savings, Percent of GDP","Annual","2008","10.501","Units"
"Barbados","Gross national savings, Percent of GDP","Annual","2009","12.109","Units"
"Barbados","Gross national savings, Percent of GDP","Annual","2010","12.126","Units"
"Barbados","Gross national savings, Percent of GDP","Annual","2011","7.182","Units"
"Barbados","Gross national savings, Percent of GDP","Annual","2012","9.027","Units"
"Barbados","Gross national savings, Percent of GDP","Annual","2013","9.492","Units"
"Barbados","Gross national savings, Percent of GDP","Annual","2014","8.817","Units"
"Barbados","Gross national savings, Percent of GDP","Annual","2015","11.707","Units"
"Barbados","Gross national savings, Percent of GDP","Annual","2016","12.727","Units"
"Barbados","Gross national savings, Percent of GDP","Annual","2017","12.457","Units"
"Barbados","Gross national savings, Percent of GDP","Annual","2018","10.864","Units"
"Barbados","Gross national savings, Percent of GDP","Annual","2019","13.487","Units"
"Barbados","Gross national savings, Percent of GDP","Annual","2020","12.887","Units"
"Barbados","Gross national savings, Percent of GDP","Annual","2021","9.796","Units"
"Barbados","Gross national savings, Percent of GDP","Annual","2022","10.028","Units"
"Barbados","Gross national savings, Percent of GDP","Annual","2023","9.754","Units"
"Barbados","Gross national savings, Percent of GDP","Annual","2024","14.267","Units"
"Barbados","Gross national savings, Percent of GDP","Annual","2025","10.862","Units"
"Barbados","Gross national savings, Percent of GDP","Annual","2026","11.199","Units"
"Grenada","Gross national savings, Percent of GDP","Annual","2014","9.191","Units"
"Grenada","Gross national savings, Percent of GDP","Annual","2015","7.116","Units"
"Grenada","Gross national savings, Percent of GDP","Annual","2016","11.208","Units"
"Grenada","Gross national savings, Percent of GDP","Annual","2017","9.476","Units"
"Grenada","Gross national savings, Percent of GDP","Annual","2018","11.527","Units"
"Grenada","Gross national savings, Percent of GDP","Annual","2019","14.590","Units"
"Grenada","Gross national savings, Percent of GDP","Annual","2020","16.313","Units"
"Grenada","Gross national savings, Percent of GDP","Annual","2021","15.741","Units"
"Grenada","Gross national savings, Percent of GDP","Annual","2022","17.809","Units"
"Grenada","Gross national savings, Percent of GDP","Annual","2023","12.517","Units"
"Grenada","Gross national savings, Percent of GDP","Annual","2024","10.089","Units"
"Grenada","Gross national savings, Percent of GDP","Annual","2025","14.644","Units"
"Grenada","Gross national savings, Percent of GDP","Annual","2026","14.826","Units"
"Guyana","Gross national savings, Percent of GDP","Annual","1980","2.703","Units"
"Guyana","Gross national savings, Percent of GDP","Annual","1981","-6.197","Units"
"Guyana","Gross national savings, Percent of GDP","Annual","1982","-8.626","Units"
"Guyana","Gross national savings, Percent of GDP","Annual","1983","-10.829","Units"
"Guyana","Gross national savings, Percent of GDP","Annual","1984","0.442","Units"
"Guyana","Gross national savings, Percent of GDP","Annual","1985","-2.890","Units"
"Guyana","Gross national savings, Percent of GDP","Annual","1986","-2.753","Units"
"Guyana","Gross national savings, Percent of GDP","Annual","1987","-2.222","Units"
"Guyana","Gross national savings, Percent of GDP","Annual","1988","-1.501","Units"
"Guyana","Gross national savings, Percent of GDP","Annual","1989","-0.655","Units"
"Guyana","Gross national savings, Percent of GDP","Annual","1990","-0.707","Units"
"Guyana","Gross national savings, Percent of GDP","Annual","1991","17.617","Units"
"Guyana","Gross national savings, Percent of GDP","Annual","1992","8.548","Units"
"Guyana","Gross national savings, Percent of GDP","Annual","1993","7.171","Units"
"Guyana","Gross national savings, Percent of GDP","Annual","1994","7.357","Units"
"Guyana","Gross national savings, Percent of GDP","Annual","1995","10.807","Units"
"Guyana","Gross national savings, Percent of GDP","Annual","1996","12.083","Units"
"Guyana","Gross national savings, Percent of GDP","Annual","1997","11.526","Units"
"Guyana","Gross national savings, Percent of GDP","Annual","1998","8.811","Units"
"Guyana","Gross national savings, Percent of GDP","Annual","1999","11.159","Units"
"Guyana","Gross national savings, Percent of GDP","Annual","2000","7.467","Units"
"Guyana","Gross national savings, Percent of GDP","Annual","2001","6.324","Units"
"Guyana","Gross national savings, Percent of GDP","Annual","2002","6.266","Units"
"Guyana","Gross national savings, Percent of GDP","Annual","2003","6.517","Units"
"Guyana","Gross national savings, Percent of GDP","Annual","2004","9.160","Units"
"Guyana","Gross national savings, Percent of GDP","Annual","2005","9.864","Units"
"Guyana","Gross national savings, Percent of GDP","Annual","2006","7.519","Units"
"Guyana","Gross national savings, Percent of GDP","Annual","2007","10.112","Units"
"Guyana","Gross national savings, Percent of GDP","Annual","2008","5.377","Units"
"Guyana","Gross national savings, Percent of GDP","Annual","2009","7.210","Units"
"Guyana","Gross national savings, Percent of GDP","Annual","2010","6.583","Units"
"Guyana","Gross national savings, Percent of GDP","Annual","2011","5.823","Units"
"Guyana","Gross national savings, Percent of GDP","Annual","2012","6.118","Units"
"Guyana","Gross national savings, Percent of GDP","Annual","2013","2.182","Units"
"Guyana","Gross national savings, Percent of GDP","Annual","2014","5.800","Units"
"Guyana","Gross national savings, Percent of GDP","Annual","2015","6.907","Units"
"Guyana","Gross national savings, Percent of GDP","Annual","2016","12.860","Units"
"Guyana","Gross national savings, Percent of GDP","Annual","2017","8.202","Units"
"Guyana","Gross national savings, Percent of GDP","Annual","2018","-16.078","Units"
"Guyana","Gross national savings, Percent of GDP","Annual","2019","-55.379","Units"
"Guyana","Gross national savings, Percent of GDP","Annual","2020","-8.223","Units"
"Guyana","Gross national savings, Percent of GDP","Annual","2021","-16.209","Units"
"Guyana","Gross national savings, Percent of GDP","Annual","2022","35.693","Units"
"Guyana","Gross national savings, Percent of GDP","Annual","2023","24.631","Units"
"Guyana","Gross national savings, Percent of GDP","Annual","2024","30.128","Units"
"Guyana","Gross national savings, Percent of GDP","Annual","2025","28.439","Units"
"Guyana","Gross national savings, Percent of GDP","Annual","2026","35.365","Units"
"St. Kitts and Nevis","Gross national savings, Percent of GDP","Annual","2014","23.0971",""
"St. Kitts and Nevis","Gross national savings, Percent of GDP","Annual","2015","15.890912",""
"St. Kitts and Nevis","Gross national savings, Percent of GDP","Annual","2016","17.918622",""
"St. Kitts and Nevis","Gross national savings, Percent of GDP","Annual","2017","19.746384",""
"St. Kitts and Nevis","Gross national savings, Percent of GDP","Annual","2018","24.07129",""
"St. Kitts and Nevis","Gross national savings, Percent of GDP","Annual","2019","25.126142",""
"St. Kitts and Nevis","Gross national savings, Percent of GDP","Annual","2020","18.951749",""
"St. Kitts and Nevis","Gross national savings, Percent of GDP","Annual","2021","26.586935",""
"St. Kitts and Nevis","Gross national savings, Percent of GDP","Annual","2022","16.174935",""
"St. Kitts and Nevis","Gross national savings, Percent of GDP","Annual","2023","13.281332",""
"St. Kitts and Nevis","Gross national savings, Percent of GDP","Annual","2024","13.976586",""
"St. Kitts and Nevis","Gross national savings, Percent of GDP","Annual","2025","12.407775",""
"St. Kitts and Nevis","Gross national savings, Percent of GDP","Annual","2026","11.55408",""
"St. Lucia","Gross national savings, Percent of GDP","Annual","2014","14.773946",""
"St. Lucia","Gross national savings, Percent of GDP","Annual","2015","17.647381",""
"St. Lucia","Gross national savings, Percent of GDP","Annual","2016","14.120308",""
"St. Lucia","Gross national savings, Percent of GDP","Annual","2017","19.650767",""
"St. Lucia","Gross national savings, Percent of GDP","Annual","2018","22.790232",""
"St. Lucia","Gross national savings, Percent of GDP","Annual","2019","24.091373",""
"St. Lucia","Gross national savings, Percent of GDP","Annual","2020","4.991891",""
"St. Lucia","Gross national savings, Percent of GDP","Annual","2021","11.672985",""
"St. Lucia","Gross national savings, Percent of GDP","Annual","2022","17.052938",""
"St. Lucia","Gross national savings, Percent of GDP","Annual","2023","19.074316",""
"St. Lucia","Gross national savings, Percent of GDP","Annual","2024","19.146476",""
"St. Lucia","Gross national savings, Percent of GDP","Annual","2025","15.845011",""
"St. Lucia","Gross national savings, Percent of GDP","Annual","2026","15.788086",""
"St. Vincent and the Grenadines","Gross national savings, Percent of GDP","Annual","2001","13.459","Units"
"St. Vincent and the Grenadines","Gross national savings, Percent of GDP","Annual","2002","13.408","Units"
"St. Vincent and the Grenadines","Gross national savings, Percent of GDP","Annual","2003","10.510","Units"
"St. Vincent and the Grenadines","Gross national savings, Percent of GDP","Annual","2004","6.471","Units"
"St. Vincent and the Grenadines","Gross national savings, Percent of GDP","Annual","2005","6.189","Units"
"St. Vincent and the Grenadines","Gross national savings, Percent of GDP","Annual","2006","8.473","Units"
"St. Vincent and the Grenadines","Gross national savings, Percent of GDP","Annual","2007","-0.405","Units"
"St. Vincent and the Grenadines","Gross national savings, Percent of GDP","Annual","2008","0.026","Units"
"St. Vincent and the Grenadines","Gross national savings, Percent of GDP","Annual","2009","-2.585","Units"
"St. Vincent and the Grenadines","Gross national savings, Percent of GDP","Annual","2010","-1.504","Units"
"St. Vincent and the Grenadines","Gross national savings, Percent of GDP","Annual","2011","-3.770","Units"
"St. Vincent and the Grenadines","Gross national savings, Percent of GDP","Annual","2012","-2.019","Units"
"St. Vincent and the Grenadines","Gross national savings, Percent of GDP","Annual","2013","-3.764","Units"
"St. Vincent and the Grenadines","Gross national savings, Percent of GDP","Annual","2014","-1.610","Units"
"St. Vincent and the Grenadines","Gross national savings, Percent of GDP","Annual","2015","8.744","Units"
"St. Vincent and the Grenadines","Gross national savings, Percent of GDP","Annual","2016","11.604","Units"
"St. Vincent and the Grenadines","Gross national savings, Percent of GDP","Annual","2017","12.195","Units"
"St. Vincent and the Grenadines","Gross national savings, Percent of GDP","Annual","2018","13.340","Units"
"St. Vincent and the Grenadines","Gross national savings, Percent of GDP","Annual","2019","23.125","Units"
"St. Vincent and the Grenadines","Gross national savings, Percent of GDP","Annual","2020","12.324","Units"
"St. Vincent and the Grenadines","Gross national savings, Percent of GDP","Annual","2021","10.088","Units"
"St. Vincent and the Grenadines","Gross national savings, Percent of GDP","Annual","2022","15.012","Units"
"St. Vincent and the Grenadines","Gross national savings, Percent of GDP","Annual","2023","19.930","Units"
"St. Vincent and the Grenadines","Gross national savings, Percent of GDP","Annual","2024","25.907","Units"
"St. Vincent and the Grenadines","Gross national savings, Percent of GDP","Annual","2025","13.224","Units"
"St. Vincent and the Grenadines","Gross national savings, Percent of GDP","Annual","2026","9.257","Units"
"Cyprus","Gross national savings, Percent of GDP","Annual","1980","28.651","Units"
"Cyprus","Gross national savings, Percent of GDP","Annual","1981","29.564","Units"
"Cyprus","Gross national savings, Percent of GDP","Annual","1982","27.407","Units"
"Cyprus","Gross national savings, Percent of GDP","Annual","1983","23.935","Units"
"Cyprus","Gross national savings, Percent of GDP","Annual","1984","27.995","Units"
"Cyprus","Gross national savings, Percent of GDP","Annual","1985","26.724","Units"
"Cyprus","Gross national savings, Percent of GDP","Annual","1986","27.087","Units"
"Cyprus","Gross national savings, Percent of GDP","Annual","1987","24.642","Units"
"Cyprus","Gross national savings, Percent of GDP","Annual","1988","24.651","Units"
"Cyprus","Gross national savings, Percent of GDP","Annual","1989","25.439","Units"
"Cyprus","Gross national savings, Percent of GDP","Annual","1990","22.693","Units"
"Cyprus","Gross national savings, Percent of GDP","Annual","1991","17.543","Units"
"Cyprus","Gross national savings, Percent of GDP","Annual","1992","18.184","Units"
"Cyprus","Gross national savings, Percent of GDP","Annual","1993","23.993","Units"
"Cyprus","Gross national savings, Percent of GDP","Annual","1994","24.624","Units"
"Cyprus","Gross national savings, Percent of GDP","Annual","1995","25.978","Units"
"Cyprus","Gross national savings, Percent of GDP","Annual","1996","20.978","Units"
"Cyprus","Gross national savings, Percent of GDP","Annual","1997","20.716","Units"
"Cyprus","Gross national savings, Percent of GDP","Annual","1998","23.072","Units"
"Cyprus","Gross national savings, Percent of GDP","Annual","1999","19.316","Units"
"Cyprus","Gross national savings, Percent of GDP","Annual","2000","16.060","Units"
"Cyprus","Gross national savings, Percent of GDP","Annual","2001","16.235","Units"
"Cyprus","Gross national savings, Percent of GDP","Annual","2002","18.632","Units"
"Cyprus","Gross national savings, Percent of GDP","Annual","2003","18.356","Units"
"Cyprus","Gross national savings, Percent of GDP","Annual","2004","17.505","Units"
"Cyprus","Gross national savings, Percent of GDP","Annual","2005","17.171","Units"
"Cyprus","Gross national savings, Percent of GDP","Annual","2006","18.233","Units"
"Cyprus","Gross national savings, Percent of GDP","Annual","2007","13.648","Units"
"Cyprus","Gross national savings, Percent of GDP","Annual","2008","13.905","Units"
"Cyprus","Gross national savings, Percent of GDP","Annual","2009","15.844","Units"
"Cyprus","Gross national savings, Percent of GDP","Annual","2010","13.065","Units"
"Cyprus","Gross national savings, Percent of GDP","Annual","2011","16.343","Units"
"Cyprus","Gross national savings, Percent of GDP","Annual","2012","12.077","Units"
"Cyprus","Gross national savings, Percent of GDP","Annual","2013","11.051","Units"
"Cyprus","Gross national savings, Percent of GDP","Annual","2014","9.188","Units"
"Cyprus","Gross national savings, Percent of GDP","Annual","2015","13.053","Units"
"Cyprus","Gross national savings, Percent of GDP","Annual","2016","13.103","Units"
"Cyprus","Gross national savings, Percent of GDP","Annual","2017","15.366","Units"
"Cyprus","Gross national savings, Percent of GDP","Annual","2018","15.060","Units"
"Cyprus","Gross national savings, Percent of GDP","Annual","2019","13.979","Units"
"Cyprus","Gross national savings, Percent of GDP","Annual","2020","10.949","Units"
"Cyprus","Gross national savings, Percent of GDP","Annual","2021","14.161","Units"
"Cyprus","Gross national savings, Percent of GDP","Annual","2022","13.726","Units"
"Cyprus","Gross national savings, Percent of GDP","Annual","2023","11.734","Units"
"Cyprus","Gross national savings, Percent of GDP","Annual","2024","12.472","Units"
"Cyprus","Gross national savings, Percent of GDP","Annual","2025","12.193","Units"
"Cyprus","Gross national savings, Percent of GDP","Annual","2026","12.267","Units"
"Middle East and Central Asia","Gross national savings, Percent of GDP","Annual","1980","34.207","Units"
"Middle East and Central Asia","Gross national savings, Percent of GDP","Annual","1981","32.613","Units"
"Middle East and Central Asia","Gross national savings, Percent of GDP","Annual","1982","23.754","Units"
"Middle East and Central Asia","Gross national savings, Percent of GDP","Annual","1983","20.892","Units"
"Middle East and Central Asia","Gross national savings, Percent of GDP","Annual","1984","21.751","Units"
"Middle East and Central Asia","Gross national savings, Percent of GDP","Annual","1985","16.404","Units"
"Middle East and Central Asia","Gross national savings, Percent of GDP","Annual","1986","14.536","Units"
"Middle East and Central Asia","Gross national savings, Percent of GDP","Annual","1987","15.288","Units"
"Middle East and Central Asia","Gross national savings, Percent of GDP","Annual","1988","14.416","Units"
"Middle East and Central Asia","Gross national savings, Percent of GDP","Annual","1989","17.559","Units"
"Middle East and Central Asia","Gross national savings, Percent of GDP","Annual","1990","25.459","Units"
"Middle East and Central Asia","Gross national savings, Percent of GDP","Annual","1991","25.212","Units"
"Middle East and Central Asia","Gross national savings, Percent of GDP","Annual","1992","21.190","Units"
"Middle East and Central Asia","Gross national savings, Percent of GDP","Annual","1993","19.011","Units"
"Middle East and Central Asia","Gross national savings, Percent of GDP","Annual","1994","18.585","Units"
"Middle East and Central Asia","Gross national savings, Percent of GDP","Annual","1995","21.436","Units"
"Middle East and Central Asia","Gross national savings, Percent of GDP","Annual","1996","24.484","Units"
"Middle East and Central Asia","Gross national savings, Percent of GDP","Annual","1997","24.161","Units"
"Middle East and Central Asia","Gross national savings, Percent of GDP","Annual","1998","21.851","Units"
"Middle East and Central Asia","Gross national savings, Percent of GDP","Annual","1999","25.023","Units"
"Middle East and Central Asia","Gross national savings, Percent of GDP","Annual","2000","31.123","Units"
"Middle East and Central Asia","Gross national savings, Percent of GDP","Annual","2001","30.405","Units"
"Middle East and Central Asia","Gross national savings, Percent of GDP","Annual","2002","28.730","Units"
"Middle East and Central Asia","Gross national savings, Percent of GDP","Annual","2003","32.063","Units"
"Middle East and Central Asia","Gross national savings, Percent of GDP","Annual","2004","33.329","Units"
"Middle East and Central Asia","Gross national savings, Percent of GDP","Annual","2005","37.299","Units"
"Middle East and Central Asia","Gross national savings, Percent of GDP","Annual","2006","39.002","Units"
"Middle East and Central Asia","Gross national savings, Percent of GDP","Annual","2007","39.538","Units"
"Middle East and Central Asia","Gross national savings, Percent of GDP","Annual","2008","41.052","Units"
"Middle East and Central Asia","Gross national savings, Percent of GDP","Annual","2009","32.873","Units"
"Middle East and Central Asia","Gross national savings, Percent of GDP","Annual","2010","35.489","Units"
"Middle East and Central Asia","Gross national savings, Percent of GDP","Annual","2011","39.013","Units"
"Middle East and Central Asia","Gross national savings, Percent of GDP","Annual","2012","37.634","Units"
"Middle East and Central Asia","Gross national savings, Percent of GDP","Annual","2013","35.992","Units"
"Middle East and Central Asia","Gross national savings, Percent of GDP","Annual","2014","33.338","Units"
"Middle East and Central Asia","Gross national savings, Percent of GDP","Annual","2015","24.868","Units"
"Middle East and Central Asia","Gross national savings, Percent of GDP","Annual","2016","24.437","Units"
"Middle East and Central Asia","Gross national savings, Percent of GDP","Annual","2017","26.852","Units"
"Middle East and Central Asia","Gross national savings, Percent of GDP","Annual","2018","29.017","Units"
"Middle East and Central Asia","Gross national savings, Percent of GDP","Annual","2019","27.695","Units"
"Middle East and Central Asia","Gross national savings, Percent of GDP","Annual","2020","22.976","Units"
"Middle East and Central Asia","Gross national savings, Percent of GDP","Annual","2021","29.025","Units"
"Middle East and Central Asia","Gross national savings, Percent of GDP","Annual","2022","33.677","Units"
"Middle East and Central Asia","Gross national savings, Percent of GDP","Annual","2023","31.279","Units"
"Middle East and Central Asia","Gross national savings, Percent of GDP","Annual","2024","29.001","Units"
"Middle East and Central Asia","Gross national savings, Percent of GDP","Annual","2025","27.623","Units"
"Middle East and Central Asia","Gross national savings, Percent of GDP","Annual","2026","27.547","Units"
"Suriname","Gross national savings, Percent of GDP","Annual","1991","-14.534","Units"
"Suriname","Gross national savings, Percent of GDP","Annual","1992","-3.049","Units"
"Suriname","Gross national savings, Percent of GDP","Annual","1993","6.252","Units"
"Suriname","Gross national savings, Percent of GDP","Annual","1994","28.738","Units"
"Suriname","Gross national savings, Percent of GDP","Annual","1995","28.434","Units"
"Suriname","Gross national savings, Percent of GDP","Annual","1996","19.873","Units"
"Suriname","Gross national savings, Percent of GDP","Annual","1997","18.380","Units"
"Suriname","Gross national savings, Percent of GDP","Annual","1998","11.058","Units"
"Suriname","Gross national savings, Percent of GDP","Annual","1999","13.866","Units"
"Suriname","Gross national savings, Percent of GDP","Annual","2000","15.810","Units"
"Suriname","Gross national savings, Percent of GDP","Annual","2001","-3.204","Units"
"Suriname","Gross national savings, Percent of GDP","Annual","2002","11.649","Units"
"Suriname","Gross national savings, Percent of GDP","Annual","2003","20.109","Units"
"Suriname","Gross national savings, Percent of GDP","Annual","2004","18.539","Units"
"Suriname","Gross national savings, Percent of GDP","Annual","2005","19.575","Units"
"Suriname","Gross national savings, Percent of GDP","Annual","2006","40.379","Units"
"Suriname","Gross national savings, Percent of GDP","Annual","2007","50.988","Units"
"Suriname","Gross national savings, Percent of GDP","Annual","2008","51.041","Units"
"Suriname","Gross national savings, Percent of GDP","Annual","2009","49.288","Units"
"Suriname","Gross national savings, Percent of GDP","Annual","2010","48.971","Units"
"Suriname","Gross national savings, Percent of GDP","Annual","2011","59.826","Units"
"Suriname","Gross national savings, Percent of GDP","Annual","2012","56.754","Units"
"Suriname","Gross national savings, Percent of GDP","Annual","2013","58.380","Units"
"Suriname","Gross national savings, Percent of GDP","Annual","2014","60.788","Units"
"Suriname","Gross national savings, Percent of GDP","Annual","2015","34.423","Units"
"Suriname","Gross national savings, Percent of GDP","Annual","2016","27.748","Units"
"Suriname","Gross national savings, Percent of GDP","Annual","2017","32.856","Units"
"Suriname","Gross national savings, Percent of GDP","Annual","2018","33.864","Units"
"Suriname","Gross national savings, Percent of GDP","Annual","2019","29.223","Units"
"Suriname","Gross national savings, Percent of GDP","Annual","2020","37.423","Units"
"Suriname","Gross national savings, Percent of GDP","Annual","2021","25.368","Units"
"Suriname","Gross national savings, Percent of GDP","Annual","2022","29.853","Units"
"Suriname","Gross national savings, Percent of GDP","Annual","2023","25.765","Units"
"Suriname","Gross national savings, Percent of GDP","Annual","2024","16.839","Units"
"Suriname","Gross national savings, Percent of GDP","Annual","2025","-24.137","Units"
"Suriname","Gross national savings, Percent of GDP","Annual","2026","-16.007","Units"
"Trinidad and Tobago","Gross national savings, Percent of GDP","Annual","1980","35.714","Units"
"Trinidad and Tobago","Gross national savings, Percent of GDP","Annual","1981","23.759","Units"
"Trinidad and Tobago","Gross national savings, Percent of GDP","Annual","1982","16.918","Units"
"Trinidad and Tobago","Gross national savings, Percent of GDP","Annual","1983","15.504","Units"
"Trinidad and Tobago","Gross national savings, Percent of GDP","Annual","1984","17.679","Units"
"Trinidad and Tobago","Gross national savings, Percent of GDP","Annual","1985","14.277","Units"
"Trinidad and Tobago","Gross national savings, Percent of GDP","Annual","1986","8.649","Units"
"Trinidad and Tobago","Gross national savings, Percent of GDP","Annual","1987","16.058","Units"
"Trinidad and Tobago","Gross national savings, Percent of GDP","Annual","1988","14.757","Units"
"Trinidad and Tobago","Gross national savings, Percent of GDP","Annual","1989","19.111","Units"
"Trinidad and Tobago","Gross national savings, Percent of GDP","Annual","1990","20.906","Units"
"Trinidad and Tobago","Gross national savings, Percent of GDP","Annual","1991","19.536","Units"
"Trinidad and Tobago","Gross national savings, Percent of GDP","Annual","1992","21.588","Units"
"Trinidad and Tobago","Gross national savings, Percent of GDP","Annual","1993","22.912","Units"
"Trinidad and Tobago","Gross national savings, Percent of GDP","Annual","1994","22.393","Units"
"Trinidad and Tobago","Gross national savings, Percent of GDP","Annual","1995","23.010","Units"
"Trinidad and Tobago","Gross national savings, Percent of GDP","Annual","1996","21.320","Units"
"Trinidad and Tobago","Gross national savings, Percent of GDP","Annual","1997","24.219","Units"
"Trinidad and Tobago","Gross national savings, Percent of GDP","Annual","1998","25.423","Units"
"Trinidad and Tobago","Gross national savings, Percent of GDP","Annual","1999","26.458","Units"
"Trinidad and Tobago","Gross national savings, Percent of GDP","Annual","2000","26.028","Units"
"Trinidad and Tobago","Gross national savings, Percent of GDP","Annual","2001","26.271","Units"
"Trinidad and Tobago","Gross national savings, Percent of GDP","Annual","2002","26.904","Units"
"Trinidad and Tobago","Gross national savings, Percent of GDP","Annual","2003","27.424","Units"
"Trinidad and Tobago","Gross national savings, Percent of GDP","Annual","2004","30.423","Units"
"Trinidad and Tobago","Gross national savings, Percent of GDP","Annual","2005","29.215","Units"
"Trinidad and Tobago","Gross national savings, Percent of GDP","Annual","2006","34.971","Units"
"Trinidad and Tobago","Gross national savings, Percent of GDP","Annual","2007","35.137","Units"
"Trinidad and Tobago","Gross national savings, Percent of GDP","Annual","2008","37.251","Units"
"Trinidad and Tobago","Gross national savings, Percent of GDP","Annual","2009","30.783","Units"
"Trinidad and Tobago","Gross national savings, Percent of GDP","Annual","2010","30.441","Units"
"Trinidad and Tobago","Gross national savings, Percent of GDP","Annual","2011","27.613","Units"
"Trinidad and Tobago","Gross national savings, Percent of GDP","Annual","2012","29.799","Units"
"Trinidad and Tobago","Gross national savings, Percent of GDP","Annual","2013","31.418","Units"
"Trinidad and Tobago","Gross national savings, Percent of GDP","Annual","2014","30.185","Units"
"Trinidad and Tobago","Gross national savings, Percent of GDP","Annual","2015","32.805","Units"
"Trinidad and Tobago","Gross national savings, Percent of GDP","Annual","2016","27.112","Units"
"Trinidad and Tobago","Gross national savings, Percent of GDP","Annual","2017","27.398","Units"
"Trinidad and Tobago","Gross national savings, Percent of GDP","Annual","2018","22.920","Units"
"Trinidad and Tobago","Gross national savings, Percent of GDP","Annual","2019","23.149","Units"
"Trinidad and Tobago","Gross national savings, Percent of GDP","Annual","2020","15.806","Units"
"Trinidad and Tobago","Gross national savings, Percent of GDP","Annual","2021","22.011","Units"
"Trinidad and Tobago","Gross national savings, Percent of GDP","Annual","2022","14.340","Units"
"Trinidad and Tobago","Gross national savings, Percent of GDP","Annual","2023","26.273","Units"
"Trinidad and Tobago","Gross national savings, Percent of GDP","Annual","2024","22.423","Units"
"Trinidad and Tobago","Gross national savings, Percent of GDP","Annual","2025","18.608","Units"
"Trinidad and Tobago","Gross national savings, Percent of GDP","Annual","2026","16.432","Units"
"Kuwait","Gross national savings, Percent of GDP","Annual","1995","33.208781",""
"Kuwait","Gross national savings, Percent of GDP","Annual","1996","37.672483",""
"Kuwait","Gross national savings, Percent of GDP","Annual","1997","39.581725",""
"Kuwait","Gross national savings, Percent of GDP","Annual","1998","26.989195",""
"Kuwait","Gross national savings, Percent of GDP","Annual","1999","31.364291",""
"Kuwait","Gross national savings, Percent of GDP","Annual","2000","49.564193",""
"Kuwait","Gross national savings, Percent of GDP","Annual","2001","38.15514",""
"Kuwait","Gross national savings, Percent of GDP","Annual","2002","28.292494",""
"Kuwait","Gross national savings, Percent of GDP","Annual","2003","36.307054",""
"Kuwait","Gross national savings, Percent of GDP","Annual","2004","44.406195",""
"Kuwait","Gross national savings, Percent of GDP","Annual","2005","53.636641",""
"Kuwait","Gross national savings, Percent of GDP","Annual","2006","60.769949",""
"Kuwait","Gross national savings, Percent of GDP","Annual","2007","56.505712",""
"Kuwait","Gross national savings, Percent of GDP","Annual","2008","58.5008",""
"Kuwait","Gross national savings, Percent of GDP","Annual","2009","44.657695",""
"Kuwait","Gross national savings, Percent of GDP","Annual","2010","49.702985",""
"Kuwait","Gross national savings, Percent of GDP","Annual","2011","56.484583",""
"Kuwait","Gross national savings, Percent of GDP","Annual","2012","58.292729",""
"Kuwait","Gross national savings, Percent of GDP","Annual","2013","54.653366",""
"Kuwait","Gross national savings, Percent of GDP","Annual","2014","49.728638",""
"Kuwait","Gross national savings, Percent of GDP","Annual","2015","28.929345",""
"Kuwait","Gross national savings, Percent of GDP","Annual","2016","25.333527",""
"Kuwait","Gross national savings, Percent of GDP","Annual","2017","35.692941",""
"Kuwait","Gross national savings, Percent of GDP","Annual","2018","39.890744",""
"Kuwait","Gross national savings, Percent of GDP","Annual","2019","35.680313",""
"Kuwait","Gross national savings, Percent of GDP","Annual","2020","23.013133",""
"Kuwait","Gross national savings, Percent of GDP","Annual","2021","39.671366",""
"Kuwait","Gross national savings, Percent of GDP","Annual","2022","50.941412",""
"Kuwait","Gross national savings, Percent of GDP","Annual","2023","48.828589",""
"Kuwait","Gross national savings, Percent of GDP","Annual","2024","44.126855",""
"Kuwait","Gross national savings, Percent of GDP","Annual","2025","40.531915",""
"Kuwait","Gross national savings, Percent of GDP","Annual","2026","42.6643",""
"Iran, Islamic Republic of","Gross national savings, Percent of GDP","Annual","1980","41.36536",""
"Iran, Islamic Republic of","Gross national savings, Percent of GDP","Annual","1981","34.296138",""
"Iran, Islamic Republic of","Gross national savings, Percent of GDP","Annual","1982","21.21714",""
"Iran, Islamic Republic of","Gross national savings, Percent of GDP","Annual","1983","29.355317",""
"Iran, Islamic Republic of","Gross national savings, Percent of GDP","Annual","1984","26.084729",""
"Iran, Islamic Republic of","Gross national savings, Percent of GDP","Annual","1985","18.259177",""
"Iran, Islamic Republic of","Gross national savings, Percent of GDP","Annual","1986","16.618012",""
"Iran, Islamic Republic of","Gross national savings, Percent of GDP","Annual","1987","15.246054",""
"Iran, Islamic Republic of","Gross national savings, Percent of GDP","Annual","1988","12.503537",""
"Iran, Islamic Republic of","Gross national savings, Percent of GDP","Annual","1989","18.724172",""
"Iran, Islamic Republic of","Gross national savings, Percent of GDP","Annual","1990","28.427925",""
"Iran, Islamic Republic of","Gross national savings, Percent of GDP","Annual","1991","36.140701",""
"Iran, Islamic Republic of","Gross national savings, Percent of GDP","Annual","1992","36.389278",""
"Iran, Islamic Republic of","Gross national savings, Percent of GDP","Annual","1993","25.625736",""
"Iran, Islamic Republic of","Gross national savings, Percent of GDP","Annual","1994","18.794197",""
"Iran, Islamic Republic of","Gross national savings, Percent of GDP","Annual","1995","28.391068",""
"Iran, Islamic Republic of","Gross national savings, Percent of GDP","Annual","1996","39.657827",""
"Iran, Islamic Republic of","Gross national savings, Percent of GDP","Annual","1997","36.669758",""
"Iran, Islamic Republic of","Gross national savings, Percent of GDP","Annual","1998","33.488245",""
"Iran, Islamic Republic of","Gross national savings, Percent of GDP","Annual","1999","35.741647",""
"Iran, Islamic Republic of","Gross national savings, Percent of GDP","Annual","2000","40.344536",""
"Iran, Islamic Republic of","Gross national savings, Percent of GDP","Annual","2001","41.665342",""
"Iran, Islamic Republic of","Gross national savings, Percent of GDP","Annual","2002","45.380099",""
"Iran, Islamic Republic of","Gross national savings, Percent of GDP","Annual","2003","48.560111",""
"Iran, Islamic Republic of","Gross national savings, Percent of GDP","Annual","2004","47.888703",""
"Iran, Islamic Republic of","Gross national savings, Percent of GDP","Annual","2005","45.850437",""
"Iran, Islamic Republic of","Gross national savings, Percent of GDP","Annual","2006","44.953712",""
"Iran, Islamic Republic of","Gross national savings, Percent of GDP","Annual","2007","47.526257",""
"Iran, Islamic Republic of","Gross national savings, Percent of GDP","Annual","2008","46.391978",""
"Iran, Islamic Republic of","Gross national savings, Percent of GDP","Annual","2009","42.278302",""
"Iran, Islamic Republic of","Gross national savings, Percent of GDP","Annual","2010","42.642265",""
"Iran, Islamic Republic of","Gross national savings, Percent of GDP","Annual","2011","43.981012",""
"Iran, Islamic Republic of","Gross national savings, Percent of GDP","Annual","2012","42.801268",""
"Iran, Islamic Republic of","Gross national savings, Percent of GDP","Annual","2013","41.976693",""
"Iran, Islamic Republic of","Gross national savings, Percent of GDP","Annual","2014","42.07169",""
"Iran, Islamic Republic of","Gross national savings, Percent of GDP","Annual","2015","33.252903",""
"Iran, Islamic Republic of","Gross national savings, Percent of GDP","Annual","2016","37.761205",""
"Iran, Islamic Republic of","Gross national savings, Percent of GDP","Annual","2017","40.242777",""
"Iran, Islamic Republic of","Gross national savings, Percent of GDP","Annual","2018","43.109681",""
"Iran, Islamic Republic of","Gross national savings, Percent of GDP","Annual","2019","41.157233",""
"Iran, Islamic Republic of","Gross national savings, Percent of GDP","Annual","2020","48.152126",""
"Iran, Islamic Republic of","Gross national savings, Percent of GDP","Annual","2021","46.677583",""
"Iran, Islamic Republic of","Gross national savings, Percent of GDP","Annual","2022","46.339838",""
"Iran, Islamic Republic of","Gross national savings, Percent of GDP","Annual","2023","47.54312",""
"Iran, Islamic Republic of","Gross national savings, Percent of GDP","Annual","2024","49.581123",""
"Iran, Islamic Republic of","Gross national savings, Percent of GDP","Annual","2025","45.094717",""
"Iran, Islamic Republic of","Gross national savings, Percent of GDP","Annual","2026","43.728351",""
"Bahrain, Kingdom of","Gross national savings, Percent of GDP","Annual","1980","30.230","Units"
"Bahrain, Kingdom of","Gross national savings, Percent of GDP","Annual","1981","35.491","Units"
"Bahrain, Kingdom of","Gross national savings, Percent of GDP","Annual","1982","38.213","Units"
"Bahrain, Kingdom of","Gross national savings, Percent of GDP","Annual","1983","29.275","Units"
"Bahrain, Kingdom of","Gross national savings, Percent of GDP","Annual","1984","36.563","Units"
"Bahrain, Kingdom of","Gross national savings, Percent of GDP","Annual","1985","25.165","Units"
"Bahrain, Kingdom of","Gross national savings, Percent of GDP","Annual","1986","5.754","Units"
"Bahrain, Kingdom of","Gross national savings, Percent of GDP","Annual","1987","14.294","Units"
"Bahrain, Kingdom of","Gross national savings, Percent of GDP","Annual","1988","12.154","Units"
"Bahrain, Kingdom of","Gross national savings, Percent of GDP","Annual","1989","14.845","Units"
"Bahrain, Kingdom of","Gross national savings, Percent of GDP","Annual","1990","20.531","Units"
"Bahrain, Kingdom of","Gross national savings, Percent of GDP","Annual","1991","19.306","Units"
"Bahrain, Kingdom of","Gross national savings, Percent of GDP","Annual","1992","17.682","Units"
"Bahrain, Kingdom of","Gross national savings, Percent of GDP","Annual","1993","17.025","Units"
"Bahrain, Kingdom of","Gross national savings, Percent of GDP","Annual","1994","19.110","Units"
"Bahrain, Kingdom of","Gross national savings, Percent of GDP","Annual","1995","25.155","Units"
"Bahrain, Kingdom of","Gross national savings, Percent of GDP","Annual","1996","25.733","Units"
"Bahrain, Kingdom of","Gross national savings, Percent of GDP","Annual","1997","24.484","Units"
"Bahrain, Kingdom of","Gross national savings, Percent of GDP","Annual","1998","13.360","Units"
"Bahrain, Kingdom of","Gross national savings, Percent of GDP","Annual","1999","14.264","Units"
"Bahrain, Kingdom of","Gross national savings, Percent of GDP","Annual","2000","24.926","Units"
"Bahrain, Kingdom of","Gross national savings, Percent of GDP","Annual","2001","20.073","Units"
"Bahrain, Kingdom of","Gross national savings, Percent of GDP","Annual","2002","23.814","Units"
"Bahrain, Kingdom of","Gross national savings, Percent of GDP","Annual","2003","24.019","Units"
"Bahrain, Kingdom of","Gross national savings, Percent of GDP","Annual","2004","15.463","Units"
"Bahrain, Kingdom of","Gross national savings, Percent of GDP","Annual","2005","27.236","Units"
"Bahrain, Kingdom of","Gross national savings, Percent of GDP","Annual","2006","34.176","Units"
"Bahrain, Kingdom of","Gross national savings, Percent of GDP","Annual","2007","40.454","Units"
"Bahrain, Kingdom of","Gross national savings, Percent of GDP","Annual","2008","37.926","Units"
"Bahrain, Kingdom of","Gross national savings, Percent of GDP","Annual","2009","27.549","Units"
"Bahrain, Kingdom of","Gross national savings, Percent of GDP","Annual","2010","33.128","Units"
"Bahrain, Kingdom of","Gross national savings, Percent of GDP","Annual","2011","33.792","Units"
"Bahrain, Kingdom of","Gross national savings, Percent of GDP","Annual","2012","38.941","Units"
"Bahrain, Kingdom of","Gross national savings, Percent of GDP","Annual","2013","35.876","Units"
"Bahrain, Kingdom of","Gross national savings, Percent of GDP","Annual","2014","34.138","Units"
"Bahrain, Kingdom of","Gross national savings, Percent of GDP","Annual","2015","27.059","Units"
"Bahrain, Kingdom of","Gross national savings, Percent of GDP","Annual","2016","28.600","Units"
"Bahrain, Kingdom of","Gross national savings, Percent of GDP","Annual","2017","32.166","Units"
"Bahrain, Kingdom of","Gross national savings, Percent of GDP","Annual","2018","32.001","Units"
"Bahrain, Kingdom of","Gross national savings, Percent of GDP","Annual","2019","33.660","Units"
"Bahrain, Kingdom of","Gross national savings, Percent of GDP","Annual","2020","28.241","Units"
"Bahrain, Kingdom of","Gross national savings, Percent of GDP","Annual","2021","34.464","Units"
"Bahrain, Kingdom of","Gross national savings, Percent of GDP","Annual","2022","39.309","Units"
"Bahrain, Kingdom of","Gross national savings, Percent of GDP","Annual","2023","35.109","Units"
"Bahrain, Kingdom of","Gross national savings, Percent of GDP","Annual","2024","33.267","Units"
"Bahrain, Kingdom of","Gross national savings, Percent of GDP","Annual","2025","34.880","Units"
"Bahrain, Kingdom of","Gross national savings, Percent of GDP","Annual","2026","32.649","Units"
"Oman","Gross national savings, Percent of GDP","Annual","1980","26.650","Units"
"Oman","Gross national savings, Percent of GDP","Annual","1981","29.487","Units"
"Oman","Gross national savings, Percent of GDP","Annual","1982","21.509","Units"
"Oman","Gross national savings, Percent of GDP","Annual","1983","24.833","Units"
"Oman","Gross national savings, Percent of GDP","Annual","1984","22.716","Units"
"Oman","Gross national savings, Percent of GDP","Annual","1985","22.825","Units"
"Oman","Gross national savings, Percent of GDP","Annual","1986","12.120","Units"
"Oman","Gross national savings, Percent of GDP","Annual","1987","22.207","Units"
"Oman","Gross national savings, Percent of GDP","Annual","1988","9.621","Units"
"Oman","Gross national savings, Percent of GDP","Annual","1989","15.382","Units"
"Oman","Gross national savings, Percent of GDP","Annual","1990","23.115","Units"
"Oman","Gross national savings, Percent of GDP","Annual","1991","14.613","Units"
"Oman","Gross national savings, Percent of GDP","Annual","1992","13.698","Units"
"Oman","Gross national savings, Percent of GDP","Annual","1993","9.912","Units"
"Oman","Gross national savings, Percent of GDP","Annual","1994","11.734","Units"
"Oman","Gross national savings, Percent of GDP","Annual","1995","10.933","Units"
"Oman","Gross national savings, Percent of GDP","Annual","1996","16.741","Units"
"Oman","Gross national savings, Percent of GDP","Annual","1997","17.999","Units"
"Oman","Gross national savings, Percent of GDP","Annual","1998","18.497","Units"
"Oman","Gross national savings, Percent of GDP","Annual","1999","25.061","Units"
"Oman","Gross national savings, Percent of GDP","Annual","2000","36.648","Units"
"Oman","Gross national savings, Percent of GDP","Annual","2001","32.479","Units"
"Oman","Gross national savings, Percent of GDP","Annual","2002","33.331","Units"
"Oman","Gross national savings, Percent of GDP","Annual","2003","35.263","Units"
"Oman","Gross national savings, Percent of GDP","Annual","2004","36.790","Units"
"Oman","Gross national savings, Percent of GDP","Annual","2005","43.001","Units"
"Oman","Gross national savings, Percent of GDP","Annual","2006","46.907","Units"
"Oman","Gross national savings, Percent of GDP","Annual","2007","44.868","Units"
"Oman","Gross national savings, Percent of GDP","Annual","2008","49.256","Units"
"Oman","Gross national savings, Percent of GDP","Annual","2009","33.161","Units"
"Oman","Gross national savings, Percent of GDP","Annual","2010","36.986","Units"
"Oman","Gross national savings, Percent of GDP","Annual","2011","39.255","Units"
"Oman","Gross national savings, Percent of GDP","Annual","2012","39.222","Units"
"Oman","Gross national savings, Percent of GDP","Annual","2013","38.247","Units"
"Oman","Gross national savings, Percent of GDP","Annual","2014","33.579","Units"
"Oman","Gross national savings, Percent of GDP","Annual","2015","22.614","Units"
"Oman","Gross national savings, Percent of GDP","Annual","2016","19.521","Units"
"Oman","Gross national savings, Percent of GDP","Annual","2017","20.370","Units"
"Oman","Gross national savings, Percent of GDP","Annual","2018","27.049","Units"
"Oman","Gross national savings, Percent of GDP","Annual","2019","21.988","Units"
"Oman","Gross national savings, Percent of GDP","Annual","2020","10.852","Units"
"Oman","Gross national savings, Percent of GDP","Annual","2021","22.318","Units"
"Oman","Gross national savings, Percent of GDP","Annual","2022","30.971","Units"
"Oman","Gross national savings, Percent of GDP","Annual","2023","29.217","Units"
"Oman","Gross national savings, Percent of GDP","Annual","2024","29.238","Units"
"Oman","Gross national savings, Percent of GDP","Annual","2025","27.817","Units"
"Oman","Gross national savings, Percent of GDP","Annual","2026","34.807","Units"
"Qatar","Gross national savings, Percent of GDP","Annual","1980","60.681","Units"
"Qatar","Gross national savings, Percent of GDP","Annual","1981","53.903","Units"
"Qatar","Gross national savings, Percent of GDP","Annual","1982","40.932","Units"
"Qatar","Gross national savings, Percent of GDP","Annual","1983","29.899","Units"
"Qatar","Gross national savings, Percent of GDP","Annual","1984","48.723","Units"
"Qatar","Gross national savings, Percent of GDP","Annual","1985","35.718","Units"
"Qatar","Gross national savings, Percent of GDP","Annual","1986","16.376","Units"
"Qatar","Gross national savings, Percent of GDP","Annual","1987","18.954","Units"
"Qatar","Gross national savings, Percent of GDP","Annual","1988","17.459","Units"
"Qatar","Gross national savings, Percent of GDP","Annual","1989","25.423","Units"
"Qatar","Gross national savings, Percent of GDP","Annual","1990","27.623","Units"
"Qatar","Gross national savings, Percent of GDP","Annual","1991","23.948","Units"
"Qatar","Gross national savings, Percent of GDP","Annual","1992","21.573","Units"
"Qatar","Gross national savings, Percent of GDP","Annual","1993","12.790","Units"
"Qatar","Gross national savings, Percent of GDP","Annual","1994","21.772","Units"
"Qatar","Gross national savings, Percent of GDP","Annual","1995","27.378","Units"
"Qatar","Gross national savings, Percent of GDP","Annual","1996","25.946","Units"
"Qatar","Gross national savings, Percent of GDP","Annual","1997","38.232","Units"
"Qatar","Gross national savings, Percent of GDP","Annual","1998","31.816","Units"
"Qatar","Gross national savings, Percent of GDP","Annual","1999","31.242","Units"
"Qatar","Gross national savings, Percent of GDP","Annual","2000","50.181","Units"
"Qatar","Gross national savings, Percent of GDP","Annual","2001","52.683","Units"
"Qatar","Gross national savings, Percent of GDP","Annual","2002","52.321","Units"
"Qatar","Gross national savings, Percent of GDP","Annual","2003","59.628","Units"
"Qatar","Gross national savings, Percent of GDP","Annual","2004","53.728","Units"
"Qatar","Gross national savings, Percent of GDP","Annual","2005","51.226","Units"
"Qatar","Gross national savings, Percent of GDP","Annual","2006","55.790","Units"
"Qatar","Gross national savings, Percent of GDP","Annual","2007","58.448","Units"
"Qatar","Gross national savings, Percent of GDP","Annual","2008","63.347","Units"
"Qatar","Gross national savings, Percent of GDP","Annual","2009","43.998","Units"
"Qatar","Gross national savings, Percent of GDP","Annual","2010","48.177","Units"
"Qatar","Gross national savings, Percent of GDP","Annual","2011","60.099","Units"
"Qatar","Gross national savings, Percent of GDP","Annual","2012","60.329","Units"
"Qatar","Gross national savings, Percent of GDP","Annual","2013","58.252","Units"
"Qatar","Gross national savings, Percent of GDP","Annual","2014","55.749","Units"
"Qatar","Gross national savings, Percent of GDP","Annual","2015","45.569","Units"
"Qatar","Gross national savings, Percent of GDP","Annual","2016","43.362","Units"
"Qatar","Gross national savings, Percent of GDP","Annual","2017","46.600","Units"
"Qatar","Gross national savings, Percent of GDP","Annual","2018","49.742","Units"
"Qatar","Gross national savings, Percent of GDP","Annual","2019","46.151","Units"
"Qatar","Gross national savings, Percent of GDP","Annual","2020","41.782","Units"
"Qatar","Gross national savings, Percent of GDP","Annual","2021","51.445","Units"
"Qatar","Gross national savings, Percent of GDP","Annual","2022","57.421","Units"
"Qatar","Gross national savings, Percent of GDP","Annual","2023","53.183","Units"
"Qatar","Gross national savings, Percent of GDP","Annual","2024","50.268","Units"
"Qatar","Gross national savings, Percent of GDP","Annual","2025","46.077","Units"
"Qatar","Gross national savings, Percent of GDP","Annual","2026","44.158","Units"
"Jordan","Gross national savings, Percent of GDP","Annual","1980","28.928271",""
"Jordan","Gross national savings, Percent of GDP","Annual","1981","39.140414",""
"Jordan","Gross national savings, Percent of GDP","Annual","1982","26.29198",""
"Jordan","Gross national savings, Percent of GDP","Annual","1983","12.331881",""
"Jordan","Gross national savings, Percent of GDP","Annual","1984","9.453928",""
"Jordan","Gross national savings, Percent of GDP","Annual","1985","5.200082",""
"Jordan","Gross national savings, Percent of GDP","Annual","1986","6.937724",""
"Jordan","Gross national savings, Percent of GDP","Annual","1987","4.888449",""
"Jordan","Gross national savings, Percent of GDP","Annual","1988","29.073744",""
"Jordan","Gross national savings, Percent of GDP","Annual","1989","40.138251",""
"Jordan","Gross national savings, Percent of GDP","Annual","1990","32.466132",""
"Jordan","Gross national savings, Percent of GDP","Annual","1991","16.802701",""
"Jordan","Gross national savings, Percent of GDP","Annual","1992","31.629523",""
"Jordan","Gross national savings, Percent of GDP","Annual","1993","43.282592",""
"Jordan","Gross national savings, Percent of GDP","Annual","1994","42.386802",""
"Jordan","Gross national savings, Percent of GDP","Annual","1995","46.110284",""
"Jordan","Gross national savings, Percent of GDP","Annual","1996","47.175475",""
"Jordan","Gross national savings, Percent of GDP","Annual","1997","46.53882",""
"Jordan","Gross national savings, Percent of GDP","Annual","1998","42.598776",""
"Jordan","Gross national savings, Percent of GDP","Annual","1999","43.465894",""
"Jordan","Gross national savings, Percent of GDP","Annual","2000","41.697442",""
"Jordan","Gross national savings, Percent of GDP","Annual","2001","40.456382",""
"Jordan","Gross national savings, Percent of GDP","Annual","2002","46.335503",""
"Jordan","Gross national savings, Percent of GDP","Annual","2003","49.728637",""
"Jordan","Gross national savings, Percent of GDP","Annual","2004","44.090643",""
"Jordan","Gross national savings, Percent of GDP","Annual","2005","36.131535",""
"Jordan","Gross national savings, Percent of GDP","Annual","2006","36.756311",""
"Jordan","Gross national savings, Percent of GDP","Annual","2007","30.772245",""
"Jordan","Gross national savings, Percent of GDP","Annual","2008","37.401639",""
"Jordan","Gross national savings, Percent of GDP","Annual","2009","40.59544",""
"Jordan","Gross national savings, Percent of GDP","Annual","2010","39.866459",""
"Jordan","Gross national savings, Percent of GDP","Annual","2011","34.680088",""
"Jordan","Gross national savings, Percent of GDP","Annual","2012","30.578184",""
"Jordan","Gross national savings, Percent of GDP","Annual","2013","30.668008",""
"Jordan","Gross national savings, Percent of GDP","Annual","2014","32.360851",""
"Jordan","Gross national savings, Percent of GDP","Annual","2015","29.717584",""
"Jordan","Gross national savings, Percent of GDP","Annual","2016","27.210599",""
"Jordan","Gross national savings, Percent of GDP","Annual","2017","22.2466",""
"Jordan","Gross national savings, Percent of GDP","Annual","2018","25.442868",""
"Jordan","Gross national savings, Percent of GDP","Annual","2019","28.292759",""
"Jordan","Gross national savings, Percent of GDP","Annual","2020","25.757308",""
"Jordan","Gross national savings, Percent of GDP","Annual","2021","24.987442",""
"Jordan","Gross national savings, Percent of GDP","Annual","2022","23.717849",""
"Jordan","Gross national savings, Percent of GDP","Annual","2023","26.813696",""
"Jordan","Gross national savings, Percent of GDP","Annual","2024","28.482684",""
"Jordan","Gross national savings, Percent of GDP","Annual","2025","27.408683",""
"Jordan","Gross national savings, Percent of GDP","Annual","2026","29.656012",""
"Iraq","Gross national savings, Percent of GDP","Annual","2004","13.790649",""
"Iraq","Gross national savings, Percent of GDP","Annual","2005","35.648857",""
"Iraq","Gross national savings, Percent of GDP","Annual","2006","25.547089",""
"Iraq","Gross national savings, Percent of GDP","Annual","2007","21.762874",""
"Iraq","Gross national savings, Percent of GDP","Annual","2008","37.296834",""
"Iraq","Gross national savings, Percent of GDP","Annual","2009","14.164862",""
"Iraq","Gross national savings, Percent of GDP","Annual","2010","25.001093",""
"Iraq","Gross national savings, Percent of GDP","Annual","2011","33.631314",""
"Iraq","Gross national savings, Percent of GDP","Annual","2012","28.670415",""
"Iraq","Gross national savings, Percent of GDP","Annual","2013","34.148856",""
"Iraq","Gross national savings, Percent of GDP","Annual","2014","32.806995",""
"Iraq","Gross national savings, Percent of GDP","Annual","2015","19.343852",""
"Iraq","Gross national savings, Percent of GDP","Annual","2016","14.311701",""
"Iraq","Gross national savings, Percent of GDP","Annual","2017","14.752543",""
"Iraq","Gross national savings, Percent of GDP","Annual","2018","20.942952",""
"Iraq","Gross national savings, Percent of GDP","Annual","2019","20.893925",""
"Iraq","Gross national savings, Percent of GDP","Annual","2020","9.968003",""
"Iraq","Gross national savings, Percent of GDP","Annual","2021","17.208915",""
"Iraq","Gross national savings, Percent of GDP","Annual","2022","29.45543",""
"Iraq","Gross national savings, Percent of GDP","Annual","2023","19.179826",""
"Iraq","Gross national savings, Percent of GDP","Annual","2024","11.519729",""
"Iraq","Gross national savings, Percent of GDP","Annual","2025","11.320855",""
"Iraq","Gross national savings, Percent of GDP","Annual","2026","6.572876",""
"Israel","Gross national savings, Percent of GDP","Annual","1980","15.042498",""
"Israel","Gross national savings, Percent of GDP","Annual","1981","12.17916",""
"Israel","Gross national savings, Percent of GDP","Annual","1982","11.800822",""
"Israel","Gross national savings, Percent of GDP","Annual","1983","13.076716",""
"Israel","Gross national savings, Percent of GDP","Annual","1984","13.5917",""
"Israel","Gross national savings, Percent of GDP","Annual","1985","19.413772",""
"Israel","Gross national savings, Percent of GDP","Annual","1986","20.139673",""
"Israel","Gross national savings, Percent of GDP","Annual","1987","12.755961",""
"Israel","Gross national savings, Percent of GDP","Annual","1988","14.480961",""
"Israel","Gross national savings, Percent of GDP","Annual","1989","15.993473",""
"Israel","Gross national savings, Percent of GDP","Annual","1990","17.690127",""
"Israel","Gross national savings, Percent of GDP","Annual","1991","20.720552",""
"Israel","Gross national savings, Percent of GDP","Annual","1992","21.463215",""
"Israel","Gross national savings, Percent of GDP","Annual","1993","19.595681",""
"Israel","Gross national savings, Percent of GDP","Annual","1994","18.355132",""
"Israel","Gross national savings, Percent of GDP","Annual","1995","23.84405",""
"Israel","Gross national savings, Percent of GDP","Annual","1996","23.966904",""
"Israel","Gross national savings, Percent of GDP","Annual","1997","24.455582",""
"Israel","Gross national savings, Percent of GDP","Annual","1998","24.670331",""
"Israel","Gross national savings, Percent of GDP","Annual","1999","24.209191",""
"Israel","Gross national savings, Percent of GDP","Annual","2000","23.389672",""
"Israel","Gross national savings, Percent of GDP","Annual","2001","23.045717",""
"Israel","Gross national savings, Percent of GDP","Annual","2002","22.009483",""
"Israel","Gross national savings, Percent of GDP","Annual","2003","22.323839",""
"Israel","Gross national savings, Percent of GDP","Annual","2004","23.65531",""
"Israel","Gross national savings, Percent of GDP","Annual","2005","25.948586",""
"Israel","Gross national savings, Percent of GDP","Annual","2006","26.946381",""
"Israel","Gross national savings, Percent of GDP","Annual","2007","26.630858",""
"Israel","Gross national savings, Percent of GDP","Annual","2008","23.69514",""
"Israel","Gross national savings, Percent of GDP","Annual","2009","24.026334",""
"Israel","Gross national savings, Percent of GDP","Annual","2010","24.273527",""
"Israel","Gross national savings, Percent of GDP","Annual","2011","24.474918",""
"Israel","Gross national savings, Percent of GDP","Annual","2012","23.642766",""
"Israel","Gross national savings, Percent of GDP","Annual","2013","24.621455",""
"Israel","Gross national savings, Percent of GDP","Annual","2014","26.350573",""
"Israel","Gross national savings, Percent of GDP","Annual","2015","26.766136",""
"Israel","Gross national savings, Percent of GDP","Annual","2016","26.335516",""
"Israel","Gross national savings, Percent of GDP","Annual","2017","26.438739",""
"Israel","Gross national savings, Percent of GDP","Annual","2018","26.6787",""
"Israel","Gross national savings, Percent of GDP","Annual","2019","26.853464",""
"Israel","Gross national savings, Percent of GDP","Annual","2020","28.777454",""
"Israel","Gross national savings, Percent of GDP","Annual","2021","29.22468",""
"Israel","Gross national savings, Percent of GDP","Annual","2022","30.388247",""
"Israel","Gross national savings, Percent of GDP","Annual","2023","29.531587",""
"Israel","Gross national savings, Percent of GDP","Annual","2024","26.721895",""
"Israel","Gross national savings, Percent of GDP","Annual","2025","25.808448",""
"Israel","Gross national savings, Percent of GDP","Annual","2026","26.355268",""
"Lebanon","Gross national savings, Percent of GDP","Annual","1980","14.640312",""
"Lebanon","Gross national savings, Percent of GDP","Annual","1981","-1.285866",""
"Lebanon","Gross national savings, Percent of GDP","Annual","1982","65.124035",""
"Lebanon","Gross national savings, Percent of GDP","Annual","1983","-11.017559",""
"Lebanon","Gross national savings, Percent of GDP","Annual","1984","-13.819669",""
"Lebanon","Gross national savings, Percent of GDP","Annual","1985","-6.176578",""
"Lebanon","Gross national savings, Percent of GDP","Annual","1986","-2.136902",""
"Lebanon","Gross national savings, Percent of GDP","Annual","1987","-2.217747",""
"Lebanon","Gross national savings, Percent of GDP","Annual","1988","-5.595029",""
"Lebanon","Gross national savings, Percent of GDP","Annual","1989","25.99567",""
"Lebanon","Gross national savings, Percent of GDP","Annual","1990","18.00944",""
"Lebanon","Gross national savings, Percent of GDP","Annual","1991","19.548498",""
"Lebanon","Gross national savings, Percent of GDP","Annual","1992","36.294953",""
"Lebanon","Gross national savings, Percent of GDP","Annual","1993","23.29317",""
"Lebanon","Gross national savings, Percent of GDP","Annual","1994","26.59379",""
"Lebanon","Gross national savings, Percent of GDP","Annual","1995","23.62396",""
"Lebanon","Gross national savings, Percent of GDP","Annual","1996","20.30903",""
"Lebanon","Gross national savings, Percent of GDP","Annual","1997","-3.384431",""
"Lebanon","Gross national savings, Percent of GDP","Annual","1998","4.122577",""
"Lebanon","Gross national savings, Percent of GDP","Annual","1999","6.006933",""
"Lebanon","Gross national savings, Percent of GDP","Annual","2000","5.770947",""
"Lebanon","Gross national savings, Percent of GDP","Annual","2001","5.935961",""
"Lebanon","Gross national savings, Percent of GDP","Annual","2002","8.590565",""
"Lebanon","Gross national savings, Percent of GDP","Annual","2003","7.054183",""
"Lebanon","Gross national savings, Percent of GDP","Annual","2004","3.319417",""
"Lebanon","Gross national savings, Percent of GDP","Annual","2005","10.28605",""
"Lebanon","Gross national savings, Percent of GDP","Annual","2006","15.330989",""
"Lebanon","Gross national savings, Percent of GDP","Annual","2007","17.837945",""
"Lebanon","Gross national savings, Percent of GDP","Annual","2008","13.251815",""
"Lebanon","Gross national savings, Percent of GDP","Annual","2009","7.036684",""
"Lebanon","Gross national savings, Percent of GDP","Annual","2010","6.79105",""
"Lebanon","Gross national savings, Percent of GDP","Annual","2011","13.01255",""
"Lebanon","Gross national savings, Percent of GDP","Annual","2012","1.349615",""
"Lebanon","Gross national savings, Percent of GDP","Annual","2013","2.101259",""
"Lebanon","Gross national savings, Percent of GDP","Annual","2014","-1.263531",""
"Lebanon","Gross national savings, Percent of GDP","Annual","2015","5.11915",""
"Lebanon","Gross national savings, Percent of GDP","Annual","2016","2.692424",""
"Lebanon","Gross national savings, Percent of GDP","Annual","2017","-1.094945",""
"Lebanon","Gross national savings, Percent of GDP","Annual","2018","-1.844768",""
"Lebanon","Gross national savings, Percent of GDP","Annual","2019","-9.429939",""
"Lebanon","Gross national savings, Percent of GDP","Annual","2020","-1.788849",""
"Lebanon","Gross national savings, Percent of GDP","Annual","2021","-0.025209",""
"Lebanon","Gross national savings, Percent of GDP","Annual","2022","-6.759847",""
"Lebanon","Gross national savings, Percent of GDP","Annual","2023","-1.062253",""
"Lebanon","Gross national savings, Percent of GDP","Annual","2024","1.472527",""
"Lebanon","Gross national savings, Percent of GDP","Annual","2025","0.066314",""
"Yemen, Republic of","Gross national savings, Percent of GDP","Annual","2014","-22.666","Units"
"Yemen, Republic of","Gross national savings, Percent of GDP","Annual","2015","-3.644","Units"
"Yemen, Republic of","Gross national savings, Percent of GDP","Annual","2016","29.970","Units"
"Yemen, Republic of","Gross national savings, Percent of GDP","Annual","2017","49.614","Units"
"Yemen, Republic of","Gross national savings, Percent of GDP","Annual","2018","58.578","Units"
"Yemen, Republic of","Gross national savings, Percent of GDP","Annual","2019","70.512","Units"
"Yemen, Republic of","Gross national savings, Percent of GDP","Annual","2020","79.590","Units"
"Yemen, Republic of","Gross national savings, Percent of GDP","Annual","2021","60.015","Units"
"Yemen, Republic of","Gross national savings, Percent of GDP","Annual","2022","72.138","Units"
"Yemen, Republic of","Gross national savings, Percent of GDP","Annual","2023","109.624","Units"
"Yemen, Republic of","Gross national savings, Percent of GDP","Annual","2024","127.356","Units"
"United Arab Emirates","Gross national savings, Percent of GDP","Annual","1980","44.320","Units"
"United Arab Emirates","Gross national savings, Percent of GDP","Annual","1981","41.804","Units"
"United Arab Emirates","Gross national savings, Percent of GDP","Annual","1982","36.481","Units"
"United Arab Emirates","Gross national savings, Percent of GDP","Annual","1983","35.443","Units"
"United Arab Emirates","Gross national savings, Percent of GDP","Annual","1984","39.428","Units"
"United Arab Emirates","Gross national savings, Percent of GDP","Annual","1985","35.582","Units"
"United Arab Emirates","Gross national savings, Percent of GDP","Annual","1986","29.094","Units"
"United Arab Emirates","Gross national savings, Percent of GDP","Annual","1987","28.125","Units"
"United Arab Emirates","Gross national savings, Percent of GDP","Annual","1988","25.666","Units"
"United Arab Emirates","Gross national savings, Percent of GDP","Annual","1989","26.738","Units"
"United Arab Emirates","Gross national savings, Percent of GDP","Annual","1990","38.040","Units"
"United Arab Emirates","Gross national savings, Percent of GDP","Annual","1991","25.190","Units"
"United Arab Emirates","Gross national savings, Percent of GDP","Annual","1992","29.425","Units"
"United Arab Emirates","Gross national savings, Percent of GDP","Annual","1993","27.535","Units"
"United Arab Emirates","Gross national savings, Percent of GDP","Annual","1994","27.704","Units"
"United Arab Emirates","Gross national savings, Percent of GDP","Annual","1995","27.999","Units"
"United Arab Emirates","Gross national savings, Percent of GDP","Annual","1996","31.826","Units"
"United Arab Emirates","Gross national savings, Percent of GDP","Annual","1997","36.379","Units"
"United Arab Emirates","Gross national savings, Percent of GDP","Annual","1998","30.189","Units"
"United Arab Emirates","Gross national savings, Percent of GDP","Annual","1999","31.286","Units"
"United Arab Emirates","Gross national savings, Percent of GDP","Annual","2000","38.233","Units"
"United Arab Emirates","Gross national savings, Percent of GDP","Annual","2001","31.575","Units"
"United Arab Emirates","Gross national savings, Percent of GDP","Annual","2002","25.862","Units"
"United Arab Emirates","Gross national savings, Percent of GDP","Annual","2003","27.913","Units"
"United Arab Emirates","Gross national savings, Percent of GDP","Annual","2004","26.411","Units"
"United Arab Emirates","Gross national savings, Percent of GDP","Annual","2005","33.332","Units"
"United Arab Emirates","Gross national savings, Percent of GDP","Annual","2006","36.585","Units"
"United Arab Emirates","Gross national savings, Percent of GDP","Annual","2007","32.834","Units"
"United Arab Emirates","Gross national savings, Percent of GDP","Annual","2008","32.158","Units"
"United Arab Emirates","Gross national savings, Percent of GDP","Annual","2009","34.729","Units"
"United Arab Emirates","Gross national savings, Percent of GDP","Annual","2010","35.335","Units"
"United Arab Emirates","Gross national savings, Percent of GDP","Annual","2011","38.753","Units"
"United Arab Emirates","Gross national savings, Percent of GDP","Annual","2012","44.115","Units"
"United Arab Emirates","Gross national savings, Percent of GDP","Annual","2013","41.312","Units"
"United Arab Emirates","Gross national savings, Percent of GDP","Annual","2014","37.494","Units"
"United Arab Emirates","Gross national savings, Percent of GDP","Annual","2015","29.300","Units"
"United Arab Emirates","Gross national savings, Percent of GDP","Annual","2016","27.652","Units"
"United Arab Emirates","Gross national savings, Percent of GDP","Annual","2017","30.607","Units"
"United Arab Emirates","Gross national savings, Percent of GDP","Annual","2018","33.589","Units"
"United Arab Emirates","Gross national savings, Percent of GDP","Annual","2019","35.459","Units"
"United Arab Emirates","Gross national savings, Percent of GDP","Annual","2020","30.888","Units"
"United Arab Emirates","Gross national savings, Percent of GDP","Annual","2021","38.453","Units"
"United Arab Emirates","Gross national savings, Percent of GDP","Annual","2022","40.753","Units"
"United Arab Emirates","Gross national savings, Percent of GDP","Annual","2023","42.392","Units"
"United Arab Emirates","Gross national savings, Percent of GDP","Annual","2024","37.586","Units"
"United Arab Emirates","Gross national savings, Percent of GDP","Annual","2025","37.437","Units"
"United Arab Emirates","Gross national savings, Percent of GDP","Annual","2026","38.622","Units"
"Saudi Arabia","Gross national savings, Percent of GDP","Annual","1980","46.129","Units"
"Saudi Arabia","Gross national savings, Percent of GDP","Annual","1981","42.578","Units"
"Saudi Arabia","Gross national savings, Percent of GDP","Annual","1982","25.661","Units"
"Saudi Arabia","Gross national savings, Percent of GDP","Annual","1983","8.747","Units"
"Saudi Arabia","Gross national savings, Percent of GDP","Annual","1984","12.159","Units"
"Saudi Arabia","Gross national savings, Percent of GDP","Annual","1985","5.007","Units"
"Saudi Arabia","Gross national savings, Percent of GDP","Annual","1986","3.150","Units"
"Saudi Arabia","Gross national savings, Percent of GDP","Annual","1987","4.899","Units"
"Saudi Arabia","Gross national savings, Percent of GDP","Annual","1988","12.476","Units"
"Saudi Arabia","Gross national savings, Percent of GDP","Annual","1989","9.441","Units"
"Saudi Arabia","Gross national savings, Percent of GDP","Annual","1990","12.155","Units"
"Saudi Arabia","Gross national savings, Percent of GDP","Annual","1991","-0.848","Units"
"Saudi Arabia","Gross national savings, Percent of GDP","Annual","1992","10.023","Units"
"Saudi Arabia","Gross national savings, Percent of GDP","Annual","1993","12.069","Units"
"Saudi Arabia","Gross national savings, Percent of GDP","Annual","1994","12.599","Units"
"Saudi Arabia","Gross national savings, Percent of GDP","Annual","1995","16.571","Units"
"Saudi Arabia","Gross national savings, Percent of GDP","Annual","1996","19.000","Units"
"Saudi Arabia","Gross national savings, Percent of GDP","Annual","1997","18.961","Units"
"Saudi Arabia","Gross national savings, Percent of GDP","Annual","1998","14.002","Units"
"Saudi Arabia","Gross national savings, Percent of GDP","Annual","1999","21.768","Units"
"Saudi Arabia","Gross national savings, Percent of GDP","Annual","2000","26.872","Units"
"Saudi Arabia","Gross national savings, Percent of GDP","Annual","2001","24.703","Units"
"Saudi Arabia","Gross national savings, Percent of GDP","Annual","2002","25.955","Units"
"Saudi Arabia","Gross national savings, Percent of GDP","Annual","2003","32.489","Units"
"Saudi Arabia","Gross national savings, Percent of GDP","Annual","2004","39.933","Units"
"Saudi Arabia","Gross national savings, Percent of GDP","Annual","2005","48.321","Units"
"Saudi Arabia","Gross national savings, Percent of GDP","Annual","2006","49.605","Units"
"Saudi Arabia","Gross national savings, Percent of GDP","Annual","2007","50.386","Units"
"Saudi Arabia","Gross national savings, Percent of GDP","Annual","2008","54.180","Units"
"Saudi Arabia","Gross national savings, Percent of GDP","Annual","2009","38.318","Units"
"Saudi Arabia","Gross national savings, Percent of GDP","Annual","2010","45.014","Units"
"Saudi Arabia","Gross national savings, Percent of GDP","Annual","2011","51.000","Units"
"Saudi Arabia","Gross national savings, Percent of GDP","Annual","2012","49.099","Units"
"Saudi Arabia","Gross national savings, Percent of GDP","Annual","2013","44.620","Units"
"Saudi Arabia","Gross national savings, Percent of GDP","Annual","2014","38.398","Units"
"Saudi Arabia","Gross national savings, Percent of GDP","Annual","2015","24.496","Units"
"Saudi Arabia","Gross national savings, Percent of GDP","Annual","2016","24.204","Units"
"Saudi Arabia","Gross national savings, Percent of GDP","Annual","2017","26.701","Units"
"Saudi Arabia","Gross national savings, Percent of GDP","Annual","2018","30.272","Units"
"Saudi Arabia","Gross national savings, Percent of GDP","Annual","2019","29.197","Units"
"Saudi Arabia","Gross national savings, Percent of GDP","Annual","2020","18.815","Units"
"Saudi Arabia","Gross national savings, Percent of GDP","Annual","2021","30.912","Units"
"Saudi Arabia","Gross national savings, Percent of GDP","Annual","2022","38.245","Units"
"Saudi Arabia","Gross national savings, Percent of GDP","Annual","2023","31.892","Units"
"Saudi Arabia","Gross national savings, Percent of GDP","Annual","2024","30.380","Units"
"Saudi Arabia","Gross national savings, Percent of GDP","Annual","2025","28.670","Units"
"Saudi Arabia","Gross national savings, Percent of GDP","Annual","2026","28.702","Units"
"Syrian Arab Republic","Gross national savings, Percent of GDP","Annual","1980","22.408","Units"
"Syrian Arab Republic","Gross national savings, Percent of GDP","Annual","1981","20.440","Units"
"Syrian Arab Republic","Gross national savings, Percent of GDP","Annual","1982","22.217","Units"
"Syrian Arab Republic","Gross national savings, Percent of GDP","Annual","1983","10.251","Units"
"Syrian Arab Republic","Gross national savings, Percent of GDP","Annual","1984","11.867","Units"
"Syrian Arab Republic","Gross national savings, Percent of GDP","Annual","1985","10.110","Units"
"Syrian Arab Republic","Gross national savings, Percent of GDP","Annual","1986","11.344","Units"
"Syrian Arab Republic","Gross national savings, Percent of GDP","Annual","1987","4.132","Units"
"Syrian Arab Republic","Gross national savings, Percent of GDP","Annual","1988","2.394","Units"
"Syrian Arab Republic","Gross national savings, Percent of GDP","Annual","1989","12.848","Units"
"Syrian Arab Republic","Gross national savings, Percent of GDP","Annual","1990","30.754","Units"
"Syrian Arab Republic","Gross national savings, Percent of GDP","Annual","1991","26.725","Units"
"Syrian Arab Republic","Gross national savings, Percent of GDP","Annual","1992","23.042","Units"
"Syrian Arab Republic","Gross national savings, Percent of GDP","Annual","1993","24.218","Units"
"Syrian Arab Republic","Gross national savings, Percent of GDP","Annual","1994","24.317","Units"
"Syrian Arab Republic","Gross national savings, Percent of GDP","Annual","1995","28.488","Units"
"Syrian Arab Republic","Gross national savings, Percent of GDP","Annual","1996","23.372","Units"
"Syrian Arab Republic","Gross national savings, Percent of GDP","Annual","1997","23.335","Units"
"Syrian Arab Republic","Gross national savings, Percent of GDP","Annual","1998","21.354","Units"
"Syrian Arab Republic","Gross national savings, Percent of GDP","Annual","1999","20.570","Units"
"Syrian Arab Republic","Gross national savings, Percent of GDP","Annual","2000","21.697","Units"
"Syrian Arab Republic","Gross national savings, Percent of GDP","Annual","2001","23.494","Units"
"Syrian Arab Republic","Gross national savings, Percent of GDP","Annual","2002","23.397","Units"
"Syrian Arab Republic","Gross national savings, Percent of GDP","Annual","2003","15.406","Units"
"Syrian Arab Republic","Gross national savings, Percent of GDP","Annual","2004","14.557","Units"
"Syrian Arab Republic","Gross national savings, Percent of GDP","Annual","2005","16.162","Units"
"Syrian Arab Republic","Gross national savings, Percent of GDP","Annual","2006","21.281","Units"
"Syrian Arab Republic","Gross national savings, Percent of GDP","Annual","2007","26.337","Units"
"Syrian Arab Republic","Gross national savings, Percent of GDP","Annual","2008","29.778","Units"
"Syrian Arab Republic","Gross national savings, Percent of GDP","Annual","2009","27.067","Units"
"Syrian Arab Republic","Gross national savings, Percent of GDP","Annual","2010","23.845","Units"
"Bhutan","Gross national savings, Percent of GDP","Annual","1981","6.767","Units"
"Bhutan","Gross national savings, Percent of GDP","Annual","1982","8.904","Units"
"Bhutan","Gross national savings, Percent of GDP","Annual","1983","8.095","Units"
"Bhutan","Gross national savings, Percent of GDP","Annual","1984","7.137","Units"
"Bhutan","Gross national savings, Percent of GDP","Annual","1985","13.015","Units"
"Bhutan","Gross national savings, Percent of GDP","Annual","1986","8.582","Units"
"Bhutan","Gross national savings, Percent of GDP","Annual","1987","16.289","Units"
"Bhutan","Gross national savings, Percent of GDP","Annual","1988","16.780","Units"
"Bhutan","Gross national savings, Percent of GDP","Annual","1989","22.084","Units"
"Bhutan","Gross national savings, Percent of GDP","Annual","1990","27.948","Units"
"Bhutan","Gross national savings, Percent of GDP","Annual","1991","22.746","Units"
"Bhutan","Gross national savings, Percent of GDP","Annual","1992","17.432","Units"
"Bhutan","Gross national savings, Percent of GDP","Annual","1993","29.636","Units"
"Bhutan","Gross national savings, Percent of GDP","Annual","1994","40.568","Units"
"Bhutan","Gross national savings, Percent of GDP","Annual","1995","39.290","Units"
"Bhutan","Gross national savings, Percent of GDP","Annual","1996","58.355","Units"
"Bhutan","Gross national savings, Percent of GDP","Annual","1997","45.433","Units"
"Bhutan","Gross national savings, Percent of GDP","Annual","1998","47.001","Units"
"Bhutan","Gross national savings, Percent of GDP","Annual","1999","43.063","Units"
"Bhutan","Gross national savings, Percent of GDP","Annual","2000","39.241","Units"
"Bhutan","Gross national savings, Percent of GDP","Annual","2001","53.440","Units"
"Bhutan","Gross national savings, Percent of GDP","Annual","2002","41.912","Units"
"Bhutan","Gross national savings, Percent of GDP","Annual","2003","36.703","Units"
"Bhutan","Gross national savings, Percent of GDP","Annual","2004","35.817","Units"
"Bhutan","Gross national savings, Percent of GDP","Annual","2005","34.765","Units"
"Bhutan","Gross national savings, Percent of GDP","Annual","2006","43.194","Units"
"Bhutan","Gross national savings, Percent of GDP","Annual","2007","52.961","Units"
"Bhutan","Gross national savings, Percent of GDP","Annual","2008","35.359","Units"
"Bhutan","Gross national savings, Percent of GDP","Annual","2009","41.388","Units"
"Bhutan","Gross national savings, Percent of GDP","Annual","2010","36.324","Units"
"Bhutan","Gross national savings, Percent of GDP","Annual","2011","30.739","Units"
"Bhutan","Gross national savings, Percent of GDP","Annual","2012","49.126","Units"
"Bhutan","Gross national savings, Percent of GDP","Annual","2013","43.144","Units"
"Bhutan","Gross national savings, Percent of GDP","Annual","2014","35.053","Units"
"Bhutan","Gross national savings, Percent of GDP","Annual","2015","30.956","Units"
"Bhutan","Gross national savings, Percent of GDP","Annual","2016","27.409","Units"
"Bhutan","Gross national savings, Percent of GDP","Annual","2017","33.286","Units"
"Bhutan","Gross national savings, Percent of GDP","Annual","2018","36.669","Units"
"Bhutan","Gross national savings, Percent of GDP","Annual","2019","30.692","Units"
"Bhutan","Gross national savings, Percent of GDP","Annual","2020","27.887","Units"
"Bhutan","Gross national savings, Percent of GDP","Annual","2021","30.731","Units"
"Bhutan","Gross national savings, Percent of GDP","Annual","2022","20.845","Units"
"Bhutan","Gross national savings, Percent of GDP","Annual","2023","15.278","Units"
"Bhutan","Gross national savings, Percent of GDP","Annual","2024","20.774","Units"
"Bhutan","Gross national savings, Percent of GDP","Annual","2025","35.889","Units"
"Bhutan","Gross national savings, Percent of GDP","Annual","2026","30.088","Units"
"Egypt, Arab Republic of","Gross national savings, Percent of GDP","Annual","1980","15.676","Units"
"Egypt, Arab Republic of","Gross national savings, Percent of GDP","Annual","1981","13.379","Units"
"Egypt, Arab Republic of","Gross national savings, Percent of GDP","Annual","1982","12.436","Units"
"Egypt, Arab Republic of","Gross national savings, Percent of GDP","Annual","1983","12.967","Units"
"Egypt, Arab Republic of","Gross national savings, Percent of GDP","Annual","1984","10.224","Units"
"Egypt, Arab Republic of","Gross national savings, Percent of GDP","Annual","1985","9.580","Units"
"Egypt, Arab Republic of","Gross national savings, Percent of GDP","Annual","1986","8.089","Units"
"Egypt, Arab Republic of","Gross national savings, Percent of GDP","Annual","1987","19.021","Units"
"Egypt, Arab Republic of","Gross national savings, Percent of GDP","Annual","1988","18.990","Units"
"Egypt, Arab Republic of","Gross national savings, Percent of GDP","Annual","1989","19.070","Units"
"Egypt, Arab Republic of","Gross national savings, Percent of GDP","Annual","1990","21.165","Units"
"Egypt, Arab Republic of","Gross national savings, Percent of GDP","Annual","1991","33.037","Units"
"Egypt, Arab Republic of","Gross national savings, Percent of GDP","Annual","1992","31.599","Units"
"Egypt, Arab Republic of","Gross national savings, Percent of GDP","Annual","1993","20.791","Units"
"Egypt, Arab Republic of","Gross national savings, Percent of GDP","Annual","1994","21.547","Units"
"Egypt, Arab Republic of","Gross national savings, Percent of GDP","Annual","1995","20.622","Units"
"Egypt, Arab Republic of","Gross national savings, Percent of GDP","Annual","1996","16.638","Units"
"Egypt, Arab Republic of","Gross national savings, Percent of GDP","Annual","1997","16.512","Units"
"Egypt, Arab Republic of","Gross national savings, Percent of GDP","Annual","1998","17.506","Units"
"Egypt, Arab Republic of","Gross national savings, Percent of GDP","Annual","1999","17.974","Units"
"Egypt, Arab Republic of","Gross national savings, Percent of GDP","Annual","2000","17.486","Units"
"Egypt, Arab Republic of","Gross national savings, Percent of GDP","Annual","2001","17.334","Units"
"Egypt, Arab Republic of","Gross national savings, Percent of GDP","Annual","2002","20.589","Units"
"Egypt, Arab Republic of","Gross national savings, Percent of GDP","Annual","2003","21.601","Units"
"Egypt, Arab Republic of","Gross national savings, Percent of GDP","Annual","2004","23.319","Units"
"Egypt, Arab Republic of","Gross national savings, Percent of GDP","Annual","2005","24.297","Units"
"Egypt, Arab Republic of","Gross national savings, Percent of GDP","Annual","2006","24.655","Units"
"Egypt, Arab Republic of","Gross national savings, Percent of GDP","Annual","2007","29.166","Units"
"Egypt, Arab Republic of","Gross national savings, Percent of GDP","Annual","2008","29.008","Units"
"Egypt, Arab Republic of","Gross national savings, Percent of GDP","Annual","2009","19.664","Units"
"Egypt, Arab Republic of","Gross national savings, Percent of GDP","Annual","2010","19.421","Units"
"Egypt, Arab Republic of","Gross national savings, Percent of GDP","Annual","2011","14.627","Units"
"Egypt, Arab Republic of","Gross national savings, Percent of GDP","Annual","2012","15.157","Units"
"Egypt, Arab Republic of","Gross national savings, Percent of GDP","Annual","2013","14.446","Units"
"Egypt, Arab Republic of","Gross national savings, Percent of GDP","Annual","2014","15.038","Units"
"Egypt, Arab Republic of","Gross national savings, Percent of GDP","Annual","2015","13.151","Units"
"Egypt, Arab Republic of","Gross national savings, Percent of GDP","Annual","2016","11.795","Units"
"Egypt, Arab Republic of","Gross national savings, Percent of GDP","Annual","2017","12.902","Units"
"Egypt, Arab Republic of","Gross national savings, Percent of GDP","Annual","2018","18.359","Units"
"Egypt, Arab Republic of","Gross national savings, Percent of GDP","Annual","2019","17.224","Units"
"Egypt, Arab Republic of","Gross national savings, Percent of GDP","Annual","2020","15.900","Units"
"Egypt, Arab Republic of","Gross national savings, Percent of GDP","Annual","2021","13.857","Units"
"Egypt, Arab Republic of","Gross national savings, Percent of GDP","Annual","2022","16.373","Units"
"Egypt, Arab Republic of","Gross national savings, Percent of GDP","Annual","2023","15.294","Units"
"Egypt, Arab Republic of","Gross national savings, Percent of GDP","Annual","2024","7.566","Units"
"Egypt, Arab Republic of","Gross national savings, Percent of GDP","Annual","2025","9.675","Units"
"Egypt, Arab Republic of","Gross national savings, Percent of GDP","Annual","2026","6.193","Units"
"Emerging and Developing Asia","Gross national savings, Percent of GDP","Annual","1980","24.225","Units"
"Emerging and Developing Asia","Gross national savings, Percent of GDP","Annual","1981","24.153","Units"
"Emerging and Developing Asia","Gross national savings, Percent of GDP","Annual","1982","24.271","Units"
"Emerging and Developing Asia","Gross national savings, Percent of GDP","Annual","1983","24.044","Units"
"Emerging and Developing Asia","Gross national savings, Percent of GDP","Annual","1984","24.172","Units"
"Emerging and Developing Asia","Gross national savings, Percent of GDP","Annual","1985","24.971","Units"
"Emerging and Developing Asia","Gross national savings, Percent of GDP","Annual","1986","24.631","Units"
"Emerging and Developing Asia","Gross national savings, Percent of GDP","Annual","1987","26.190","Units"
"Emerging and Developing Asia","Gross national savings, Percent of GDP","Annual","1988","27.463","Units"
"Emerging and Developing Asia","Gross national savings, Percent of GDP","Annual","1989","28.678","Units"
"Emerging and Developing Asia","Gross national savings, Percent of GDP","Annual","1990","30.361","Units"
"Emerging and Developing Asia","Gross national savings, Percent of GDP","Annual","1991","29.752","Units"
"Emerging and Developing Asia","Gross national savings, Percent of GDP","Annual","1992","29.963","Units"
"Emerging and Developing Asia","Gross national savings, Percent of GDP","Annual","1993","32.412","Units"
"Emerging and Developing Asia","Gross national savings, Percent of GDP","Annual","1994","32.591","Units"
"Emerging and Developing Asia","Gross national savings, Percent of GDP","Annual","1995","32.635","Units"
"Emerging and Developing Asia","Gross national savings, Percent of GDP","Annual","1996","32.345","Units"
"Emerging and Developing Asia","Gross national savings, Percent of GDP","Annual","1997","32.645","Units"
"Emerging and Developing Asia","Gross national savings, Percent of GDP","Annual","1998","32.186","Units"
"Emerging and Developing Asia","Gross national savings, Percent of GDP","Annual","1999","31.071","Units"
"Emerging and Developing Asia","Gross national savings, Percent of GDP","Annual","2000","30.822","Units"
"Emerging and Developing Asia","Gross national savings, Percent of GDP","Annual","2001","32.854","Units"
"Emerging and Developing Asia","Gross national savings, Percent of GDP","Annual","2002","33.853","Units"
"Emerging and Developing Asia","Gross national savings, Percent of GDP","Annual","2003","36.446","Units"
"Emerging and Developing Asia","Gross national savings, Percent of GDP","Annual","2004","38.600","Units"
"Emerging and Developing Asia","Gross national savings, Percent of GDP","Annual","2005","39.255","Units"
"Emerging and Developing Asia","Gross national savings, Percent of GDP","Annual","2006","41.269","Units"
"Emerging and Developing Asia","Gross national savings, Percent of GDP","Annual","2007","43.373","Units"
"Emerging and Developing Asia","Gross national savings, Percent of GDP","Annual","2008","44.133","Units"
"Emerging and Developing Asia","Gross national savings, Percent of GDP","Annual","2009","43.627","Units"
"Emerging and Developing Asia","Gross national savings, Percent of GDP","Annual","2010","44.167","Units"
"Emerging and Developing Asia","Gross national savings, Percent of GDP","Annual","2011","42.884","Units"
"Emerging and Developing Asia","Gross national savings, Percent of GDP","Annual","2012","42.758","Units"
"Emerging and Developing Asia","Gross national savings, Percent of GDP","Annual","2013","42.062","Units"
"Emerging and Developing Asia","Gross national savings, Percent of GDP","Annual","2014","42.523","Units"
"Emerging and Developing Asia","Gross national savings, Percent of GDP","Annual","2015","40.931","Units"
"Emerging and Developing Asia","Gross national savings, Percent of GDP","Annual","2016","39.713","Units"
"Emerging and Developing Asia","Gross national savings, Percent of GDP","Annual","2017","39.874","Units"
"Emerging and Developing Asia","Gross national savings, Percent of GDP","Annual","2018","39.739","Units"
"Emerging and Developing Asia","Gross national savings, Percent of GDP","Annual","2019","39.376","Units"
"Emerging and Developing Asia","Gross national savings, Percent of GDP","Annual","2020","40.006","Units"
"Emerging and Developing Asia","Gross national savings, Percent of GDP","Annual","2021","40.712","Units"
"Emerging and Developing Asia","Gross national savings, Percent of GDP","Annual","2022","40.706","Units"
"Emerging and Developing Asia","Gross national savings, Percent of GDP","Annual","2023","39.233","Units"
"Emerging and Developing Asia","Gross national savings, Percent of GDP","Annual","2024","39.367","Units"
"Emerging and Developing Asia","Gross national savings, Percent of GDP","Annual","2025","38.948","Units"
"Emerging and Developing Asia","Gross national savings, Percent of GDP","Annual","2026","38.493","Units"
"Afghanistan, Islamic Republic of","Gross national savings, Percent of GDP","Annual","2002","61.151","Units"
"Afghanistan, Islamic Republic of","Gross national savings, Percent of GDP","Annual","2003","59.718","Units"
"Afghanistan, Islamic Republic of","Gross national savings, Percent of GDP","Annual","2004","72.570","Units"
"Afghanistan, Islamic Republic of","Gross national savings, Percent of GDP","Annual","2005","67.274","Units"
"Afghanistan, Islamic Republic of","Gross national savings, Percent of GDP","Annual","2006","50.333","Units"
"Afghanistan, Islamic Republic of","Gross national savings, Percent of GDP","Annual","2007","119.243","Units"
"Afghanistan, Islamic Republic of","Gross national savings, Percent of GDP","Annual","2008","63.990","Units"
"Afghanistan, Islamic Republic of","Gross national savings, Percent of GDP","Annual","2009","78.090","Units"
"Afghanistan, Islamic Republic of","Gross national savings, Percent of GDP","Annual","2010","59.699","Units"
"Afghanistan, Islamic Republic of","Gross national savings, Percent of GDP","Annual","2011","52.981","Units"
"Afghanistan, Islamic Republic of","Gross national savings, Percent of GDP","Annual","2012","36.204","Units"
"Afghanistan, Islamic Republic of","Gross national savings, Percent of GDP","Annual","2013","24.538","Units"
"Afghanistan, Islamic Republic of","Gross national savings, Percent of GDP","Annual","2014","24.009","Units"
"Afghanistan, Islamic Republic of","Gross national savings, Percent of GDP","Annual","2015","22.176","Units"
"Afghanistan, Islamic Republic of","Gross national savings, Percent of GDP","Annual","2016","28.312","Units"
"Afghanistan, Islamic Republic of","Gross national savings, Percent of GDP","Annual","2017","26.058","Units"
"Afghanistan, Islamic Republic of","Gross national savings, Percent of GDP","Annual","2018","30.191","Units"
"Afghanistan, Islamic Republic of","Gross national savings, Percent of GDP","Annual","2019","29.897","Units"
"Afghanistan, Islamic Republic of","Gross national savings, Percent of GDP","Annual","2020","30.985","Units"
"Afghanistan, Islamic Republic of","Gross national savings, Percent of GDP","Annual","2021","12.931","Units"
"Afghanistan, Islamic Republic of","Gross national savings, Percent of GDP","Annual","2022","-1.863","Units"
"Afghanistan, Islamic Republic of","Gross national savings, Percent of GDP","Annual","2023","-5.062","Units"
"Afghanistan, Islamic Republic of","Gross national savings, Percent of GDP","Annual","2024","-28.717","Units"
"Afghanistan, Islamic Republic of","Gross national savings, Percent of GDP","Annual","2025","-27.886","Units"
"Myanmar","Gross national savings, Percent of GDP","Annual","1998","-11.073617",""
"Myanmar","Gross national savings, Percent of GDP","Annual","1999","-3.055508",""
"Myanmar","Gross national savings, Percent of GDP","Annual","2000","4.226819",""
"Myanmar","Gross national savings, Percent of GDP","Annual","2001","5.180875",""
"Myanmar","Gross national savings, Percent of GDP","Annual","2002","7.938551",""
"Myanmar","Gross national savings, Percent of GDP","Annual","2003","10.021212",""
"Myanmar","Gross national savings, Percent of GDP","Annual","2004","12.42807",""
"Myanmar","Gross national savings, Percent of GDP","Annual","2005","16.252238",""
"Myanmar","Gross national savings, Percent of GDP","Annual","2006","18.566542",""
"Myanmar","Gross national savings, Percent of GDP","Annual","2007","14.478246",""
"Myanmar","Gross national savings, Percent of GDP","Annual","2008","10.447104",""
"Myanmar","Gross national savings, Percent of GDP","Annual","2009","13.59953",""
"Myanmar","Gross national savings, Percent of GDP","Annual","2010","25.93216",""
"Myanmar","Gross national savings, Percent of GDP","Annual","2011","24.971599",""
"Myanmar","Gross national savings, Percent of GDP","Annual","2012","28.260993",""
"Myanmar","Gross national savings, Percent of GDP","Annual","2013","29.051547",""
"Myanmar","Gross national savings, Percent of GDP","Annual","2014","35.382484",""
"Myanmar","Gross national savings, Percent of GDP","Annual","2015","32.391311",""
"Myanmar","Gross national savings, Percent of GDP","Annual","2016","28.750552",""
"Myanmar","Gross national savings, Percent of GDP","Annual","2017","29.424722",""
"Myanmar","Gross national savings, Percent of GDP","Annual","2018","28.684137",""
"Myanmar","Gross national savings, Percent of GDP","Annual","2019","29.556558",""
"Myanmar","Gross national savings, Percent of GDP","Annual","2020","30.981083",""
"Myanmar","Gross national savings, Percent of GDP","Annual","2021","28.549897",""
"Myanmar","Gross national savings, Percent of GDP","Annual","2022","27.854174",""
"Myanmar","Gross national savings, Percent of GDP","Annual","2023","28.503575",""
"Myanmar","Gross national savings, Percent of GDP","Annual","2024","34.506881",""
"Myanmar","Gross national savings, Percent of GDP","Annual","2025","31.752033",""
"Myanmar","Gross national savings, Percent of GDP","Annual","2026","30.245499",""
"Bangladesh","Gross national savings, Percent of GDP","Annual","1981","20.588","Units"
"Bangladesh","Gross national savings, Percent of GDP","Annual","1982","20.693","Units"
"Bangladesh","Gross national savings, Percent of GDP","Annual","1983","19.689","Units"
"Bangladesh","Gross national savings, Percent of GDP","Annual","1984","18.951","Units"
"Bangladesh","Gross national savings, Percent of GDP","Annual","1985","19.711","Units"
"Bangladesh","Gross national savings, Percent of GDP","Annual","1986","19.999","Units"
"Bangladesh","Gross national savings, Percent of GDP","Annual","1987","19.100","Units"
"Bangladesh","Gross national savings, Percent of GDP","Annual","1988","19.213","Units"
"Bangladesh","Gross national savings, Percent of GDP","Annual","1989","20.049","Units"
"Bangladesh","Gross national savings, Percent of GDP","Annual","1990","20.589","Units"
"Bangladesh","Gross national savings, Percent of GDP","Annual","1991","22.465","Units"
"Bangladesh","Gross national savings, Percent of GDP","Annual","1992","22.016","Units"
"Bangladesh","Gross national savings, Percent of GDP","Annual","1993","20.636","Units"
"Bangladesh","Gross national savings, Percent of GDP","Annual","1994","21.427","Units"
"Bangladesh","Gross national savings, Percent of GDP","Annual","1995","21.891","Units"
"Bangladesh","Gross national savings, Percent of GDP","Annual","1996","22.881","Units"
"Bangladesh","Gross national savings, Percent of GDP","Annual","1997","23.871","Units"
"Bangladesh","Gross national savings, Percent of GDP","Annual","1998","24.370","Units"
"Bangladesh","Gross national savings, Percent of GDP","Annual","1999","24.674","Units"
"Bangladesh","Gross national savings, Percent of GDP","Annual","2000","26.344","Units"
"Bangladesh","Gross national savings, Percent of GDP","Annual","2001","26.300","Units"
"Bangladesh","Gross national savings, Percent of GDP","Annual","2002","27.125","Units"
"Bangladesh","Gross national savings, Percent of GDP","Annual","2003","27.148","Units"
"Bangladesh","Gross national savings, Percent of GDP","Annual","2004","27.910","Units"
"Bangladesh","Gross national savings, Percent of GDP","Annual","2005","27.721","Units"
"Bangladesh","Gross national savings, Percent of GDP","Annual","2006","29.199","Units"
"Bangladesh","Gross national savings, Percent of GDP","Annual","2007","29.155","Units"
"Bangladesh","Gross national savings, Percent of GDP","Annual","2008","28.870","Units"
"Bangladesh","Gross national savings, Percent of GDP","Annual","2009","29.703","Units"
"Bangladesh","Gross national savings, Percent of GDP","Annual","2010","30.469","Units"
"Bangladesh","Gross national savings, Percent of GDP","Annual","2011","29.972","Units"
"Bangladesh","Gross national savings, Percent of GDP","Annual","2012","30.870","Units"
"Bangladesh","Gross national savings, Percent of GDP","Annual","2013","31.535","Units"
"Bangladesh","Gross national savings, Percent of GDP","Annual","2014","30.450","Units"
"Bangladesh","Gross national savings, Percent of GDP","Annual","2015","30.285","Units"
"Bangladesh","Gross national savings, Percent of GDP","Annual","2016","32.112","Units"
"Bangladesh","Gross national savings, Percent of GDP","Annual","2017","30.708","Units"
"Bangladesh","Gross national savings, Percent of GDP","Annual","2018","30.610","Units"
"Bangladesh","Gross national savings, Percent of GDP","Annual","2019","31.138","Units"
"Bangladesh","Gross national savings, Percent of GDP","Annual","2020","31.418","Units"
"Bangladesh","Gross national savings, Percent of GDP","Annual","2021","30.794","Units"
"Bangladesh","Gross national savings, Percent of GDP","Annual","2022","29.350","Units"
"Bangladesh","Gross national savings, Percent of GDP","Annual","2023","29.945","Units"
"Bangladesh","Gross national savings, Percent of GDP","Annual","2024","28.337","Units"
"Bangladesh","Gross national savings, Percent of GDP","Annual","2025","27.644","Units"
"Bangladesh","Gross national savings, Percent of GDP","Annual","2026","26.096","Units"
"ASEAN-5","Gross national savings, Percent of GDP","Annual","1980","21.185","Units"
"ASEAN-5","Gross national savings, Percent of GDP","Annual","1981","22.572","Units"
"ASEAN-5","Gross national savings, Percent of GDP","Annual","1982","20.236","Units"
"ASEAN-5","Gross national savings, Percent of GDP","Annual","1983","20.748","Units"
"ASEAN-5","Gross national savings, Percent of GDP","Annual","1984","21.514","Units"
"ASEAN-5","Gross national savings, Percent of GDP","Annual","1985","21.480","Units"
"ASEAN-5","Gross national savings, Percent of GDP","Annual","1986","21.132","Units"
"ASEAN-5","Gross national savings, Percent of GDP","Annual","1987","23.445","Units"
"ASEAN-5","Gross national savings, Percent of GDP","Annual","1988","24.850","Units"
"ASEAN-5","Gross national savings, Percent of GDP","Annual","1989","27.252","Units"
"ASEAN-5","Gross national savings, Percent of GDP","Annual","1990","29.747","Units"
"ASEAN-5","Gross national savings, Percent of GDP","Annual","1991","28.545","Units"
"ASEAN-5","Gross national savings, Percent of GDP","Annual","1992","28.811","Units"
"ASEAN-5","Gross national savings, Percent of GDP","Annual","1993","29.233","Units"
"ASEAN-5","Gross national savings, Percent of GDP","Annual","1994","30.441","Units"
"ASEAN-5","Gross national savings, Percent of GDP","Annual","1995","31.034","Units"
"ASEAN-5","Gross national savings, Percent of GDP","Annual","1996","30.876","Units"
"ASEAN-5","Gross national savings, Percent of GDP","Annual","1997","31.773","Units"
"ASEAN-5","Gross national savings, Percent of GDP","Annual","1998","32.406","Units"
"ASEAN-5","Gross national savings, Percent of GDP","Annual","1999","26.701","Units"
"ASEAN-5","Gross national savings, Percent of GDP","Annual","2000","30.033","Units"
"ASEAN-5","Gross national savings, Percent of GDP","Annual","2001","28.704","Units"
"ASEAN-5","Gross national savings, Percent of GDP","Annual","2002","27.971","Units"
"ASEAN-5","Gross national savings, Percent of GDP","Annual","2003","29.607","Units"
"ASEAN-5","Gross national savings, Percent of GDP","Annual","2004","29.464","Units"
"ASEAN-5","Gross national savings, Percent of GDP","Annual","2005","29.109","Units"
"ASEAN-5","Gross national savings, Percent of GDP","Annual","2006","31.090","Units"
"ASEAN-5","Gross national savings, Percent of GDP","Annual","2007","31.392","Units"
"ASEAN-5","Gross national savings, Percent of GDP","Annual","2008","32.934","Units"
"ASEAN-5","Gross national savings, Percent of GDP","Annual","2009","32.296","Units"
"ASEAN-5","Gross national savings, Percent of GDP","Annual","2010","33.807","Units"
"ASEAN-5","Gross national savings, Percent of GDP","Annual","2011","33.622","Units"
"ASEAN-5","Gross national savings, Percent of GDP","Annual","2012","31.926","Units"
"ASEAN-5","Gross national savings, Percent of GDP","Annual","2013","30.795","Units"
"ASEAN-5","Gross national savings, Percent of GDP","Annual","2014","31.622","Units"
"ASEAN-5","Gross national savings, Percent of GDP","Annual","2015","31.549","Units"
"ASEAN-5","Gross national savings, Percent of GDP","Annual","2016","32.125","Units"
"ASEAN-5","Gross national savings, Percent of GDP","Annual","2017","32.645","Units"
"ASEAN-5","Gross national savings, Percent of GDP","Annual","2018","31.052","Units"
"ASEAN-5","Gross national savings, Percent of GDP","Annual","2019","30.615","Units"
"ASEAN-5","Gross national savings, Percent of GDP","Annual","2020","29.714","Units"
"ASEAN-5","Gross national savings, Percent of GDP","Annual","2021","30.220","Units"
"ASEAN-5","Gross national savings, Percent of GDP","Annual","2022","29.513","Units"
"ASEAN-5","Gross national savings, Percent of GDP","Annual","2023","28.290","Units"
"ASEAN-5","Gross national savings, Percent of GDP","Annual","2024","28.625","Units"
"ASEAN-5","Gross national savings, Percent of GDP","Annual","2025","28.428","Units"
"ASEAN-5","Gross national savings, Percent of GDP","Annual","2026","27.780","Units"
"Cambodia","Gross national savings, Percent of GDP","Annual","1986","-41.532211",""
"Cambodia","Gross national savings, Percent of GDP","Annual","1987","0.449093",""
"Cambodia","Gross national savings, Percent of GDP","Annual","1988","0.599722",""
"Cambodia","Gross national savings, Percent of GDP","Annual","1989","1.354566",""
"Cambodia","Gross national savings, Percent of GDP","Annual","1990","5.337756",""
"Cambodia","Gross national savings, Percent of GDP","Annual","1991","7.744513",""
"Cambodia","Gross national savings, Percent of GDP","Annual","1992","10.548336",""
"Cambodia","Gross national savings, Percent of GDP","Annual","1993","9.356438",""
"Cambodia","Gross national savings, Percent of GDP","Annual","1994","11.938551",""
"Cambodia","Gross national savings, Percent of GDP","Annual","1995","9.857445",""
"Cambodia","Gross national savings, Percent of GDP","Annual","1996","7.677049",""
"Cambodia","Gross national savings, Percent of GDP","Annual","1997","16.327951",""
"Cambodia","Gross national savings, Percent of GDP","Annual","1998","6.334805",""
"Cambodia","Gross national savings, Percent of GDP","Annual","1999","12.162599",""
"Cambodia","Gross national savings, Percent of GDP","Annual","2000","17.377453",""
"Cambodia","Gross national savings, Percent of GDP","Annual","2001","19.345056",""
"Cambodia","Gross national savings, Percent of GDP","Annual","2002","21.666886",""
"Cambodia","Gross national savings, Percent of GDP","Annual","2003","20.643304",""
"Cambodia","Gross national savings, Percent of GDP","Annual","2004","21.638813",""
"Cambodia","Gross national savings, Percent of GDP","Annual","2005","20.640483",""
"Cambodia","Gross national savings, Percent of GDP","Annual","2006","24.590704",""
"Cambodia","Gross national savings, Percent of GDP","Annual","2007","24.499538",""
"Cambodia","Gross national savings, Percent of GDP","Annual","2008","17.265501",""
"Cambodia","Gross national savings, Percent of GDP","Annual","2009","17.647142",""
"Cambodia","Gross national savings, Percent of GDP","Annual","2010","15.205245",""
"Cambodia","Gross national savings, Percent of GDP","Annual","2011","15.783546",""
"Cambodia","Gross national savings, Percent of GDP","Annual","2012","17.810384",""
"Cambodia","Gross national savings, Percent of GDP","Annual","2013","19.903947",""
"Cambodia","Gross national savings, Percent of GDP","Annual","2014","22.61571",""
"Cambodia","Gross national savings, Percent of GDP","Annual","2015","22.753895",""
"Cambodia","Gross national savings, Percent of GDP","Annual","2016","23.61981",""
"Cambodia","Gross national savings, Percent of GDP","Annual","2017","24.410444",""
"Cambodia","Gross national savings, Percent of GDP","Annual","2018","22.069573",""
"Cambodia","Gross national savings, Percent of GDP","Annual","2019","23.659682",""
"Cambodia","Gross national savings, Percent of GDP","Annual","2020","30.735179",""
"Cambodia","Gross national savings, Percent of GDP","Annual","2021","0.808553",""
"Cambodia","Gross national savings, Percent of GDP","Annual","2022","15.736116",""
"Cambodia","Gross national savings, Percent of GDP","Annual","2023","34.602034",""
"Cambodia","Gross national savings, Percent of GDP","Annual","2024","32.681234",""
"Cambodia","Gross national savings, Percent of GDP","Annual","2025","28.939699",""
"Cambodia","Gross national savings, Percent of GDP","Annual","2026","27.503773",""
"Korea, Republic of","Gross national savings, Percent of GDP","Annual","1980","26.684999",""
"Korea, Republic of","Gross national savings, Percent of GDP","Annual","1981","26.207389",""
"Korea, Republic of","Gross national savings, Percent of GDP","Annual","1982","28.257826",""
"Korea, Republic of","Gross national savings, Percent of GDP","Annual","1983","32.090349",""
"Korea, Republic of","Gross national savings, Percent of GDP","Annual","1984","34.269269",""
"Korea, Republic of","Gross national savings, Percent of GDP","Annual","1985","34.231629",""
"Korea, Republic of","Gross national savings, Percent of GDP","Annual","1986","37.711785",""
"Korea, Republic of","Gross national savings, Percent of GDP","Annual","1987","41.591687",""
"Korea, Republic of","Gross national savings, Percent of GDP","Annual","1988","43.79323",""
"Korea, Republic of","Gross national savings, Percent of GDP","Annual","1989","40.95478",""
"Korea, Republic of","Gross national savings, Percent of GDP","Annual","1990","41.351157",""
"Korea, Republic of","Gross national savings, Percent of GDP","Annual","1991","41.299329",""
"Korea, Republic of","Gross national savings, Percent of GDP","Annual","1992","40.338814",""
"Korea, Republic of","Gross national savings, Percent of GDP","Annual","1993","40.318137",""
"Korea, Republic of","Gross national savings, Percent of GDP","Annual","1994","39.851401",""
"Korea, Republic of","Gross national savings, Percent of GDP","Annual","1995","39.576128",""
"Korea, Republic of","Gross national savings, Percent of GDP","Annual","1996","37.688403",""
"Korea, Republic of","Gross national savings, Percent of GDP","Annual","1997","37.699699",""
"Korea, Republic of","Gross national savings, Percent of GDP","Annual","1998","39.654705",""
"Korea, Republic of","Gross national savings, Percent of GDP","Annual","1999","37.251719",""
"Korea, Republic of","Gross national savings, Percent of GDP","Annual","2000","34.176522",""
"Korea, Republic of","Gross national savings, Percent of GDP","Annual","2001","32.360315",""
"Korea, Republic of","Gross national savings, Percent of GDP","Annual","2002","31.809557",""
"Korea, Republic of","Gross national savings, Percent of GDP","Annual","2003","33.157388",""
"Korea, Republic of","Gross national savings, Percent of GDP","Annual","2004","35.614396",""
"Korea, Republic of","Gross national savings, Percent of GDP","Annual","2005","33.933573",""
"Korea, Republic of","Gross national savings, Percent of GDP","Annual","2006","32.974901",""
"Korea, Republic of","Gross national savings, Percent of GDP","Annual","2007","33.570078",""
"Korea, Republic of","Gross national savings, Percent of GDP","Annual","2008","33.377635",""
"Korea, Republic of","Gross national savings, Percent of GDP","Annual","2009","33.26992",""
"Korea, Republic of","Gross national savings, Percent of GDP","Annual","2010","35.061403",""
"Korea, Republic of","Gross national savings, Percent of GDP","Annual","2011","34.457198",""
"Korea, Republic of","Gross national savings, Percent of GDP","Annual","2012","34.444595",""
"Korea, Republic of","Gross national savings, Percent of GDP","Annual","2013","34.638812",""
"Korea, Republic of","Gross national savings, Percent of GDP","Annual","2014","34.685766",""
"Korea, Republic of","Gross national savings, Percent of GDP","Annual","2015","35.914374",""
"Korea, Republic of","Gross national savings, Percent of GDP","Annual","2016","36.375464",""
"Korea, Republic of","Gross national savings, Percent of GDP","Annual","2017","36.52489",""
"Korea, Republic of","Gross national savings, Percent of GDP","Annual","2018","35.464684",""
"Korea, Republic of","Gross national savings, Percent of GDP","Annual","2019","34.356202",""
"Korea, Republic of","Gross national savings, Percent of GDP","Annual","2020","35.880079",""
"Korea, Republic of","Gross national savings, Percent of GDP","Annual","2021","36.716075",""
"Korea, Republic of","Gross national savings, Percent of GDP","Annual","2022","34.42407",""
"Korea, Republic of","Gross national savings, Percent of GDP","Annual","2023","33.503851",""
"Korea, Republic of","Gross national savings, Percent of GDP","Annual","2024","35.304666",""
"Korea, Republic of","Gross national savings, Percent of GDP","Annual","2025","35.703198",""
"Korea, Republic of","Gross national savings, Percent of GDP","Annual","2026","34.760128",""
"Indonesia","Gross national savings, Percent of GDP","Annual","1980","20.393532",""
"Indonesia","Gross national savings, Percent of GDP","Annual","1981","22.214161",""
"Indonesia","Gross national savings, Percent of GDP","Annual","1982","16.900645",""
"Indonesia","Gross national savings, Percent of GDP","Annual","1983","16.122098",""
"Indonesia","Gross national savings, Percent of GDP","Annual","1984","17.821941",""
"Indonesia","Gross national savings, Percent of GDP","Annual","1985","19.31999",""
"Indonesia","Gross national savings, Percent of GDP","Annual","1986","16.765483",""
"Indonesia","Gross national savings, Percent of GDP","Annual","1987","20.582566",""
"Indonesia","Gross national savings, Percent of GDP","Annual","1988","20.91483",""
"Indonesia","Gross national savings, Percent of GDP","Annual","1989","25.582031",""
"Indonesia","Gross national savings, Percent of GDP","Annual","1990","23.08249",""
"Indonesia","Gross national savings, Percent of GDP","Annual","1991","23.942549",""
"Indonesia","Gross national savings, Percent of GDP","Annual","1992","22.782879",""
"Indonesia","Gross national savings, Percent of GDP","Annual","1993","23.307225",""
"Indonesia","Gross national savings, Percent of GDP","Annual","1994","24.433916",""
"Indonesia","Gross national savings, Percent of GDP","Annual","1995","23.905255",""
"Indonesia","Gross national savings, Percent of GDP","Annual","1996","22.991917",""
"Indonesia","Gross national savings, Percent of GDP","Annual","1997","24.959349",""
"Indonesia","Gross national savings, Percent of GDP","Annual","1998","17.022455",""
"Indonesia","Gross national savings, Percent of GDP","Annual","1999","12.485069",""
"Indonesia","Gross national savings, Percent of GDP","Annual","2000","24.905054",""
"Indonesia","Gross national savings, Percent of GDP","Annual","2001","24.677262",""
"Indonesia","Gross national savings, Percent of GDP","Annual","2002","23.355175",""
"Indonesia","Gross national savings, Percent of GDP","Annual","2003","26.709908",""
"Indonesia","Gross national savings, Percent of GDP","Annual","2004","23.998971",""
"Indonesia","Gross national savings, Percent of GDP","Annual","2005","23.573776",""
"Indonesia","Gross national savings, Percent of GDP","Annual","2006","25.761579",""
"Indonesia","Gross national savings, Percent of GDP","Annual","2007","24.358097",""
"Indonesia","Gross national savings, Percent of GDP","Annual","2008","33.020497",""
"Indonesia","Gross national savings, Percent of GDP","Annual","2009","33.009975",""
"Indonesia","Gross national savings, Percent of GDP","Annual","2010","33.582418",""
"Indonesia","Gross national savings, Percent of GDP","Annual","2011","33.173038",""
"Indonesia","Gross national savings, Percent of GDP","Annual","2012","32.411299",""
"Indonesia","Gross national savings, Percent of GDP","Annual","2013","30.641364",""
"Indonesia","Gross national savings, Percent of GDP","Annual","2014","31.454386",""
"Indonesia","Gross national savings, Percent of GDP","Annual","2015","32.027787",""
"Indonesia","Gross national savings, Percent of GDP","Annual","2016","32.039461",""
"Indonesia","Gross national savings, Percent of GDP","Annual","2017","32.115869",""
"Indonesia","Gross national savings, Percent of GDP","Annual","2018","31.631477",""
"Indonesia","Gross national savings, Percent of GDP","Annual","2019","31.074478",""
"Indonesia","Gross national savings, Percent of GDP","Annual","2020","31.924803",""
"Indonesia","Gross national savings, Percent of GDP","Annual","2021","31.744763",""
"Indonesia","Gross national savings, Percent of GDP","Annual","2022","30.747143",""
"Indonesia","Gross national savings, Percent of GDP","Annual","2023","30.193739",""
"Indonesia","Gross national savings, Percent of GDP","Annual","2024","30.781585",""
"Indonesia","Gross national savings, Percent of GDP","Annual","2025","30.518131",""
"Indonesia","Gross national savings, Percent of GDP","Annual","2026","29.616747",""
"Sri Lanka","Gross national savings, Percent of GDP","Annual","1980","25.497621",""
"Sri Lanka","Gross national savings, Percent of GDP","Annual","1981","12.789274",""
"Sri Lanka","Gross national savings, Percent of GDP","Annual","1982","13.078638",""
"Sri Lanka","Gross national savings, Percent of GDP","Annual","1983","14.806026",""
"Sri Lanka","Gross national savings, Percent of GDP","Annual","1984","20.910933",""
"Sri Lanka","Gross national savings, Percent of GDP","Annual","1985","14.522568",""
"Sri Lanka","Gross national savings, Percent of GDP","Annual","1986","12.535783",""
"Sri Lanka","Gross national savings, Percent of GDP","Annual","1987","13.371519",""
"Sri Lanka","Gross national savings, Percent of GDP","Annual","1988","12.542825",""
"Sri Lanka","Gross national savings, Percent of GDP","Annual","1989","12.168976",""
"Sri Lanka","Gross national savings, Percent of GDP","Annual","1990","22.086477",""
"Sri Lanka","Gross national savings, Percent of GDP","Annual","1991","20.116112",""
"Sri Lanka","Gross national savings, Percent of GDP","Annual","1992","26.744741",""
"Sri Lanka","Gross national savings, Percent of GDP","Annual","1993","25.084158",""
"Sri Lanka","Gross national savings, Percent of GDP","Annual","1994","24.614938",""
"Sri Lanka","Gross national savings, Percent of GDP","Annual","1995","24.007015",""
"Sri Lanka","Gross national savings, Percent of GDP","Annual","1996","24.804699",""
"Sri Lanka","Gross national savings, Percent of GDP","Annual","1997","24.059344",""
"Sri Lanka","Gross national savings, Percent of GDP","Annual","1998","25.509546",""
"Sri Lanka","Gross national savings, Percent of GDP","Annual","1999","24.936885",""
"Sri Lanka","Gross national savings, Percent of GDP","Annual","2000","23.947808",""
"Sri Lanka","Gross national savings, Percent of GDP","Annual","2001","22.349829",""
"Sri Lanka","Gross national savings, Percent of GDP","Annual","2002","22.729495",""
"Sri Lanka","Gross national savings, Percent of GDP","Annual","2003","22.868284",""
"Sri Lanka","Gross national savings, Percent of GDP","Annual","2004","23.68166",""
"Sri Lanka","Gross national savings, Percent of GDP","Annual","2005","25.92925",""
"Sri Lanka","Gross national savings, Percent of GDP","Annual","2006","25.723402",""
"Sri Lanka","Gross national savings, Percent of GDP","Annual","2007","26.552604",""
"Sri Lanka","Gross national savings, Percent of GDP","Annual","2008","21.634912",""
"Sri Lanka","Gross national savings, Percent of GDP","Annual","2009","27.978917",""
"Sri Lanka","Gross national savings, Percent of GDP","Annual","2010","28.519445",""
"Sri Lanka","Gross national savings, Percent of GDP","Annual","2011","26.550263",""
"Sri Lanka","Gross national savings, Percent of GDP","Annual","2012","33.397993",""
"Sri Lanka","Gross national savings, Percent of GDP","Annual","2013","29.947668",""
"Sri Lanka","Gross national savings, Percent of GDP","Annual","2014","29.899353",""
"Sri Lanka","Gross national savings, Percent of GDP","Annual","2015","32.063743",""
"Sri Lanka","Gross national savings, Percent of GDP","Annual","2016","34.472898",""
"Sri Lanka","Gross national savings, Percent of GDP","Annual","2017","37.27978",""
"Sri Lanka","Gross national savings, Percent of GDP","Annual","2018","35.101404",""
"Sri Lanka","Gross national savings, Percent of GDP","Annual","2019","32.03781",""
"Sri Lanka","Gross national savings, Percent of GDP","Annual","2020","31.466793",""
"Sri Lanka","Gross national savings, Percent of GDP","Annual","2021","33.027448",""
"Sri Lanka","Gross national savings, Percent of GDP","Annual","2022","25.376165",""
"Sri Lanka","Gross national savings, Percent of GDP","Annual","2023","26.305568",""
"Sri Lanka","Gross national savings, Percent of GDP","Annual","2024","28.177427",""
"Taiwan Province of China","Gross national savings, Percent of GDP","Annual","1980","32.111","Units"
"Taiwan Province of China","Gross national savings, Percent of GDP","Annual","1981","31.643","Units"
"Taiwan Province of China","Gross national savings, Percent of GDP","Annual","1982","30.870","Units"
"Taiwan Province of China","Gross national savings, Percent of GDP","Annual","1983","33.747","Units"
"Taiwan Province of China","Gross national savings, Percent of GDP","Annual","1984","35.683","Units"
"Taiwan Province of China","Gross national savings, Percent of GDP","Annual","1985","35.207","Units"
"Taiwan Province of China","Gross national savings, Percent of GDP","Annual","1986","41.325","Units"
"Taiwan Province of China","Gross national savings, Percent of GDP","Annual","1987","40.775","Units"
"Taiwan Province of China","Gross national savings, Percent of GDP","Annual","1988","36.767","Units"
"Taiwan Province of China","Gross national savings, Percent of GDP","Annual","1989","32.761","Units"
"Taiwan Province of China","Gross national savings, Percent of GDP","Annual","1990","31.907","Units"
"Taiwan Province of China","Gross national savings, Percent of GDP","Annual","1991","32.419","Units"
"Taiwan Province of China","Gross national savings, Percent of GDP","Annual","1992","31.867","Units"
"Taiwan Province of China","Gross national savings, Percent of GDP","Annual","1993","31.508","Units"
"Taiwan Province of China","Gross national savings, Percent of GDP","Annual","1994","30.335","Units"
"Taiwan Province of China","Gross national savings, Percent of GDP","Annual","1995","29.839","Units"
"Taiwan Province of China","Gross national savings, Percent of GDP","Annual","1996","28.987","Units"
"Taiwan Province of China","Gross national savings, Percent of GDP","Annual","1997","28.642","Units"
"Taiwan Province of China","Gross national savings, Percent of GDP","Annual","1998","28.425","Units"
"Taiwan Province of China","Gross national savings, Percent of GDP","Annual","1999","28.871","Units"
"Taiwan Province of China","Gross national savings, Percent of GDP","Annual","2000","29.561","Units"
"Taiwan Province of China","Gross national savings, Percent of GDP","Annual","2001","27.187","Units"
"Taiwan Province of China","Gross national savings, Percent of GDP","Annual","2002","28.907","Units"
"Taiwan Province of China","Gross national savings, Percent of GDP","Annual","2003","30.049","Units"
"Taiwan Province of China","Gross national savings, Percent of GDP","Annual","2004","30.459","Units"
"Taiwan Province of China","Gross national savings, Percent of GDP","Annual","2005","29.474","Units"
"Taiwan Province of China","Gross national savings, Percent of GDP","Annual","2006","31.275","Units"
"Taiwan Province of China","Gross national savings, Percent of GDP","Annual","2007","33.123","Units"
"Taiwan Province of China","Gross national savings, Percent of GDP","Annual","2008","31.049","Units"
"Taiwan Province of China","Gross national savings, Percent of GDP","Annual","2009","31.062","Units"
"Taiwan Province of China","Gross national savings, Percent of GDP","Annual","2010","34.056","Units"
"Taiwan Province of China","Gross national savings, Percent of GDP","Annual","2011","31.969","Units"
"Taiwan Province of China","Gross national savings, Percent of GDP","Annual","2012","32.247","Units"
"Taiwan Province of China","Gross national savings, Percent of GDP","Annual","2013","33.288","Units"
"Taiwan Province of China","Gross national savings, Percent of GDP","Annual","2014","34.750","Units"
"Taiwan Province of China","Gross national savings, Percent of GDP","Annual","2015","36.564","Units"
"Taiwan Province of China","Gross national savings, Percent of GDP","Annual","2016","36.112","Units"
"Taiwan Province of China","Gross national savings, Percent of GDP","Annual","2017","36.022","Units"
"Taiwan Province of China","Gross national savings, Percent of GDP","Annual","2018","35.020","Units"
"Taiwan Province of China","Gross national savings, Percent of GDP","Annual","2019","35.618","Units"
"Taiwan Province of China","Gross national savings, Percent of GDP","Annual","2020","40.213","Units"
"Taiwan Province of China","Gross national savings, Percent of GDP","Annual","2021","43.746","Units"
"Taiwan Province of China","Gross national savings, Percent of GDP","Annual","2022","42.851","Units"
"Taiwan Province of China","Gross national savings, Percent of GDP","Annual","2023","40.196","Units"
"Taiwan Province of China","Gross national savings, Percent of GDP","Annual","2024","43.002","Units"
"Taiwan Province of China","Gross national savings, Percent of GDP","Annual","2025","46.788","Units"
"Taiwan Province of China","Gross national savings, Percent of GDP","Annual","2026","43.185","Units"
"Hong Kong Special Administrative Region, People's Republic of China","Gross national savings, Percent of GDP","Annual","1980","33.871","Units"
"Hong Kong Special Administrative Region, People's Republic of China","Gross national savings, Percent of GDP","Annual","1981","32.835","Units"
"Hong Kong Special Administrative Region, People's Republic of China","Gross national savings, Percent of GDP","Annual","1982","30.824","Units"
"Hong Kong Special Administrative Region, People's Republic of China","Gross national savings, Percent of GDP","Annual","1983","27.615","Units"
"Hong Kong Special Administrative Region, People's Republic of China","Gross national savings, Percent of GDP","Annual","1984","31.642","Units"
"Hong Kong Special Administrative Region, People's Republic of China","Gross national savings, Percent of GDP","Annual","1985","30.669","Units"
"Hong Kong Special Administrative Region, People's Republic of China","Gross national savings, Percent of GDP","Annual","1986","32.509","Units"
"Hong Kong Special Administrative Region, People's Republic of China","Gross national savings, Percent of GDP","Annual","1987","36.452","Units"
"Hong Kong Special Administrative Region, People's Republic of China","Gross national savings, Percent of GDP","Annual","1988","37.226","Units"
"Hong Kong Special Administrative Region, People's Republic of China","Gross national savings, Percent of GDP","Annual","1989","37.927","Units"
"Hong Kong Special Administrative Region, People's Republic of China","Gross national savings, Percent of GDP","Annual","1990","35.644","Units"
"Hong Kong Special Administrative Region, People's Republic of China","Gross national savings, Percent of GDP","Annual","1991","33.646","Units"
"Hong Kong Special Administrative Region, People's Republic of China","Gross national savings, Percent of GDP","Annual","1992","33.266","Units"
"Hong Kong Special Administrative Region, People's Republic of China","Gross national savings, Percent of GDP","Annual","1993","35.217","Units"
"Hong Kong Special Administrative Region, People's Republic of China","Gross national savings, Percent of GDP","Annual","1994","33.532","Units"
"Hong Kong Special Administrative Region, People's Republic of China","Gross national savings, Percent of GDP","Annual","1995","31.360","Units"
"Hong Kong Special Administrative Region, People's Republic of China","Gross national savings, Percent of GDP","Annual","1996","31.509","Units"
"Hong Kong Special Administrative Region, People's Republic of China","Gross national savings, Percent of GDP","Annual","1997","29.450","Units"
"Hong Kong Special Administrative Region, People's Republic of China","Gross national savings, Percent of GDP","Annual","1998","30.006","Units"
"Hong Kong Special Administrative Region, People's Republic of China","Gross national savings, Percent of GDP","Annual","1999","30.659","Units"
"Hong Kong Special Administrative Region, People's Republic of China","Gross national savings, Percent of GDP","Annual","2000","31.978","Units"
"Hong Kong Special Administrative Region, People's Republic of China","Gross national savings, Percent of GDP","Annual","2001","31.626","Units"
"Hong Kong Special Administrative Region, People's Republic of China","Gross national savings, Percent of GDP","Annual","2002","31.073","Units"
"Hong Kong Special Administrative Region, People's Republic of China","Gross national savings, Percent of GDP","Annual","2003","33.166","Units"
"Hong Kong Special Administrative Region, People's Republic of China","Gross national savings, Percent of GDP","Annual","2004","32.306","Units"
"Hong Kong Special Administrative Region, People's Republic of China","Gross national savings, Percent of GDP","Annual","2005","32.941","Units"
"Hong Kong Special Administrative Region, People's Republic of China","Gross national savings, Percent of GDP","Annual","2006","34.978","Units"
"Hong Kong Special Administrative Region, People's Republic of China","Gross national savings, Percent of GDP","Annual","2007","34.417","Units"
"Hong Kong Special Administrative Region, People's Republic of China","Gross national savings, Percent of GDP","Annual","2008","36.023","Units"
"Hong Kong Special Administrative Region, People's Republic of China","Gross national savings, Percent of GDP","Annual","2009","31.731","Units"
"Hong Kong Special Administrative Region, People's Republic of China","Gross national savings, Percent of GDP","Annual","2010","30.892","Units"
"Hong Kong Special Administrative Region, People's Republic of China","Gross national savings, Percent of GDP","Annual","2011","29.701","Units"
"Hong Kong Special Administrative Region, People's Republic of China","Gross national savings, Percent of GDP","Annual","2012","26.798","Units"
"Hong Kong Special Administrative Region, People's Republic of China","Gross national savings, Percent of GDP","Annual","2013","25.549","Units"
"Hong Kong Special Administrative Region, People's Republic of China","Gross national savings, Percent of GDP","Annual","2014","25.214","Units"
"Hong Kong Special Administrative Region, People's Republic of China","Gross national savings, Percent of GDP","Annual","2015","24.859","Units"
"Hong Kong Special Administrative Region, People's Republic of China","Gross national savings, Percent of GDP","Annual","2016","25.462","Units"
"Hong Kong Special Administrative Region, People's Republic of China","Gross national savings, Percent of GDP","Annual","2017","26.650","Units"
"Hong Kong Special Administrative Region, People's Republic of China","Gross national savings, Percent of GDP","Annual","2018","25.731","Units"
"Hong Kong Special Administrative Region, People's Republic of China","Gross national savings, Percent of GDP","Annual","2019","24.042","Units"
"Hong Kong Special Administrative Region, People's Republic of China","Gross national savings, Percent of GDP","Annual","2020","25.971","Units"
"Hong Kong Special Administrative Region, People's Republic of China","Gross national savings, Percent of GDP","Annual","2021","28.612","Units"
"Hong Kong Special Administrative Region, People's Republic of China","Gross national savings, Percent of GDP","Annual","2022","25.413","Units"
"Hong Kong Special Administrative Region, People's Republic of China","Gross national savings, Percent of GDP","Annual","2023","24.568","Units"
"Hong Kong Special Administrative Region, People's Republic of China","Gross national savings, Percent of GDP","Annual","2024","29.200","Units"
"Hong Kong Special Administrative Region, People's Republic of China","Gross national savings, Percent of GDP","Annual","2025","30.552","Units"
"Hong Kong Special Administrative Region, People's Republic of China","Gross national savings, Percent of GDP","Annual","2026","31.425","Units"
"Malaysia","Gross national savings, Percent of GDP","Annual","1980","29.35365",""
"Malaysia","Gross national savings, Percent of GDP","Annual","1981","29.012348",""
"Malaysia","Gross national savings, Percent of GDP","Annual","1982","29.253555",""
"Malaysia","Gross national savings, Percent of GDP","Annual","1983","28.89797",""
"Malaysia","Gross national savings, Percent of GDP","Annual","1984","28.309632",""
"Malaysia","Gross national savings, Percent of GDP","Annual","1985","23.444947",""
"Malaysia","Gross national savings, Percent of GDP","Annual","1986","23.37875",""
"Malaysia","Gross national savings, Percent of GDP","Annual","1987","28.847227",""
"Malaysia","Gross national savings, Percent of GDP","Annual","1988","28.577951",""
"Malaysia","Gross national savings, Percent of GDP","Annual","1989","26.5451",""
"Malaysia","Gross national savings, Percent of GDP","Annual","1990","28.216688",""
"Malaysia","Gross national savings, Percent of GDP","Annual","1991","26.785714",""
"Malaysia","Gross national savings, Percent of GDP","Annual","1992","29.040533",""
"Malaysia","Gross national savings, Percent of GDP","Annual","1993","31.751652",""
"Malaysia","Gross national savings, Percent of GDP","Annual","1994","30.891292",""
"Malaysia","Gross national savings, Percent of GDP","Annual","1995","34.588797",""
"Malaysia","Gross national savings, Percent of GDP","Annual","1996","37.901487",""
"Malaysia","Gross national savings, Percent of GDP","Annual","1997","37.93636",""
"Malaysia","Gross national savings, Percent of GDP","Annual","1998","41.66067",""
"Malaysia","Gross national savings, Percent of GDP","Annual","1999","40.279084",""
"Malaysia","Gross national savings, Percent of GDP","Annual","2000","37.706096",""
"Malaysia","Gross national savings, Percent of GDP","Annual","2001","34.048426",""
"Malaysia","Gross national savings, Percent of GDP","Annual","2002","34.546095",""
"Malaysia","Gross national savings, Percent of GDP","Annual","2003","36.303182",""
"Malaysia","Gross national savings, Percent of GDP","Annual","2004","36.949111",""
"Malaysia","Gross national savings, Percent of GDP","Annual","2005","36.886106",""
"Malaysia","Gross national savings, Percent of GDP","Annual","2006","38.787481",""
"Malaysia","Gross national savings, Percent of GDP","Annual","2007","38.628862",""
"Malaysia","Gross national savings, Percent of GDP","Annual","2008","38.559363",""
"Malaysia","Gross national savings, Percent of GDP","Annual","2009","33.236358",""
"Malaysia","Gross national savings, Percent of GDP","Annual","2010","33.597474",""
"Malaysia","Gross national savings, Percent of GDP","Annual","2011","34.197018",""
"Malaysia","Gross national savings, Percent of GDP","Annual","2012","31.044767",""
"Malaysia","Gross national savings, Percent of GDP","Annual","2013","29.543197",""
"Malaysia","Gross national savings, Percent of GDP","Annual","2014","29.484618",""
"Malaysia","Gross national savings, Percent of GDP","Annual","2015","28.411226",""
"Malaysia","Gross national savings, Percent of GDP","Annual","2016","28.388673",""
"Malaysia","Gross national savings, Percent of GDP","Annual","2017","28.337957",""
"Malaysia","Gross national savings, Percent of GDP","Annual","2018","26.128109",""
"Malaysia","Gross national savings, Percent of GDP","Annual","2019","24.54637",""
"Malaysia","Gross national savings, Percent of GDP","Annual","2020","23.823779",""
"Malaysia","Gross national savings, Percent of GDP","Annual","2021","26.011415",""
"Malaysia","Gross national savings, Percent of GDP","Annual","2022","26.77438",""
"Malaysia","Gross national savings, Percent of GDP","Annual","2023","23.900882",""
"Malaysia","Gross national savings, Percent of GDP","Annual","2024","23.388252",""
"Malaysia","Gross national savings, Percent of GDP","Annual","2025","22.034275",""
"Malaysia","Gross national savings, Percent of GDP","Annual","2026","22.495459",""
"India","Gross national savings, Percent of GDP","Annual","1980","17.387189",""
"India","Gross national savings, Percent of GDP","Annual","1981","17.390149",""
"India","Gross national savings, Percent of GDP","Annual","1982","17.501397",""
"India","Gross national savings, Percent of GDP","Annual","1983","16.907718",""
"India","Gross national savings, Percent of GDP","Annual","1984","18.155518",""
"India","Gross national savings, Percent of GDP","Annual","1985","20.213696",""
"India","Gross national savings, Percent of GDP","Annual","1986","19.903904",""
"India","Gross national savings, Percent of GDP","Annual","1987","21.917985",""
"India","Gross national savings, Percent of GDP","Annual","1988","22.282487",""
"India","Gross national savings, Percent of GDP","Annual","1989","23.631017",""
"India","Gross national savings, Percent of GDP","Annual","1990","25.173389",""
"India","Gross national savings, Percent of GDP","Annual","1991","23.152917",""
"India","Gross national savings, Percent of GDP","Annual","1992","23.216525",""
"India","Gross national savings, Percent of GDP","Annual","1993","23.59191",""
"India","Gross national savings, Percent of GDP","Annual","1994","25.722884",""
"India","Gross national savings, Percent of GDP","Annual","1995","25.710982",""
"India","Gross national savings, Percent of GDP","Annual","1996","24.478996",""
"India","Gross national savings, Percent of GDP","Annual","1997","26.341837",""
"India","Gross national savings, Percent of GDP","Annual","1998","25.228241",""
"India","Gross national savings, Percent of GDP","Annual","1999","29.933541",""
"India","Gross national savings, Percent of GDP","Annual","2000","25.107594",""
"India","Gross national savings, Percent of GDP","Annual","2001","30.610335",""
"India","Gross national savings, Percent of GDP","Annual","2002","31.482566",""
"India","Gross national savings, Percent of GDP","Annual","2003","33.156685",""
"India","Gross national savings, Percent of GDP","Annual","2004","34.747993",""
"India","Gross national savings, Percent of GDP","Annual","2005","36.222498",""
"India","Gross national savings, Percent of GDP","Annual","2006","37.981489",""
"India","Gross national savings, Percent of GDP","Annual","2007","40.657984",""
"India","Gross national savings, Percent of GDP","Annual","2008","36.094652",""
"India","Gross national savings, Percent of GDP","Annual","2009","36.39225",""
"India","Gross national savings, Percent of GDP","Annual","2010","36.928476",""
"India","Gross national savings, Percent of GDP","Annual","2011","35.402062",""
"India","Gross national savings, Percent of GDP","Annual","2012","33.573154",""
"India","Gross national savings, Percent of GDP","Annual","2013","32.409306",""
"India","Gross national savings, Percent of GDP","Annual","2014","33.073998",""
"India","Gross national savings, Percent of GDP","Annual","2015","31.254343",""
"India","Gross national savings, Percent of GDP","Annual","2016","29.870852",""
"India","Gross national savings, Percent of GDP","Annual","2017","29.451957",""
"India","Gross national savings, Percent of GDP","Annual","2018","30.601897",""
"India","Gross national savings, Percent of GDP","Annual","2019","29.790404",""
"India","Gross national savings, Percent of GDP","Annual","2020","30.465636",""
"India","Gross national savings, Percent of GDP","Annual","2021","31.506474",""
"India","Gross national savings, Percent of GDP","Annual","2022","32.350889",""
"India","Gross national savings, Percent of GDP","Annual","2023","33.760986",""
"India","Gross national savings, Percent of GDP","Annual","2024","33.735803",""
"India","Gross national savings, Percent of GDP","Annual","2025","32.930228",""
"India","Gross national savings, Percent of GDP","Annual","2026","31.924391",""
"Nepal","Gross national savings, Percent of GDP","Annual","1980","15.104","Units"
"Nepal","Gross national savings, Percent of GDP","Annual","1981","15.559","Units"
"Nepal","Gross national savings, Percent of GDP","Annual","1982","14.356","Units"
"Nepal","Gross national savings, Percent of GDP","Annual","1983","14.916","Units"
"Nepal","Gross national savings, Percent of GDP","Annual","1984","14.698","Units"
"Nepal","Gross national savings, Percent of GDP","Annual","1985","13.140","Units"
"Nepal","Gross national savings, Percent of GDP","Annual","1986","10.956","Units"
"Nepal","Gross national savings, Percent of GDP","Annual","1987","13.494","Units"
"Nepal","Gross national savings, Percent of GDP","Annual","1988","12.917","Units"
"Nepal","Gross national savings, Percent of GDP","Annual","1989","11.330","Units"
"Nepal","Gross national savings, Percent of GDP","Annual","1990","8.182","Units"
"Nepal","Gross national savings, Percent of GDP","Annual","1991","9.791","Units"
"Nepal","Gross national savings, Percent of GDP","Annual","1992","11.853","Units"
"Nepal","Gross national savings, Percent of GDP","Annual","1993","13.834","Units"
"Nepal","Gross national savings, Percent of GDP","Annual","1994","13.136","Units"
"Nepal","Gross national savings, Percent of GDP","Annual","1995","18.718","Units"
"Nepal","Gross national savings, Percent of GDP","Annual","1996","17.834","Units"
"Nepal","Gross national savings, Percent of GDP","Annual","1997","20.070","Units"
"Nepal","Gross national savings, Percent of GDP","Annual","1998","19.462","Units"
"Nepal","Gross national savings, Percent of GDP","Annual","1999","20.265","Units"
"Nepal","Gross national savings, Percent of GDP","Annual","2000","23.641","Units"
"Nepal","Gross national savings, Percent of GDP","Annual","2001","23.649","Units"
"Nepal","Gross national savings, Percent of GDP","Annual","2002","21.152","Units"
"Nepal","Gross national savings, Percent of GDP","Annual","2003","20.895","Units"
"Nepal","Gross national savings, Percent of GDP","Annual","2004","23.874","Units"
"Nepal","Gross national savings, Percent of GDP","Annual","2005","24.941","Units"
"Nepal","Gross national savings, Percent of GDP","Annual","2006","25.406","Units"
"Nepal","Gross national savings, Percent of GDP","Annual","2007","25.031","Units"
"Nepal","Gross national savings, Percent of GDP","Annual","2008","28.980","Units"
"Nepal","Gross national savings, Percent of GDP","Annual","2009","31.423","Units"
"Nepal","Gross national savings, Percent of GDP","Annual","2010","31.481","Units"
"Nepal","Gross national savings, Percent of GDP","Annual","2011","26.976","Units"
"Nepal","Gross national savings, Percent of GDP","Annual","2012","32.791","Units"
"Nepal","Gross national savings, Percent of GDP","Annual","2013","32.540","Units"
"Nepal","Gross national savings, Percent of GDP","Annual","2014","34.984","Units"
"Nepal","Gross national savings, Percent of GDP","Annual","2015","35.659","Units"
"Nepal","Gross national savings, Percent of GDP","Annual","2016","33.700","Units"
"Nepal","Gross national savings, Percent of GDP","Annual","2017","37.002","Units"
"Nepal","Gross national savings, Percent of GDP","Annual","2018","32.450","Units"
"Nepal","Gross national savings, Percent of GDP","Annual","2019","34.450","Units"
"Nepal","Gross national savings, Percent of GDP","Annual","2020","29.428","Units"
"Nepal","Gross national savings, Percent of GDP","Annual","2021","27.462","Units"
"Nepal","Gross national savings, Percent of GDP","Annual","2022","25.080","Units"
"Nepal","Gross national savings, Percent of GDP","Annual","2023","30.270","Units"
"Nepal","Gross national savings, Percent of GDP","Annual","2024","34.273","Units"
"Nepal","Gross national savings, Percent of GDP","Annual","2025","38.501","Units"
"Nepal","Gross national savings, Percent of GDP","Annual","2026","41.790","Units"
"Singapore","Gross national savings, Percent of GDP","Annual","1980","31.678","Units"
"Singapore","Gross national savings, Percent of GDP","Annual","1981","34.050","Units"
"Singapore","Gross national savings, Percent of GDP","Annual","1982","37.781","Units"
"Singapore","Gross national savings, Percent of GDP","Annual","1983","42.826","Units"
"Singapore","Gross national savings, Percent of GDP","Annual","1984","44.869","Units"
"Singapore","Gross national savings, Percent of GDP","Annual","1985","41.209","Units"
"Singapore","Gross national savings, Percent of GDP","Annual","1986","38.350","Units"
"Singapore","Gross national savings, Percent of GDP","Annual","1987","36.043","Units"
"Singapore","Gross national savings, Percent of GDP","Annual","1988","40.741","Units"
"Singapore","Gross national savings, Percent of GDP","Annual","1989","43.535","Units"
"Singapore","Gross national savings, Percent of GDP","Annual","1990","43.733","Units"
"Singapore","Gross national savings, Percent of GDP","Annual","1991","44.700","Units"
"Singapore","Gross national savings, Percent of GDP","Annual","1992","46.744","Units"
"Singapore","Gross national savings, Percent of GDP","Annual","1993","43.979","Units"
"Singapore","Gross national savings, Percent of GDP","Annual","1994","48.198","Units"
"Singapore","Gross national savings, Percent of GDP","Annual","1995","50.378","Units"
"Singapore","Gross national savings, Percent of GDP","Annual","1996","49.667","Units"
"Singapore","Gross national savings, Percent of GDP","Annual","1997","53.740","Units"
"Singapore","Gross national savings, Percent of GDP","Annual","1998","53.282","Units"
"Singapore","Gross national savings, Percent of GDP","Annual","1999","49.895","Units"
"Singapore","Gross national savings, Percent of GDP","Annual","2000","46.246","Units"
"Singapore","Gross national savings, Percent of GDP","Annual","2001","42.042","Units"
"Singapore","Gross national savings, Percent of GDP","Annual","2002","39.951","Units"
"Singapore","Gross national savings, Percent of GDP","Annual","2003","41.527","Units"
"Singapore","Gross national savings, Percent of GDP","Annual","2004","42.204","Units"
"Singapore","Gross national savings, Percent of GDP","Annual","2005","44.767","Units"
"Singapore","Gross national savings, Percent of GDP","Annual","2006","49.273","Units"
"Singapore","Gross national savings, Percent of GDP","Annual","2007","50.209","Units"
"Singapore","Gross national savings, Percent of GDP","Annual","2008","45.243","Units"
"Singapore","Gross national savings, Percent of GDP","Annual","2009","43.763","Units"
"Singapore","Gross national savings, Percent of GDP","Annual","2010","50.592","Units"
"Singapore","Gross national savings, Percent of GDP","Annual","2011","48.910","Units"
"Singapore","Gross national savings, Percent of GDP","Annual","2012","46.906","Units"
"Singapore","Gross national savings, Percent of GDP","Annual","2013","45.687","Units"
"Singapore","Gross national savings, Percent of GDP","Annual","2014","47.380","Units"
"Singapore","Gross national savings, Percent of GDP","Annual","2015","44.046","Units"
"Singapore","Gross national savings, Percent of GDP","Annual","2016","44.370","Units"
"Singapore","Gross national savings, Percent of GDP","Annual","2017","45.669","Units"
"Singapore","Gross national savings, Percent of GDP","Annual","2018","40.341","Units"
"Singapore","Gross national savings, Percent of GDP","Annual","2019","39.795","Units"
"Singapore","Gross national savings, Percent of GDP","Annual","2020","40.628","Units"
"Singapore","Gross national savings, Percent of GDP","Annual","2021","43.371","Units"
"Singapore","Gross national savings, Percent of GDP","Annual","2022","40.802","Units"
"Singapore","Gross national savings, Percent of GDP","Annual","2023","37.522","Units"
"Singapore","Gross national savings, Percent of GDP","Annual","2024","39.050","Units"
"Singapore","Gross national savings, Percent of GDP","Annual","2025","39.200","Units"
"Singapore","Gross national savings, Percent of GDP","Annual","2026","40.630","Units"
"Maldives","Gross national savings, Percent of GDP","Annual","1980","-0.651339",""
"Maldives","Gross national savings, Percent of GDP","Annual","1981","11.468638",""
"Maldives","Gross national savings, Percent of GDP","Annual","1982","11.511374",""
"Maldives","Gross national savings, Percent of GDP","Annual","1983","14.595902",""
"Maldives","Gross national savings, Percent of GDP","Annual","1984","20.335514",""
"Maldives","Gross national savings, Percent of GDP","Annual","1985","25.580913",""
"Maldives","Gross national savings, Percent of GDP","Annual","1986","24.802038",""
"Maldives","Gross national savings, Percent of GDP","Annual","1987","37.30641",""
"Maldives","Gross national savings, Percent of GDP","Annual","1988","37.056976",""
"Maldives","Gross national savings, Percent of GDP","Annual","1989","37.822826",""
"Maldives","Gross national savings, Percent of GDP","Annual","1990","40.47449",""
"Maldives","Gross national savings, Percent of GDP","Annual","1991","30.447316",""
"Maldives","Gross national savings, Percent of GDP","Annual","1992","21.658681",""
"Maldives","Gross national savings, Percent of GDP","Annual","1993","12.531729",""
"Maldives","Gross national savings, Percent of GDP","Annual","1994","25.163882",""
"Maldives","Gross national savings, Percent of GDP","Annual","1995","24.167513",""
"Maldives","Gross national savings, Percent of GDP","Annual","1996","26.65708",""
"Maldives","Gross national savings, Percent of GDP","Annual","1997","22.750001",""
"Maldives","Gross national savings, Percent of GDP","Annual","1998","24.916346",""
"Maldives","Gross national savings, Percent of GDP","Annual","1999","16.296047",""
"Maldives","Gross national savings, Percent of GDP","Annual","2000","20.309843",""
"Maldives","Gross national savings, Percent of GDP","Annual","2001","19.077981",""
"Maldives","Gross national savings, Percent of GDP","Annual","2002","22.434386",""
"Maldives","Gross national savings, Percent of GDP","Annual","2003","23.756313",""
"Maldives","Gross national savings, Percent of GDP","Annual","2004","16.760172",""
"Maldives","Gross national savings, Percent of GDP","Annual","2005","3.263643",""
"Maldives","Gross national savings, Percent of GDP","Annual","2006","7.560328",""
"Maldives","Gross national savings, Percent of GDP","Annual","2007","12.518887",""
"Maldives","Gross national savings, Percent of GDP","Annual","2008","-0.131943",""
"Maldives","Gross national savings, Percent of GDP","Annual","2009","17.083747",""
"Maldives","Gross national savings, Percent of GDP","Annual","2010","19.408963",""
"Maldives","Gross national savings, Percent of GDP","Annual","2011","11.911441",""
"Maldives","Gross national savings, Percent of GDP","Annual","2012","20.086359",""
"Maldives","Gross national savings, Percent of GDP","Annual","2013","22.428032",""
"Maldives","Gross national savings, Percent of GDP","Annual","2014","24.205592",""
"Maldives","Gross national savings, Percent of GDP","Annual","2015","24.454007",""
"Maldives","Gross national savings, Percent of GDP","Annual","2016","16.292018",""
"Maldives","Gross national savings, Percent of GDP","Annual","2017","22.124921",""
"Maldives","Gross national savings, Percent of GDP","Annual","2018","21.133477",""
"Maldives","Gross national savings, Percent of GDP","Annual","2019","17.091009",""
"Maldives","Gross national savings, Percent of GDP","Annual","2020","0.44028",""
"Maldives","Gross national savings, Percent of GDP","Annual","2021","16.531634",""
"Maldives","Gross national savings, Percent of GDP","Annual","2022","16.732726",""
"Maldives","Gross national savings, Percent of GDP","Annual","2023","11.879665",""
"Maldives","Gross national savings, Percent of GDP","Annual","2024","15.792766",""
"Maldives","Gross national savings, Percent of GDP","Annual","2025","27.252606",""
"Maldives","Gross national savings, Percent of GDP","Annual","2026","23.036945",""
"Pakistan","Gross national savings, Percent of GDP","Annual","1980","12.371","Units"
"Pakistan","Gross national savings, Percent of GDP","Annual","1981","12.055","Units"
"Pakistan","Gross national savings, Percent of GDP","Annual","1982","11.774","Units"
"Pakistan","Gross national savings, Percent of GDP","Annual","1983","13.308","Units"
"Pakistan","Gross national savings, Percent of GDP","Annual","1984","11.933","Units"
"Pakistan","Gross national savings, Percent of GDP","Annual","1985","10.728","Units"
"Pakistan","Gross national savings, Percent of GDP","Annual","1986","12.195","Units"
"Pakistan","Gross national savings, Percent of GDP","Annual","1987","13.410","Units"
"Pakistan","Gross national savings, Percent of GDP","Annual","1988","11.341","Units"
"Pakistan","Gross national savings, Percent of GDP","Annual","1989","11.821","Units"
"Pakistan","Gross national savings, Percent of GDP","Annual","1990","13.059","Units"
"Pakistan","Gross national savings, Percent of GDP","Annual","1991","12.920","Units"
"Pakistan","Gross national savings, Percent of GDP","Annual","1992","14.870","Units"
"Pakistan","Gross national savings, Percent of GDP","Annual","1993","12.687","Units"
"Pakistan","Gross national savings, Percent of GDP","Annual","1994","13.698","Units"
"Pakistan","Gross national savings, Percent of GDP","Annual","1995","12.667","Units"
"Pakistan","Gross national savings, Percent of GDP","Annual","1996","11.181","Units"
"Pakistan","Gross national savings, Percent of GDP","Annual","1997","10.824","Units"
"Pakistan","Gross national savings, Percent of GDP","Annual","1998","12.509","Units"
"Pakistan","Gross national savings, Percent of GDP","Annual","1999","10.537","Units"
"Pakistan","Gross national savings, Percent of GDP","Annual","2000","16.094","Units"
"Pakistan","Gross national savings, Percent of GDP","Annual","2001","16.332","Units"
"Pakistan","Gross national savings, Percent of GDP","Annual","2002","17.848","Units"
"Pakistan","Gross national savings, Percent of GDP","Annual","2003","18.932","Units"
"Pakistan","Gross national savings, Percent of GDP","Annual","2004","17.036","Units"
"Pakistan","Gross national savings, Percent of GDP","Annual","2005","15.251","Units"
"Pakistan","Gross national savings, Percent of GDP","Annual","2006","15.256","Units"
"Pakistan","Gross national savings, Percent of GDP","Annual","2007","13.858","Units"
"Pakistan","Gross national savings, Percent of GDP","Annual","2008","11.178","Units"
"Pakistan","Gross national savings, Percent of GDP","Annual","2009","12.628","Units"
"Pakistan","Gross national savings, Percent of GDP","Annual","2010","13.956","Units"
"Pakistan","Gross national savings, Percent of GDP","Annual","2011","14.724","Units"
"Pakistan","Gross national savings, Percent of GDP","Annual","2012","13.306","Units"
"Pakistan","Gross national savings, Percent of GDP","Annual","2013","14.017","Units"
"Pakistan","Gross national savings, Percent of GDP","Annual","2014","13.754","Units"
"Pakistan","Gross national savings, Percent of GDP","Annual","2015","14.872","Units"
"Pakistan","Gross national savings, Percent of GDP","Annual","2016","14.354","Units"
"Pakistan","Gross national savings, Percent of GDP","Annual","2017","12.716","Units"
"Pakistan","Gross national savings, Percent of GDP","Annual","2018","11.679","Units"
"Pakistan","Gross national savings, Percent of GDP","Annual","2019","11.316","Units"
"Pakistan","Gross national savings, Percent of GDP","Annual","2020","13.335","Units"
"Pakistan","Gross national savings, Percent of GDP","Annual","2021","13.725","Units"
"Pakistan","Gross national savings, Percent of GDP","Annual","2022","10.897","Units"
"Pakistan","Gross national savings, Percent of GDP","Annual","2023","12.995","Units"
"Pakistan","Gross national savings, Percent of GDP","Annual","2024","12.628","Units"
"Pakistan","Gross national savings, Percent of GDP","Annual","2025","14.779","Units"
"Pakistan","Gross national savings, Percent of GDP","Annual","2026","14.387","Units"
"Sub-Saharan Africa (SSA)","Gross national savings, Percent of GDP","Annual","1980","17.869","Units"
"Sub-Saharan Africa (SSA)","Gross national savings, Percent of GDP","Annual","1981","15.593","Units"
"Sub-Saharan Africa (SSA)","Gross national savings, Percent of GDP","Annual","1982","12.525","Units"
"Sub-Saharan Africa (SSA)","Gross national savings, Percent of GDP","Annual","1983","13.100","Units"
"Sub-Saharan Africa (SSA)","Gross national savings, Percent of GDP","Annual","1984","13.826","Units"
"Sub-Saharan Africa (SSA)","Gross national savings, Percent of GDP","Annual","1985","13.866","Units"
"Sub-Saharan Africa (SSA)","Gross national savings, Percent of GDP","Annual","1986","13.539","Units"
"Sub-Saharan Africa (SSA)","Gross national savings, Percent of GDP","Annual","1987","14.131","Units"
"Sub-Saharan Africa (SSA)","Gross national savings, Percent of GDP","Annual","1988","13.842","Units"
"Sub-Saharan Africa (SSA)","Gross national savings, Percent of GDP","Annual","1989","14.632","Units"
"Sub-Saharan Africa (SSA)","Gross national savings, Percent of GDP","Annual","1990","16.676","Units"
"Sub-Saharan Africa (SSA)","Gross national savings, Percent of GDP","Annual","1991","15.329","Units"
"Sub-Saharan Africa (SSA)","Gross national savings, Percent of GDP","Annual","1992","14.450","Units"
"Sub-Saharan Africa (SSA)","Gross national savings, Percent of GDP","Annual","1993","13.240","Units"
"Sub-Saharan Africa (SSA)","Gross national savings, Percent of GDP","Annual","1994","14.631","Units"
"Sub-Saharan Africa (SSA)","Gross national savings, Percent of GDP","Annual","1995","14.449","Units"
"Sub-Saharan Africa (SSA)","Gross national savings, Percent of GDP","Annual","1996","14.886","Units"
"Sub-Saharan Africa (SSA)","Gross national savings, Percent of GDP","Annual","1997","16.440","Units"
"Sub-Saharan Africa (SSA)","Gross national savings, Percent of GDP","Annual","1998","14.959","Units"
"Sub-Saharan Africa (SSA)","Gross national savings, Percent of GDP","Annual","1999","13.667","Units"
"Sub-Saharan Africa (SSA)","Gross national savings, Percent of GDP","Annual","2000","17.861","Units"
"Sub-Saharan Africa (SSA)","Gross national savings, Percent of GDP","Annual","2001","15.897","Units"
"Sub-Saharan Africa (SSA)","Gross national savings, Percent of GDP","Annual","2002","15.027","Units"
"Sub-Saharan Africa (SSA)","Gross national savings, Percent of GDP","Annual","2003","16.568","Units"
"Sub-Saharan Africa (SSA)","Gross national savings, Percent of GDP","Annual","2004","18.412","Units"
"Sub-Saharan Africa (SSA)","Gross national savings, Percent of GDP","Annual","2005","18.822","Units"
"Sub-Saharan Africa (SSA)","Gross national savings, Percent of GDP","Annual","2006","21.210","Units"
"Sub-Saharan Africa (SSA)","Gross national savings, Percent of GDP","Annual","2007","19.922","Units"
"Sub-Saharan Africa (SSA)","Gross national savings, Percent of GDP","Annual","2008","20.104","Units"
"Sub-Saharan Africa (SSA)","Gross national savings, Percent of GDP","Annual","2009","17.906","Units"
"Sub-Saharan Africa (SSA)","Gross national savings, Percent of GDP","Annual","2010","18.772","Units"
"Sub-Saharan Africa (SSA)","Gross national savings, Percent of GDP","Annual","2011","18.304","Units"
"Sub-Saharan Africa (SSA)","Gross national savings, Percent of GDP","Annual","2012","17.963","Units"
"Sub-Saharan Africa (SSA)","Gross national savings, Percent of GDP","Annual","2013","17.370","Units"
"Sub-Saharan Africa (SSA)","Gross national savings, Percent of GDP","Annual","2014","16.638","Units"
"Sub-Saharan Africa (SSA)","Gross national savings, Percent of GDP","Annual","2015","14.994","Units"
"Sub-Saharan Africa (SSA)","Gross national savings, Percent of GDP","Annual","2016","16.707","Units"
"Sub-Saharan Africa (SSA)","Gross national savings, Percent of GDP","Annual","2017","17.762","Units"
"Sub-Saharan Africa (SSA)","Gross national savings, Percent of GDP","Annual","2018","18.098","Units"
"Sub-Saharan Africa (SSA)","Gross national savings, Percent of GDP","Annual","2019","18.945","Units"
"Sub-Saharan Africa (SSA)","Gross national savings, Percent of GDP","Annual","2020","18.451","Units"
"Sub-Saharan Africa (SSA)","Gross national savings, Percent of GDP","Annual","2021","19.551","Units"
"Sub-Saharan Africa (SSA)","Gross national savings, Percent of GDP","Annual","2022","18.426","Units"
"Sub-Saharan Africa (SSA)","Gross national savings, Percent of GDP","Annual","2023","17.249","Units"
"Sub-Saharan Africa (SSA)","Gross national savings, Percent of GDP","Annual","2024","17.729","Units"
"Sub-Saharan Africa (SSA)","Gross national savings, Percent of GDP","Annual","2025","17.663","Units"
"Sub-Saharan Africa (SSA)","Gross national savings, Percent of GDP","Annual","2026","19.333","Units"
"Philippines","Gross national savings, Percent of GDP","Annual","1980","17.114","Units"
"Philippines","Gross national savings, Percent of GDP","Annual","1981","18.959","Units"
"Philippines","Gross national savings, Percent of GDP","Annual","1982","16.842","Units"
"Philippines","Gross national savings, Percent of GDP","Annual","1983","18.620","Units"
"Philippines","Gross national savings, Percent of GDP","Annual","1984","15.527","Units"
"Philippines","Gross national savings, Percent of GDP","Annual","1985","13.358","Units"
"Philippines","Gross national savings, Percent of GDP","Annual","1986","16.786","Units"
"Philippines","Gross national savings, Percent of GDP","Annual","1987","14.624","Units"
"Philippines","Gross national savings, Percent of GDP","Annual","1988","15.560","Units"
"Philippines","Gross national savings, Percent of GDP","Annual","1989","16.406","Units"
"Philippines","Gross national savings, Percent of GDP","Annual","1990","17.996","Units"
"Philippines","Gross national savings, Percent of GDP","Annual","1991","17.720","Units"
"Philippines","Gross national savings, Percent of GDP","Annual","1992","19.093","Units"
"Philippines","Gross national savings, Percent of GDP","Annual","1993","18.324","Units"
"Philippines","Gross national savings, Percent of GDP","Annual","1994","19.279","Units"
"Philippines","Gross national savings, Percent of GDP","Annual","1995","19.455","Units"
"Philippines","Gross national savings, Percent of GDP","Annual","1996","19.106","Units"
"Philippines","Gross national savings, Percent of GDP","Annual","1997","19.441","Units"
"Philippines","Gross national savings, Percent of GDP","Annual","1998","22.064","Units"
"Philippines","Gross national savings, Percent of GDP","Annual","1999","12.844","Units"
"Philippines","Gross national savings, Percent of GDP","Annual","2000","13.021","Units"
"Philippines","Gross national savings, Percent of GDP","Annual","2001","16.728","Units"
"Philippines","Gross national savings, Percent of GDP","Annual","2002","20.125","Units"
"Philippines","Gross national savings, Percent of GDP","Annual","2003","19.856","Units"
"Philippines","Gross national savings, Percent of GDP","Annual","2004","22.441","Units"
"Philippines","Gross national savings, Percent of GDP","Annual","2005","20.419","Units"
"Philippines","Gross national savings, Percent of GDP","Annual","2006","21.470","Units"
"Philippines","Gross national savings, Percent of GDP","Annual","2007","21.304","Units"
"Philippines","Gross national savings, Percent of GDP","Annual","2008","19.047","Units"
"Philippines","Gross national savings, Percent of GDP","Annual","2009","22.228","Units"
"Philippines","Gross national savings, Percent of GDP","Annual","2010","23.887","Units"
"Philippines","Gross national savings, Percent of GDP","Annual","2011","23.149","Units"
"Philippines","Gross national savings, Percent of GDP","Annual","2012","22.214","Units"
"Philippines","Gross national savings, Percent of GDP","Annual","2013","24.652","Units"
"Philippines","Gross national savings, Percent of GDP","Annual","2014","24.540","Units"
"Philippines","Gross national savings, Percent of GDP","Annual","2015","23.712","Units"
"Philippines","Gross national savings, Percent of GDP","Annual","2016","24.242","Units"
"Philippines","Gross national savings, Percent of GDP","Annual","2017","24.906","Units"
"Philippines","Gross national savings, Percent of GDP","Annual","2018","24.591","Units"
"Philippines","Gross national savings, Percent of GDP","Annual","2019","25.593","Units"
"Philippines","Gross national savings, Percent of GDP","Annual","2020","20.634","Units"
"Philippines","Gross national savings, Percent of GDP","Annual","2021","19.633","Units"
"Philippines","Gross national savings, Percent of GDP","Annual","2022","20.170","Units"
"Philippines","Gross national savings, Percent of GDP","Annual","2023","20.572","Units"
"Philippines","Gross national savings, Percent of GDP","Annual","2024","19.663","Units"
"Philippines","Gross national savings, Percent of GDP","Annual","2025","18.966","Units"
"Philippines","Gross national savings, Percent of GDP","Annual","2026","16.643","Units"
"Thailand","Gross national savings, Percent of GDP","Annual","1980","17.722","Units"
"Thailand","Gross national savings, Percent of GDP","Annual","1981","18.292","Units"
"Thailand","Gross national savings, Percent of GDP","Annual","1982","19.733","Units"
"Thailand","Gross national savings, Percent of GDP","Annual","1983","18.171","Units"
"Thailand","Gross national savings, Percent of GDP","Annual","1984","19.238","Units"
"Thailand","Gross national savings, Percent of GDP","Annual","1985","23.516","Units"
"Thailand","Gross national savings, Percent of GDP","Annual","1986","25.600","Units"
"Thailand","Gross national savings, Percent of GDP","Annual","1987","26.281","Units"
"Thailand","Gross national savings, Percent of GDP","Annual","1988","28.952","Units"
"Thailand","Gross national savings, Percent of GDP","Annual","1989","30.599","Units"
"Thailand","Gross national savings, Percent of GDP","Annual","1990","41.539","Units"
"Thailand","Gross national savings, Percent of GDP","Annual","1991","34.783","Units"
"Thailand","Gross national savings, Percent of GDP","Annual","1992","34.451","Units"
"Thailand","Gross national savings, Percent of GDP","Annual","1993","34.903","Units"
"Thailand","Gross national savings, Percent of GDP","Annual","1994","35.590","Units"
"Thailand","Gross national savings, Percent of GDP","Annual","1995","35.045","Units"
"Thailand","Gross national savings, Percent of GDP","Annual","1996","34.692","Units"
"Thailand","Gross national savings, Percent of GDP","Annual","1997","32.204","Units"
"Thailand","Gross national savings, Percent of GDP","Annual","1998","32.644","Units"
"Thailand","Gross national savings, Percent of GDP","Annual","1999","30.015","Units"
"Thailand","Gross national savings, Percent of GDP","Annual","2000","30.051","Units"
"Thailand","Gross national savings, Percent of GDP","Annual","2001","27.959","Units"
"Thailand","Gross national savings, Percent of GDP","Annual","2002","26.578","Units"
"Thailand","Gross national savings, Percent of GDP","Annual","2003","27.116","Units"
"Thailand","Gross national savings, Percent of GDP","Annual","2004","27.792","Units"
"Thailand","Gross national savings, Percent of GDP","Annual","2005","26.384","Units"
"Thailand","Gross national savings, Percent of GDP","Annual","2006","28.055","Units"
"Thailand","Gross national savings, Percent of GDP","Annual","2007","31.423","Units"
"Thailand","Gross national savings, Percent of GDP","Annual","2008","28.546","Units"
"Thailand","Gross national savings, Percent of GDP","Annual","2009","28.513","Units"
"Thailand","Gross national savings, Percent of GDP","Annual","2010","28.724","Units"
"Thailand","Gross national savings, Percent of GDP","Annual","2011","29.334","Units"
"Thailand","Gross national savings, Percent of GDP","Annual","2012","26.792","Units"
"Thailand","Gross national savings, Percent of GDP","Annual","2013","25.356","Units"
"Thailand","Gross national savings, Percent of GDP","Annual","2014","26.777","Units"
"Thailand","Gross national savings, Percent of GDP","Annual","2015","29.271","Units"
"Thailand","Gross national savings, Percent of GDP","Annual","2016","31.614","Units"
"Thailand","Gross national savings, Percent of GDP","Annual","2017","32.565","Units"
"Thailand","Gross national savings, Percent of GDP","Annual","2018","30.839","Units"
"Thailand","Gross national savings, Percent of GDP","Annual","2019","30.863","Units"
"Thailand","Gross national savings, Percent of GDP","Annual","2020","27.908","Units"
"Thailand","Gross national savings, Percent of GDP","Annual","2021","26.535","Units"
"Thailand","Gross national savings, Percent of GDP","Annual","2022","24.395","Units"
"Thailand","Gross national savings, Percent of GDP","Annual","2023","24.034","Units"
"Thailand","Gross national savings, Percent of GDP","Annual","2024","23.648","Units"
"Thailand","Gross national savings, Percent of GDP","Annual","2025","25.141","Units"
"Thailand","Gross national savings, Percent of GDP","Annual","2026","22.829","Units"
"Angola","Gross national savings, Percent of GDP","Annual","1980","13.465","Units"
"Angola","Gross national savings, Percent of GDP","Annual","1981","11.488","Units"
"Angola","Gross national savings, Percent of GDP","Annual","1982","9.445","Units"
"Angola","Gross national savings, Percent of GDP","Annual","1983","8.718","Units"
"Angola","Gross national savings, Percent of GDP","Annual","1984","10.980","Units"
"Angola","Gross national savings, Percent of GDP","Annual","1985","8.966","Units"
"Angola","Gross national savings, Percent of GDP","Annual","1986","4.115","Units"
"Angola","Gross national savings, Percent of GDP","Annual","1987","10.762","Units"
"Angola","Gross national savings, Percent of GDP","Annual","1988","2.038","Units"
"Angola","Gross national savings, Percent of GDP","Annual","1989","6.913","Units"
"Angola","Gross national savings, Percent of GDP","Annual","1990","48.584","Units"
"Angola","Gross national savings, Percent of GDP","Annual","1991","52.614","Units"
"Angola","Gross national savings, Percent of GDP","Annual","1992","56.202","Units"
"Angola","Gross national savings, Percent of GDP","Annual","1993","58.505","Units"
"Angola","Gross national savings, Percent of GDP","Annual","1994","60.317","Units"
"Angola","Gross national savings, Percent of GDP","Annual","1995","63.670","Units"
"Angola","Gross national savings, Percent of GDP","Annual","1996","81.569","Units"
"Angola","Gross national savings, Percent of GDP","Annual","1997","53.996","Units"
"Angola","Gross national savings, Percent of GDP","Annual","1998","51.039","Units"
"Angola","Gross national savings, Percent of GDP","Annual","1999","13.745","Units"
"Angola","Gross national savings, Percent of GDP","Annual","2000","36.066","Units"
"Angola","Gross national savings, Percent of GDP","Annual","2001","18.214","Units"
"Angola","Gross national savings, Percent of GDP","Annual","2002","28.907","Units"
"Angola","Gross national savings, Percent of GDP","Annual","2003","26.270","Units"
"Angola","Gross national savings, Percent of GDP","Annual","2004","35.227","Units"
"Angola","Gross national savings, Percent of GDP","Annual","2005","40.425","Units"
"Angola","Gross national savings, Percent of GDP","Annual","2006","42.354","Units"
"Angola","Gross national savings, Percent of GDP","Annual","2007","41.360","Units"
"Angola","Gross national savings, Percent of GDP","Annual","2008","38.330","Units"
"Angola","Gross national savings, Percent of GDP","Annual","2009","32.846","Units"
"Angola","Gross national savings, Percent of GDP","Annual","2010","37.620","Units"
"Angola","Gross national savings, Percent of GDP","Annual","2011","37.788","Units"
"Angola","Gross national savings, Percent of GDP","Annual","2012","37.618","Units"
"Angola","Gross national savings, Percent of GDP","Annual","2013","32.423","Units"
"Angola","Gross national savings, Percent of GDP","Annual","2014","26.595","Units"
"Angola","Gross national savings, Percent of GDP","Annual","2015","21.306","Units"
"Angola","Gross national savings, Percent of GDP","Annual","2016","27.043","Units"
"Angola","Gross national savings, Percent of GDP","Annual","2017","28.310","Units"
"Angola","Gross national savings, Percent of GDP","Annual","2018","30.346","Units"
"Angola","Gross national savings, Percent of GDP","Annual","2019","29.932","Units"
"Angola","Gross national savings, Percent of GDP","Annual","2020","21.077","Units"
"Angola","Gross national savings, Percent of GDP","Annual","2021","26.363","Units"
"Angola","Gross national savings, Percent of GDP","Annual","2022","22.958","Units"
"Angola","Gross national savings, Percent of GDP","Annual","2023","16.138","Units"
"Angola","Gross national savings, Percent of GDP","Annual","2024","15.915","Units"
"Angola","Gross national savings, Percent of GDP","Annual","2025","12.885","Units"
"Angola","Gross national savings, Percent of GDP","Annual","2026","13.574","Units"
"Djibouti","Gross national savings, Percent of GDP","Annual","1990","14.059","Units"
"Djibouti","Gross national savings, Percent of GDP","Annual","1991","14.605","Units"
"Djibouti","Gross national savings, Percent of GDP","Annual","1992","11.514","Units"
"Djibouti","Gross national savings, Percent of GDP","Annual","1993","15.123","Units"
"Djibouti","Gross national savings, Percent of GDP","Annual","1994","11.511","Units"
"Djibouti","Gross national savings, Percent of GDP","Annual","1995","7.033","Units"
"Djibouti","Gross national savings, Percent of GDP","Annual","1996","6.802","Units"
"Djibouti","Gross national savings, Percent of GDP","Annual","1997","5.845","Units"
"Djibouti","Gross national savings, Percent of GDP","Annual","1998","6.256","Units"
"Djibouti","Gross national savings, Percent of GDP","Annual","1999","6.013","Units"
"Djibouti","Gross national savings, Percent of GDP","Annual","2000","4.205","Units"
"Djibouti","Gross national savings, Percent of GDP","Annual","2001","7.810","Units"
"Djibouti","Gross national savings, Percent of GDP","Annual","2002","11.011","Units"
"Djibouti","Gross national savings, Percent of GDP","Annual","2003","15.790","Units"
"Djibouti","Gross national savings, Percent of GDP","Annual","2004","14.101","Units"
"Djibouti","Gross national savings, Percent of GDP","Annual","2005","14.218","Units"
"Djibouti","Gross national savings, Percent of GDP","Annual","2006","16.719","Units"
"Djibouti","Gross national savings, Percent of GDP","Annual","2007","18.353","Units"
"Djibouti","Gross national savings, Percent of GDP","Annual","2008","17.814","Units"
"Djibouti","Gross national savings, Percent of GDP","Annual","2009","21.989","Units"
"Djibouti","Gross national savings, Percent of GDP","Annual","2010","17.149","Units"
"Djibouti","Gross national savings, Percent of GDP","Annual","2011","8.231","Units"
"Djibouti","Gross national savings, Percent of GDP","Annual","2012","5.403","Units"
"Djibouti","Gross national savings, Percent of GDP","Annual","2013","26.157","Units"
"Djibouti","Gross national savings, Percent of GDP","Annual","2014","26.740","Units"
"Djibouti","Gross national savings, Percent of GDP","Annual","2015","25.514","Units"
"Djibouti","Gross national savings, Percent of GDP","Annual","2016","20.936","Units"
"Djibouti","Gross national savings, Percent of GDP","Annual","2017","16.838","Units"
"Djibouti","Gross national savings, Percent of GDP","Annual","2018","17.499","Units"
"Djibouti","Gross national savings, Percent of GDP","Annual","2019","20.540","Units"
"Djibouti","Gross national savings, Percent of GDP","Annual","2020","11.404","Units"
"Djibouti","Gross national savings, Percent of GDP","Annual","2021","-22.284","Units"
"Djibouti","Gross national savings, Percent of GDP","Annual","2022","8.355","Units"
"Djibouti","Gross national savings, Percent of GDP","Annual","2023","14.423","Units"
"Djibouti","Gross national savings, Percent of GDP","Annual","2024","14.805","Units"
"Djibouti","Gross national savings, Percent of GDP","Annual","2025","17.598","Units"
"Djibouti","Gross national savings, Percent of GDP","Annual","2026","19.675","Units"
"Vietnam","Gross national savings, Percent of GDP","Annual","1980","9.664","Units"
"Vietnam","Gross national savings, Percent of GDP","Annual","1981","7.065","Units"
"Vietnam","Gross national savings, Percent of GDP","Annual","1982","8.628","Units"
"Vietnam","Gross national savings, Percent of GDP","Annual","1983","9.317","Units"
"Vietnam","Gross national savings, Percent of GDP","Annual","1984","9.660","Units"
"Vietnam","Gross national savings, Percent of GDP","Annual","1985","6.311","Units"
"Vietnam","Gross national savings, Percent of GDP","Annual","1986","7.821","Units"
"Vietnam","Gross national savings, Percent of GDP","Annual","1987","8.662","Units"
"Vietnam","Gross national savings, Percent of GDP","Annual","1988","8.656","Units"
"Vietnam","Gross national savings, Percent of GDP","Annual","1989","5.487","Units"
"Vietnam","Gross national savings, Percent of GDP","Annual","1990","8.158","Units"
"Vietnam","Gross national savings, Percent of GDP","Annual","1991","10.438","Units"
"Vietnam","Gross national savings, Percent of GDP","Annual","1992","13.831","Units"
"Vietnam","Gross national savings, Percent of GDP","Annual","1993","10.768","Units"
"Vietnam","Gross national savings, Percent of GDP","Annual","1994","11.026","Units"
"Vietnam","Gross national savings, Percent of GDP","Annual","1995","11.350","Units"
"Vietnam","Gross national savings, Percent of GDP","Annual","1996","15.690","Units"
"Vietnam","Gross national savings, Percent of GDP","Annual","1997","17.813","Units"
"Vietnam","Gross national savings, Percent of GDP","Annual","1998","18.908","Units"
"Vietnam","Gross national savings, Percent of GDP","Annual","1999","24.990","Units"
"Vietnam","Gross national savings, Percent of GDP","Annual","2000","25.467","Units"
"Vietnam","Gross national savings, Percent of GDP","Annual","2001","26.779","Units"
"Vietnam","Gross national savings, Percent of GDP","Annual","2002","24.757","Units"
"Vietnam","Gross national savings, Percent of GDP","Annual","2003","24.071","Units"
"Vietnam","Gross national savings, Percent of GDP","Annual","2004","23.814","Units"
"Vietnam","Gross national savings, Percent of GDP","Annual","2005","25.821","Units"
"Vietnam","Gross national savings, Percent of GDP","Annual","2006","27.006","Units"
"Vietnam","Gross national savings, Percent of GDP","Annual","2007","34.911","Units"
"Vietnam","Gross national savings, Percent of GDP","Annual","2008","28.925","Units"
"Vietnam","Gross national savings, Percent of GDP","Annual","2009","32.042","Units"
"Vietnam","Gross national savings, Percent of GDP","Annual","2010","34.107","Units"
"Vietnam","Gross national savings, Percent of GDP","Annual","2011","32.507","Units"
"Vietnam","Gross national savings, Percent of GDP","Annual","2012","35.307","Units"
"Vietnam","Gross national savings, Percent of GDP","Annual","2013","33.857","Units"
"Vietnam","Gross national savings, Percent of GDP","Annual","2014","33.991","Units"
"Vietnam","Gross national savings, Percent of GDP","Annual","2015","31.246","Units"
"Vietnam","Gross national savings, Percent of GDP","Annual","2016","31.972","Units"
"Vietnam","Gross national savings, Percent of GDP","Annual","2017","31.709","Units"
"Vietnam","Gross national savings, Percent of GDP","Annual","2018","33.916","Units"
"Vietnam","Gross national savings, Percent of GDP","Annual","2019","35.741","Units"
"Vietnam","Gross national savings, Percent of GDP","Annual","2020","36.267","Units"
"Vietnam","Gross national savings, Percent of GDP","Annual","2021","30.695","Units"
"Vietnam","Gross national savings, Percent of GDP","Annual","2022","32.683","Units"
"Vietnam","Gross national savings, Percent of GDP","Annual","2023","38.027","Units"
"Vietnam","Gross national savings, Percent of GDP","Annual","2024","37.205","Units"
"Vietnam","Gross national savings, Percent of GDP","Annual","2025","37.507","Units"
"Vietnam","Gross national savings, Percent of GDP","Annual","2026","36.954","Units"
"Cameroon","Gross national savings, Percent of GDP","Annual","1980","15.561","Units"
"Cameroon","Gross national savings, Percent of GDP","Annual","1981","17.588","Units"
"Cameroon","Gross national savings, Percent of GDP","Annual","1982","15.506","Units"
"Cameroon","Gross national savings, Percent of GDP","Annual","1983","18.994","Units"
"Cameroon","Gross national savings, Percent of GDP","Annual","1984","20.994","Units"
"Cameroon","Gross national savings, Percent of GDP","Annual","1985","14.914","Units"
"Cameroon","Gross national savings, Percent of GDP","Annual","1986","15.512","Units"
"Cameroon","Gross national savings, Percent of GDP","Annual","1987","12.191","Units"
"Cameroon","Gross national savings, Percent of GDP","Annual","1988","12.189","Units"
"Cameroon","Gross national savings, Percent of GDP","Annual","1989","11.800","Units"
"Cameroon","Gross national savings, Percent of GDP","Annual","1990","12.343","Units"
"Cameroon","Gross national savings, Percent of GDP","Annual","1991","12.358","Units"
"Cameroon","Gross national savings, Percent of GDP","Annual","1992","11.324","Units"
"Cameroon","Gross national savings, Percent of GDP","Annual","1993","12.383","Units"
"Cameroon","Gross national savings, Percent of GDP","Annual","1994","16.469","Units"
"Cameroon","Gross national savings, Percent of GDP","Annual","1995","18.231","Units"
"Cameroon","Gross national savings, Percent of GDP","Annual","1996","16.670","Units"
"Cameroon","Gross national savings, Percent of GDP","Annual","1997","15.776","Units"
"Cameroon","Gross national savings, Percent of GDP","Annual","1998","16.270","Units"
"Cameroon","Gross national savings, Percent of GDP","Annual","1999","12.216","Units"
"Cameroon","Gross national savings, Percent of GDP","Annual","2000","15.319","Units"
"Cameroon","Gross national savings, Percent of GDP","Annual","2001","15.263","Units"
"Cameroon","Gross national savings, Percent of GDP","Annual","2002","15.983","Units"
"Cameroon","Gross national savings, Percent of GDP","Annual","2003","16.577","Units"
"Cameroon","Gross national savings, Percent of GDP","Annual","2004","20.345","Units"
"Cameroon","Gross national savings, Percent of GDP","Annual","2005","15.775","Units"
"Cameroon","Gross national savings, Percent of GDP","Annual","2006","19.013","Units"
"Cameroon","Gross national savings, Percent of GDP","Annual","2007","19.659","Units"
"Cameroon","Gross national savings, Percent of GDP","Annual","2008","18.742","Units"
"Cameroon","Gross national savings, Percent of GDP","Annual","2009","15.645","Units"
"Cameroon","Gross national savings, Percent of GDP","Annual","2010","15.898","Units"
"Cameroon","Gross national savings, Percent of GDP","Annual","2011","16.120","Units"
"Cameroon","Gross national savings, Percent of GDP","Annual","2012","14.853","Units"
"Cameroon","Gross national savings, Percent of GDP","Annual","2013","15.241","Units"
"Cameroon","Gross national savings, Percent of GDP","Annual","2014","15.892","Units"
"Cameroon","Gross national savings, Percent of GDP","Annual","2015","14.605","Units"
"Cameroon","Gross national savings, Percent of GDP","Annual","2016","16.759","Units"
"Cameroon","Gross national savings, Percent of GDP","Annual","2017","16.864","Units"
"Cameroon","Gross national savings, Percent of GDP","Annual","2018","16.037","Units"
"Cameroon","Gross national savings, Percent of GDP","Annual","2019","14.668","Units"
"Cameroon","Gross national savings, Percent of GDP","Annual","2020","13.945","Units"
"Cameroon","Gross national savings, Percent of GDP","Annual","2021","14.133","Units"
"Cameroon","Gross national savings, Percent of GDP","Annual","2022","15.705","Units"
"Cameroon","Gross national savings, Percent of GDP","Annual","2023","15.161","Units"
"Cameroon","Gross national savings, Percent of GDP","Annual","2024","15.637","Units"
"Cameroon","Gross national savings, Percent of GDP","Annual","2025","14.897","Units"
"Cameroon","Gross national savings, Percent of GDP","Annual","2026","14.585","Units"
"Botswana","Gross national savings, Percent of GDP","Annual","1980","29.332","Units"
"Botswana","Gross national savings, Percent of GDP","Annual","1981","24.195","Units"
"Botswana","Gross national savings, Percent of GDP","Annual","1982","28.764","Units"
"Botswana","Gross national savings, Percent of GDP","Annual","1983","26.739","Units"
"Botswana","Gross national savings, Percent of GDP","Annual","1984","27.207","Units"
"Botswana","Gross national savings, Percent of GDP","Annual","1985","36.667","Units"
"Botswana","Gross national savings, Percent of GDP","Annual","1986","35.942","Units"
"Botswana","Gross national savings, Percent of GDP","Annual","1987","42.102","Units"
"Botswana","Gross national savings, Percent of GDP","Annual","1988","53.265","Units"
"Botswana","Gross national savings, Percent of GDP","Annual","1989","43.324","Units"
"Botswana","Gross national savings, Percent of GDP","Annual","1990","46.413","Units"
"Botswana","Gross national savings, Percent of GDP","Annual","1991","45.685","Units"
"Botswana","Gross national savings, Percent of GDP","Annual","1992","43.363","Units"
"Botswana","Gross national savings, Percent of GDP","Annual","1993","42.780","Units"
"Botswana","Gross national savings, Percent of GDP","Annual","1994","29.657","Units"
"Botswana","Gross national savings, Percent of GDP","Annual","1995","32.201","Units"
"Botswana","Gross national savings, Percent of GDP","Annual","1996","38.265","Units"
"Botswana","Gross national savings, Percent of GDP","Annual","1997","38.438","Units"
"Botswana","Gross national savings, Percent of GDP","Annual","1998","42.281","Units"
"Botswana","Gross national savings, Percent of GDP","Annual","1999","37.387","Units"
"Botswana","Gross national savings, Percent of GDP","Annual","2000","31.257","Units"
"Botswana","Gross national savings, Percent of GDP","Annual","2001","28.006","Units"
"Botswana","Gross national savings, Percent of GDP","Annual","2002","23.239","Units"
"Botswana","Gross national savings, Percent of GDP","Annual","2003","27.765","Units"
"Botswana","Gross national savings, Percent of GDP","Annual","2004","27.802","Units"
"Botswana","Gross national savings, Percent of GDP","Annual","2005","33.505","Units"
"Botswana","Gross national savings, Percent of GDP","Annual","2006","38.822","Units"
"Botswana","Gross national savings, Percent of GDP","Annual","2007","41.082","Units"
"Botswana","Gross national savings, Percent of GDP","Annual","2008","34.469","Units"
"Botswana","Gross national savings, Percent of GDP","Annual","2009","21.890","Units"
"Botswana","Gross national savings, Percent of GDP","Annual","2010","28.756","Units"
"Botswana","Gross national savings, Percent of GDP","Annual","2011","35.779","Units"
"Botswana","Gross national savings, Percent of GDP","Annual","2012","33.036","Units"
"Botswana","Gross national savings, Percent of GDP","Annual","2013","30.782","Units"
"Botswana","Gross national savings, Percent of GDP","Annual","2014","36.779","Units"
"Botswana","Gross national savings, Percent of GDP","Annual","2015","31.776","Units"
"Botswana","Gross national savings, Percent of GDP","Annual","2016","30.818","Units"
"Botswana","Gross national savings, Percent of GDP","Annual","2017","31.350","Units"
"Botswana","Gross national savings, Percent of GDP","Annual","2018","26.581","Units"
"Botswana","Gross national savings, Percent of GDP","Annual","2019","23.825","Units"
"Botswana","Gross national savings, Percent of GDP","Annual","2020","26.566","Units"
"Botswana","Gross national savings, Percent of GDP","Annual","2021","28.147","Units"
"Botswana","Gross national savings, Percent of GDP","Annual","2022","26.685","Units"
"Botswana","Gross national savings, Percent of GDP","Annual","2023","31.106","Units"
"Botswana","Gross national savings, Percent of GDP","Annual","2024","30.182","Units"
"Botswana","Gross national savings, Percent of GDP","Annual","2025","28.459","Units"
"Botswana","Gross national savings, Percent of GDP","Annual","2026","28.033","Units"
"Algeria","Gross national savings, Percent of GDP","Annual","1980","28.040","Units"
"Algeria","Gross national savings, Percent of GDP","Annual","1981","25.822","Units"
"Algeria","Gross national savings, Percent of GDP","Annual","1982","23.970","Units"
"Algeria","Gross national savings, Percent of GDP","Annual","1983","24.684","Units"
"Algeria","Gross national savings, Percent of GDP","Annual","1984","29.364","Units"
"Algeria","Gross national savings, Percent of GDP","Annual","1985","29.240","Units"
"Algeria","Gross national savings, Percent of GDP","Annual","1986","22.220","Units"
"Algeria","Gross national savings, Percent of GDP","Annual","1987","22.599","Units"
"Algeria","Gross national savings, Percent of GDP","Annual","1988","18.583","Units"
"Algeria","Gross national savings, Percent of GDP","Annual","1989","18.732","Units"
"Algeria","Gross national savings, Percent of GDP","Annual","1990","28.635","Units"
"Algeria","Gross national savings, Percent of GDP","Annual","1991","33.233","Units"
"Algeria","Gross national savings, Percent of GDP","Annual","1992","29.834","Units"
"Algeria","Gross national savings, Percent of GDP","Annual","1993","27.503","Units"
"Algeria","Gross national savings, Percent of GDP","Annual","1994","24.995","Units"
"Algeria","Gross national savings, Percent of GDP","Annual","1995","24.191","Units"
"Algeria","Gross national savings, Percent of GDP","Annual","1996","25.560","Units"
"Algeria","Gross national savings, Percent of GDP","Annual","1997","28.054","Units"
"Algeria","Gross national savings, Percent of GDP","Annual","1998","23.455","Units"
"Algeria","Gross national savings, Percent of GDP","Annual","1999","24.432","Units"
"Algeria","Gross national savings, Percent of GDP","Annual","2000","37.097","Units"
"Algeria","Gross national savings, Percent of GDP","Annual","2001","41.399","Units"
"Algeria","Gross national savings, Percent of GDP","Annual","2002","40.221","Units"
"Algeria","Gross national savings, Percent of GDP","Annual","2003","44.357","Units"
"Algeria","Gross national savings, Percent of GDP","Annual","2004","47.039","Units"
"Algeria","Gross national savings, Percent of GDP","Annual","2005","50.256","Units"
"Algeria","Gross national savings, Percent of GDP","Annual","2006","53.611","Units"
"Algeria","Gross national savings, Percent of GDP","Annual","2007","55.747","Units"
"Algeria","Gross national savings, Percent of GDP","Annual","2008","56.641","Units"
"Algeria","Gross national savings, Percent of GDP","Annual","2009","47.832","Units"
"Algeria","Gross national savings, Percent of GDP","Annual","2010","51.056","Units"
"Algeria","Gross national savings, Percent of GDP","Annual","2011","49.789","Units"
"Algeria","Gross national savings, Percent of GDP","Annual","2012","47.965","Units"
"Algeria","Gross national savings, Percent of GDP","Annual","2013","46.277","Units"
"Algeria","Gross national savings, Percent of GDP","Annual","2014","44.544","Units"
"Algeria","Gross national savings, Percent of GDP","Annual","2015","38.734","Units"
"Algeria","Gross national savings, Percent of GDP","Annual","2016","39.547","Units"
"Algeria","Gross national savings, Percent of GDP","Annual","2017","39.174","Units"
"Algeria","Gross national savings, Percent of GDP","Annual","2018","40.259","Units"
"Algeria","Gross national savings, Percent of GDP","Annual","2019","38.295","Units"
"Algeria","Gross national savings, Percent of GDP","Annual","2020","33.182","Units"
"Algeria","Gross national savings, Percent of GDP","Annual","2021","38.090","Units"
"Algeria","Gross national savings, Percent of GDP","Annual","2022","44.030","Units"
"Algeria","Gross national savings, Percent of GDP","Annual","2023","40.716","Units"
"Algeria","Gross national savings, Percent of GDP","Annual","2024","40.051","Units"
"Algeria","Gross national savings, Percent of GDP","Annual","2025","39.341","Units"
"Algeria","Gross national savings, Percent of GDP","Annual","2026","41.116","Units"
"Congo, Republic of","Gross national savings, Percent of GDP","Annual","1980","29.297","Units"
"Congo, Republic of","Gross national savings, Percent of GDP","Annual","1981","35.668","Units"
"Congo, Republic of","Gross national savings, Percent of GDP","Annual","1982","29.643","Units"
"Congo, Republic of","Gross national savings, Percent of GDP","Annual","1983","32.598","Units"
"Congo, Republic of","Gross national savings, Percent of GDP","Annual","1984","22.912","Units"
"Congo, Republic of","Gross national savings, Percent of GDP","Annual","1985","21.113","Units"
"Congo, Republic of","Gross national savings, Percent of GDP","Annual","1986","24.332","Units"
"Congo, Republic of","Gross national savings, Percent of GDP","Annual","1987","21.943","Units"
"Congo, Republic of","Gross national savings, Percent of GDP","Annual","1988","28.293","Units"
"Congo, Republic of","Gross national savings, Percent of GDP","Annual","1989","16.120","Units"
"Congo, Republic of","Gross national savings, Percent of GDP","Annual","1990","35.962","Units"
"Congo, Republic of","Gross national savings, Percent of GDP","Annual","1991","31.028","Units"
"Congo, Republic of","Gross national savings, Percent of GDP","Annual","1992","41.942","Units"
"Congo, Republic of","Gross national savings, Percent of GDP","Annual","1993","38.615","Units"
"Congo, Republic of","Gross national savings, Percent of GDP","Annual","1994","35.729","Units"
"Congo, Republic of","Gross national savings, Percent of GDP","Annual","1995","5.572","Units"
"Congo, Republic of","Gross national savings, Percent of GDP","Annual","1996","10.242","Units"
"Congo, Republic of","Gross national savings, Percent of GDP","Annual","1997","22.473","Units"
"Congo, Republic of","Gross national savings, Percent of GDP","Annual","1998","12.201","Units"
"Congo, Republic of","Gross national savings, Percent of GDP","Annual","1999","25.850","Units"
"Congo, Republic of","Gross national savings, Percent of GDP","Annual","2000","48.427","Units"
"Congo, Republic of","Gross national savings, Percent of GDP","Annual","2001","28.932","Units"
"Congo, Republic of","Gross national savings, Percent of GDP","Annual","2002","34.305","Units"
"Congo, Republic of","Gross national savings, Percent of GDP","Annual","2003","44.628","Units"
"Congo, Republic of","Gross national savings, Percent of GDP","Annual","2004","39.867","Units"
"Congo, Republic of","Gross national savings, Percent of GDP","Annual","2005","32.005","Units"
"Congo, Republic of","Gross national savings, Percent of GDP","Annual","2006","42.939","Units"
"Congo, Republic of","Gross national savings, Percent of GDP","Annual","2007","37.053","Units"
"Congo, Republic of","Gross national savings, Percent of GDP","Annual","2008","49.533","Units"
"Congo, Republic of","Gross national savings, Percent of GDP","Annual","2009","40.192","Units"
"Congo, Republic of","Gross national savings, Percent of GDP","Annual","2010","54.044","Units"
"Congo, Republic of","Gross national savings, Percent of GDP","Annual","2011","50.017","Units"
"Congo, Republic of","Gross national savings, Percent of GDP","Annual","2012","57.460","Units"
"Congo, Republic of","Gross national savings, Percent of GDP","Annual","2013","57.835","Units"
"Congo, Republic of","Gross national savings, Percent of GDP","Annual","2014","54.628","Units"
"Congo, Republic of","Gross national savings, Percent of GDP","Annual","2015","40.415","Units"
"Congo, Republic of","Gross national savings, Percent of GDP","Annual","2016","26.015","Units"
"Congo, Republic of","Gross national savings, Percent of GDP","Annual","2017","39.460","Units"
"Congo, Republic of","Gross national savings, Percent of GDP","Annual","2018","48.016","Units"
"Congo, Republic of","Gross national savings, Percent of GDP","Annual","2019","37.579","Units"
"Congo, Republic of","Gross national savings, Percent of GDP","Annual","2020","36.293","Units"
"Congo, Republic of","Gross national savings, Percent of GDP","Annual","2021","34.982","Units"
"Congo, Republic of","Gross national savings, Percent of GDP","Annual","2022","43.425","Units"
"Congo, Republic of","Gross national savings, Percent of GDP","Annual","2023","22.396","Units"
"Congo, Republic of","Gross national savings, Percent of GDP","Annual","2024","24.135","Units"
"Congo, Republic of","Gross national savings, Percent of GDP","Annual","2025","21.671","Units"
"Congo, Republic of","Gross national savings, Percent of GDP","Annual","2026","23.192","Units"
"Central African Republic","Gross national savings, Percent of GDP","Annual","1980","-2.840","Units"
"Central African Republic","Gross national savings, Percent of GDP","Annual","1981","5.182","Units"
"Central African Republic","Gross national savings, Percent of GDP","Annual","1982","-7.392","Units"
"Central African Republic","Gross national savings, Percent of GDP","Annual","1983","-1.012","Units"
"Central African Republic","Gross national savings, Percent of GDP","Annual","1984","0.547","Units"
"Central African Republic","Gross national savings, Percent of GDP","Annual","1985","9.777","Units"
"Central African Republic","Gross national savings, Percent of GDP","Annual","1986","12.690","Units"
"Central African Republic","Gross national savings, Percent of GDP","Annual","1987","9.627","Units"
"Central African Republic","Gross national savings, Percent of GDP","Annual","1988","8.414","Units"
"Central African Republic","Gross national savings, Percent of GDP","Annual","1989","11.085","Units"
"Central African Republic","Gross national savings, Percent of GDP","Annual","1990","11.596","Units"
"Central African Republic","Gross national savings, Percent of GDP","Annual","1991","7.432","Units"
"Central African Republic","Gross national savings, Percent of GDP","Annual","1992","2.544","Units"
"Central African Republic","Gross national savings, Percent of GDP","Annual","1993","7.444","Units"
"Central African Republic","Gross national savings, Percent of GDP","Annual","1994","5.588","Units"
"Central African Republic","Gross national savings, Percent of GDP","Annual","1995","2.741","Units"
"Central African Republic","Gross national savings, Percent of GDP","Annual","1996","-2.578","Units"
"Central African Republic","Gross national savings, Percent of GDP","Annual","1997","-5.036","Units"
"Central African Republic","Gross national savings, Percent of GDP","Annual","1998","-1.733","Units"
"Central African Republic","Gross national savings, Percent of GDP","Annual","1999","3.917","Units"
"Central African Republic","Gross national savings, Percent of GDP","Annual","2000","-0.473","Units"
"Central African Republic","Gross national savings, Percent of GDP","Annual","2001","-1.952","Units"
"Central African Republic","Gross national savings, Percent of GDP","Annual","2002","-0.989","Units"
"Central African Republic","Gross national savings, Percent of GDP","Annual","2003","-1.152","Units"
"Central African Republic","Gross national savings, Percent of GDP","Annual","2004","1.142","Units"
"Central African Republic","Gross national savings, Percent of GDP","Annual","2005","0.109","Units"
"Central African Republic","Gross national savings, Percent of GDP","Annual","2006","9.906","Units"
"Central African Republic","Gross national savings, Percent of GDP","Annual","2007","3.014","Units"
"Central African Republic","Gross national savings, Percent of GDP","Annual","2008","2.403","Units"
"Central African Republic","Gross national savings, Percent of GDP","Annual","2009","1.016","Units"
"Central African Republic","Gross national savings, Percent of GDP","Annual","2010","3.838","Units"
"Central African Republic","Gross national savings, Percent of GDP","Annual","2011","3.878","Units"
"Central African Republic","Gross national savings, Percent of GDP","Annual","2012","8.344","Units"
"Central African Republic","Gross national savings, Percent of GDP","Annual","2013","6.245","Units"
"Central African Republic","Gross national savings, Percent of GDP","Annual","2014","3.639","Units"
"Central African Republic","Gross national savings, Percent of GDP","Annual","2015","8.276","Units"
"Central African Republic","Gross national savings, Percent of GDP","Annual","2016","12.852","Units"
"Central African Republic","Gross national savings, Percent of GDP","Annual","2017","6.793","Units"
"Central African Republic","Gross national savings, Percent of GDP","Annual","2018","8.627","Units"
"Central African Republic","Gross national savings, Percent of GDP","Annual","2019","9.461","Units"
"Central African Republic","Gross national savings, Percent of GDP","Annual","2020","11.202","Units"
"Central African Republic","Gross national savings, Percent of GDP","Annual","2021","2.570","Units"
"Central African Republic","Gross national savings, Percent of GDP","Annual","2022","1.988","Units"
"Central African Republic","Gross national savings, Percent of GDP","Annual","2023","6.818","Units"
"Central African Republic","Gross national savings, Percent of GDP","Annual","2024","6.962","Units"
"Central African Republic","Gross national savings, Percent of GDP","Annual","2025","13.028","Units"
"Central African Republic","Gross national savings, Percent of GDP","Annual","2026","13.483","Units"
"Cabo Verde","Gross national savings, Percent of GDP","Annual","1980","-98.140","Units"
"Cabo Verde","Gross national savings, Percent of GDP","Annual","1981","-77.146","Units"
"Cabo Verde","Gross national savings, Percent of GDP","Annual","1982","43.176","Units"
"Cabo Verde","Gross national savings, Percent of GDP","Annual","1983","43.164","Units"
"Cabo Verde","Gross national savings, Percent of GDP","Annual","1984","38.398","Units"
"Cabo Verde","Gross national savings, Percent of GDP","Annual","1985","34.475","Units"
"Cabo Verde","Gross national savings, Percent of GDP","Annual","1986","20.792","Units"
"Cabo Verde","Gross national savings, Percent of GDP","Annual","1987","25.859","Units"
"Cabo Verde","Gross national savings, Percent of GDP","Annual","1988","17.556","Units"
"Cabo Verde","Gross national savings, Percent of GDP","Annual","1989","18.724","Units"
"Cabo Verde","Gross national savings, Percent of GDP","Annual","1990","15.216","Units"
"Cabo Verde","Gross national savings, Percent of GDP","Annual","1991","11.286","Units"
"Cabo Verde","Gross national savings, Percent of GDP","Annual","1992","19.062","Units"
"Cabo Verde","Gross national savings, Percent of GDP","Annual","1993","18.224","Units"
"Cabo Verde","Gross national savings, Percent of GDP","Annual","1994","29.341","Units"
"Cabo Verde","Gross national savings, Percent of GDP","Annual","1995","29.413","Units"
"Cabo Verde","Gross national savings, Percent of GDP","Annual","1996","32.464","Units"
"Cabo Verde","Gross national savings, Percent of GDP","Annual","1997","31.561","Units"
"Cabo Verde","Gross national savings, Percent of GDP","Annual","1998","31.352","Units"
"Cabo Verde","Gross national savings, Percent of GDP","Annual","1999","32.062","Units"
"Cabo Verde","Gross national savings, Percent of GDP","Annual","2000","15.808","Units"
"Cabo Verde","Gross national savings, Percent of GDP","Annual","2001","14.986","Units"
"Cabo Verde","Gross national savings, Percent of GDP","Annual","2002","17.670","Units"
"Cabo Verde","Gross national savings, Percent of GDP","Annual","2003","31.598","Units"
"Cabo Verde","Gross national savings, Percent of GDP","Annual","2004","29.758","Units"
"Cabo Verde","Gross national savings, Percent of GDP","Annual","2005","37.583","Units"
"Cabo Verde","Gross national savings, Percent of GDP","Annual","2006","35.277","Units"
"Cabo Verde","Gross national savings, Percent of GDP","Annual","2007","36.871","Units"
"Cabo Verde","Gross national savings, Percent of GDP","Annual","2008","37.439","Units"
"Cabo Verde","Gross national savings, Percent of GDP","Annual","2009","33.244","Units"
"Cabo Verde","Gross national savings, Percent of GDP","Annual","2010","34.584","Units"
"Cabo Verde","Gross national savings, Percent of GDP","Annual","2011","34.072","Units"
"Cabo Verde","Gross national savings, Percent of GDP","Annual","2012","29.040","Units"
"Cabo Verde","Gross national savings, Percent of GDP","Annual","2013","28.787","Units"
"Cabo Verde","Gross national savings, Percent of GDP","Annual","2014","26.651","Units"
"Cabo Verde","Gross national savings, Percent of GDP","Annual","2015","29.114","Units"
"Cabo Verde","Gross national savings, Percent of GDP","Annual","2016","28.061","Units"
"Cabo Verde","Gross national savings, Percent of GDP","Annual","2017","25.504","Units"
"Cabo Verde","Gross national savings, Percent of GDP","Annual","2018","25.584","Units"
"Cabo Verde","Gross national savings, Percent of GDP","Annual","2019","25.990","Units"
"Cabo Verde","Gross national savings, Percent of GDP","Annual","2020","17.763","Units"
"Cabo Verde","Gross national savings, Percent of GDP","Annual","2021","17.624","Units"
"Cabo Verde","Gross national savings, Percent of GDP","Annual","2022","18.459","Units"
"Cabo Verde","Gross national savings, Percent of GDP","Annual","2023","15.924","Units"
"Cabo Verde","Gross national savings, Percent of GDP","Annual","2024","20.079","Units"
"Cabo Verde","Gross national savings, Percent of GDP","Annual","2025","25.953","Units"
"Cabo Verde","Gross national savings, Percent of GDP","Annual","2026","20.805","Units"
"Burundi","Gross national savings, Percent of GDP","Annual","1980","4.003","Units"
"Burundi","Gross national savings, Percent of GDP","Annual","1981","8.464","Units"
"Burundi","Gross national savings, Percent of GDP","Annual","1982","1.602","Units"
"Burundi","Gross national savings, Percent of GDP","Annual","1983","8.871","Units"
"Burundi","Gross national savings, Percent of GDP","Annual","1984","5.425","Units"
"Burundi","Gross national savings, Percent of GDP","Annual","1985","6.026","Units"
"Burundi","Gross national savings, Percent of GDP","Annual","1986","7.659","Units"
"Burundi","Gross national savings, Percent of GDP","Annual","1987","4.581","Units"
"Burundi","Gross national savings, Percent of GDP","Annual","1988","4.558","Units"
"Burundi","Gross national savings, Percent of GDP","Annual","1989","6.442","Units"
"Burundi","Gross national savings, Percent of GDP","Annual","1990","-4.018","Units"
"Burundi","Gross national savings, Percent of GDP","Annual","1991","3.502","Units"
"Burundi","Gross national savings, Percent of GDP","Annual","1992","2.308","Units"
"Burundi","Gross national savings, Percent of GDP","Annual","1993","8.692","Units"
"Burundi","Gross national savings, Percent of GDP","Annual","1994","6.208","Units"
"Burundi","Gross national savings, Percent of GDP","Annual","1995","6.403","Units"
"Burundi","Gross national savings, Percent of GDP","Annual","1996","2.716","Units"
"Burundi","Gross national savings, Percent of GDP","Annual","1997","5.122","Units"
"Burundi","Gross national savings, Percent of GDP","Annual","1998","-0.703","Units"
"Burundi","Gross national savings, Percent of GDP","Annual","1999","3.251","Units"
"Burundi","Gross national savings, Percent of GDP","Annual","2000","13.824","Units"
"Burundi","Gross national savings, Percent of GDP","Annual","2001","16.871","Units"
"Burundi","Gross national savings, Percent of GDP","Annual","2002","8.585","Units"
"Burundi","Gross national savings, Percent of GDP","Annual","2003","6.910","Units"
"Burundi","Gross national savings, Percent of GDP","Annual","2004","13.745","Units"
"Burundi","Gross national savings, Percent of GDP","Annual","2005","13.695","Units"
"Burundi","Gross national savings, Percent of GDP","Annual","2006","-4.071","Units"
"Burundi","Gross national savings, Percent of GDP","Annual","2007","-17.580","Units"
"Burundi","Gross national savings, Percent of GDP","Annual","2008","2.601","Units"
"Burundi","Gross national savings, Percent of GDP","Annual","2009","8.861","Units"
"Burundi","Gross national savings, Percent of GDP","Annual","2010","3.688","Units"
"Burundi","Gross national savings, Percent of GDP","Annual","2011","0.959","Units"
"Burundi","Gross national savings, Percent of GDP","Annual","2012","-4.893","Units"
"Burundi","Gross national savings, Percent of GDP","Annual","2013","-5.258","Units"
"Burundi","Gross national savings, Percent of GDP","Annual","2014","2.440","Units"
"Burundi","Gross national savings, Percent of GDP","Annual","2015","5.757","Units"
"Burundi","Gross national savings, Percent of GDP","Annual","2016","6.726","Units"
"Burundi","Gross national savings, Percent of GDP","Annual","2017","6.511","Units"
"Burundi","Gross national savings, Percent of GDP","Annual","2018","5.969","Units"
"Burundi","Gross national savings, Percent of GDP","Annual","2019","7.716","Units"
"Burundi","Gross national savings, Percent of GDP","Annual","2020","8.775","Units"
"Burundi","Gross national savings, Percent of GDP","Annual","2021","9.125","Units"
"Burundi","Gross national savings, Percent of GDP","Annual","2022","4.142","Units"
"Burundi","Gross national savings, Percent of GDP","Annual","2023","7.535","Units"
"Burundi","Gross national savings, Percent of GDP","Annual","2024","11.002","Units"
"Burundi","Gross national savings, Percent of GDP","Annual","2025","12.497","Units"
"Burundi","Gross national savings, Percent of GDP","Annual","2026","13.029","Units"
"Congo, Democratic Republic of the","Gross national savings, Percent of GDP","Annual","1980","5.207","Units"
"Congo, Democratic Republic of the","Gross national savings, Percent of GDP","Annual","1981","5.053","Units"
"Congo, Democratic Republic of the","Gross national savings, Percent of GDP","Annual","1982","3.852","Units"
"Congo, Democratic Republic of the","Gross national savings, Percent of GDP","Annual","1983","4.679","Units"
"Congo, Democratic Republic of the","Gross national savings, Percent of GDP","Annual","1984","6.442","Units"
"Congo, Democratic Republic of the","Gross national savings, Percent of GDP","Annual","1985","7.251","Units"
"Congo, Democratic Republic of the","Gross national savings, Percent of GDP","Annual","1986","6.732","Units"
"Congo, Democratic Republic of the","Gross national savings, Percent of GDP","Annual","1987","5.344","Units"
"Congo, Democratic Republic of the","Gross national savings, Percent of GDP","Annual","1988","7.223","Units"
"Congo, Democratic Republic of the","Gross national savings, Percent of GDP","Annual","1989","6.482","Units"
"Congo, Democratic Republic of the","Gross national savings, Percent of GDP","Annual","1990","6.030","Units"
"Congo, Democratic Republic of the","Gross national savings, Percent of GDP","Annual","1991","1.335","Units"
"Congo, Democratic Republic of the","Gross national savings, Percent of GDP","Annual","1992","3.876","Units"
"Congo, Democratic Republic of the","Gross national savings, Percent of GDP","Annual","1993","3.028","Units"
"Congo, Democratic Republic of the","Gross national savings, Percent of GDP","Annual","1994","0.609","Units"
"Congo, Democratic Republic of the","Gross national savings, Percent of GDP","Annual","1995","2.513","Units"
"Congo, Democratic Republic of the","Gross national savings, Percent of GDP","Annual","1996","5.346","Units"
"Congo, Democratic Republic of the","Gross national savings, Percent of GDP","Annual","1997","50.836","Units"
"Congo, Democratic Republic of the","Gross national savings, Percent of GDP","Annual","1998","50.411","Units"
"Congo, Democratic Republic of the","Gross national savings, Percent of GDP","Annual","1999","13.392","Units"
"Congo, Democratic Republic of the","Gross national savings, Percent of GDP","Annual","2000","8.087","Units"
"Congo, Democratic Republic of the","Gross national savings, Percent of GDP","Annual","2001","10.394","Units"
"Congo, Democratic Republic of the","Gross national savings, Percent of GDP","Annual","2002","11.543","Units"
"Congo, Democratic Republic of the","Gross national savings, Percent of GDP","Annual","2003","15.481","Units"
"Congo, Democratic Republic of the","Gross national savings, Percent of GDP","Annual","2004","12.988","Units"
"Congo, Democratic Republic of the","Gross national savings, Percent of GDP","Annual","2005","6.197","Units"
"Congo, Democratic Republic of the","Gross national savings, Percent of GDP","Annual","2006","6.742","Units"
"Congo, Democratic Republic of the","Gross national savings, Percent of GDP","Annual","2007","9.160","Units"
"Congo, Democratic Republic of the","Gross national savings, Percent of GDP","Annual","2008","4.625","Units"
"Congo, Democratic Republic of the","Gross national savings, Percent of GDP","Annual","2009","5.835","Units"
"Congo, Democratic Republic of the","Gross national savings, Percent of GDP","Annual","2010","15.399","Units"
"Congo, Democratic Republic of the","Gross national savings, Percent of GDP","Annual","2011","17.477","Units"
"Congo, Democratic Republic of the","Gross national savings, Percent of GDP","Annual","2012","8.572","Units"
"Congo, Democratic Republic of the","Gross national savings, Percent of GDP","Annual","2013","9.807","Units"
"Congo, Democratic Republic of the","Gross national savings, Percent of GDP","Annual","2014","15.527","Units"
"Congo, Democratic Republic of the","Gross national savings, Percent of GDP","Annual","2015","13.256","Units"
"Congo, Democratic Republic of the","Gross national savings, Percent of GDP","Annual","2016","8.317","Units"
"Congo, Democratic Republic of the","Gross national savings, Percent of GDP","Annual","2017","9.202","Units"
"Congo, Democratic Republic of the","Gross national savings, Percent of GDP","Annual","2018","8.955","Units"
"Congo, Democratic Republic of the","Gross national savings, Percent of GDP","Annual","2019","10.156","Units"
"Congo, Democratic Republic of the","Gross national savings, Percent of GDP","Annual","2020","9.533","Units"
"Congo, Democratic Republic of the","Gross national savings, Percent of GDP","Annual","2021","12.839","Units"
"Congo, Democratic Republic of the","Gross national savings, Percent of GDP","Annual","2022","7.978","Units"
"Congo, Democratic Republic of the","Gross national savings, Percent of GDP","Annual","2023","10.270","Units"
"Congo, Democratic Republic of the","Gross national savings, Percent of GDP","Annual","2024","9.655","Units"
"Congo, Democratic Republic of the","Gross national savings, Percent of GDP","Annual","2025","9.615","Units"
"Congo, Democratic Republic of the","Gross national savings, Percent of GDP","Annual","2026","12.954","Units"
"Comoros, Union of the","Gross national savings, Percent of GDP","Annual","1980","8.209","Units"
"Comoros, Union of the","Gross national savings, Percent of GDP","Annual","1981","16.671","Units"
"Comoros, Union of the","Gross national savings, Percent of GDP","Annual","1982","7.358","Units"
"Comoros, Union of the","Gross national savings, Percent of GDP","Annual","1983","14.982","Units"
"Comoros, Union of the","Gross national savings, Percent of GDP","Annual","1984","1.725","Units"
"Comoros, Union of the","Gross national savings, Percent of GDP","Annual","1985","0.606","Units"
"Comoros, Union of the","Gross national savings, Percent of GDP","Annual","1986","-0.986","Units"
"Comoros, Union of the","Gross national savings, Percent of GDP","Annual","1987","3.410","Units"
"Comoros, Union of the","Gross national savings, Percent of GDP","Annual","1988","6.783","Units"
"Comoros, Union of the","Gross national savings, Percent of GDP","Annual","1989","9.078","Units"
"Comoros, Union of the","Gross national savings, Percent of GDP","Annual","1990","7.880","Units"
"Comoros, Union of the","Gross national savings, Percent of GDP","Annual","1991","8.342","Units"
"Comoros, Union of the","Gross national savings, Percent of GDP","Annual","1992","4.341","Units"
"Comoros, Union of the","Gross national savings, Percent of GDP","Annual","1993","11.542","Units"
"Comoros, Union of the","Gross national savings, Percent of GDP","Annual","1994","8.199","Units"
"Comoros, Union of the","Gross national savings, Percent of GDP","Annual","1995","8.140","Units"
"Comoros, Union of the","Gross national savings, Percent of GDP","Annual","1996","8.667","Units"
"Comoros, Union of the","Gross national savings, Percent of GDP","Annual","1997","8.802","Units"
"Comoros, Union of the","Gross national savings, Percent of GDP","Annual","1998","10.900","Units"
"Comoros, Union of the","Gross national savings, Percent of GDP","Annual","1999","11.232","Units"
"Comoros, Union of the","Gross national savings, Percent of GDP","Annual","2000","13.700","Units"
"Comoros, Union of the","Gross national savings, Percent of GDP","Annual","2001","15.582","Units"
"Comoros, Union of the","Gross national savings, Percent of GDP","Annual","2002","14.728","Units"
"Comoros, Union of the","Gross national savings, Percent of GDP","Annual","2003","13.533","Units"
"Comoros, Union of the","Gross national savings, Percent of GDP","Annual","2004","12.098","Units"
"Comoros, Union of the","Gross national savings, Percent of GDP","Annual","2005","11.898","Units"
"Comoros, Union of the","Gross national savings, Percent of GDP","Annual","2006","12.438","Units"
"Comoros, Union of the","Gross national savings, Percent of GDP","Annual","2007","13.991","Units"
"Comoros, Union of the","Gross national savings, Percent of GDP","Annual","2008","13.190","Units"
"Comoros, Union of the","Gross national savings, Percent of GDP","Annual","2009","13.901","Units"
"Comoros, Union of the","Gross national savings, Percent of GDP","Annual","2010","17.919","Units"
"Comoros, Union of the","Gross national savings, Percent of GDP","Annual","2011","12.409","Units"
"Comoros, Union of the","Gross national savings, Percent of GDP","Annual","2012","12.906","Units"
"Comoros, Union of the","Gross national savings, Percent of GDP","Annual","2013","12.312","Units"
"Comoros, Union of the","Gross national savings, Percent of GDP","Annual","2014","11.425","Units"
"Comoros, Union of the","Gross national savings, Percent of GDP","Annual","2015","13.503","Units"
"Comoros, Union of the","Gross national savings, Percent of GDP","Annual","2016","8.773","Units"
"Comoros, Union of the","Gross national savings, Percent of GDP","Annual","2017","12.030","Units"
"Comoros, Union of the","Gross national savings, Percent of GDP","Annual","2018","12.968","Units"
"Comoros, Union of the","Gross national savings, Percent of GDP","Annual","2019","13.018","Units"
"Comoros, Union of the","Gross national savings, Percent of GDP","Annual","2020","16.107","Units"
"Comoros, Union of the","Gross national savings, Percent of GDP","Annual","2021","15.992","Units"
"Comoros, Union of the","Gross national savings, Percent of GDP","Annual","2022","12.105","Units"
"Comoros, Union of the","Gross national savings, Percent of GDP","Annual","2023","6.510","Units"
"Comoros, Union of the","Gross national savings, Percent of GDP","Annual","2024","4.802","Units"
"Comoros, Union of the","Gross national savings, Percent of GDP","Annual","2025","2.355","Units"
"Comoros, Union of the","Gross national savings, Percent of GDP","Annual","2026","0.021","Units"
"Chad","Gross national savings, Percent of GDP","Annual","1980","7.674","Units"
"Chad","Gross national savings, Percent of GDP","Annual","1981","2.971","Units"
"Chad","Gross national savings, Percent of GDP","Annual","1982","2.175","Units"
"Chad","Gross national savings, Percent of GDP","Annual","1983","2.435","Units"
"Chad","Gross national savings, Percent of GDP","Annual","1984","2.528","Units"
"Chad","Gross national savings, Percent of GDP","Annual","1985","0.569","Units"
"Chad","Gross national savings, Percent of GDP","Annual","1986","-2.053","Units"
"Chad","Gross national savings, Percent of GDP","Annual","1987","0.508","Units"
"Chad","Gross national savings, Percent of GDP","Annual","1988","3.315","Units"
"Chad","Gross national savings, Percent of GDP","Annual","1989","-1.261","Units"
"Chad","Gross national savings, Percent of GDP","Annual","1990","0.265","Units"
"Chad","Gross national savings, Percent of GDP","Annual","1991","1.176","Units"
"Chad","Gross national savings, Percent of GDP","Annual","1992","-0.424","Units"
"Chad","Gross national savings, Percent of GDP","Annual","1993","-7.602","Units"
"Chad","Gross national savings, Percent of GDP","Annual","1994","7.497","Units"
"Chad","Gross national savings, Percent of GDP","Annual","1995","3.882","Units"
"Chad","Gross national savings, Percent of GDP","Annual","1996","8.277","Units"
"Chad","Gross national savings, Percent of GDP","Annual","1997","6.561","Units"
"Chad","Gross national savings, Percent of GDP","Annual","1998","4.375","Units"
"Chad","Gross national savings, Percent of GDP","Annual","1999","3.834","Units"
"Chad","Gross national savings, Percent of GDP","Annual","2000","10.265","Units"
"Chad","Gross national savings, Percent of GDP","Annual","2001","13.989","Units"
"Chad","Gross national savings, Percent of GDP","Annual","2002","-2.324","Units"
"Chad","Gross national savings, Percent of GDP","Annual","2003","21.672","Units"
"Chad","Gross national savings, Percent of GDP","Annual","2004","21.589","Units"
"Chad","Gross national savings, Percent of GDP","Annual","2005","23.752","Units"
"Chad","Gross national savings, Percent of GDP","Annual","2006","34.583","Units"
"Chad","Gross national savings, Percent of GDP","Annual","2007","34.178","Units"
"Chad","Gross national savings, Percent of GDP","Annual","2008","31.087","Units"
"Chad","Gross national savings, Percent of GDP","Annual","2009","23.138","Units"
"Chad","Gross national savings, Percent of GDP","Annual","2010","28.752","Units"
"Chad","Gross national savings, Percent of GDP","Annual","2011","33.997","Units"
"Chad","Gross national savings, Percent of GDP","Annual","2012","38.614","Units"
"Chad","Gross national savings, Percent of GDP","Annual","2013","33.033","Units"
"Chad","Gross national savings, Percent of GDP","Annual","2014","37.820","Units"
"Chad","Gross national savings, Percent of GDP","Annual","2015","32.216","Units"
"Chad","Gross national savings, Percent of GDP","Annual","2016","24.455","Units"
"Chad","Gross national savings, Percent of GDP","Annual","2017","27.214","Units"
"Chad","Gross national savings, Percent of GDP","Annual","2018","31.316","Units"
"Chad","Gross national savings, Percent of GDP","Annual","2019","30.623","Units"
"Chad","Gross national savings, Percent of GDP","Annual","2020","30.281","Units"
"Chad","Gross national savings, Percent of GDP","Annual","2021","32.546","Units"
"Chad","Gross national savings, Percent of GDP","Annual","2022","35.011","Units"
"Chad","Gross national savings, Percent of GDP","Annual","2023","32.463","Units"
"Chad","Gross national savings, Percent of GDP","Annual","2024","33.402","Units"
"Chad","Gross national savings, Percent of GDP","Annual","2025","32.670","Units"
"Chad","Gross national savings, Percent of GDP","Annual","2026","35.079","Units"
"Gabon","Gross national savings, Percent of GDP","Annual","1980","51.211","Units"
"Gabon","Gross national savings, Percent of GDP","Annual","1981","48.905","Units"
"Gabon","Gross national savings, Percent of GDP","Annual","1982","45.470","Units"
"Gabon","Gross national savings, Percent of GDP","Annual","1983","44.527","Units"
"Gabon","Gross national savings, Percent of GDP","Annual","1984","50.638","Units"
"Gabon","Gross national savings, Percent of GDP","Annual","1985","46.385","Units"
"Gabon","Gross national savings, Percent of GDP","Annual","1986","16.427","Units"
"Gabon","Gross national savings, Percent of GDP","Annual","1987","20.822","Units"
"Gabon","Gross national savings, Percent of GDP","Annual","1988","18.929","Units"
"Gabon","Gross national savings, Percent of GDP","Annual","1989","20.724","Units"
"Gabon","Gross national savings, Percent of GDP","Annual","1990","22.723","Units"
"Gabon","Gross national savings, Percent of GDP","Annual","1991","27.174","Units"
"Gabon","Gross national savings, Percent of GDP","Annual","1992","17.433","Units"
"Gabon","Gross national savings, Percent of GDP","Annual","1993","19.722","Units"
"Gabon","Gross national savings, Percent of GDP","Annual","1994","27.769","Units"
"Gabon","Gross national savings, Percent of GDP","Annual","1995","30.689","Units"
"Gabon","Gross national savings, Percent of GDP","Annual","1996","33.392","Units"
"Gabon","Gross national savings, Percent of GDP","Annual","1997","38.921","Units"
"Gabon","Gross national savings, Percent of GDP","Annual","1998","23.707","Units"
"Gabon","Gross national savings, Percent of GDP","Annual","1999","30.342","Units"
"Gabon","Gross national savings, Percent of GDP","Annual","2000","37.621","Units"
"Gabon","Gross national savings, Percent of GDP","Annual","2001","39.538","Units"
"Gabon","Gross national savings, Percent of GDP","Annual","2002","38.317","Units"
"Gabon","Gross national savings, Percent of GDP","Annual","2003","40.447","Units"
"Gabon","Gross national savings, Percent of GDP","Annual","2004","39.039","Units"
"Gabon","Gross national savings, Percent of GDP","Annual","2005","45.660","Units"
"Gabon","Gross national savings, Percent of GDP","Annual","2006","41.223","Units"
"Gabon","Gross national savings, Percent of GDP","Annual","2007","46.723","Units"
"Gabon","Gross national savings, Percent of GDP","Annual","2008","48.500","Units"
"Gabon","Gross national savings, Percent of GDP","Annual","2009","34.551","Units"
"Gabon","Gross national savings, Percent of GDP","Annual","2010","42.509","Units"
"Gabon","Gross national savings, Percent of GDP","Annual","2011","46.658","Units"
"Gabon","Gross national savings, Percent of GDP","Annual","2012","43.317","Units"
"Gabon","Gross national savings, Percent of GDP","Annual","2013","42.298","Units"
"Gabon","Gross national savings, Percent of GDP","Annual","2014","42.545","Units"
"Gabon","Gross national savings, Percent of GDP","Annual","2015","37.127","Units"
"Gabon","Gross national savings, Percent of GDP","Annual","2016","30.683","Units"
"Gabon","Gross national savings, Percent of GDP","Annual","2017","29.242","Units"
"Gabon","Gross national savings, Percent of GDP","Annual","2018","34.156","Units"
"Gabon","Gross national savings, Percent of GDP","Annual","2019","34.554","Units"
"Gabon","Gross national savings, Percent of GDP","Annual","2020","29.556","Units"
"Gabon","Gross national savings, Percent of GDP","Annual","2021","36.891","Units"
"Gabon","Gross national savings, Percent of GDP","Annual","2022","38.171","Units"
"Gabon","Gross national savings, Percent of GDP","Annual","2023","37.893","Units"
"Gabon","Gross national savings, Percent of GDP","Annual","2024","39.329","Units"
"Gabon","Gross national savings, Percent of GDP","Annual","2025","35.368","Units"
"Gabon","Gross national savings, Percent of GDP","Annual","2026","34.134","Units"
"Gambia, The","Gross national savings, Percent of GDP","Annual","1981","6.082","Units"
"Gambia, The","Gross national savings, Percent of GDP","Annual","1982","9.275","Units"
"Gambia, The","Gross national savings, Percent of GDP","Annual","1983","8.681","Units"
"Gambia, The","Gross national savings, Percent of GDP","Annual","1984","6.796","Units"
"Gambia, The","Gross national savings, Percent of GDP","Annual","1985","7.460","Units"
"Gambia, The","Gross national savings, Percent of GDP","Annual","1986","6.124","Units"
"Gambia, The","Gross national savings, Percent of GDP","Annual","1987","7.290","Units"
"Gambia, The","Gross national savings, Percent of GDP","Annual","1988","8.116","Units"
"Gambia, The","Gross national savings, Percent of GDP","Annual","1989","8.108","Units"
"Gambia, The","Gross national savings, Percent of GDP","Annual","1990","7.400","Units"
"Gambia, The","Gross national savings, Percent of GDP","Annual","1991","7.757","Units"
"Gambia, The","Gross national savings, Percent of GDP","Annual","1992","8.075","Units"
"Gambia, The","Gross national savings, Percent of GDP","Annual","1993","6.634","Units"
"Gambia, The","Gross national savings, Percent of GDP","Annual","1994","6.403","Units"
"Gambia, The","Gross national savings, Percent of GDP","Annual","1995","9.348","Units"
"Gambia, The","Gross national savings, Percent of GDP","Annual","1996","5.399","Units"
"Gambia, The","Gross national savings, Percent of GDP","Annual","1997","3.256","Units"
"Gambia, The","Gross national savings, Percent of GDP","Annual","1998","-0.191","Units"
"Gambia, The","Gross national savings, Percent of GDP","Annual","1999","0.164","Units"
"Gambia, The","Gross national savings, Percent of GDP","Annual","2000","-0.868","Units"
"Gambia, The","Gross national savings, Percent of GDP","Annual","2001","14.353","Units"
"Gambia, The","Gross national savings, Percent of GDP","Annual","2002","5.205","Units"
"Gambia, The","Gross national savings, Percent of GDP","Annual","2003","2.832","Units"
"Gambia, The","Gross national savings, Percent of GDP","Annual","2004","11.559","Units"
"Gambia, The","Gross national savings, Percent of GDP","Annual","2005","7.503","Units"
"Gambia, The","Gross national savings, Percent of GDP","Annual","2006","11.338","Units"
"Gambia, The","Gross national savings, Percent of GDP","Annual","2007","7.324","Units"
"Gambia, The","Gross national savings, Percent of GDP","Annual","2008","2.891","Units"
"Gambia, The","Gross national savings, Percent of GDP","Annual","2009","5.040","Units"
"Gambia, The","Gross national savings, Percent of GDP","Annual","2010","3.757","Units"
"Gambia, The","Gross national savings, Percent of GDP","Annual","2011","5.379","Units"
"Gambia, The","Gross national savings, Percent of GDP","Annual","2012","13.796","Units"
"Gambia, The","Gross national savings, Percent of GDP","Annual","2013","7.131","Units"
"Gambia, The","Gross national savings, Percent of GDP","Annual","2014","7.509","Units"
"Gambia, The","Gross national savings, Percent of GDP","Annual","2015","3.650","Units"
"Gambia, The","Gross national savings, Percent of GDP","Annual","2016","3.348","Units"
"Gambia, The","Gross national savings, Percent of GDP","Annual","2017","13.252","Units"
"Gambia, The","Gross national savings, Percent of GDP","Annual","2018","6.170","Units"
"Gambia, The","Gross national savings, Percent of GDP","Annual","2019","13.361","Units"
"Gambia, The","Gross national savings, Percent of GDP","Annual","2020","14.809","Units"
"Gambia, The","Gross national savings, Percent of GDP","Annual","2021","18.055","Units"
"Gambia, The","Gross national savings, Percent of GDP","Annual","2022","20.631","Units"
"Gambia, The","Gross national savings, Percent of GDP","Annual","2023","19.246","Units"
"Gambia, The","Gross national savings, Percent of GDP","Annual","2024","18.207","Units"
"Gambia, The","Gross national savings, Percent of GDP","Annual","2025","19.546","Units"
"Gambia, The","Gross national savings, Percent of GDP","Annual","2026","19.600","Units"
"Benin","Gross national savings, Percent of GDP","Annual","1980","20.167","Units"
"Benin","Gross national savings, Percent of GDP","Annual","1981","13.137","Units"
"Benin","Gross national savings, Percent of GDP","Annual","1982","1.987","Units"
"Benin","Gross national savings, Percent of GDP","Annual","1983","0.667","Units"
"Benin","Gross national savings, Percent of GDP","Annual","1984","5.847","Units"
"Benin","Gross national savings, Percent of GDP","Annual","1985","3.302","Units"
"Benin","Gross national savings, Percent of GDP","Annual","1986","4.623","Units"
"Benin","Gross national savings, Percent of GDP","Annual","1987","4.666","Units"
"Benin","Gross national savings, Percent of GDP","Annual","1988","5.308","Units"
"Benin","Gross national savings, Percent of GDP","Annual","1989","6.939","Units"
"Benin","Gross national savings, Percent of GDP","Annual","1990","9.866","Units"
"Benin","Gross national savings, Percent of GDP","Annual","1991","9.790","Units"
"Benin","Gross national savings, Percent of GDP","Annual","1992","8.177","Units"
"Benin","Gross national savings, Percent of GDP","Annual","1993","8.816","Units"
"Benin","Gross national savings, Percent of GDP","Annual","1994","11.189","Units"
"Benin","Gross national savings, Percent of GDP","Annual","1995","11.767","Units"
"Benin","Gross national savings, Percent of GDP","Annual","1996","9.871","Units"
"Benin","Gross national savings, Percent of GDP","Annual","1997","9.422","Units"
"Benin","Gross national savings, Percent of GDP","Annual","1998","9.892","Units"
"Benin","Gross national savings, Percent of GDP","Annual","1999","13.317","Units"
"Benin","Gross national savings, Percent of GDP","Annual","2000","12.482","Units"
"Benin","Gross national savings, Percent of GDP","Annual","2001","15.025","Units"
"Benin","Gross national savings, Percent of GDP","Annual","2002","9.924","Units"
"Benin","Gross national savings, Percent of GDP","Annual","2003","8.958","Units"
"Benin","Gross national savings, Percent of GDP","Annual","2004","10.550","Units"
"Benin","Gross national savings, Percent of GDP","Annual","2005","8.642","Units"
"Benin","Gross national savings, Percent of GDP","Annual","2006","9.786","Units"
"Benin","Gross national savings, Percent of GDP","Annual","2007","9.830","Units"
"Benin","Gross national savings, Percent of GDP","Annual","2008","8.242","Units"
"Benin","Gross national savings, Percent of GDP","Annual","2009","8.175","Units"
"Benin","Gross national savings, Percent of GDP","Annual","2010","10.041","Units"
"Benin","Gross national savings, Percent of GDP","Annual","2011","11.629","Units"
"Benin","Gross national savings, Percent of GDP","Annual","2012","10.098","Units"
"Benin","Gross national savings, Percent of GDP","Annual","2013","13.482","Units"
"Benin","Gross national savings, Percent of GDP","Annual","2014","12.589","Units"
"Benin","Gross national savings, Percent of GDP","Annual","2015","14.768","Units"
"Benin","Gross national savings, Percent of GDP","Annual","2016","17.275","Units"
"Benin","Gross national savings, Percent of GDP","Annual","2017","15.328","Units"
"Benin","Gross national savings, Percent of GDP","Annual","2018","16.528","Units"
"Benin","Gross national savings, Percent of GDP","Annual","2019","17.778","Units"
"Benin","Gross national savings, Percent of GDP","Annual","2020","23.887","Units"
"Benin","Gross national savings, Percent of GDP","Annual","2021","24.697","Units"
"Benin","Gross national savings, Percent of GDP","Annual","2022","25.461","Units"
"Benin","Gross national savings, Percent of GDP","Annual","2023","26.355","Units"
"Benin","Gross national savings, Percent of GDP","Annual","2024","29.020","Units"
"Benin","Gross national savings, Percent of GDP","Annual","2025","28.209","Units"
"Benin","Gross national savings, Percent of GDP","Annual","2026","29.843","Units"
"Equatorial Guinea, Republic of","Gross national savings, Percent of GDP","Annual","1980","-37.928","Units"
"Equatorial Guinea, Republic of","Gross national savings, Percent of GDP","Annual","1981","-66.028","Units"
"Equatorial Guinea, Republic of","Gross national savings, Percent of GDP","Annual","1982","-17.300","Units"
"Equatorial Guinea, Republic of","Gross national savings, Percent of GDP","Annual","1983","24.979","Units"
"Equatorial Guinea, Republic of","Gross national savings, Percent of GDP","Annual","1984","3.171","Units"
"Equatorial Guinea, Republic of","Gross national savings, Percent of GDP","Annual","1985","27.299","Units"
"Equatorial Guinea, Republic of","Gross national savings, Percent of GDP","Annual","1986","35.797","Units"
"Equatorial Guinea, Republic of","Gross national savings, Percent of GDP","Annual","1987","21.017","Units"
"Equatorial Guinea, Republic of","Gross national savings, Percent of GDP","Annual","1988","30.667","Units"
"Equatorial Guinea, Republic of","Gross national savings, Percent of GDP","Annual","1989","25.333","Units"
"Equatorial Guinea, Republic of","Gross national savings, Percent of GDP","Annual","1990","53.408","Units"
"Equatorial Guinea, Republic of","Gross national savings, Percent of GDP","Annual","1991","30.108","Units"
"Equatorial Guinea, Republic of","Gross national savings, Percent of GDP","Annual","1992","40.222","Units"
"Equatorial Guinea, Republic of","Gross national savings, Percent of GDP","Annual","1993","54.897","Units"
"Equatorial Guinea, Republic of","Gross national savings, Percent of GDP","Annual","1994","53.472","Units"
"Equatorial Guinea, Republic of","Gross national savings, Percent of GDP","Annual","1995","5.579","Units"
"Equatorial Guinea, Republic of","Gross national savings, Percent of GDP","Annual","1996","-9.455","Units"
"Equatorial Guinea, Republic of","Gross national savings, Percent of GDP","Annual","1997","45.817","Units"
"Equatorial Guinea, Republic of","Gross national savings, Percent of GDP","Annual","1998","17.658","Units"
"Equatorial Guinea, Republic of","Gross national savings, Percent of GDP","Annual","1999","46.479","Units"
"Equatorial Guinea, Republic of","Gross national savings, Percent of GDP","Annual","2000","51.667","Units"
"Equatorial Guinea, Republic of","Gross national savings, Percent of GDP","Annual","2001","-27.535","Units"
"Equatorial Guinea, Republic of","Gross national savings, Percent of GDP","Annual","2002","-19.620","Units"
"Equatorial Guinea, Republic of","Gross national savings, Percent of GDP","Annual","2003","16.721","Units"
"Equatorial Guinea, Republic of","Gross national savings, Percent of GDP","Annual","2004","17.843","Units"
"Equatorial Guinea, Republic of","Gross national savings, Percent of GDP","Annual","2005","22.488","Units"
"Equatorial Guinea, Republic of","Gross national savings, Percent of GDP","Annual","2006","45.574","Units"
"Equatorial Guinea, Republic of","Gross national savings, Percent of GDP","Annual","2007","45.557","Units"
"Equatorial Guinea, Republic of","Gross national savings, Percent of GDP","Annual","2008","36.746","Units"
"Equatorial Guinea, Republic of","Gross national savings, Percent of GDP","Annual","2009","19.165","Units"
"Equatorial Guinea, Republic of","Gross national savings, Percent of GDP","Annual","2010","8.652","Units"
"Equatorial Guinea, Republic of","Gross national savings, Percent of GDP","Annual","2011","23.222","Units"
"Equatorial Guinea, Republic of","Gross national savings, Percent of GDP","Annual","2012","27.771","Units"
"Equatorial Guinea, Republic of","Gross national savings, Percent of GDP","Annual","2013","26.499","Units"
"Equatorial Guinea, Republic of","Gross national savings, Percent of GDP","Annual","2014","24.646","Units"
"Equatorial Guinea, Republic of","Gross national savings, Percent of GDP","Annual","2015","12.461","Units"
"Equatorial Guinea, Republic of","Gross national savings, Percent of GDP","Annual","2016","2.915","Units"
"Equatorial Guinea, Republic of","Gross national savings, Percent of GDP","Annual","2017","21.060","Units"
"Equatorial Guinea, Republic of","Gross national savings, Percent of GDP","Annual","2018","26.183","Units"
"Equatorial Guinea, Republic of","Gross national savings, Percent of GDP","Annual","2019","21.355","Units"
"Equatorial Guinea, Republic of","Gross national savings, Percent of GDP","Annual","2020","28.060","Units"
"Equatorial Guinea, Republic of","Gross national savings, Percent of GDP","Annual","2021","34.584","Units"
"Equatorial Guinea, Republic of","Gross national savings, Percent of GDP","Annual","2022","35.467","Units"
"Equatorial Guinea, Republic of","Gross national savings, Percent of GDP","Annual","2023","30.066","Units"
"Equatorial Guinea, Republic of","Gross national savings, Percent of GDP","Annual","2024","28.254","Units"
"Equatorial Guinea, Republic of","Gross national savings, Percent of GDP","Annual","2025","25.944","Units"
"Equatorial Guinea, Republic of","Gross national savings, Percent of GDP","Annual","2026","27.252","Units"
"Ghana","Gross national savings, Percent of GDP","Annual","1983","3.924","Units"
"Ghana","Gross national savings, Percent of GDP","Annual","1984","6.089","Units"
"Ghana","Gross national savings, Percent of GDP","Annual","1985","8.635","Units"
"Ghana","Gross national savings, Percent of GDP","Annual","1986","8.870","Units"
"Ghana","Gross national savings, Percent of GDP","Annual","1987","12.333","Units"
"Ghana","Gross national savings, Percent of GDP","Annual","1988","13.765","Units"
"Ghana","Gross national savings, Percent of GDP","Annual","1989","15.155","Units"
"Ghana","Gross national savings, Percent of GDP","Annual","1990","27.351","Units"
"Ghana","Gross national savings, Percent of GDP","Annual","1991","23.404","Units"
"Ghana","Gross national savings, Percent of GDP","Annual","1992","21.317","Units"
"Ghana","Gross national savings, Percent of GDP","Annual","1993","20.022","Units"
"Ghana","Gross national savings, Percent of GDP","Annual","1994","21.620","Units"
"Ghana","Gross national savings, Percent of GDP","Annual","1995","21.675","Units"
"Ghana","Gross national savings, Percent of GDP","Annual","1996","19.038","Units"
"Ghana","Gross national savings, Percent of GDP","Annual","1997","21.355","Units"
"Ghana","Gross national savings, Percent of GDP","Annual","1998","20.200","Units"
"Ghana","Gross national savings, Percent of GDP","Annual","1999","2.192","Units"
"Ghana","Gross national savings, Percent of GDP","Annual","2000","29.395","Units"
"Ghana","Gross national savings, Percent of GDP","Annual","2001","30.772","Units"
"Ghana","Gross national savings, Percent of GDP","Annual","2002","26.804","Units"
"Ghana","Gross national savings, Percent of GDP","Annual","2003","31.685","Units"
"Ghana","Gross national savings, Percent of GDP","Annual","2004","36.785","Units"
"Ghana","Gross national savings, Percent of GDP","Annual","2005","36.192","Units"
"Ghana","Gross national savings, Percent of GDP","Annual","2006","33.296","Units"
"Ghana","Gross national savings, Percent of GDP","Annual","2007","29.278","Units"
"Ghana","Gross national savings, Percent of GDP","Annual","2008","30.079","Units"
"Ghana","Gross national savings, Percent of GDP","Annual","2009","33.050","Units"
"Ghana","Gross national savings, Percent of GDP","Annual","2010","40.063","Units"
"Ghana","Gross national savings, Percent of GDP","Annual","2011","17.024","Units"
"Ghana","Gross national savings, Percent of GDP","Annual","2012","22.847","Units"
"Ghana","Gross national savings, Percent of GDP","Annual","2013","15.664","Units"
"Ghana","Gross national savings, Percent of GDP","Annual","2014","20.327","Units"
"Ghana","Gross national savings, Percent of GDP","Annual","2015","22.893","Units"
"Ghana","Gross national savings, Percent of GDP","Annual","2016","20.749","Units"
"Ghana","Gross national savings, Percent of GDP","Annual","2017","16.848","Units"
"Ghana","Gross national savings, Percent of GDP","Annual","2018","19.198","Units"
"Ghana","Gross national savings, Percent of GDP","Annual","2019","16.894","Units"
"Ghana","Gross national savings, Percent of GDP","Annual","2020","16.221","Units"
"Ghana","Gross national savings, Percent of GDP","Annual","2021","14.711","Units"
"Ghana","Gross national savings, Percent of GDP","Annual","2022","13.708","Units"
"Ghana","Gross national savings, Percent of GDP","Annual","2023","9.645","Units"
"Ghana","Gross national savings, Percent of GDP","Annual","2024","12.097","Units"
"Ghana","Gross national savings, Percent of GDP","Annual","2025","16.690","Units"
"Ghana","Gross national savings, Percent of GDP","Annual","2026","23.772","Units"
"Eritrea, The State of","Gross national savings, Percent of GDP","Annual","1992","39.923","Units"
"Eritrea, The State of","Gross national savings, Percent of GDP","Annual","1993","62.026","Units"
"Eritrea, The State of","Gross national savings, Percent of GDP","Annual","1994","66.055","Units"
"Eritrea, The State of","Gross national savings, Percent of GDP","Annual","1995","36.927","Units"
"Eritrea, The State of","Gross national savings, Percent of GDP","Annual","1996","35.268","Units"
"Eritrea, The State of","Gross national savings, Percent of GDP","Annual","1997","43.562","Units"
"Eritrea, The State of","Gross national savings, Percent of GDP","Annual","1998","10.787","Units"
"Eritrea, The State of","Gross national savings, Percent of GDP","Annual","1999","16.922","Units"
"Eritrea, The State of","Gross national savings, Percent of GDP","Annual","2000","-5.623","Units"
"Eritrea, The State of","Gross national savings, Percent of GDP","Annual","2001","-4.023","Units"
"Eritrea, The State of","Gross national savings, Percent of GDP","Annual","2002","18.406","Units"
"Eritrea, The State of","Gross national savings, Percent of GDP","Annual","2003","21.755","Units"
"Eritrea, The State of","Gross national savings, Percent of GDP","Annual","2004","11.312","Units"
"Eritrea, The State of","Gross national savings, Percent of GDP","Annual","2005","25.992","Units"
"Eritrea, The State of","Gross national savings, Percent of GDP","Annual","2006","12.599","Units"
"Eritrea, The State of","Gross national savings, Percent of GDP","Annual","2007","7.982","Units"
"Eritrea, The State of","Gross national savings, Percent of GDP","Annual","2008","10.517","Units"
"Eritrea, The State of","Gross national savings, Percent of GDP","Annual","2009","1.205","Units"
"Eritrea, The State of","Gross national savings, Percent of GDP","Annual","2010","6.753","Units"
"Eritrea, The State of","Gross national savings, Percent of GDP","Annual","2011","25.642","Units"
"Eritrea, The State of","Gross national savings, Percent of GDP","Annual","2012","22.667","Units"
"Eritrea, The State of","Gross national savings, Percent of GDP","Annual","2013","13.133","Units"
"Eritrea, The State of","Gross national savings, Percent of GDP","Annual","2014","25.073","Units"
"Eritrea, The State of","Gross national savings, Percent of GDP","Annual","2015","32.676","Units"
"Eritrea, The State of","Gross national savings, Percent of GDP","Annual","2016","20.359","Units"
"Eritrea, The State of","Gross national savings, Percent of GDP","Annual","2017","33.413","Units"
"Eritrea, The State of","Gross national savings, Percent of GDP","Annual","2018","18.442","Units"
"Eritrea, The State of","Gross national savings, Percent of GDP","Annual","2019","17.993","Units"
"Ethiopia, The Federal Democratic Republic of","Gross national savings, Percent of GDP","Annual","1980","5.005","Units"
"Ethiopia, The Federal Democratic Republic of","Gross national savings, Percent of GDP","Annual","1981","6.009","Units"
"Ethiopia, The Federal Democratic Republic of","Gross national savings, Percent of GDP","Annual","1982","5.170","Units"
"Ethiopia, The Federal Democratic Republic of","Gross national savings, Percent of GDP","Annual","1983","5.427","Units"
"Ethiopia, The Federal Democratic Republic of","Gross national savings, Percent of GDP","Annual","1984","8.091","Units"
"Ethiopia, The Federal Democratic Republic of","Gross national savings, Percent of GDP","Annual","1985","5.916","Units"
"Ethiopia, The Federal Democratic Republic of","Gross national savings, Percent of GDP","Annual","1986","7.301","Units"
"Ethiopia, The Federal Democratic Republic of","Gross national savings, Percent of GDP","Annual","1987","5.564","Units"
"Ethiopia, The Federal Democratic Republic of","Gross national savings, Percent of GDP","Annual","1988","10.196","Units"
"Ethiopia, The Federal Democratic Republic of","Gross national savings, Percent of GDP","Annual","1989","8.191","Units"
"Ethiopia, The Federal Democratic Republic of","Gross national savings, Percent of GDP","Annual","1990","7.151","Units"
"Ethiopia, The Federal Democratic Republic of","Gross national savings, Percent of GDP","Annual","1991","4.951","Units"
"Ethiopia, The Federal Democratic Republic of","Gross national savings, Percent of GDP","Annual","1992","6.554","Units"
"Ethiopia, The Federal Democratic Republic of","Gross national savings, Percent of GDP","Annual","1993","7.484","Units"
"Ethiopia, The Federal Democratic Republic of","Gross national savings, Percent of GDP","Annual","1994","9.228","Units"
"Ethiopia, The Federal Democratic Republic of","Gross national savings, Percent of GDP","Annual","1995","13.486","Units"
"Ethiopia, The Federal Democratic Republic of","Gross national savings, Percent of GDP","Annual","1996","12.230","Units"
"Ethiopia, The Federal Democratic Republic of","Gross national savings, Percent of GDP","Annual","1997","10.034","Units"
"Ethiopia, The Federal Democratic Republic of","Gross national savings, Percent of GDP","Annual","1998","12.527","Units"
"Ethiopia, The Federal Democratic Republic of","Gross national savings, Percent of GDP","Annual","1999","7.396","Units"
"Ethiopia, The Federal Democratic Republic of","Gross national savings, Percent of GDP","Annual","2000","15.662","Units"
"Ethiopia, The Federal Democratic Republic of","Gross national savings, Percent of GDP","Annual","2001","19.050","Units"
"Ethiopia, The Federal Democratic Republic of","Gross national savings, Percent of GDP","Annual","2002","15.578","Units"
"Ethiopia, The Federal Democratic Republic of","Gross national savings, Percent of GDP","Annual","2003","16.425","Units"
"Ethiopia, The Federal Democratic Republic of","Gross national savings, Percent of GDP","Annual","2004","24.312","Units"
"Ethiopia, The Federal Democratic Republic of","Gross national savings, Percent of GDP","Annual","2005","18.382","Units"
"Ethiopia, The Federal Democratic Republic of","Gross national savings, Percent of GDP","Annual","2006","12.874","Units"
"Ethiopia, The Federal Democratic Republic of","Gross national savings, Percent of GDP","Annual","2007","16.406","Units"
"Ethiopia, The Federal Democratic Republic of","Gross national savings, Percent of GDP","Annual","2008","18.627","Units"
"Ethiopia, The Federal Democratic Republic of","Gross national savings, Percent of GDP","Annual","2009","15.653","Units"
"Ethiopia, The Federal Democratic Republic of","Gross national savings, Percent of GDP","Annual","2010","23.476","Units"
"Ethiopia, The Federal Democratic Republic of","Gross national savings, Percent of GDP","Annual","2011","31.463","Units"
"Ethiopia, The Federal Democratic Republic of","Gross national savings, Percent of GDP","Annual","2012","30.629","Units"
"Ethiopia, The Federal Democratic Republic of","Gross national savings, Percent of GDP","Annual","2013","28.109","Units"
"Ethiopia, The Federal Democratic Republic of","Gross national savings, Percent of GDP","Annual","2014","30.319","Units"
"Ethiopia, The Federal Democratic Republic of","Gross national savings, Percent of GDP","Annual","2015","31.396","Units"
"Ethiopia, The Federal Democratic Republic of","Gross national savings, Percent of GDP","Annual","2016","31.093","Units"
"Ethiopia, The Federal Democratic Republic of","Gross national savings, Percent of GDP","Annual","2017","30.256","Units"
"Ethiopia, The Federal Democratic Republic of","Gross national savings, Percent of GDP","Annual","2018","32.330","Units"
"Ethiopia, The Federal Democratic Republic of","Gross national savings, Percent of GDP","Annual","2019","29.913","Units"
"Ethiopia, The Federal Democratic Republic of","Gross national savings, Percent of GDP","Annual","2020","26.582","Units"
"Ethiopia, The Federal Democratic Republic of","Gross national savings, Percent of GDP","Annual","2021","25.162","Units"
"Ethiopia, The Federal Democratic Republic of","Gross national savings, Percent of GDP","Annual","2022","21.265","Units"
"Ethiopia, The Federal Democratic Republic of","Gross national savings, Percent of GDP","Annual","2023","19.309","Units"
"Ethiopia, The Federal Democratic Republic of","Gross national savings, Percent of GDP","Annual","2024","17.768","Units"
"Ethiopia, The Federal Democratic Republic of","Gross national savings, Percent of GDP","Annual","2025","19.305","Units"
"Ethiopia, The Federal Democratic Republic of","Gross national savings, Percent of GDP","Annual","2026","24.926","Units"
"Côte d'Ivoire","Gross national savings, Percent of GDP","Annual","1980","16.017","Units"
"Côte d'Ivoire","Gross national savings, Percent of GDP","Annual","1981","12.405","Units"
"Côte d'Ivoire","Gross national savings, Percent of GDP","Annual","1982","12.403","Units"
"Côte d'Ivoire","Gross national savings, Percent of GDP","Annual","1983","11.593","Units"
"Côte d'Ivoire","Gross national savings, Percent of GDP","Annual","1984","8.509","Units"
"Côte d'Ivoire","Gross national savings, Percent of GDP","Annual","1985","8.805","Units"
"Côte d'Ivoire","Gross national savings, Percent of GDP","Annual","1986","8.538","Units"
"Côte d'Ivoire","Gross national savings, Percent of GDP","Annual","1987","1.959","Units"
"Côte d'Ivoire","Gross national savings, Percent of GDP","Annual","1988","-0.747","Units"
"Côte d'Ivoire","Gross national savings, Percent of GDP","Annual","1989","-0.093","Units"
"Côte d'Ivoire","Gross national savings, Percent of GDP","Annual","1990","-0.605","Units"
"Côte d'Ivoire","Gross national savings, Percent of GDP","Annual","1991","-0.582","Units"
"Côte d'Ivoire","Gross national savings, Percent of GDP","Annual","1992","-2.066","Units"
"Côte d'Ivoire","Gross national savings, Percent of GDP","Annual","1993","-0.382","Units"
"Côte d'Ivoire","Gross national savings, Percent of GDP","Annual","1994","5.576","Units"
"Côte d'Ivoire","Gross national savings, Percent of GDP","Annual","1995","8.532","Units"
"Côte d'Ivoire","Gross national savings, Percent of GDP","Annual","1996","6.945","Units"
"Côte d'Ivoire","Gross national savings, Percent of GDP","Annual","1997","9.040","Units"
"Côte d'Ivoire","Gross national savings, Percent of GDP","Annual","1998","8.819","Units"
"Côte d'Ivoire","Gross national savings, Percent of GDP","Annual","1999","6.931","Units"
"Côte d'Ivoire","Gross national savings, Percent of GDP","Annual","2000","5.566","Units"
"Côte d'Ivoire","Gross national savings, Percent of GDP","Annual","2001","6.919","Units"
"Côte d'Ivoire","Gross national savings, Percent of GDP","Annual","2002","8.614","Units"
"Côte d'Ivoire","Gross national savings, Percent of GDP","Annual","2003","8.950","Units"
"Côte d'Ivoire","Gross national savings, Percent of GDP","Annual","2004","7.521","Units"
"Côte d'Ivoire","Gross national savings, Percent of GDP","Annual","2005","8.354","Units"
"Côte d'Ivoire","Gross national savings, Percent of GDP","Annual","2006","7.438","Units"
"Côte d'Ivoire","Gross national savings, Percent of GDP","Annual","2007","6.698","Units"
"Côte d'Ivoire","Gross national savings, Percent of GDP","Annual","2008","10.078","Units"
"Côte d'Ivoire","Gross national savings, Percent of GDP","Annual","2009","11.112","Units"
"Côte d'Ivoire","Gross national savings, Percent of GDP","Annual","2010","11.072","Units"
"Côte d'Ivoire","Gross national savings, Percent of GDP","Annual","2011","10.449","Units"
"Côte d'Ivoire","Gross national savings, Percent of GDP","Annual","2012","10.775","Units"
"Côte d'Ivoire","Gross national savings, Percent of GDP","Annual","2013","14.005","Units"
"Côte d'Ivoire","Gross national savings, Percent of GDP","Annual","2014","15.325","Units"
"Côte d'Ivoire","Gross national savings, Percent of GDP","Annual","2015","22.431","Units"
"Côte d'Ivoire","Gross national savings, Percent of GDP","Annual","2016","22.432","Units"
"Côte d'Ivoire","Gross national savings, Percent of GDP","Annual","2017","19.239","Units"
"Côte d'Ivoire","Gross national savings, Percent of GDP","Annual","2018","17.869","Units"
"Côte d'Ivoire","Gross national savings, Percent of GDP","Annual","2019","18.910","Units"
"Côte d'Ivoire","Gross national savings, Percent of GDP","Annual","2020","17.754","Units"
"Côte d'Ivoire","Gross national savings, Percent of GDP","Annual","2021","19.053","Units"
"Côte d'Ivoire","Gross national savings, Percent of GDP","Annual","2022","19.416","Units"
"Côte d'Ivoire","Gross national savings, Percent of GDP","Annual","2023","16.508","Units"
"Côte d'Ivoire","Gross national savings, Percent of GDP","Annual","2024","17.152","Units"
"Côte d'Ivoire","Gross national savings, Percent of GDP","Annual","2025","20.299","Units"
"Côte d'Ivoire","Gross national savings, Percent of GDP","Annual","2026","20.944","Units"
"Lesotho, Kingdom of","Gross national savings, Percent of GDP","Annual","1980","44.899855",""
"Lesotho, Kingdom of","Gross national savings, Percent of GDP","Annual","1981","41.960783",""
"Lesotho, Kingdom of","Gross national savings, Percent of GDP","Annual","1982","46.984145",""
"Lesotho, Kingdom of","Gross national savings, Percent of GDP","Annual","1983","40.583461",""
"Lesotho, Kingdom of","Gross national savings, Percent of GDP","Annual","1984","46.779758",""
"Lesotho, Kingdom of","Gross national savings, Percent of GDP","Annual","1985","53.429747",""
"Lesotho, Kingdom of","Gross national savings, Percent of GDP","Annual","1986","31.097488",""
"Lesotho, Kingdom of","Gross national savings, Percent of GDP","Annual","1987","27.99845",""
"Lesotho, Kingdom of","Gross national savings, Percent of GDP","Annual","1988","21.678134",""
"Lesotho, Kingdom of","Gross national savings, Percent of GDP","Annual","1989","17.957071",""
"Lesotho, Kingdom of","Gross national savings, Percent of GDP","Annual","1990","41.457401",""
"Lesotho, Kingdom of","Gross national savings, Percent of GDP","Annual","1991","25.516605",""
"Lesotho, Kingdom of","Gross national savings, Percent of GDP","Annual","1992","29.252648",""
"Lesotho, Kingdom of","Gross national savings, Percent of GDP","Annual","1993","19.719022",""
"Lesotho, Kingdom of","Gross national savings, Percent of GDP","Annual","1994","28.818393",""
"Lesotho, Kingdom of","Gross national savings, Percent of GDP","Annual","1995","30.622238",""
"Lesotho, Kingdom of","Gross national savings, Percent of GDP","Annual","1996","24.19062",""
"Lesotho, Kingdom of","Gross national savings, Percent of GDP","Annual","1997","21.729094",""
"Lesotho, Kingdom of","Gross national savings, Percent of GDP","Annual","1998","11.616308",""
"Lesotho, Kingdom of","Gross national savings, Percent of GDP","Annual","1999","15.986015",""
"Lesotho, Kingdom of","Gross national savings, Percent of GDP","Annual","2000","32.223249",""
"Lesotho, Kingdom of","Gross national savings, Percent of GDP","Annual","2001","35.421493",""
"Lesotho, Kingdom of","Gross national savings, Percent of GDP","Annual","2002","32.363385",""
"Lesotho, Kingdom of","Gross national savings, Percent of GDP","Annual","2003","25.862809",""
"Lesotho, Kingdom of","Gross national savings, Percent of GDP","Annual","2004","31.071593",""
"Lesotho, Kingdom of","Gross national savings, Percent of GDP","Annual","2005","27.160435",""
"Lesotho, Kingdom of","Gross national savings, Percent of GDP","Annual","2006","36.858203",""
"Lesotho, Kingdom of","Gross national savings, Percent of GDP","Annual","2007","42.219109",""
"Lesotho, Kingdom of","Gross national savings, Percent of GDP","Annual","2008","43.339864",""
"Lesotho, Kingdom of","Gross national savings, Percent of GDP","Annual","2009","26.988604",""
"Lesotho, Kingdom of","Gross national savings, Percent of GDP","Annual","2010","16.299571",""
"Lesotho, Kingdom of","Gross national savings, Percent of GDP","Annual","2011","9.935959",""
"Lesotho, Kingdom of","Gross national savings, Percent of GDP","Annual","2012","22.312437",""
"Lesotho, Kingdom of","Gross national savings, Percent of GDP","Annual","2013","23.800458",""
"Lesotho, Kingdom of","Gross national savings, Percent of GDP","Annual","2014","25.02876",""
"Lesotho, Kingdom of","Gross national savings, Percent of GDP","Annual","2015","23.230605",""
"Lesotho, Kingdom of","Gross national savings, Percent of GDP","Annual","2016","16.952528",""
"Lesotho, Kingdom of","Gross national savings, Percent of GDP","Annual","2017","17.959446",""
"Lesotho, Kingdom of","Gross national savings, Percent of GDP","Annual","2018","17.417516",""
"Lesotho, Kingdom of","Gross national savings, Percent of GDP","Annual","2019","19.349704",""
"Lesotho, Kingdom of","Gross national savings, Percent of GDP","Annual","2020","25.620265",""
"Lesotho, Kingdom of","Gross national savings, Percent of GDP","Annual","2021","24.520273",""
"Lesotho, Kingdom of","Gross national savings, Percent of GDP","Annual","2022","17.656578",""
"Lesotho, Kingdom of","Gross national savings, Percent of GDP","Annual","2023","41.045393",""
"Lesotho, Kingdom of","Gross national savings, Percent of GDP","Annual","2024","35.389012",""
"Lesotho, Kingdom of","Gross national savings, Percent of GDP","Annual","2025","27.08526",""
"Lesotho, Kingdom of","Gross national savings, Percent of GDP","Annual","2026","30.356315",""
"Guinea-Bissau","Gross national savings, Percent of GDP","Annual","1997","49.252","Units"
"Guinea-Bissau","Gross national savings, Percent of GDP","Annual","1998","27.053","Units"
"Guinea-Bissau","Gross national savings, Percent of GDP","Annual","1999","19.753","Units"
"Guinea-Bissau","Gross national savings, Percent of GDP","Annual","2000","22.786","Units"
"Guinea-Bissau","Gross national savings, Percent of GDP","Annual","2001","15.007","Units"
"Guinea-Bissau","Gross national savings, Percent of GDP","Annual","2002","20.316","Units"
"Guinea-Bissau","Gross national savings, Percent of GDP","Annual","2003","25.125","Units"
"Guinea-Bissau","Gross national savings, Percent of GDP","Annual","2004","19.388","Units"
"Guinea-Bissau","Gross national savings, Percent of GDP","Annual","2005","16.618","Units"
"Guinea-Bissau","Gross national savings, Percent of GDP","Annual","2006","13.859","Units"
"Guinea-Bissau","Gross national savings, Percent of GDP","Annual","2007","20.200","Units"
"Guinea-Bissau","Gross national savings, Percent of GDP","Annual","2008","14.315","Units"
"Guinea-Bissau","Gross national savings, Percent of GDP","Annual","2009","12.972","Units"
"Guinea-Bissau","Gross national savings, Percent of GDP","Annual","2010","11.965","Units"
"Guinea-Bissau","Gross national savings, Percent of GDP","Annual","2011","14.637","Units"
"Guinea-Bissau","Gross national savings, Percent of GDP","Annual","2012","11.429","Units"
"Guinea-Bissau","Gross national savings, Percent of GDP","Annual","2013","14.885","Units"
"Guinea-Bissau","Gross national savings, Percent of GDP","Annual","2014","20.634","Units"
"Guinea-Bissau","Gross national savings, Percent of GDP","Annual","2015","16.798","Units"
"Guinea-Bissau","Gross national savings, Percent of GDP","Annual","2016","19.489","Units"
"Guinea-Bissau","Gross national savings, Percent of GDP","Annual","2017","18.384","Units"
"Guinea-Bissau","Gross national savings, Percent of GDP","Annual","2018","15.683","Units"
"Guinea-Bissau","Gross national savings, Percent of GDP","Annual","2019","7.613","Units"
"Guinea-Bissau","Gross national savings, Percent of GDP","Annual","2020","14.987","Units"
"Guinea-Bissau","Gross national savings, Percent of GDP","Annual","2021","17.511","Units"
"Guinea-Bissau","Gross national savings, Percent of GDP","Annual","2022","9.448","Units"
"Guinea-Bissau","Gross national savings, Percent of GDP","Annual","2023","8.633","Units"
"Guinea-Bissau","Gross national savings, Percent of GDP","Annual","2024","10.039","Units"
"Guinea-Bissau","Gross national savings, Percent of GDP","Annual","2025","10.804","Units"
"Guinea-Bissau","Gross national savings, Percent of GDP","Annual","2026","10.962","Units"
"Guinea","Gross national savings, Percent of GDP","Annual","1980","6.503","Units"
"Guinea","Gross national savings, Percent of GDP","Annual","1981","4.623","Units"
"Guinea","Gross national savings, Percent of GDP","Annual","1982","3.388","Units"
"Guinea","Gross national savings, Percent of GDP","Annual","1983","5.948","Units"
"Guinea","Gross national savings, Percent of GDP","Annual","1984","6.586","Units"
"Guinea","Gross national savings, Percent of GDP","Annual","1985","3.992","Units"
"Guinea","Gross national savings, Percent of GDP","Annual","1986","6.329","Units"
"Guinea","Gross national savings, Percent of GDP","Annual","1987","6.840","Units"
"Guinea","Gross national savings, Percent of GDP","Annual","1988","3.755","Units"
"Guinea","Gross national savings, Percent of GDP","Annual","1989","6.585","Units"
"Guinea","Gross national savings, Percent of GDP","Annual","1990","11.721","Units"
"Guinea","Gross national savings, Percent of GDP","Annual","1991","10.847","Units"
"Guinea","Gross national savings, Percent of GDP","Annual","1992","10.056","Units"
"Guinea","Gross national savings, Percent of GDP","Annual","1993","11.244","Units"
"Guinea","Gross national savings, Percent of GDP","Annual","1994","9.984","Units"
"Guinea","Gross national savings, Percent of GDP","Annual","1995","10.079","Units"
"Guinea","Gross national savings, Percent of GDP","Annual","1996","8.910","Units"
"Guinea","Gross national savings, Percent of GDP","Annual","1997","10.643","Units"
"Guinea","Gross national savings, Percent of GDP","Annual","1998","7.383","Units"
"Guinea","Gross national savings, Percent of GDP","Annual","1999","8.992","Units"
"Guinea","Gross national savings, Percent of GDP","Annual","2000","12.138","Units"
"Guinea","Gross national savings, Percent of GDP","Annual","2001","12.575","Units"
"Guinea","Gross national savings, Percent of GDP","Annual","2002","10.656","Units"
"Guinea","Gross national savings, Percent of GDP","Annual","2003","15.606","Units"
"Guinea","Gross national savings, Percent of GDP","Annual","2004","13.205","Units"
"Guinea","Gross national savings, Percent of GDP","Annual","2005","11.903","Units"
"Guinea","Gross national savings, Percent of GDP","Annual","2006","8.845","Units"
"Guinea","Gross national savings, Percent of GDP","Annual","2007","1.230","Units"
"Guinea","Gross national savings, Percent of GDP","Annual","2008","5.386","Units"
"Guinea","Gross national savings, Percent of GDP","Annual","2009","0.646","Units"
"Guinea","Gross national savings, Percent of GDP","Annual","2010","-0.935","Units"
"Guinea","Gross national savings, Percent of GDP","Annual","2011","-7.252","Units"
"Guinea","Gross national savings, Percent of GDP","Annual","2012","-4.984","Units"
"Guinea","Gross national savings, Percent of GDP","Annual","2013","-0.930","Units"
"Guinea","Gross national savings, Percent of GDP","Annual","2014","-8.007","Units"
"Guinea","Gross national savings, Percent of GDP","Annual","2015","-5.288","Units"
"Guinea","Gross national savings, Percent of GDP","Annual","2016","-5.700","Units"
"Guinea","Gross national savings, Percent of GDP","Annual","2017","5.229","Units"
"Guinea","Gross national savings, Percent of GDP","Annual","2018","1.177","Units"
"Guinea","Gross national savings, Percent of GDP","Annual","2019","1.802","Units"
"Guinea","Gross national savings, Percent of GDP","Annual","2020","1.127","Units"
"Guinea","Gross national savings, Percent of GDP","Annual","2021","21.973","Units"
"Guinea","Gross national savings, Percent of GDP","Annual","2022","11.681","Units"
"Guinea","Gross national savings, Percent of GDP","Annual","2023","6.203","Units"
"Guinea","Gross national savings, Percent of GDP","Annual","2024","0.590","Units"
"Guinea","Gross national savings, Percent of GDP","Annual","2025","-6.956","Units"
"Guinea","Gross national savings, Percent of GDP","Annual","2026","11.695","Units"
"Malawi","Gross national savings, Percent of GDP","Annual","1980","3.281824",""
"Malawi","Gross national savings, Percent of GDP","Annual","1981","4.349253",""
"Malawi","Gross national savings, Percent of GDP","Annual","1982","5.602855",""
"Malawi","Gross national savings, Percent of GDP","Annual","1983","5.856865",""
"Malawi","Gross national savings, Percent of GDP","Annual","1984","5.406404",""
"Malawi","Gross national savings, Percent of GDP","Annual","1985","5.000322",""
"Malawi","Gross national savings, Percent of GDP","Annual","1986","3.56929",""
"Malawi","Gross national savings, Percent of GDP","Annual","1987","5.357416",""
"Malawi","Gross national savings, Percent of GDP","Annual","1988","7.120268",""
"Malawi","Gross national savings, Percent of GDP","Annual","1989","4.951222",""
"Malawi","Gross national savings, Percent of GDP","Annual","1990","6.914742",""
"Malawi","Gross national savings, Percent of GDP","Annual","1991","5.435307",""
"Malawi","Gross national savings, Percent of GDP","Annual","1992","3.048725",""
"Malawi","Gross national savings, Percent of GDP","Annual","1993","2.599019",""
"Malawi","Gross national savings, Percent of GDP","Annual","1994","1.930721",""
"Malawi","Gross national savings, Percent of GDP","Annual","1995","2.929202",""
"Malawi","Gross national savings, Percent of GDP","Annual","1996","1.938991",""
"Malawi","Gross national savings, Percent of GDP","Annual","1997","0.10108",""
"Malawi","Gross national savings, Percent of GDP","Annual","1998","5.338437",""
"Malawi","Gross national savings, Percent of GDP","Annual","1999","2.597731",""
"Malawi","Gross national savings, Percent of GDP","Annual","2000","4.70576",""
"Malawi","Gross national savings, Percent of GDP","Annual","2001","2.487279",""
"Malawi","Gross national savings, Percent of GDP","Annual","2002","5.750444",""
"Malawi","Gross national savings, Percent of GDP","Annual","2003","1.624876",""
"Malawi","Gross national savings, Percent of GDP","Annual","2004","2.877764",""
"Malawi","Gross national savings, Percent of GDP","Annual","2005","1.607202",""
"Malawi","Gross national savings, Percent of GDP","Annual","2006","0.434562",""
"Malawi","Gross national savings, Percent of GDP","Annual","2007","9.817395",""
"Malawi","Gross national savings, Percent of GDP","Annual","2008","2.616281",""
"Malawi","Gross national savings, Percent of GDP","Annual","2009","5.383143",""
"Malawi","Gross national savings, Percent of GDP","Annual","2010","7.163569",""
"Malawi","Gross national savings, Percent of GDP","Annual","2011","1.387974",""
"Malawi","Gross national savings, Percent of GDP","Annual","2012","1.923258",""
"Malawi","Gross national savings, Percent of GDP","Annual","2013","2.224043",""
"Malawi","Gross national savings, Percent of GDP","Annual","2014","0.927205",""
"Malawi","Gross national savings, Percent of GDP","Annual","2015","-3.677955",""
"Malawi","Gross national savings, Percent of GDP","Annual","2016","-5.828889",""
"Malawi","Gross national savings, Percent of GDP","Annual","2017","-5.945917",""
"Malawi","Gross national savings, Percent of GDP","Annual","2018","-4.155058",""
"Malawi","Gross national savings, Percent of GDP","Annual","2019","-4.731223",""
"Malawi","Gross national savings, Percent of GDP","Annual","2020","-6.567033",""
"Malawi","Gross national savings, Percent of GDP","Annual","2021","-6.158707",""
"Malawi","Gross national savings, Percent of GDP","Annual","2022","-4.810654",""
"Malawi","Gross national savings, Percent of GDP","Annual","2023","-3.88405",""
"Malawi","Gross national savings, Percent of GDP","Annual","2024","-5.851527",""
"Malawi","Gross national savings, Percent of GDP","Annual","2025","-4.212953",""
"Malawi","Gross national savings, Percent of GDP","Annual","2026","-5.15604",""
"Kenya","Gross national savings, Percent of GDP","Annual","1980","3.965766",""
"Kenya","Gross national savings, Percent of GDP","Annual","1981","7.582739",""
"Kenya","Gross national savings, Percent of GDP","Annual","1982","10.509989",""
"Kenya","Gross national savings, Percent of GDP","Annual","1983","12.65516",""
"Kenya","Gross national savings, Percent of GDP","Annual","1984","10.670984",""
"Kenya","Gross national savings, Percent of GDP","Annual","1985","15.414925",""
"Kenya","Gross national savings, Percent of GDP","Annual","1986","13.812656",""
"Kenya","Gross national savings, Percent of GDP","Annual","1987","12.023948",""
"Kenya","Gross national savings, Percent of GDP","Annual","1988","12.182433",""
"Kenya","Gross national savings, Percent of GDP","Annual","1989","9.297129",""
"Kenya","Gross national savings, Percent of GDP","Annual","1990","11.325133",""
"Kenya","Gross national savings, Percent of GDP","Annual","1991","11.157074",""
"Kenya","Gross national savings, Percent of GDP","Annual","1992","8.138308",""
"Kenya","Gross national savings, Percent of GDP","Annual","1993","10.743874",""
"Kenya","Gross national savings, Percent of GDP","Annual","1994","10.348851",""
"Kenya","Gross national savings, Percent of GDP","Annual","1995","8.798414",""
"Kenya","Gross national savings, Percent of GDP","Annual","1996","8.836743",""
"Kenya","Gross national savings, Percent of GDP","Annual","1997","7.724218",""
"Kenya","Gross national savings, Percent of GDP","Annual","1998","8.672939",""
"Kenya","Gross national savings, Percent of GDP","Annual","1999","21.192135",""
"Kenya","Gross national savings, Percent of GDP","Annual","2000","15.999044",""
"Kenya","Gross national savings, Percent of GDP","Annual","2001","16.603507",""
"Kenya","Gross national savings, Percent of GDP","Annual","2002","14.777223",""
"Kenya","Gross national savings, Percent of GDP","Annual","2003","16.506479",""
"Kenya","Gross national savings, Percent of GDP","Annual","2004","16.194744",""
"Kenya","Gross national savings, Percent of GDP","Annual","2005","15.782643",""
"Kenya","Gross national savings, Percent of GDP","Annual","2006","16.626328",""
"Kenya","Gross national savings, Percent of GDP","Annual","2007","17.163235",""
"Kenya","Gross national savings, Percent of GDP","Annual","2008","14.506433",""
"Kenya","Gross national savings, Percent of GDP","Annual","2009","15.144657",""
"Kenya","Gross national savings, Percent of GDP","Annual","2010","16.04337",""
"Kenya","Gross national savings, Percent of GDP","Annual","2011","13.683572",""
"Kenya","Gross national savings, Percent of GDP","Annual","2012","14.71739",""
"Kenya","Gross national savings, Percent of GDP","Annual","2013","14.566917",""
"Kenya","Gross national savings, Percent of GDP","Annual","2014","15.6301",""
"Kenya","Gross national savings, Percent of GDP","Annual","2015","17.027744",""
"Kenya","Gross national savings, Percent of GDP","Annual","2016","15.221463",""
"Kenya","Gross national savings, Percent of GDP","Annual","2017","15.085896",""
"Kenya","Gross national savings, Percent of GDP","Annual","2018","15.394609",""
"Kenya","Gross national savings, Percent of GDP","Annual","2019","17.102678",""
"Kenya","Gross national savings, Percent of GDP","Annual","2020","15.99152",""
"Kenya","Gross national savings, Percent of GDP","Annual","2021","15.262168",""
"Kenya","Gross national savings, Percent of GDP","Annual","2022","14.01448",""
"Kenya","Gross national savings, Percent of GDP","Annual","2023","12.964943",""
"Kenya","Gross national savings, Percent of GDP","Annual","2024","14.501753",""
"Kenya","Gross national savings, Percent of GDP","Annual","2025","15.029915",""
"Kenya","Gross national savings, Percent of GDP","Annual","2026","13.728441",""
"Mauritania, Islamic Republic of","Gross national savings, Percent of GDP","Annual","1990","6.246385",""
"Mauritania, Islamic Republic of","Gross national savings, Percent of GDP","Annual","1991","8.069277",""
"Mauritania, Islamic Republic of","Gross national savings, Percent of GDP","Annual","1992","9.17718",""
"Mauritania, Islamic Republic of","Gross national savings, Percent of GDP","Annual","1993","4.629411",""
"Mauritania, Islamic Republic of","Gross national savings, Percent of GDP","Annual","1994","30.246506",""
"Mauritania, Islamic Republic of","Gross national savings, Percent of GDP","Annual","1995","12.75908",""
"Mauritania, Islamic Republic of","Gross national savings, Percent of GDP","Annual","1996","9.175576",""
"Mauritania, Islamic Republic of","Gross national savings, Percent of GDP","Annual","1997","6.612577",""
"Mauritania, Islamic Republic of","Gross national savings, Percent of GDP","Annual","1998","14.167926",""
"Mauritania, Islamic Republic of","Gross national savings, Percent of GDP","Annual","1999","15.775498",""
"Mauritania, Islamic Republic of","Gross national savings, Percent of GDP","Annual","2000","10.192078",""
"Mauritania, Islamic Republic of","Gross national savings, Percent of GDP","Annual","2001","10.030395",""
"Mauritania, Islamic Republic of","Gross national savings, Percent of GDP","Annual","2002","7.342339",""
"Mauritania, Islamic Republic of","Gross national savings, Percent of GDP","Annual","2003","10.902729",""
"Mauritania, Islamic Republic of","Gross national savings, Percent of GDP","Annual","2004","11.174857",""
"Mauritania, Islamic Republic of","Gross national savings, Percent of GDP","Annual","2005","19.65932",""
"Mauritania, Islamic Republic of","Gross national savings, Percent of GDP","Annual","2006","31.979063",""
"Mauritania, Islamic Republic of","Gross national savings, Percent of GDP","Annual","2007","26.309953",""
"Mauritania, Islamic Republic of","Gross national savings, Percent of GDP","Annual","2008","25.177923",""
"Mauritania, Islamic Republic of","Gross national savings, Percent of GDP","Annual","2009","21.690947",""
"Mauritania, Islamic Republic of","Gross national savings, Percent of GDP","Annual","2010","32.514533",""
"Mauritania, Islamic Republic of","Gross national savings, Percent of GDP","Annual","2011","42.770822",""
"Mauritania, Islamic Republic of","Gross national savings, Percent of GDP","Annual","2012","39.654742",""
"Mauritania, Islamic Republic of","Gross national savings, Percent of GDP","Annual","2013","38.176276",""
"Mauritania, Islamic Republic of","Gross national savings, Percent of GDP","Annual","2014","26.682852",""
"Mauritania, Islamic Republic of","Gross national savings, Percent of GDP","Annual","2015","24.390106",""
"Mauritania, Islamic Republic of","Gross national savings, Percent of GDP","Annual","2016","29.787657",""
"Mauritania, Islamic Republic of","Gross national savings, Percent of GDP","Annual","2017","32.031139",""
"Mauritania, Islamic Republic of","Gross national savings, Percent of GDP","Annual","2018","33.173108",""
"Mauritania, Islamic Republic of","Gross national savings, Percent of GDP","Annual","2019","35.8356",""
"Mauritania, Islamic Republic of","Gross national savings, Percent of GDP","Annual","2020","38.733184",""
"Mauritania, Islamic Republic of","Gross national savings, Percent of GDP","Annual","2021","36.576682",""
"Mauritania, Islamic Republic of","Gross national savings, Percent of GDP","Annual","2022","29.972213",""
"Mauritania, Islamic Republic of","Gross national savings, Percent of GDP","Annual","2023","31.97561",""
"Mauritania, Islamic Republic of","Gross national savings, Percent of GDP","Annual","2024","35.352019",""
"Mauritania, Islamic Republic of","Gross national savings, Percent of GDP","Annual","2025","35.710105",""
"Mauritania, Islamic Republic of","Gross national savings, Percent of GDP","Annual","2026","37.625391",""
"Mauritius","Gross national savings, Percent of GDP","Annual","1980","13.154698",""
"Mauritius","Gross national savings, Percent of GDP","Annual","1981","7.388424",""
"Mauritius","Gross national savings, Percent of GDP","Annual","1982","14.133491",""
"Mauritius","Gross national savings, Percent of GDP","Annual","1983","11.123553",""
"Mauritius","Gross national savings, Percent of GDP","Annual","1984","15.332737",""
"Mauritius","Gross national savings, Percent of GDP","Annual","1985","17.029667",""
"Mauritius","Gross national savings, Percent of GDP","Annual","1986","21.078196",""
"Mauritius","Gross national savings, Percent of GDP","Annual","1987","27.657155",""
"Mauritius","Gross national savings, Percent of GDP","Annual","1988","22.18032",""
"Mauritius","Gross national savings, Percent of GDP","Annual","1989","27.531377",""
"Mauritius","Gross national savings, Percent of GDP","Annual","1990","22.891924",""
"Mauritius","Gross national savings, Percent of GDP","Annual","1991","24.980061",""
"Mauritius","Gross national savings, Percent of GDP","Annual","1992","24.860325",""
"Mauritius","Gross national savings, Percent of GDP","Annual","1993","15.280208",""
"Mauritius","Gross national savings, Percent of GDP","Annual","1994","16.748511",""
"Mauritius","Gross national savings, Percent of GDP","Annual","1995","12.768415",""
"Mauritius","Gross national savings, Percent of GDP","Annual","1996","14.610232",""
"Mauritius","Gross national savings, Percent of GDP","Annual","1997","17.295347",""
"Mauritius","Gross national savings, Percent of GDP","Annual","1998","14.958816",""
"Mauritius","Gross national savings, Percent of GDP","Annual","1999","28.785262",""
"Mauritius","Gross national savings, Percent of GDP","Annual","2000","30.410818",""
"Mauritius","Gross national savings, Percent of GDP","Annual","2001","32.138555",""
"Mauritius","Gross national savings, Percent of GDP","Annual","2002","31.114925",""
"Mauritius","Gross national savings, Percent of GDP","Annual","2003","29.567253",""
"Mauritius","Gross national savings, Percent of GDP","Annual","2004","26.850452",""
"Mauritius","Gross national savings, Percent of GDP","Annual","2005","22.250702",""
"Mauritius","Gross national savings, Percent of GDP","Annual","2006","21.987346",""
"Mauritius","Gross national savings, Percent of GDP","Annual","2007","26.456348",""
"Mauritius","Gross national savings, Percent of GDP","Annual","2008","20.379828",""
"Mauritius","Gross national savings, Percent of GDP","Annual","2009","17.057911",""
"Mauritius","Gross national savings, Percent of GDP","Annual","2010","15.913623",""
"Mauritius","Gross national savings, Percent of GDP","Annual","2011","14.384484",""
"Mauritius","Gross national savings, Percent of GDP","Annual","2012","19.224026",""
"Mauritius","Gross national savings, Percent of GDP","Annual","2013","20.146608",""
"Mauritius","Gross national savings, Percent of GDP","Annual","2014","18.759699",""
"Mauritius","Gross national savings, Percent of GDP","Annual","2015","19.514912",""
"Mauritius","Gross national savings, Percent of GDP","Annual","2016","20.01455",""
"Mauritius","Gross national savings, Percent of GDP","Annual","2017","22.037028",""
"Mauritius","Gross national savings, Percent of GDP","Annual","2018","22.38099",""
"Mauritius","Gross national savings, Percent of GDP","Annual","2019","21.491868",""
"Mauritius","Gross national savings, Percent of GDP","Annual","2020","11.574505",""
"Mauritius","Gross national savings, Percent of GDP","Annual","2021","12.622038",""
"Mauritius","Gross national savings, Percent of GDP","Annual","2022","17.14243",""
"Mauritius","Gross national savings, Percent of GDP","Annual","2023","22.381862",""
"Mauritius","Gross national savings, Percent of GDP","Annual","2024","21.508281",""
"Mauritius","Gross national savings, Percent of GDP","Annual","2025","19.151546",""
"Mauritius","Gross national savings, Percent of GDP","Annual","2026","18.264687",""
"Madagascar, Republic of","Gross national savings, Percent of GDP","Annual","1980","35.894808",""
"Madagascar, Republic of","Gross national savings, Percent of GDP","Annual","1981","28.064391",""
"Madagascar, Republic of","Gross national savings, Percent of GDP","Annual","1982","20.09231",""
"Madagascar, Republic of","Gross national savings, Percent of GDP","Annual","1983","20.7267",""
"Madagascar, Republic of","Gross national savings, Percent of GDP","Annual","1984","21.872771",""
"Madagascar, Republic of","Gross national savings, Percent of GDP","Annual","1985","13.936879",""
"Madagascar, Republic of","Gross national savings, Percent of GDP","Annual","1986","17.224617",""
"Madagascar, Republic of","Gross national savings, Percent of GDP","Annual","1987","20.617652",""
"Madagascar, Republic of","Gross national savings, Percent of GDP","Annual","1988","12.898175",""
"Madagascar, Republic of","Gross national savings, Percent of GDP","Annual","1989","38.108382",""
"Madagascar, Republic of","Gross national savings, Percent of GDP","Annual","1990","29.222093",""
"Madagascar, Republic of","Gross national savings, Percent of GDP","Annual","1991","23.615614",""
"Madagascar, Republic of","Gross national savings, Percent of GDP","Annual","1992","30.773395",""
"Madagascar, Republic of","Gross national savings, Percent of GDP","Annual","1993","31.521051",""
"Madagascar, Republic of","Gross national savings, Percent of GDP","Annual","1994","25.007529",""
"Madagascar, Republic of","Gross national savings, Percent of GDP","Annual","1995","1.680378",""
"Madagascar, Republic of","Gross national savings, Percent of GDP","Annual","1996","6.431036",""
"Madagascar, Republic of","Gross national savings, Percent of GDP","Annual","1997","5.417524",""
"Madagascar, Republic of","Gross national savings, Percent of GDP","Annual","1998","5.673078",""
"Madagascar, Republic of","Gross national savings, Percent of GDP","Annual","1999","7.045439",""
"Madagascar, Republic of","Gross national savings, Percent of GDP","Annual","2000","6.303788",""
"Madagascar, Republic of","Gross national savings, Percent of GDP","Annual","2001","11.93373",""
"Madagascar, Republic of","Gross national savings, Percent of GDP","Annual","2002","2.056645",""
"Madagascar, Republic of","Gross national savings, Percent of GDP","Annual","2003","8.578239",""
"Madagascar, Republic of","Gross national savings, Percent of GDP","Annual","2004","13.273033",""
"Madagascar, Republic of","Gross national savings, Percent of GDP","Annual","2005","6.796291",""
"Madagascar, Republic of","Gross national savings, Percent of GDP","Annual","2006","11.156094",""
"Madagascar, Republic of","Gross national savings, Percent of GDP","Annual","2007","16.632229",""
"Madagascar, Republic of","Gross national savings, Percent of GDP","Annual","2008","23.109636",""
"Madagascar, Republic of","Gross national savings, Percent of GDP","Annual","2009","19.050039",""
"Madagascar, Republic of","Gross national savings, Percent of GDP","Annual","2010","18.078854",""
"Madagascar, Republic of","Gross national savings, Percent of GDP","Annual","2011","16.623414",""
"Madagascar, Republic of","Gross national savings, Percent of GDP","Annual","2012","12.706205",""
"Madagascar, Republic of","Gross national savings, Percent of GDP","Annual","2013","10.007413",""
"Madagascar, Republic of","Gross national savings, Percent of GDP","Annual","2014","16.222112",""
"Madagascar, Republic of","Gross national savings, Percent of GDP","Annual","2015","14.366123",""
"Madagascar, Republic of","Gross national savings, Percent of GDP","Annual","2016","16.848055",""
"Madagascar, Republic of","Gross national savings, Percent of GDP","Annual","2017","15.384513",""
"Madagascar, Republic of","Gross national savings, Percent of GDP","Annual","2018","21.41907",""
"Madagascar, Republic of","Gross national savings, Percent of GDP","Annual","2019","20.395362",""
"Madagascar, Republic of","Gross national savings, Percent of GDP","Annual","2020","12.34046",""
"Madagascar, Republic of","Gross national savings, Percent of GDP","Annual","2021","11.463364",""
"Madagascar, Republic of","Gross national savings, Percent of GDP","Annual","2022","15.26558",""
"Madagascar, Republic of","Gross national savings, Percent of GDP","Annual","2023","17.403137",""
"Madagascar, Republic of","Gross national savings, Percent of GDP","Annual","2024","17.224127",""
"Madagascar, Republic of","Gross national savings, Percent of GDP","Annual","2025","16.58373",""
"Madagascar, Republic of","Gross national savings, Percent of GDP","Annual","2026","17.607665",""
"Morocco","Gross national savings, Percent of GDP","Annual","1980","17.123877",""
"Morocco","Gross national savings, Percent of GDP","Annual","1981","15.128578",""
"Morocco","Gross national savings, Percent of GDP","Annual","1982","17.13174",""
"Morocco","Gross national savings, Percent of GDP","Annual","1983","18.616999",""
"Morocco","Gross national savings, Percent of GDP","Annual","1984","18.605759",""
"Morocco","Gross national savings, Percent of GDP","Annual","1985","21.749767",""
"Morocco","Gross national savings, Percent of GDP","Annual","1986","22.764959",""
"Morocco","Gross national savings, Percent of GDP","Annual","1987","23.258915",""
"Morocco","Gross national savings, Percent of GDP","Annual","1988","22.390201",""
"Morocco","Gross national savings, Percent of GDP","Annual","1989","20.23344",""
"Morocco","Gross national savings, Percent of GDP","Annual","1990","23.809502",""
"Morocco","Gross national savings, Percent of GDP","Annual","1991","21.925023",""
"Morocco","Gross national savings, Percent of GDP","Annual","1992","21.887832",""
"Morocco","Gross national savings, Percent of GDP","Annual","1993","21.486198",""
"Morocco","Gross national savings, Percent of GDP","Annual","1994","19.252098",""
"Morocco","Gross national savings, Percent of GDP","Annual","1995","17.752237",""
"Morocco","Gross national savings, Percent of GDP","Annual","1996","20.315218",""
"Morocco","Gross national savings, Percent of GDP","Annual","1997","21.217415",""
"Morocco","Gross national savings, Percent of GDP","Annual","1998","21.469894",""
"Morocco","Gross national savings, Percent of GDP","Annual","1999","19.071358",""
"Morocco","Gross national savings, Percent of GDP","Annual","2000","18.435044",""
"Morocco","Gross national savings, Percent of GDP","Annual","2001","24.980187",""
"Morocco","Gross national savings, Percent of GDP","Annual","2002","25.954335",""
"Morocco","Gross national savings, Percent of GDP","Annual","2003","27.362099",""
"Morocco","Gross national savings, Percent of GDP","Annual","2004","27.751141",""
"Morocco","Gross national savings, Percent of GDP","Annual","2005","26.939853",""
"Morocco","Gross national savings, Percent of GDP","Annual","2006","27.85842",""
"Morocco","Gross national savings, Percent of GDP","Annual","2007","31.292829",""
"Morocco","Gross national savings, Percent of GDP","Annual","2008","32.594353",""
"Morocco","Gross national savings, Percent of GDP","Annual","2009","28.134608",""
"Morocco","Gross national savings, Percent of GDP","Annual","2010","28.149166",""
"Morocco","Gross national savings, Percent of GDP","Annual","2011","26.79466",""
"Morocco","Gross national savings, Percent of GDP","Annual","2012","23.862324",""
"Morocco","Gross national savings, Percent of GDP","Annual","2013","26.112471",""
"Morocco","Gross national savings, Percent of GDP","Annual","2014","24.996984",""
"Morocco","Gross national savings, Percent of GDP","Annual","2015","28.032323",""
"Morocco","Gross national savings, Percent of GDP","Annual","2016","27.996315",""
"Morocco","Gross national savings, Percent of GDP","Annual","2017","28.292786",""
"Morocco","Gross national savings, Percent of GDP","Annual","2018","27.057922",""
"Morocco","Gross national savings, Percent of GDP","Annual","2019","26.999514",""
"Morocco","Gross national savings, Percent of GDP","Annual","2020","27.45445",""
"Morocco","Gross national savings, Percent of GDP","Annual","2021","28.168293",""
"Morocco","Gross national savings, Percent of GDP","Annual","2022","26.738101",""
"Morocco","Gross national savings, Percent of GDP","Annual","2023","27.78695",""
"Morocco","Gross national savings, Percent of GDP","Annual","2024","28.762418",""
"Morocco","Gross national savings, Percent of GDP","Annual","2025","24.966386",""
"Morocco","Gross national savings, Percent of GDP","Annual","2026","23.081741",""
"Nigeria","Gross national savings, Percent of GDP","Annual","1990","16.190","Units"
"Nigeria","Gross national savings, Percent of GDP","Annual","1991","13.067","Units"
"Nigeria","Gross national savings, Percent of GDP","Annual","1992","11.868","Units"
"Nigeria","Gross national savings, Percent of GDP","Annual","1993","10.695","Units"
"Nigeria","Gross national savings, Percent of GDP","Annual","1994","13.280","Units"
"Nigeria","Gross national savings, Percent of GDP","Annual","1995","12.808","Units"
"Nigeria","Gross national savings, Percent of GDP","Annual","1996","14.102","Units"
"Nigeria","Gross national savings, Percent of GDP","Annual","1997","13.624","Units"
"Nigeria","Gross national savings, Percent of GDP","Annual","1998","12.373","Units"
"Nigeria","Gross national savings, Percent of GDP","Annual","1999","11.503","Units"
"Nigeria","Gross national savings, Percent of GDP","Annual","2000","21.969","Units"
"Nigeria","Gross national savings, Percent of GDP","Annual","2001","15.280","Units"
"Nigeria","Gross national savings, Percent of GDP","Annual","2002","10.643","Units"
"Nigeria","Gross national savings, Percent of GDP","Annual","2003","13.690","Units"
"Nigeria","Gross national savings, Percent of GDP","Annual","2004","18.517","Units"
"Nigeria","Gross national savings, Percent of GDP","Annual","2005","19.604","Units"
"Nigeria","Gross national savings, Percent of GDP","Annual","2006","23.465","Units"
"Nigeria","Gross national savings, Percent of GDP","Annual","2007","19.418","Units"
"Nigeria","Gross national savings, Percent of GDP","Annual","2008","18.272","Units"
"Nigeria","Gross national savings, Percent of GDP","Annual","2009","15.723","Units"
"Nigeria","Gross national savings, Percent of GDP","Annual","2010","15.156","Units"
"Nigeria","Gross national savings, Percent of GDP","Annual","2011","13.809","Units"
"Nigeria","Gross national savings, Percent of GDP","Annual","2012","13.568","Units"
"Nigeria","Gross national savings, Percent of GDP","Annual","2013","13.406","Units"
"Nigeria","Gross national savings, Percent of GDP","Annual","2014","11.476","Units"
"Nigeria","Gross national savings, Percent of GDP","Annual","2015","8.984","Units"
"Nigeria","Gross national savings, Percent of GDP","Annual","2016","12.008","Units"
"Nigeria","Gross national savings, Percent of GDP","Annual","2017","13.665","Units"
"Nigeria","Gross national savings, Percent of GDP","Annual","2018","15.389","Units"
"Nigeria","Gross national savings, Percent of GDP","Annual","2019","18.336","Units"
"Nigeria","Gross national savings, Percent of GDP","Annual","2020","18.389","Units"
"Nigeria","Gross national savings, Percent of GDP","Annual","2021","18.699","Units"
"Nigeria","Gross national savings, Percent of GDP","Annual","2022","18.635","Units"
"Nigeria","Gross national savings, Percent of GDP","Annual","2023","18.870","Units"
"Nigeria","Gross national savings, Percent of GDP","Annual","2024","23.611","Units"
"Nigeria","Gross national savings, Percent of GDP","Annual","2025","22.766","Units"
"Nigeria","Gross national savings, Percent of GDP","Annual","2026","26.427","Units"
"Mali","Gross national savings, Percent of GDP","Annual","1980","6.831834",""
"Mali","Gross national savings, Percent of GDP","Annual","1981","6.18022",""
"Mali","Gross national savings, Percent of GDP","Annual","1982","16.521851",""
"Mali","Gross national savings, Percent of GDP","Annual","1983","14.599043",""
"Mali","Gross national savings, Percent of GDP","Annual","1984","13.390788",""
"Mali","Gross national savings, Percent of GDP","Annual","1985","8.764152",""
"Mali","Gross national savings, Percent of GDP","Annual","1986","10.665809",""
"Mali","Gross national savings, Percent of GDP","Annual","1987","23.210894",""
"Mali","Gross national savings, Percent of GDP","Annual","1988","16.581775",""
"Mali","Gross national savings, Percent of GDP","Annual","1989","25.961079",""
"Mali","Gross national savings, Percent of GDP","Annual","1990","20.582012",""
"Mali","Gross national savings, Percent of GDP","Annual","1991","20.103149",""
"Mali","Gross national savings, Percent of GDP","Annual","1992","22.373021",""
"Mali","Gross national savings, Percent of GDP","Annual","1993","17.836744",""
"Mali","Gross national savings, Percent of GDP","Annual","1994","20.138234",""
"Mali","Gross national savings, Percent of GDP","Annual","1995","24.09943",""
"Mali","Gross national savings, Percent of GDP","Annual","1996","16.603425",""
"Mali","Gross national savings, Percent of GDP","Annual","1997","19.745173",""
"Mali","Gross national savings, Percent of GDP","Annual","1998","15.75535",""
"Mali","Gross national savings, Percent of GDP","Annual","1999","13.049795",""
"Mali","Gross national savings, Percent of GDP","Annual","2000","10.514543",""
"Mali","Gross national savings, Percent of GDP","Annual","2001","14.011202",""
"Mali","Gross national savings, Percent of GDP","Annual","2002","14.932023",""
"Mali","Gross national savings, Percent of GDP","Annual","2003","15.734947",""
"Mali","Gross national savings, Percent of GDP","Annual","2004","13.119009",""
"Mali","Gross national savings, Percent of GDP","Annual","2005","10.559805",""
"Mali","Gross national savings, Percent of GDP","Annual","2006","18.729624",""
"Mali","Gross national savings, Percent of GDP","Annual","2007","14.181966",""
"Mali","Gross national savings, Percent of GDP","Annual","2008","12.937643",""
"Mali","Gross national savings, Percent of GDP","Annual","2009","17.515255",""
"Mali","Gross national savings, Percent of GDP","Annual","2010","14.318133",""
"Mali","Gross national savings, Percent of GDP","Annual","2011","19.87935",""
"Mali","Gross national savings, Percent of GDP","Annual","2012","18.83417",""
"Mali","Gross national savings, Percent of GDP","Annual","2013","21.702849",""
"Mali","Gross national savings, Percent of GDP","Annual","2014","22.647939",""
"Mali","Gross national savings, Percent of GDP","Annual","2015","20.408128",""
"Mali","Gross national savings, Percent of GDP","Annual","2016","21.2168",""
"Mali","Gross national savings, Percent of GDP","Annual","2017","19.397559",""
"Mali","Gross national savings, Percent of GDP","Annual","2018","20.347728",""
"Mali","Gross national savings, Percent of GDP","Annual","2019","20.172624",""
"Mali","Gross national savings, Percent of GDP","Annual","2020","18.540801",""
"Mali","Gross national savings, Percent of GDP","Annual","2021","17.2118",""
"Mali","Gross national savings, Percent of GDP","Annual","2022","14.150987",""
"Mali","Gross national savings, Percent of GDP","Annual","2023","13.180541",""
"Mali","Gross national savings, Percent of GDP","Annual","2024","12.158354",""
"Mali","Gross national savings, Percent of GDP","Annual","2025","14.10274",""
"Mali","Gross national savings, Percent of GDP","Annual","2026","13.505624",""
"São Tomé and Príncipe, Democratic Republic of","Gross national savings, Percent of GDP","Annual","2000","8.637","Units"
"São Tomé and Príncipe, Democratic Republic of","Gross national savings, Percent of GDP","Annual","2001","13.736","Units"
"São Tomé and Príncipe, Democratic Republic of","Gross national savings, Percent of GDP","Annual","2002","20.204","Units"
"São Tomé and Príncipe, Democratic Republic of","Gross national savings, Percent of GDP","Annual","2003","34.088","Units"
"São Tomé and Príncipe, Democratic Republic of","Gross national savings, Percent of GDP","Annual","2004","28.934","Units"
"São Tomé and Príncipe, Democratic Republic of","Gross national savings, Percent of GDP","Annual","2005","17.848","Units"
"São Tomé and Príncipe, Democratic Republic of","Gross national savings, Percent of GDP","Annual","2006","-4.416","Units"
"São Tomé and Príncipe, Democratic Republic of","Gross national savings, Percent of GDP","Annual","2007","120.028","Units"
"São Tomé and Príncipe, Democratic Republic of","Gross national savings, Percent of GDP","Annual","2008","36.226","Units"
"São Tomé and Príncipe, Democratic Republic of","Gross national savings, Percent of GDP","Annual","2009","12.500","Units"
"São Tomé and Príncipe, Democratic Republic of","Gross national savings, Percent of GDP","Annual","2010","33.228","Units"
"São Tomé and Príncipe, Democratic Republic of","Gross national savings, Percent of GDP","Annual","2011","16.638","Units"
"São Tomé and Príncipe, Democratic Republic of","Gross national savings, Percent of GDP","Annual","2012","14.264","Units"
"São Tomé and Príncipe, Democratic Republic of","Gross national savings, Percent of GDP","Annual","2013","13.481","Units"
"São Tomé and Príncipe, Democratic Republic of","Gross national savings, Percent of GDP","Annual","2014","2.752","Units"
"São Tomé and Príncipe, Democratic Republic of","Gross national savings, Percent of GDP","Annual","2015","23.578","Units"
"São Tomé and Príncipe, Democratic Republic of","Gross national savings, Percent of GDP","Annual","2016","25.268","Units"
"São Tomé and Príncipe, Democratic Republic of","Gross national savings, Percent of GDP","Annual","2017","15.564","Units"
"São Tomé and Príncipe, Democratic Republic of","Gross national savings, Percent of GDP","Annual","2018","9.792","Units"
"São Tomé and Príncipe, Democratic Republic of","Gross national savings, Percent of GDP","Annual","2019","10.310","Units"
"São Tomé and Príncipe, Democratic Republic of","Gross national savings, Percent of GDP","Annual","2020","7.192","Units"
"São Tomé and Príncipe, Democratic Republic of","Gross national savings, Percent of GDP","Annual","2021","14.993","Units"
"São Tomé and Príncipe, Democratic Republic of","Gross national savings, Percent of GDP","Annual","2022","23.533","Units"
"São Tomé and Príncipe, Democratic Republic of","Gross national savings, Percent of GDP","Annual","2023","9.653","Units"
"São Tomé and Príncipe, Democratic Republic of","Gross national savings, Percent of GDP","Annual","2024","22.573","Units"
"São Tomé and Príncipe, Democratic Republic of","Gross national savings, Percent of GDP","Annual","2025","15.723","Units"
"São Tomé and Príncipe, Democratic Republic of","Gross national savings, Percent of GDP","Annual","2026","16.602","Units"
"Rwanda","Gross national savings, Percent of GDP","Annual","1980","7.821","Units"
"Rwanda","Gross national savings, Percent of GDP","Annual","1981","7.006","Units"
"Rwanda","Gross national savings, Percent of GDP","Annual","1982","9.538","Units"
"Rwanda","Gross national savings, Percent of GDP","Annual","1983","8.407","Units"
"Rwanda","Gross national savings, Percent of GDP","Annual","1984","11.411","Units"
"Rwanda","Gross national savings, Percent of GDP","Annual","1985","10.519","Units"
"Rwanda","Gross national savings, Percent of GDP","Annual","1986","9.497","Units"
"Rwanda","Gross national savings, Percent of GDP","Annual","1987","6.738","Units"
"Rwanda","Gross national savings, Percent of GDP","Annual","1988","6.510","Units"
"Rwanda","Gross national savings, Percent of GDP","Annual","1989","5.184","Units"
"Rwanda","Gross national savings, Percent of GDP","Annual","1990","3.186","Units"
"Rwanda","Gross national savings, Percent of GDP","Annual","1991","1.818","Units"
"Rwanda","Gross national savings, Percent of GDP","Annual","1992","5.128","Units"
"Rwanda","Gross national savings, Percent of GDP","Annual","1993","5.587","Units"
"Rwanda","Gross national savings, Percent of GDP","Annual","1994","4.763","Units"
"Rwanda","Gross national savings, Percent of GDP","Annual","1995","9.480","Units"
"Rwanda","Gross national savings, Percent of GDP","Annual","1996","7.109","Units"
"Rwanda","Gross national savings, Percent of GDP","Annual","1997","5.070","Units"
"Rwanda","Gross national savings, Percent of GDP","Annual","1998","7.073","Units"
"Rwanda","Gross national savings, Percent of GDP","Annual","1999","5.050","Units"
"Rwanda","Gross national savings, Percent of GDP","Annual","2000","9.122","Units"
"Rwanda","Gross national savings, Percent of GDP","Annual","2001","11.662","Units"
"Rwanda","Gross national savings, Percent of GDP","Annual","2002","11.319","Units"
"Rwanda","Gross national savings, Percent of GDP","Annual","2003","11.650","Units"
"Rwanda","Gross national savings, Percent of GDP","Annual","2004","16.779","Units"
"Rwanda","Gross national savings, Percent of GDP","Annual","2005","16.918","Units"
"Rwanda","Gross national savings, Percent of GDP","Annual","2006","11.643","Units"
"Rwanda","Gross national savings, Percent of GDP","Annual","2007","15.123","Units"
"Rwanda","Gross national savings, Percent of GDP","Annual","2008","15.954","Units"
"Rwanda","Gross national savings, Percent of GDP","Annual","2009","14.974","Units"
"Rwanda","Gross national savings, Percent of GDP","Annual","2010","13.933","Units"
"Rwanda","Gross national savings, Percent of GDP","Annual","2011","13.896","Units"
"Rwanda","Gross national savings, Percent of GDP","Annual","2012","13.504","Units"
"Rwanda","Gross national savings, Percent of GDP","Annual","2013","16.838","Units"
"Rwanda","Gross national savings, Percent of GDP","Annual","2014","11.731","Units"
"Rwanda","Gross national savings, Percent of GDP","Annual","2015","11.491","Units"
"Rwanda","Gross national savings, Percent of GDP","Annual","2016","10.764","Units"
"Rwanda","Gross national savings, Percent of GDP","Annual","2017","14.286","Units"
"Rwanda","Gross national savings, Percent of GDP","Annual","2018","12.227","Units"
"Rwanda","Gross national savings, Percent of GDP","Annual","2019","15.329","Units"
"Rwanda","Gross national savings, Percent of GDP","Annual","2020","12.034","Units"
"Rwanda","Gross national savings, Percent of GDP","Annual","2021","16.236","Units"
"Rwanda","Gross national savings, Percent of GDP","Annual","2022","16.720","Units"
"Rwanda","Gross national savings, Percent of GDP","Annual","2023","12.208","Units"
"Rwanda","Gross national savings, Percent of GDP","Annual","2024","13.818","Units"
"Rwanda","Gross national savings, Percent of GDP","Annual","2025","15.254","Units"
"Rwanda","Gross national savings, Percent of GDP","Annual","2026","15.231","Units"
"Niger","Gross national savings, Percent of GDP","Annual","1980","12.119","Units"
"Niger","Gross national savings, Percent of GDP","Annual","1981","8.110","Units"
"Niger","Gross national savings, Percent of GDP","Annual","1982","6.419","Units"
"Niger","Gross national savings, Percent of GDP","Annual","1983","6.403","Units"
"Niger","Gross national savings, Percent of GDP","Annual","1984","1.916","Units"
"Niger","Gross national savings, Percent of GDP","Annual","1985","5.674","Units"
"Niger","Gross national savings, Percent of GDP","Annual","1986","9.836","Units"
"Niger","Gross national savings, Percent of GDP","Annual","1987","5.413","Units"
"Niger","Gross national savings, Percent of GDP","Annual","1988","10.940","Units"
"Niger","Gross national savings, Percent of GDP","Annual","1989","6.102","Units"
"Niger","Gross national savings, Percent of GDP","Annual","1990","11.355","Units"
"Niger","Gross national savings, Percent of GDP","Annual","1991","12.146","Units"
"Niger","Gross national savings, Percent of GDP","Annual","1992","8.538","Units"
"Niger","Gross national savings, Percent of GDP","Annual","1993","6.556","Units"
"Niger","Gross national savings, Percent of GDP","Annual","1994","13.027","Units"
"Niger","Gross national savings, Percent of GDP","Annual","1995","5.694","Units"
"Niger","Gross national savings, Percent of GDP","Annual","1996","10.257","Units"
"Niger","Gross national savings, Percent of GDP","Annual","1997","7.962","Units"
"Niger","Gross national savings, Percent of GDP","Annual","1998","8.883","Units"
"Niger","Gross national savings, Percent of GDP","Annual","1999","5.811","Units"
"Niger","Gross national savings, Percent of GDP","Annual","2000","8.516","Units"
"Niger","Gross national savings, Percent of GDP","Annual","2001","10.045","Units"
"Niger","Gross national savings, Percent of GDP","Annual","2002","8.709","Units"
"Niger","Gross national savings, Percent of GDP","Annual","2003","9.026","Units"
"Niger","Gross national savings, Percent of GDP","Annual","2004","7.009","Units"
"Niger","Gross national savings, Percent of GDP","Annual","2005","14.045","Units"
"Niger","Gross national savings, Percent of GDP","Annual","2006","14.525","Units"
"Niger","Gross national savings, Percent of GDP","Annual","2007","13.270","Units"
"Niger","Gross national savings, Percent of GDP","Annual","2008","16.042","Units"
"Niger","Gross national savings, Percent of GDP","Annual","2009","10.533","Units"
"Niger","Gross national savings, Percent of GDP","Annual","2010","18.233","Units"
"Niger","Gross national savings, Percent of GDP","Annual","2011","13.300","Units"
"Niger","Gross national savings, Percent of GDP","Annual","2012","17.481","Units"
"Niger","Gross national savings, Percent of GDP","Annual","2013","16.860","Units"
"Niger","Gross national savings, Percent of GDP","Annual","2014","19.015","Units"
"Niger","Gross national savings, Percent of GDP","Annual","2015","16.878","Units"
"Niger","Gross national savings, Percent of GDP","Annual","2016","17.080","Units"
"Niger","Gross national savings, Percent of GDP","Annual","2017","14.725","Units"
"Niger","Gross national savings, Percent of GDP","Annual","2018","16.340","Units"
"Niger","Gross national savings, Percent of GDP","Annual","2019","17.986","Units"
"Niger","Gross national savings, Percent of GDP","Annual","2020","17.999","Units"
"Niger","Gross national savings, Percent of GDP","Annual","2021","17.760","Units"
"Niger","Gross national savings, Percent of GDP","Annual","2022","11.107","Units"
"Niger","Gross national savings, Percent of GDP","Annual","2023","9.959","Units"
"Niger","Gross national savings, Percent of GDP","Annual","2024","14.179","Units"
"Niger","Gross national savings, Percent of GDP","Annual","2025","17.209","Units"
"Niger","Gross national savings, Percent of GDP","Annual","2026","17.053","Units"
"Mozambique, Republic of","Gross national savings, Percent of GDP","Annual","1980","8.960525",""
"Mozambique, Republic of","Gross national savings, Percent of GDP","Annual","1981","23.141955",""
"Mozambique, Republic of","Gross national savings, Percent of GDP","Annual","1982","17.274602",""
"Mozambique, Republic of","Gross national savings, Percent of GDP","Annual","1983","11.689701",""
"Mozambique, Republic of","Gross national savings, Percent of GDP","Annual","1984","11.480344",""
"Mozambique, Republic of","Gross national savings, Percent of GDP","Annual","1985","8.579537",""
"Mozambique, Republic of","Gross national savings, Percent of GDP","Annual","1986","6.189355",""
"Mozambique, Republic of","Gross national savings, Percent of GDP","Annual","1987","15.934497",""
"Mozambique, Republic of","Gross national savings, Percent of GDP","Annual","1988","24.88179",""
"Mozambique, Republic of","Gross national savings, Percent of GDP","Annual","1989","20.009633",""
"Mozambique, Republic of","Gross national savings, Percent of GDP","Annual","1990","31.539569",""
"Mozambique, Republic of","Gross national savings, Percent of GDP","Annual","1991","17.228487",""
"Mozambique, Republic of","Gross national savings, Percent of GDP","Annual","1992","16.941641",""
"Mozambique, Republic of","Gross national savings, Percent of GDP","Annual","1993","12.936797",""
"Mozambique, Republic of","Gross national savings, Percent of GDP","Annual","1994","8.271122",""
"Mozambique, Republic of","Gross national savings, Percent of GDP","Annual","1995","23.923792",""
"Mozambique, Republic of","Gross national savings, Percent of GDP","Annual","1996","11.598543",""
"Mozambique, Republic of","Gross national savings, Percent of GDP","Annual","1997","16.200999",""
"Mozambique, Republic of","Gross national savings, Percent of GDP","Annual","1998","13.75809",""
"Mozambique, Republic of","Gross national savings, Percent of GDP","Annual","1999","30.707005",""
"Mozambique, Republic of","Gross national savings, Percent of GDP","Annual","2000","29.380089",""
"Mozambique, Republic of","Gross national savings, Percent of GDP","Annual","2001","22.006715",""
"Mozambique, Republic of","Gross national savings, Percent of GDP","Annual","2002","25.986898",""
"Mozambique, Republic of","Gross national savings, Percent of GDP","Annual","2003","21.023302",""
"Mozambique, Republic of","Gross national savings, Percent of GDP","Annual","2004","22.559358",""
"Mozambique, Republic of","Gross national savings, Percent of GDP","Annual","2005","16.793308",""
"Mozambique, Republic of","Gross national savings, Percent of GDP","Annual","2006","15.991477",""
"Mozambique, Republic of","Gross national savings, Percent of GDP","Annual","2007","15.078609",""
"Mozambique, Republic of","Gross national savings, Percent of GDP","Annual","2008","13.151205",""
"Mozambique, Republic of","Gross national savings, Percent of GDP","Annual","2009","9.757677",""
"Mozambique, Republic of","Gross national savings, Percent of GDP","Annual","2010","8.478933",""
"Mozambique, Republic of","Gross national savings, Percent of GDP","Annual","2011","6.636697",""
"Mozambique, Republic of","Gross national savings, Percent of GDP","Annual","2012","9.902823",""
"Mozambique, Republic of","Gross national savings, Percent of GDP","Annual","2013","16.417884",""
"Mozambique, Republic of","Gross national savings, Percent of GDP","Annual","2014","17.837523",""
"Mozambique, Republic of","Gross national savings, Percent of GDP","Annual","2015","5.427702",""
"Mozambique, Republic of","Gross national savings, Percent of GDP","Annual","2016","14.413883",""
"Mozambique, Republic of","Gross national savings, Percent of GDP","Annual","2017","12.712431",""
"Mozambique, Republic of","Gross national savings, Percent of GDP","Annual","2018","16.513259",""
"Mozambique, Republic of","Gross national savings, Percent of GDP","Annual","2019","24.708269",""
"Mozambique, Republic of","Gross national savings, Percent of GDP","Annual","2020","18.306113",""
"Mozambique, Republic of","Gross national savings, Percent of GDP","Annual","2021","19.176549",""
"Mozambique, Republic of","Gross national savings, Percent of GDP","Annual","2022","9.488309",""
"Mozambique, Republic of","Gross national savings, Percent of GDP","Annual","2023","8.985046",""
"Mozambique, Republic of","Gross national savings, Percent of GDP","Annual","2024","6.699193",""
"Mozambique, Republic of","Gross national savings, Percent of GDP","Annual","2025","8.696635",""
"Mozambique, Republic of","Gross national savings, Percent of GDP","Annual","2026","5.660052",""
"Sierra Leone","Gross national savings, Percent of GDP","Annual","1980","1.553","Units"
"Sierra Leone","Gross national savings, Percent of GDP","Annual","1981","0.698","Units"
"Sierra Leone","Gross national savings, Percent of GDP","Annual","1982","1.056","Units"
"Sierra Leone","Gross national savings, Percent of GDP","Annual","1983","2.876","Units"
"Sierra Leone","Gross national savings, Percent of GDP","Annual","1984","3.367","Units"
"Sierra Leone","Gross national savings, Percent of GDP","Annual","1985","2.478","Units"
"Sierra Leone","Gross national savings, Percent of GDP","Annual","1986","2.705","Units"
"Sierra Leone","Gross national savings, Percent of GDP","Annual","1987","0.686","Units"
"Sierra Leone","Gross national savings, Percent of GDP","Annual","1988","0.470","Units"
"Sierra Leone","Gross national savings, Percent of GDP","Annual","1989","-0.146","Units"
"Sierra Leone","Gross national savings, Percent of GDP","Annual","1990","-2.878","Units"
"Sierra Leone","Gross national savings, Percent of GDP","Annual","1991","3.752","Units"
"Sierra Leone","Gross national savings, Percent of GDP","Annual","1992","4.645","Units"
"Sierra Leone","Gross national savings, Percent of GDP","Annual","1993","-1.614","Units"
"Sierra Leone","Gross national savings, Percent of GDP","Annual","1994","1.739","Units"
"Sierra Leone","Gross national savings, Percent of GDP","Annual","1995","-0.498","Units"
"Sierra Leone","Gross national savings, Percent of GDP","Annual","1996","-0.294","Units"
"Sierra Leone","Gross national savings, Percent of GDP","Annual","1997","2.521","Units"
"Sierra Leone","Gross national savings, Percent of GDP","Annual","1998","4.551","Units"
"Sierra Leone","Gross national savings, Percent of GDP","Annual","1999","-1.909","Units"
"Sierra Leone","Gross national savings, Percent of GDP","Annual","2000","-4.504","Units"
"Sierra Leone","Gross national savings, Percent of GDP","Annual","2001","0.338","Units"
"Sierra Leone","Gross national savings, Percent of GDP","Annual","2002","1.928","Units"
"Sierra Leone","Gross national savings, Percent of GDP","Annual","2003","0.667","Units"
"Sierra Leone","Gross national savings, Percent of GDP","Annual","2004","-0.088","Units"
"Sierra Leone","Gross national savings, Percent of GDP","Annual","2005","0.663","Units"
"Sierra Leone","Gross national savings, Percent of GDP","Annual","2006","0.844","Units"
"Sierra Leone","Gross national savings, Percent of GDP","Annual","2007","-0.867","Units"
"Sierra Leone","Gross national savings, Percent of GDP","Annual","2008","-2.349","Units"
"Sierra Leone","Gross national savings, Percent of GDP","Annual","2009","-5.175","Units"
"Sierra Leone","Gross national savings, Percent of GDP","Annual","2010","5.179","Units"
"Sierra Leone","Gross national savings, Percent of GDP","Annual","2011","-14.165","Units"
"Sierra Leone","Gross national savings, Percent of GDP","Annual","2012","-2.629","Units"
"Sierra Leone","Gross national savings, Percent of GDP","Annual","2013","-0.900","Units"
"Sierra Leone","Gross national savings, Percent of GDP","Annual","2014","3.262","Units"
"Sierra Leone","Gross national savings, Percent of GDP","Annual","2015","-5.154","Units"
"Sierra Leone","Gross national savings, Percent of GDP","Annual","2016","7.383","Units"
"Sierra Leone","Gross national savings, Percent of GDP","Annual","2017","0.208","Units"
"Sierra Leone","Gross national savings, Percent of GDP","Annual","2018","6.362","Units"
"Sierra Leone","Gross national savings, Percent of GDP","Annual","2019","8.233","Units"
"Sierra Leone","Gross national savings, Percent of GDP","Annual","2020","9.498","Units"
"Sierra Leone","Gross national savings, Percent of GDP","Annual","2021","6.804","Units"
"Sierra Leone","Gross national savings, Percent of GDP","Annual","2022","8.528","Units"
"Sierra Leone","Gross national savings, Percent of GDP","Annual","2023","10.232","Units"
"Sierra Leone","Gross national savings, Percent of GDP","Annual","2024","13.563","Units"
"Sierra Leone","Gross national savings, Percent of GDP","Annual","2025","12.276","Units"
"Sierra Leone","Gross national savings, Percent of GDP","Annual","2026","15.448","Units"
"Senegal","Gross national savings, Percent of GDP","Annual","1980","3.448","Units"
"Senegal","Gross national savings, Percent of GDP","Annual","1981","8.622","Units"
"Senegal","Gross national savings, Percent of GDP","Annual","1982","8.105","Units"
"Senegal","Gross national savings, Percent of GDP","Annual","1983","7.246","Units"
"Senegal","Gross national savings, Percent of GDP","Annual","1984","7.524","Units"
"Senegal","Gross national savings, Percent of GDP","Annual","1985","6.477","Units"
"Senegal","Gross national savings, Percent of GDP","Annual","1986","4.296","Units"
"Senegal","Gross national savings, Percent of GDP","Annual","1987","6.944","Units"
"Senegal","Gross national savings, Percent of GDP","Annual","1988","2.105","Units"
"Senegal","Gross national savings, Percent of GDP","Annual","1989","1.285","Units"
"Senegal","Gross national savings, Percent of GDP","Annual","1990","1.103","Units"
"Senegal","Gross national savings, Percent of GDP","Annual","1991","2.181","Units"
"Senegal","Gross national savings, Percent of GDP","Annual","1992","-2.912","Units"
"Senegal","Gross national savings, Percent of GDP","Annual","1993","-3.662","Units"
"Senegal","Gross national savings, Percent of GDP","Annual","1994","-2.052","Units"
"Senegal","Gross national savings, Percent of GDP","Annual","1995","2.093","Units"
"Senegal","Gross national savings, Percent of GDP","Annual","1996","1.976","Units"
"Senegal","Gross national savings, Percent of GDP","Annual","1997","5.658","Units"
"Senegal","Gross national savings, Percent of GDP","Annual","1998","7.236","Units"
"Senegal","Gross national savings, Percent of GDP","Annual","1999","16.606","Units"
"Senegal","Gross national savings, Percent of GDP","Annual","2000","16.681","Units"
"Senegal","Gross national savings, Percent of GDP","Annual","2001","21.565","Units"
"Senegal","Gross national savings, Percent of GDP","Annual","2002","18.261","Units"
"Senegal","Gross national savings, Percent of GDP","Annual","2003","18.702","Units"
"Senegal","Gross national savings, Percent of GDP","Annual","2004","18.306","Units"
"Senegal","Gross national savings, Percent of GDP","Annual","2005","18.196","Units"
"Senegal","Gross national savings, Percent of GDP","Annual","2006","16.004","Units"
"Senegal","Gross national savings, Percent of GDP","Annual","2007","14.850","Units"
"Senegal","Gross national savings, Percent of GDP","Annual","2008","14.697","Units"
"Senegal","Gross national savings, Percent of GDP","Annual","2009","14.870","Units"
"Senegal","Gross national savings, Percent of GDP","Annual","2010","16.344","Units"
"Senegal","Gross national savings, Percent of GDP","Annual","2011","14.270","Units"
"Senegal","Gross national savings, Percent of GDP","Annual","2012","15.647","Units"
"Senegal","Gross national savings, Percent of GDP","Annual","2013","15.581","Units"
"Senegal","Gross national savings, Percent of GDP","Annual","2014","18.685","Units"
"Senegal","Gross national savings, Percent of GDP","Annual","2015","19.914","Units"
"Senegal","Gross national savings, Percent of GDP","Annual","2016","20.977","Units"
"Senegal","Gross national savings, Percent of GDP","Annual","2017","22.341","Units"
"Senegal","Gross national savings, Percent of GDP","Annual","2018","23.642","Units"
"Senegal","Gross national savings, Percent of GDP","Annual","2019","23.854","Units"
"Senegal","Gross national savings, Percent of GDP","Annual","2020","23.543","Units"
"Senegal","Gross national savings, Percent of GDP","Annual","2021","26.031","Units"
"Senegal","Gross national savings, Percent of GDP","Annual","2022","25.126","Units"
"Senegal","Gross national savings, Percent of GDP","Annual","2023","21.897","Units"
"Senegal","Gross national savings, Percent of GDP","Annual","2024","24.896","Units"
"Senegal","Gross national savings, Percent of GDP","Annual","2025","23.476","Units"
"Senegal","Gross national savings, Percent of GDP","Annual","2026","20.337","Units"
"Seychelles","Gross national savings, Percent of GDP","Annual","1980","11.531","Units"
"Seychelles","Gross national savings, Percent of GDP","Annual","1981","9.584","Units"
"Seychelles","Gross national savings, Percent of GDP","Annual","1982","1.208","Units"
"Seychelles","Gross national savings, Percent of GDP","Annual","1983","-3.555","Units"
"Seychelles","Gross national savings, Percent of GDP","Annual","1984","7.124","Units"
"Seychelles","Gross national savings, Percent of GDP","Annual","1985","5.006","Units"
"Seychelles","Gross national savings, Percent of GDP","Annual","1986","2.605","Units"
"Seychelles","Gross national savings, Percent of GDP","Annual","1987","21.274","Units"
"Seychelles","Gross national savings, Percent of GDP","Annual","1988","20.252","Units"
"Seychelles","Gross national savings, Percent of GDP","Annual","1989","16.627","Units"
"Seychelles","Gross national savings, Percent of GDP","Annual","1990","26.947","Units"
"Seychelles","Gross national savings, Percent of GDP","Annual","1991","15.647","Units"
"Seychelles","Gross national savings, Percent of GDP","Annual","1992","19.946","Units"
"Seychelles","Gross national savings, Percent of GDP","Annual","1993","28.028","Units"
"Seychelles","Gross national savings, Percent of GDP","Annual","1994","41.939","Units"
"Seychelles","Gross national savings, Percent of GDP","Annual","1995","30.604","Units"
"Seychelles","Gross national savings, Percent of GDP","Annual","1996","29.425","Units"
"Seychelles","Gross national savings, Percent of GDP","Annual","1997","16.313","Units"
"Seychelles","Gross national savings, Percent of GDP","Annual","1998","16.526","Units"
"Seychelles","Gross national savings, Percent of GDP","Annual","1999","12.030","Units"
"Seychelles","Gross national savings, Percent of GDP","Annual","2000","20.584","Units"
"Seychelles","Gross national savings, Percent of GDP","Annual","2001","-3.143","Units"
"Seychelles","Gross national savings, Percent of GDP","Annual","2002","13.101","Units"
"Seychelles","Gross national savings, Percent of GDP","Annual","2003","9.576","Units"
"Seychelles","Gross national savings, Percent of GDP","Annual","2004","13.892","Units"
"Seychelles","Gross national savings, Percent of GDP","Annual","2005","16.806","Units"
"Seychelles","Gross national savings, Percent of GDP","Annual","2006","17.285","Units"
"Seychelles","Gross national savings, Percent of GDP","Annual","2007","18.242","Units"
"Seychelles","Gross national savings, Percent of GDP","Annual","2008","8.426","Units"
"Seychelles","Gross national savings, Percent of GDP","Annual","2009","12.475","Units"
"Seychelles","Gross national savings, Percent of GDP","Annual","2010","17.477","Units"
"Seychelles","Gross national savings, Percent of GDP","Annual","2011","12.844","Units"
"Seychelles","Gross national savings, Percent of GDP","Annual","2012","22.954","Units"
"Seychelles","Gross national savings, Percent of GDP","Annual","2013","26.741","Units"
"Seychelles","Gross national savings, Percent of GDP","Annual","2014","15.106","Units"
"Seychelles","Gross national savings, Percent of GDP","Annual","2015","15.737","Units"
"Seychelles","Gross national savings, Percent of GDP","Annual","2016","26.903","Units"
"Seychelles","Gross national savings, Percent of GDP","Annual","2017","30.106","Units"
"Seychelles","Gross national savings, Percent of GDP","Annual","2018","26.016","Units"
"Seychelles","Gross national savings, Percent of GDP","Annual","2019","24.071","Units"
"Seychelles","Gross national savings, Percent of GDP","Annual","2020","9.221","Units"
"Seychelles","Gross national savings, Percent of GDP","Annual","2021","15.014","Units"
"Seychelles","Gross national savings, Percent of GDP","Annual","2022","15.499","Units"
"Seychelles","Gross national savings, Percent of GDP","Annual","2023","18.312","Units"
"Seychelles","Gross national savings, Percent of GDP","Annual","2024","16.029","Units"
"Seychelles","Gross national savings, Percent of GDP","Annual","2025","17.970","Units"
"Seychelles","Gross national savings, Percent of GDP","Annual","2026","17.321","Units"
"Eswatini, Kingdom of","Gross national savings, Percent of GDP","Annual","1980","19.688","Units"
"Eswatini, Kingdom of","Gross national savings, Percent of GDP","Annual","1981","12.386","Units"
"Eswatini, Kingdom of","Gross national savings, Percent of GDP","Annual","1982","6.991","Units"
"Eswatini, Kingdom of","Gross national savings, Percent of GDP","Annual","1983","10.524","Units"
"Eswatini, Kingdom of","Gross national savings, Percent of GDP","Annual","1984","10.571","Units"
"Eswatini, Kingdom of","Gross national savings, Percent of GDP","Annual","1985","11.633","Units"
"Eswatini, Kingdom of","Gross national savings, Percent of GDP","Annual","1986","16.280","Units"
"Eswatini, Kingdom of","Gross national savings, Percent of GDP","Annual","1987","18.902","Units"
"Eswatini, Kingdom of","Gross national savings, Percent of GDP","Annual","1988","26.949","Units"
"Eswatini, Kingdom of","Gross national savings, Percent of GDP","Annual","1989","24.971","Units"
"Eswatini, Kingdom of","Gross national savings, Percent of GDP","Annual","1990","51.659","Units"
"Eswatini, Kingdom of","Gross national savings, Percent of GDP","Annual","1991","51.795","Units"
"Eswatini, Kingdom of","Gross national savings, Percent of GDP","Annual","1992","43.073","Units"
"Eswatini, Kingdom of","Gross national savings, Percent of GDP","Annual","1993","38.250","Units"
"Eswatini, Kingdom of","Gross national savings, Percent of GDP","Annual","1994","44.774","Units"
"Eswatini, Kingdom of","Gross national savings, Percent of GDP","Annual","1995","37.667","Units"
"Eswatini, Kingdom of","Gross national savings, Percent of GDP","Annual","1996","31.060","Units"
"Eswatini, Kingdom of","Gross national savings, Percent of GDP","Annual","1997","36.070","Units"
"Eswatini, Kingdom of","Gross national savings, Percent of GDP","Annual","1998","37.003","Units"
"Eswatini, Kingdom of","Gross national savings, Percent of GDP","Annual","1999","32.229","Units"
"Eswatini, Kingdom of","Gross national savings, Percent of GDP","Annual","2000","32.379","Units"
"Eswatini, Kingdom of","Gross national savings, Percent of GDP","Annual","2001","35.974","Units"
"Eswatini, Kingdom of","Gross national savings, Percent of GDP","Annual","2002","36.367","Units"
"Eswatini, Kingdom of","Gross national savings, Percent of GDP","Annual","2003","33.768","Units"
"Eswatini, Kingdom of","Gross national savings, Percent of GDP","Annual","2004","35.344","Units"
"Eswatini, Kingdom of","Gross national savings, Percent of GDP","Annual","2005","27.358","Units"
"Eswatini, Kingdom of","Gross national savings, Percent of GDP","Annual","2006","10.712","Units"
"Eswatini, Kingdom of","Gross national savings, Percent of GDP","Annual","2007","12.039","Units"
"Eswatini, Kingdom of","Gross national savings, Percent of GDP","Annual","2008","15.030","Units"
"Eswatini, Kingdom of","Gross national savings, Percent of GDP","Annual","2009","8.294","Units"
"Eswatini, Kingdom of","Gross national savings, Percent of GDP","Annual","2010","16.077","Units"
"Eswatini, Kingdom of","Gross national savings, Percent of GDP","Annual","2011","14.873","Units"
"Eswatini, Kingdom of","Gross national savings, Percent of GDP","Annual","2012","22.904","Units"
"Eswatini, Kingdom of","Gross national savings, Percent of GDP","Annual","2013","27.571","Units"
"Eswatini, Kingdom of","Gross national savings, Percent of GDP","Annual","2014","28.142","Units"
"Eswatini, Kingdom of","Gross national savings, Percent of GDP","Annual","2015","28.583","Units"
"Eswatini, Kingdom of","Gross national savings, Percent of GDP","Annual","2016","25.842","Units"
"Eswatini, Kingdom of","Gross national savings, Percent of GDP","Annual","2017","22.358","Units"
"Eswatini, Kingdom of","Gross national savings, Percent of GDP","Annual","2018","18.478","Units"
"Eswatini, Kingdom of","Gross national savings, Percent of GDP","Annual","2019","21.448","Units"
"Eswatini, Kingdom of","Gross national savings, Percent of GDP","Annual","2020","21.725","Units"
"Eswatini, Kingdom of","Gross national savings, Percent of GDP","Annual","2021","19.942","Units"
"Eswatini, Kingdom of","Gross national savings, Percent of GDP","Annual","2022","12.329","Units"
"Eswatini, Kingdom of","Gross national savings, Percent of GDP","Annual","2023","18.258","Units"
"Eswatini, Kingdom of","Gross national savings, Percent of GDP","Annual","2024","17.683","Units"
"Eswatini, Kingdom of","Gross national savings, Percent of GDP","Annual","2025","14.401","Units"
"Eswatini, Kingdom of","Gross national savings, Percent of GDP","Annual","2026","12.706","Units"
"Namibia","Gross national savings, Percent of GDP","Annual","1989","36.989","Units"
"Namibia","Gross national savings, Percent of GDP","Annual","1990","29.825","Units"
"Namibia","Gross national savings, Percent of GDP","Annual","1991","19.489","Units"
"Namibia","Gross national savings, Percent of GDP","Annual","1992","20.128","Units"
"Namibia","Gross national savings, Percent of GDP","Annual","1993","18.537","Units"
"Namibia","Gross national savings, Percent of GDP","Annual","1994","21.137","Units"
"Namibia","Gross national savings, Percent of GDP","Annual","1995","23.728","Units"
"Namibia","Gross national savings, Percent of GDP","Annual","1996","23.590","Units"
"Namibia","Gross national savings, Percent of GDP","Annual","1997","19.230","Units"
"Namibia","Gross national savings, Percent of GDP","Annual","1998","24.519","Units"
"Namibia","Gross national savings, Percent of GDP","Annual","1999","22.161","Units"
"Namibia","Gross national savings, Percent of GDP","Annual","2000","24.783","Units"
"Namibia","Gross national savings, Percent of GDP","Annual","2001","23.813","Units"
"Namibia","Gross national savings, Percent of GDP","Annual","2002","21.759","Units"
"Namibia","Gross national savings, Percent of GDP","Annual","2003","25.236","Units"
"Namibia","Gross national savings, Percent of GDP","Annual","2004","25.826","Units"
"Namibia","Gross national savings, Percent of GDP","Annual","2005","24.215","Units"
"Namibia","Gross national savings, Percent of GDP","Annual","2006","37.377","Units"
"Namibia","Gross national savings, Percent of GDP","Annual","2007","32.997","Units"
"Namibia","Gross national savings, Percent of GDP","Annual","2008","32.185","Units"
"Namibia","Gross national savings, Percent of GDP","Annual","2009","23.216","Units"
"Namibia","Gross national savings, Percent of GDP","Annual","2010","20.693","Units"
"Namibia","Gross national savings, Percent of GDP","Annual","2011","15.686","Units"
"Namibia","Gross national savings, Percent of GDP","Annual","2012","19.953","Units"
"Namibia","Gross national savings, Percent of GDP","Annual","2013","21.321","Units"
"Namibia","Gross national savings, Percent of GDP","Annual","2014","25.309","Units"
"Namibia","Gross national savings, Percent of GDP","Annual","2015","16.913","Units"
"Namibia","Gross national savings, Percent of GDP","Annual","2016","5.753","Units"
"Namibia","Gross national savings, Percent of GDP","Annual","2017","13.318","Units"
"Namibia","Gross national savings, Percent of GDP","Annual","2018","11.411","Units"
"Namibia","Gross national savings, Percent of GDP","Annual","2019","13.553","Units"
"Namibia","Gross national savings, Percent of GDP","Annual","2020","18.043","Units"
"Namibia","Gross national savings, Percent of GDP","Annual","2021","6.705","Units"
"Namibia","Gross national savings, Percent of GDP","Annual","2022","7.537","Units"
"Namibia","Gross national savings, Percent of GDP","Annual","2023","12.877","Units"
"Namibia","Gross national savings, Percent of GDP","Annual","2024","10.436","Units"
"Namibia","Gross national savings, Percent of GDP","Annual","2025","9.410","Units"
"Namibia","Gross national savings, Percent of GDP","Annual","2026","5.460","Units"
"South Sudan, Republic of","Gross national savings, Percent of GDP","Annual","2011","23.603","Units"
"South Sudan, Republic of","Gross national savings, Percent of GDP","Annual","2012","-5.176","Units"
"South Sudan, Republic of","Gross national savings, Percent of GDP","Annual","2013","8.953","Units"
"South Sudan, Republic of","Gross national savings, Percent of GDP","Annual","2014","14.751","Units"
"South Sudan, Republic of","Gross national savings, Percent of GDP","Annual","2015","8.754","Units"
"South Sudan, Republic of","Gross national savings, Percent of GDP","Annual","2016","10.162","Units"
"South Sudan, Republic of","Gross national savings, Percent of GDP","Annual","2017","19.704","Units"
"South Sudan, Republic of","Gross national savings, Percent of GDP","Annual","2018","2.256","Units"
"South Sudan, Republic of","Gross national savings, Percent of GDP","Annual","2019","14.940","Units"
"South Sudan, Republic of","Gross national savings, Percent of GDP","Annual","2020","4.326","Units"
"South Sudan, Republic of","Gross national savings, Percent of GDP","Annual","2021","60.975","Units"
"South Sudan, Republic of","Gross national savings, Percent of GDP","Annual","2022","38.546","Units"
"South Sudan, Republic of","Gross national savings, Percent of GDP","Annual","2023","7.979","Units"
"South Sudan, Republic of","Gross national savings, Percent of GDP","Annual","2024","68.148","Units"
"South Sudan, Republic of","Gross national savings, Percent of GDP","Annual","2025","7.735","Units"
"South Sudan, Republic of","Gross national savings, Percent of GDP","Annual","2026","22.970","Units"
"Sudan","Gross national savings, Percent of GDP","Annual","1980","-74.807","Units"
"Sudan","Gross national savings, Percent of GDP","Annual","1981","14.804","Units"
"Sudan","Gross national savings, Percent of GDP","Annual","1982","105.628","Units"
"Sudan","Gross national savings, Percent of GDP","Annual","1983","33.688","Units"
"Sudan","Gross national savings, Percent of GDP","Annual","1984","69.227","Units"
"Sudan","Gross national savings, Percent of GDP","Annual","1985","-32.599","Units"
"Sudan","Gross national savings, Percent of GDP","Annual","1986","13.122","Units"
"Sudan","Gross national savings, Percent of GDP","Annual","1987","11.779","Units"
"Sudan","Gross national savings, Percent of GDP","Annual","1988","11.365","Units"
"Sudan","Gross national savings, Percent of GDP","Annual","1989","8.056","Units"
"Sudan","Gross national savings, Percent of GDP","Annual","1990","9.897","Units"
"Sudan","Gross national savings, Percent of GDP","Annual","1991","9.041","Units"
"Sudan","Gross national savings, Percent of GDP","Annual","1992","-32.776","Units"
"Sudan","Gross national savings, Percent of GDP","Annual","1993","-7.298","Units"
"Sudan","Gross national savings, Percent of GDP","Annual","1994","0.811","Units"
"Sudan","Gross national savings, Percent of GDP","Annual","1995","0.309","Units"
"Sudan","Gross national savings, Percent of GDP","Annual","1996","26.037","Units"
"Sudan","Gross national savings, Percent of GDP","Annual","1997","6.952","Units"
"Sudan","Gross national savings, Percent of GDP","Annual","1998","4.928","Units"
"Sudan","Gross national savings, Percent of GDP","Annual","1999","2.462","Units"
"Sudan","Gross national savings, Percent of GDP","Annual","2000","8.939","Units"
"Sudan","Gross national savings, Percent of GDP","Annual","2001","12.181","Units"
"Sudan","Gross national savings, Percent of GDP","Annual","2002","15.756","Units"
"Sudan","Gross national savings, Percent of GDP","Annual","2003","13.347","Units"
"Sudan","Gross national savings, Percent of GDP","Annual","2004","15.947","Units"
"Sudan","Gross national savings, Percent of GDP","Annual","2005","9.109","Units"
"Sudan","Gross national savings, Percent of GDP","Annual","2006","8.488","Units"
"Sudan","Gross national savings, Percent of GDP","Annual","2007","14.257","Units"
"Sudan","Gross national savings, Percent of GDP","Annual","2008","14.612","Units"
"Sudan","Gross national savings, Percent of GDP","Annual","2009","12.310","Units"
"Sudan","Gross national savings, Percent of GDP","Annual","2010","17.729","Units"
"Sudan","Gross national savings, Percent of GDP","Annual","2011","19.270","Units"
"Sudan","Gross national savings, Percent of GDP","Annual","2012","6.937","Units"
"Sudan","Gross national savings, Percent of GDP","Annual","2013","6.188","Units"
"Sudan","Gross national savings, Percent of GDP","Annual","2014","9.203","Units"
"Sudan","Gross national savings, Percent of GDP","Annual","2015","4.492","Units"
"Sudan","Gross national savings, Percent of GDP","Annual","2016","1.506","Units"
"Sudan","Gross national savings, Percent of GDP","Annual","2017","1.104","Units"
"Sudan","Gross national savings, Percent of GDP","Annual","2018","-0.307","Units"
"Sudan","Gross national savings, Percent of GDP","Annual","2019","-5.235","Units"
"Sudan","Gross national savings, Percent of GDP","Annual","2020","-6.587","Units"
"Sudan","Gross national savings, Percent of GDP","Annual","2021","2.342","Units"
"Sudan","Gross national savings, Percent of GDP","Annual","2022","-2.339","Units"
"Sudan","Gross national savings, Percent of GDP","Annual","2023","-0.258","Units"
"Sudan","Gross national savings, Percent of GDP","Annual","2024","0.023","Units"
"Sudan","Gross national savings, Percent of GDP","Annual","2025","-4.570","Units"
"Sudan","Gross national savings, Percent of GDP","Annual","2026","-0.509","Units"
"Uganda","Gross national savings, Percent of GDP","Annual","1980","26.140","Units"
"Uganda","Gross national savings, Percent of GDP","Annual","1981","16.424","Units"
"Uganda","Gross national savings, Percent of GDP","Annual","1982","14.357","Units"
"Uganda","Gross national savings, Percent of GDP","Annual","1983","4.943","Units"
"Uganda","Gross national savings, Percent of GDP","Annual","1984","6.009","Units"
"Uganda","Gross national savings, Percent of GDP","Annual","1985","4.937","Units"
"Uganda","Gross national savings, Percent of GDP","Annual","1986","13.710","Units"
"Uganda","Gross national savings, Percent of GDP","Annual","1987","13.994","Units"
"Uganda","Gross national savings, Percent of GDP","Annual","1988","4.458","Units"
"Uganda","Gross national savings, Percent of GDP","Annual","1989","3.917","Units"
"Uganda","Gross national savings, Percent of GDP","Annual","1990","3.609","Units"
"Uganda","Gross national savings, Percent of GDP","Annual","1991","7.876","Units"
"Uganda","Gross national savings, Percent of GDP","Annual","1992","9.467","Units"
"Uganda","Gross national savings, Percent of GDP","Annual","1993","7.897","Units"
"Uganda","Gross national savings, Percent of GDP","Annual","1994","7.781","Units"
"Uganda","Gross national savings, Percent of GDP","Annual","1995","9.105","Units"
"Uganda","Gross national savings, Percent of GDP","Annual","1996","12.105","Units"
"Uganda","Gross national savings, Percent of GDP","Annual","1997","9.455","Units"
"Uganda","Gross national savings, Percent of GDP","Annual","1998","9.363","Units"
"Uganda","Gross national savings, Percent of GDP","Annual","1999","11.252","Units"
"Uganda","Gross national savings, Percent of GDP","Annual","2000","15.294","Units"
"Uganda","Gross national savings, Percent of GDP","Annual","2001","15.903","Units"
"Uganda","Gross national savings, Percent of GDP","Annual","2002","18.627","Units"
"Uganda","Gross national savings, Percent of GDP","Annual","2003","21.020","Units"
"Uganda","Gross national savings, Percent of GDP","Annual","2004","22.665","Units"
"Uganda","Gross national savings, Percent of GDP","Annual","2005","23.007","Units"
"Uganda","Gross national savings, Percent of GDP","Annual","2006","19.359","Units"
"Uganda","Gross national savings, Percent of GDP","Annual","2007","21.203","Units"
"Uganda","Gross national savings, Percent of GDP","Annual","2008","16.236","Units"
"Uganda","Gross national savings, Percent of GDP","Annual","2009","17.122","Units"
"Uganda","Gross national savings, Percent of GDP","Annual","2010","16.146","Units"
"Uganda","Gross national savings, Percent of GDP","Annual","2011","15.117","Units"
"Uganda","Gross national savings, Percent of GDP","Annual","2012","21.449","Units"
"Uganda","Gross national savings, Percent of GDP","Annual","2013","23.530","Units"
"Uganda","Gross national savings, Percent of GDP","Annual","2014","18.699","Units"
"Uganda","Gross national savings, Percent of GDP","Annual","2015","19.001","Units"
"Uganda","Gross national savings, Percent of GDP","Annual","2016","22.603","Units"
"Uganda","Gross national savings, Percent of GDP","Annual","2017","19.703","Units"
"Uganda","Gross national savings, Percent of GDP","Annual","2018","18.857","Units"
"Uganda","Gross national savings, Percent of GDP","Annual","2019","17.878","Units"
"Uganda","Gross national savings, Percent of GDP","Annual","2020","14.714","Units"
"Uganda","Gross national savings, Percent of GDP","Annual","2021","15.672","Units"
"Uganda","Gross national savings, Percent of GDP","Annual","2022","15.640","Units"
"Uganda","Gross national savings, Percent of GDP","Annual","2023","15.047","Units"
"Uganda","Gross national savings, Percent of GDP","Annual","2024","15.275","Units"
"Uganda","Gross national savings, Percent of GDP","Annual","2025","16.985","Units"
"Uganda","Gross national savings, Percent of GDP","Annual","2026","19.654","Units"
"Tunisia","Gross national savings, Percent of GDP","Annual","1980","22.460","Units"
"Tunisia","Gross national savings, Percent of GDP","Annual","1981","22.123","Units"
"Tunisia","Gross national savings, Percent of GDP","Annual","1982","20.489","Units"
"Tunisia","Gross national savings, Percent of GDP","Annual","1983","22.687","Units"
"Tunisia","Gross national savings, Percent of GDP","Annual","1984","21.618","Units"
"Tunisia","Gross national savings, Percent of GDP","Annual","1985","21.553","Units"
"Tunisia","Gross national savings, Percent of GDP","Annual","1986","17.729","Units"
"Tunisia","Gross national savings, Percent of GDP","Annual","1987","20.304","Units"
"Tunisia","Gross national savings, Percent of GDP","Annual","1988","19.892","Units"
"Tunisia","Gross national savings, Percent of GDP","Annual","1989","18.012","Units"
"Tunisia","Gross national savings, Percent of GDP","Annual","1990","20.248","Units"
"Tunisia","Gross national savings, Percent of GDP","Annual","1991","20.800","Units"
"Tunisia","Gross national savings, Percent of GDP","Annual","1992","22.112","Units"
"Tunisia","Gross national savings, Percent of GDP","Annual","1993","23.346","Units"
"Tunisia","Gross national savings, Percent of GDP","Annual","1994","24.943","Units"
"Tunisia","Gross national savings, Percent of GDP","Annual","1995","20.763","Units"
"Tunisia","Gross national savings, Percent of GDP","Annual","1996","21.328","Units"
"Tunisia","Gross national savings, Percent of GDP","Annual","1997","21.802","Units"
"Tunisia","Gross national savings, Percent of GDP","Annual","1998","22.122","Units"
"Tunisia","Gross national savings, Percent of GDP","Annual","1999","23.541","Units"
"Tunisia","Gross national savings, Percent of GDP","Annual","2000","21.785","Units"
"Tunisia","Gross national savings, Percent of GDP","Annual","2001","21.357","Units"
"Tunisia","Gross national savings, Percent of GDP","Annual","2002","22.429","Units"
"Tunisia","Gross national savings, Percent of GDP","Annual","2003","20.803","Units"
"Tunisia","Gross national savings, Percent of GDP","Annual","2004","20.197","Units"
"Tunisia","Gross national savings, Percent of GDP","Annual","2005","20.932","Units"
"Tunisia","Gross national savings, Percent of GDP","Annual","2006","21.201","Units"
"Tunisia","Gross national savings, Percent of GDP","Annual","2007","21.191","Units"
"Tunisia","Gross national savings, Percent of GDP","Annual","2008","20.260","Units"
"Tunisia","Gross national savings, Percent of GDP","Annual","2009","22.308","Units"
"Tunisia","Gross national savings, Percent of GDP","Annual","2010","20.494","Units"
"Tunisia","Gross national savings, Percent of GDP","Annual","2011","16.997","Units"
"Tunisia","Gross national savings, Percent of GDP","Annual","2012","17.409","Units"
"Tunisia","Gross national savings, Percent of GDP","Annual","2013","14.693","Units"
"Tunisia","Gross national savings, Percent of GDP","Annual","2014","14.538","Units"
"Tunisia","Gross national savings, Percent of GDP","Annual","2015","12.595","Units"
"Tunisia","Gross national savings, Percent of GDP","Annual","2016","10.767","Units"
"Tunisia","Gross national savings, Percent of GDP","Annual","2017","11.619","Units"
"Tunisia","Gross national savings, Percent of GDP","Annual","2018","12.164","Units"
"Tunisia","Gross national savings, Percent of GDP","Annual","2019","11.719","Units"
"Tunisia","Gross national savings, Percent of GDP","Annual","2020","6.720","Units"
"Tunisia","Gross national savings, Percent of GDP","Annual","2021","9.965","Units"
"Tunisia","Gross national savings, Percent of GDP","Annual","2022","7.802","Units"
"Tunisia","Gross national savings, Percent of GDP","Annual","2023","5.860","Units"
"Tunisia","Gross national savings, Percent of GDP","Annual","2024","6.246","Units"
"Tunisia","Gross national savings, Percent of GDP","Annual","2025","7.944","Units"
"Tunisia","Gross national savings, Percent of GDP","Annual","2026","6.203","Units"
"Tanzania, United Republic of","Gross national savings, Percent of GDP","Annual","1980","10.585","Units"
"Tanzania, United Republic of","Gross national savings, Percent of GDP","Annual","1981","8.576","Units"
"Tanzania, United Republic of","Gross national savings, Percent of GDP","Annual","1982","7.906","Units"
"Tanzania, United Republic of","Gross national savings, Percent of GDP","Annual","1983","6.236","Units"
"Tanzania, United Republic of","Gross national savings, Percent of GDP","Annual","1984","5.431","Units"
"Tanzania, United Republic of","Gross national savings, Percent of GDP","Annual","1985","4.828","Units"
"Tanzania, United Republic of","Gross national savings, Percent of GDP","Annual","1986","7.545","Units"
"Tanzania, United Republic of","Gross national savings, Percent of GDP","Annual","1987","12.295","Units"
"Tanzania, United Republic of","Gross national savings, Percent of GDP","Annual","1988","12.016","Units"
"Tanzania, United Republic of","Gross national savings, Percent of GDP","Annual","1989","19.780","Units"
"Tanzania, United Republic of","Gross national savings, Percent of GDP","Annual","1990","21.212","Units"
"Tanzania, United Republic of","Gross national savings, Percent of GDP","Annual","1991","21.410","Units"
"Tanzania, United Republic of","Gross national savings, Percent of GDP","Annual","1992","22.204","Units"
"Tanzania, United Republic of","Gross national savings, Percent of GDP","Annual","1993","20.499","Units"
"Tanzania, United Republic of","Gross national savings, Percent of GDP","Annual","1994","8.487","Units"
"Tanzania, United Republic of","Gross national savings, Percent of GDP","Annual","1995","12.741","Units"
"Tanzania, United Republic of","Gross national savings, Percent of GDP","Annual","1996","13.566","Units"
"Tanzania, United Republic of","Gross national savings, Percent of GDP","Annual","1997","12.161","Units"
"Tanzania, United Republic of","Gross national savings, Percent of GDP","Annual","1998","12.987","Units"
"Tanzania, United Republic of","Gross national savings, Percent of GDP","Annual","1999","12.863","Units"
"Tanzania, United Republic of","Gross national savings, Percent of GDP","Annual","2000","16.064","Units"
"Tanzania, United Republic of","Gross national savings, Percent of GDP","Annual","2001","18.172","Units"
"Tanzania, United Republic of","Gross national savings, Percent of GDP","Annual","2002","20.008","Units"
"Tanzania, United Republic of","Gross national savings, Percent of GDP","Annual","2003","21.766","Units"
"Tanzania, United Republic of","Gross national savings, Percent of GDP","Annual","2004","24.879","Units"
"Tanzania, United Republic of","Gross national savings, Percent of GDP","Annual","2005","27.254","Units"
"Tanzania, United Republic of","Gross national savings, Percent of GDP","Annual","2006","25.605","Units"
"Tanzania, United Republic of","Gross national savings, Percent of GDP","Annual","2007","22.520","Units"
"Tanzania, United Republic of","Gross national savings, Percent of GDP","Annual","2008","28.208","Units"
"Tanzania, United Republic of","Gross national savings, Percent of GDP","Annual","2009","27.716","Units"
"Tanzania, United Republic of","Gross national savings, Percent of GDP","Annual","2010","23.404","Units"
"Tanzania, United Republic of","Gross national savings, Percent of GDP","Annual","2011","21.135","Units"
"Tanzania, United Republic of","Gross national savings, Percent of GDP","Annual","2012","25.694","Units"
"Tanzania, United Republic of","Gross national savings, Percent of GDP","Annual","2013","27.113","Units"
"Tanzania, United Republic of","Gross national savings, Percent of GDP","Annual","2014","28.407","Units"
"Tanzania, United Republic of","Gross national savings, Percent of GDP","Annual","2015","25.458","Units"
"Tanzania, United Republic of","Gross national savings, Percent of GDP","Annual","2016","28.439","Units"
"Tanzania, United Republic of","Gross national savings, Percent of GDP","Annual","2017","30.512","Units"
"Tanzania, United Republic of","Gross national savings, Percent of GDP","Annual","2018","28.557","Units"
"Tanzania, United Republic of","Gross national savings, Percent of GDP","Annual","2019","31.988","Units"
"Tanzania, United Republic of","Gross national savings, Percent of GDP","Annual","2020","36.183","Units"
"Tanzania, United Republic of","Gross national savings, Percent of GDP","Annual","2021","37.282","Units"
"Tanzania, United Republic of","Gross national savings, Percent of GDP","Annual","2022","31.868","Units"
"Tanzania, United Republic of","Gross national savings, Percent of GDP","Annual","2023","33.417","Units"
"Tanzania, United Republic of","Gross national savings, Percent of GDP","Annual","2024","34.367","Units"
"Tanzania, United Republic of","Gross national savings, Percent of GDP","Annual","2025","33.757","Units"
"Tanzania, United Republic of","Gross national savings, Percent of GDP","Annual","2026","32.968","Units"
"Togo","Gross national savings, Percent of GDP","Annual","1980","7.432","Units"
"Togo","Gross national savings, Percent of GDP","Annual","1981","7.783","Units"
"Togo","Gross national savings, Percent of GDP","Annual","1982","-1.700","Units"
"Togo","Gross national savings, Percent of GDP","Annual","1983","19.086","Units"
"Togo","Gross national savings, Percent of GDP","Annual","1984","16.532","Units"
"Togo","Gross national savings, Percent of GDP","Annual","1985","15.434","Units"
"Togo","Gross national savings, Percent of GDP","Annual","1986","16.376","Units"
"Togo","Gross national savings, Percent of GDP","Annual","1987","15.465","Units"
"Togo","Gross national savings, Percent of GDP","Annual","1988","12.808","Units"
"Togo","Gross national savings, Percent of GDP","Annual","1989","23.061","Units"
"Togo","Gross national savings, Percent of GDP","Annual","1990","14.739","Units"
"Togo","Gross national savings, Percent of GDP","Annual","1991","8.930","Units"
"Togo","Gross national savings, Percent of GDP","Annual","1992","8.164","Units"
"Togo","Gross national savings, Percent of GDP","Annual","1993","0.201","Units"
"Togo","Gross national savings, Percent of GDP","Annual","1994","10.282","Units"
"Togo","Gross national savings, Percent of GDP","Annual","1995","10.210","Units"
"Togo","Gross national savings, Percent of GDP","Annual","1996","8.340","Units"
"Togo","Gross national savings, Percent of GDP","Annual","1997","8.304","Units"
"Togo","Gross national savings, Percent of GDP","Annual","1998","10.703","Units"
"Togo","Gross national savings, Percent of GDP","Annual","1999","1.696","Units"
"Togo","Gross national savings, Percent of GDP","Annual","2000","3.674","Units"
"Togo","Gross national savings, Percent of GDP","Annual","2001","2.600","Units"
"Togo","Gross national savings, Percent of GDP","Annual","2002","9.518","Units"
"Togo","Gross national savings, Percent of GDP","Annual","2003","10.368","Units"
"Togo","Gross national savings, Percent of GDP","Annual","2004","9.787","Units"
"Togo","Gross national savings, Percent of GDP","Annual","2005","7.773","Units"
"Togo","Gross national savings, Percent of GDP","Annual","2006","8.185","Units"
"Togo","Gross national savings, Percent of GDP","Annual","2007","13.039","Units"
"Togo","Gross national savings, Percent of GDP","Annual","2008","12.219","Units"
"Togo","Gross national savings, Percent of GDP","Annual","2009","10.735","Units"
"Togo","Gross national savings, Percent of GDP","Annual","2010","12.224","Units"
"Togo","Gross national savings, Percent of GDP","Annual","2011","15.001","Units"
"Togo","Gross national savings, Percent of GDP","Annual","2012","12.984","Units"
"Togo","Gross national savings, Percent of GDP","Annual","2013","13.399","Units"
"Togo","Gross national savings, Percent of GDP","Annual","2014","15.819","Units"
"Togo","Gross national savings, Percent of GDP","Annual","2015","17.717","Units"
"Togo","Gross national savings, Percent of GDP","Annual","2016","12.965","Units"
"Togo","Gross national savings, Percent of GDP","Annual","2017","15.323","Units"
"Togo","Gross national savings, Percent of GDP","Annual","2018","16.506","Units"
"Togo","Gross national savings, Percent of GDP","Annual","2019","17.809","Units"
"Togo","Gross national savings, Percent of GDP","Annual","2020","20.802","Units"
"Togo","Gross national savings, Percent of GDP","Annual","2021","20.663","Units"
"Togo","Gross national savings, Percent of GDP","Annual","2022","23.990","Units"
"Togo","Gross national savings, Percent of GDP","Annual","2023","22.371","Units"
"Togo","Gross national savings, Percent of GDP","Annual","2024","23.575","Units"
"Togo","Gross national savings, Percent of GDP","Annual","2025","22.949","Units"
"Togo","Gross national savings, Percent of GDP","Annual","2026","21.023","Units"
"Solomon Islands","Gross national savings, Percent of GDP","Annual","1980","6.011","Units"
"Solomon Islands","Gross national savings, Percent of GDP","Annual","1981","-0.273","Units"
"Solomon Islands","Gross national savings, Percent of GDP","Annual","1982","7.475","Units"
"Solomon Islands","Gross national savings, Percent of GDP","Annual","1983","5.868","Units"
"Solomon Islands","Gross national savings, Percent of GDP","Annual","1984","9.379","Units"
"Solomon Islands","Gross national savings, Percent of GDP","Annual","1985","-6.053","Units"
"Solomon Islands","Gross national savings, Percent of GDP","Annual","1986","24.596","Units"
"Solomon Islands","Gross national savings, Percent of GDP","Annual","1987","30.501","Units"
"Solomon Islands","Gross national savings, Percent of GDP","Annual","1988","12.848","Units"
"Solomon Islands","Gross national savings, Percent of GDP","Annual","1989","17.155","Units"
"Solomon Islands","Gross national savings, Percent of GDP","Annual","1990","10.496","Units"
"Solomon Islands","Gross national savings, Percent of GDP","Annual","1991","15.302","Units"
"Solomon Islands","Gross national savings, Percent of GDP","Annual","1992","23.769","Units"
"Solomon Islands","Gross national savings, Percent of GDP","Annual","1993","23.667","Units"
"Solomon Islands","Gross national savings, Percent of GDP","Annual","1994","18.924","Units"
"Solomon Islands","Gross national savings, Percent of GDP","Annual","1995","-15.258","Units"
"Solomon Islands","Gross national savings, Percent of GDP","Annual","1996","-5.725","Units"
"Solomon Islands","Gross national savings, Percent of GDP","Annual","1997","-3.326","Units"
"Solomon Islands","Gross national savings, Percent of GDP","Annual","1998","-1.028","Units"
"Solomon Islands","Gross national savings, Percent of GDP","Annual","1999","2.390","Units"
"Solomon Islands","Gross national savings, Percent of GDP","Annual","2000","-6.136","Units"
"Solomon Islands","Gross national savings, Percent of GDP","Annual","2001","-5.315","Units"
"Solomon Islands","Gross national savings, Percent of GDP","Annual","2002","-3.572","Units"
"Solomon Islands","Gross national savings, Percent of GDP","Annual","2003","14.021","Units"
"Solomon Islands","Gross national savings, Percent of GDP","Annual","2004","22.970","Units"
"Solomon Islands","Gross national savings, Percent of GDP","Annual","2005","7.384","Units"
"Solomon Islands","Gross national savings, Percent of GDP","Annual","2006","4.837","Units"
"Solomon Islands","Gross national savings, Percent of GDP","Annual","2007","1.603","Units"
"Solomon Islands","Gross national savings, Percent of GDP","Annual","2008","3.518","Units"
"Solomon Islands","Gross national savings, Percent of GDP","Annual","2009","5.411","Units"
"Solomon Islands","Gross national savings, Percent of GDP","Annual","2010","1.898","Units"
"Solomon Islands","Gross national savings, Percent of GDP","Annual","2011","13.097","Units"
"Solomon Islands","Gross national savings, Percent of GDP","Annual","2012","16.852","Units"
"Solomon Islands","Gross national savings, Percent of GDP","Annual","2013","12.561","Units"
"Solomon Islands","Gross national savings, Percent of GDP","Annual","2014","8.906","Units"
"Solomon Islands","Gross national savings, Percent of GDP","Annual","2015","13.290","Units"
"Solomon Islands","Gross national savings, Percent of GDP","Annual","2016","13.490","Units"
"Solomon Islands","Gross national savings, Percent of GDP","Annual","2017","15.277","Units"
"Solomon Islands","Gross national savings, Percent of GDP","Annual","2018","16.175","Units"
"Solomon Islands","Gross national savings, Percent of GDP","Annual","2019","13.186","Units"
"Solomon Islands","Gross national savings, Percent of GDP","Annual","2020","15.076","Units"
"Solomon Islands","Gross national savings, Percent of GDP","Annual","2021","17.516","Units"
"Solomon Islands","Gross national savings, Percent of GDP","Annual","2022","6.253","Units"
"Solomon Islands","Gross national savings, Percent of GDP","Annual","2023","9.795","Units"
"Solomon Islands","Gross national savings, Percent of GDP","Annual","2024","15.300","Units"
"Solomon Islands","Gross national savings, Percent of GDP","Annual","2025","28.435","Units"
"Solomon Islands","Gross national savings, Percent of GDP","Annual","2026","24.820","Units"
"Zambia","Gross national savings, Percent of GDP","Annual","1980","10.834","Units"
"Zambia","Gross national savings, Percent of GDP","Annual","1981","0.052","Units"
"Zambia","Gross national savings, Percent of GDP","Annual","1982","-0.655","Units"
"Zambia","Gross national savings, Percent of GDP","Annual","1983","6.240","Units"
"Zambia","Gross national savings, Percent of GDP","Annual","1984","7.016","Units"
"Zambia","Gross national savings, Percent of GDP","Annual","1985","10.765","Units"
"Zambia","Gross national savings, Percent of GDP","Annual","1986","14.654","Units"
"Zambia","Gross national savings, Percent of GDP","Annual","1987","9.595","Units"
"Zambia","Gross national savings, Percent of GDP","Annual","1988","10.802","Units"
"Zambia","Gross national savings, Percent of GDP","Annual","1989","6.431","Units"
"Zambia","Gross national savings, Percent of GDP","Annual","1990","13.538","Units"
"Zambia","Gross national savings, Percent of GDP","Annual","1991","10.320","Units"
"Zambia","Gross national savings, Percent of GDP","Annual","1992","7.607","Units"
"Zambia","Gross national savings, Percent of GDP","Annual","1993","11.284","Units"
"Zambia","Gross national savings, Percent of GDP","Annual","1994","12.908","Units"
"Zambia","Gross national savings, Percent of GDP","Annual","1995","8.136","Units"
"Zambia","Gross national savings, Percent of GDP","Annual","1996","10.014","Units"
"Zambia","Gross national savings, Percent of GDP","Annual","1997","6.830","Units"
"Zambia","Gross national savings, Percent of GDP","Annual","1998","-0.267","Units"
"Zambia","Gross national savings, Percent of GDP","Annual","1999","1.588","Units"
"Zambia","Gross national savings, Percent of GDP","Annual","2000","26.820","Units"
"Zambia","Gross national savings, Percent of GDP","Annual","2001","12.832","Units"
"Zambia","Gross national savings, Percent of GDP","Annual","2002","19.531","Units"
"Zambia","Gross national savings, Percent of GDP","Annual","2003","27.396","Units"
"Zambia","Gross national savings, Percent of GDP","Annual","2004","33.998","Units"
"Zambia","Gross national savings, Percent of GDP","Annual","2005","28.178","Units"
"Zambia","Gross national savings, Percent of GDP","Annual","2006","41.342","Units"
"Zambia","Gross national savings, Percent of GDP","Annual","2007","30.463","Units"
"Zambia","Gross national savings, Percent of GDP","Annual","2008","26.300","Units"
"Zambia","Gross national savings, Percent of GDP","Annual","2009","36.230","Units"
"Zambia","Gross national savings, Percent of GDP","Annual","2010","37.401","Units"
"Zambia","Gross national savings, Percent of GDP","Annual","2011","37.548","Units"
"Zambia","Gross national savings, Percent of GDP","Annual","2012","36.898","Units"
"Zambia","Gross national savings, Percent of GDP","Annual","2013","33.228","Units"
"Zambia","Gross national savings, Percent of GDP","Annual","2014","36.211","Units"
"Zambia","Gross national savings, Percent of GDP","Annual","2015","40.117","Units"
"Zambia","Gross national savings, Percent of GDP","Annual","2016","34.942","Units"
"Zambia","Gross national savings, Percent of GDP","Annual","2017","39.321","Units"
"Zambia","Gross national savings, Percent of GDP","Annual","2018","37.288","Units"
"Zambia","Gross national savings, Percent of GDP","Annual","2019","39.739","Units"
"Zambia","Gross national savings, Percent of GDP","Annual","2020","44.036","Units"
"Zambia","Gross national savings, Percent of GDP","Annual","2021","43.267","Units"
"Zambia","Gross national savings, Percent of GDP","Annual","2022","30.728","Units"
"Zambia","Gross national savings, Percent of GDP","Annual","2023","28.408","Units"
"Zambia","Gross national savings, Percent of GDP","Annual","2024","26.742","Units"
"Zambia","Gross national savings, Percent of GDP","Annual","2025","29.552","Units"
"Zambia","Gross national savings, Percent of GDP","Annual","2026","34.819","Units"
"Burkina Faso","Gross national savings, Percent of GDP","Annual","1980","9.111","Units"
"Burkina Faso","Gross national savings, Percent of GDP","Annual","1981","11.885","Units"
"Burkina Faso","Gross national savings, Percent of GDP","Annual","1982","8.638","Units"
"Burkina Faso","Gross national savings, Percent of GDP","Annual","1983","6.416","Units"
"Burkina Faso","Gross national savings, Percent of GDP","Annual","1984","11.631","Units"
"Burkina Faso","Gross national savings, Percent of GDP","Annual","1985","11.718","Units"
"Burkina Faso","Gross national savings, Percent of GDP","Annual","1986","11.788","Units"
"Burkina Faso","Gross national savings, Percent of GDP","Annual","1987","9.912","Units"
"Burkina Faso","Gross national savings, Percent of GDP","Annual","1988","9.821","Units"
"Burkina Faso","Gross national savings, Percent of GDP","Annual","1989","16.302","Units"
"Burkina Faso","Gross national savings, Percent of GDP","Annual","1990","10.757","Units"
"Burkina Faso","Gross national savings, Percent of GDP","Annual","1991","10.455","Units"
"Burkina Faso","Gross national savings, Percent of GDP","Annual","1992","12.456","Units"
"Burkina Faso","Gross national savings, Percent of GDP","Annual","1993","11.554","Units"
"Burkina Faso","Gross national savings, Percent of GDP","Annual","1994","14.929","Units"
"Burkina Faso","Gross national savings, Percent of GDP","Annual","1995","11.323","Units"
"Burkina Faso","Gross national savings, Percent of GDP","Annual","1996","9.436","Units"
"Burkina Faso","Gross national savings, Percent of GDP","Annual","1997","10.103","Units"
"Burkina Faso","Gross national savings, Percent of GDP","Annual","1998","11.321","Units"
"Burkina Faso","Gross national savings, Percent of GDP","Annual","1999","7.340","Units"
"Burkina Faso","Gross national savings, Percent of GDP","Annual","2000","3.805","Units"
"Burkina Faso","Gross national savings, Percent of GDP","Annual","2001","4.417","Units"
"Burkina Faso","Gross national savings, Percent of GDP","Annual","2002","5.171","Units"
"Burkina Faso","Gross national savings, Percent of GDP","Annual","2003","7.693","Units"
"Burkina Faso","Gross national savings, Percent of GDP","Annual","2004","5.760","Units"
"Burkina Faso","Gross national savings, Percent of GDP","Annual","2005","7.239","Units"
"Burkina Faso","Gross national savings, Percent of GDP","Annual","2006","7.817","Units"
"Burkina Faso","Gross national savings, Percent of GDP","Annual","2007","10.898","Units"
"Burkina Faso","Gross national savings, Percent of GDP","Annual","2008","10.500","Units"
"Burkina Faso","Gross national savings, Percent of GDP","Annual","2009","15.953","Units"
"Burkina Faso","Gross national savings, Percent of GDP","Annual","2010","20.194","Units"
"Burkina Faso","Gross national savings, Percent of GDP","Annual","2011","20.796","Units"
"Burkina Faso","Gross national savings, Percent of GDP","Annual","2012","23.361","Units"
"Burkina Faso","Gross national savings, Percent of GDP","Annual","2013","13.702","Units"
"Burkina Faso","Gross national savings, Percent of GDP","Annual","2014","12.098","Units"
"Burkina Faso","Gross national savings, Percent of GDP","Annual","2015","11.839","Units"
"Burkina Faso","Gross national savings, Percent of GDP","Annual","2016","14.717","Units"
"Burkina Faso","Gross national savings, Percent of GDP","Annual","2017","17.040","Units"
"Burkina Faso","Gross national savings, Percent of GDP","Annual","2018","17.535","Units"
"Burkina Faso","Gross national savings, Percent of GDP","Annual","2019","16.431","Units"
"Burkina Faso","Gross national savings, Percent of GDP","Annual","2020","21.251","Units"
"Burkina Faso","Gross national savings, Percent of GDP","Annual","2021","15.900","Units"
"Burkina Faso","Gross national savings, Percent of GDP","Annual","2022","10.519","Units"
"Burkina Faso","Gross national savings, Percent of GDP","Annual","2023","15.344","Units"
"Burkina Faso","Gross national savings, Percent of GDP","Annual","2024","18.450","Units"
"Burkina Faso","Gross national savings, Percent of GDP","Annual","2025","28.064","Units"
"Burkina Faso","Gross national savings, Percent of GDP","Annual","2026","28.024","Units"
"Emerging and Developing Europe","Gross national savings, Percent of GDP","Annual","1980","23.925","Units"
"Emerging and Developing Europe","Gross national savings, Percent of GDP","Annual","1981","22.171","Units"
"Emerging and Developing Europe","Gross national savings, Percent of GDP","Annual","1982","23.597","Units"
"Emerging and Developing Europe","Gross national savings, Percent of GDP","Annual","1983","21.292","Units"
"Emerging and Developing Europe","Gross national savings, Percent of GDP","Annual","1984","19.890","Units"
"Emerging and Developing Europe","Gross national savings, Percent of GDP","Annual","1985","22.753","Units"
"Emerging and Developing Europe","Gross national savings, Percent of GDP","Annual","1986","23.053","Units"
"Emerging and Developing Europe","Gross national savings, Percent of GDP","Annual","1987","23.728","Units"
"Emerging and Developing Europe","Gross national savings, Percent of GDP","Annual","1988","24.500","Units"
"Emerging and Developing Europe","Gross national savings, Percent of GDP","Annual","1989","23.251","Units"
"Emerging and Developing Europe","Gross national savings, Percent of GDP","Annual","1990","23.518","Units"
"Emerging and Developing Europe","Gross national savings, Percent of GDP","Annual","1991","20.509","Units"
"Emerging and Developing Europe","Gross national savings, Percent of GDP","Annual","1992","22.674","Units"
"Emerging and Developing Europe","Gross national savings, Percent of GDP","Annual","1993","22.434","Units"
"Emerging and Developing Europe","Gross national savings, Percent of GDP","Annual","1994","19.264","Units"
"Emerging and Developing Europe","Gross national savings, Percent of GDP","Annual","1995","20.671","Units"
"Emerging and Developing Europe","Gross national savings, Percent of GDP","Annual","1996","20.457","Units"
"Emerging and Developing Europe","Gross national savings, Percent of GDP","Annual","1997","18.576","Units"
"Emerging and Developing Europe","Gross national savings, Percent of GDP","Annual","1998","18.885","Units"
"Emerging and Developing Europe","Gross national savings, Percent of GDP","Annual","1999","20.509","Units"
"Emerging and Developing Europe","Gross national savings, Percent of GDP","Annual","2000","24.295","Units"
"Emerging and Developing Europe","Gross national savings, Percent of GDP","Annual","2001","23.746","Units"
"Emerging and Developing Europe","Gross national savings, Percent of GDP","Annual","2002","22.285","Units"
"Emerging and Developing Europe","Gross national savings, Percent of GDP","Annual","2003","22.110","Units"
"Emerging and Developing Europe","Gross national savings, Percent of GDP","Annual","2004","23.073","Units"
"Emerging and Developing Europe","Gross national savings, Percent of GDP","Annual","2005","24.057","Units"
"Emerging and Developing Europe","Gross national savings, Percent of GDP","Annual","2006","24.405","Units"
"Emerging and Developing Europe","Gross national savings, Percent of GDP","Annual","2007","24.135","Units"
"Emerging and Developing Europe","Gross national savings, Percent of GDP","Annual","2008","25.150","Units"
"Emerging and Developing Europe","Gross national savings, Percent of GDP","Annual","2009","20.578","Units"
"Emerging and Developing Europe","Gross national savings, Percent of GDP","Annual","2010","22.483","Units"
"Emerging and Developing Europe","Gross national savings, Percent of GDP","Annual","2011","25.025","Units"
"Emerging and Developing Europe","Gross national savings, Percent of GDP","Annual","2012","24.595","Units"
"Emerging and Developing Europe","Gross national savings, Percent of GDP","Annual","2013","23.292","Units"
"Emerging and Developing Europe","Gross national savings, Percent of GDP","Annual","2014","23.880","Units"
"Emerging and Developing Europe","Gross national savings, Percent of GDP","Annual","2015","25.429","Units"
"Emerging and Developing Europe","Gross national savings, Percent of GDP","Annual","2016","24.222","Units"
"Emerging and Developing Europe","Gross national savings, Percent of GDP","Annual","2017","24.621","Units"
"Emerging and Developing Europe","Gross national savings, Percent of GDP","Annual","2018","26.296","Units"
"Emerging and Developing Europe","Gross national savings, Percent of GDP","Annual","2019","25.026","Units"
"Emerging and Developing Europe","Gross national savings, Percent of GDP","Annual","2020","24.667","Units"
"Emerging and Developing Europe","Gross national savings, Percent of GDP","Annual","2021","27.027","Units"
"Emerging and Developing Europe","Gross national savings, Percent of GDP","Annual","2022","29.186","Units"
"Emerging and Developing Europe","Gross national savings, Percent of GDP","Annual","2023","26.626","Units"
"Emerging and Developing Europe","Gross national savings, Percent of GDP","Annual","2024","25.534","Units"
"Emerging and Developing Europe","Gross national savings, Percent of GDP","Annual","2025","24.790","Units"
"Emerging and Developing Europe","Gross national savings, Percent of GDP","Annual","2026","25.793","Units"
"Armenia, Republic of","Gross national savings, Percent of GDP","Annual","1995","3.836","Units"
"Armenia, Republic of","Gross national savings, Percent of GDP","Annual","1996","2.894","Units"
"Armenia, Republic of","Gross national savings, Percent of GDP","Annual","1997","3.950","Units"
"Armenia, Republic of","Gross national savings, Percent of GDP","Annual","1998","0.694","Units"
"Armenia, Republic of","Gross national savings, Percent of GDP","Annual","1999","3.832","Units"
"Armenia, Republic of","Gross national savings, Percent of GDP","Annual","2000","2.451","Units"
"Armenia, Republic of","Gross national savings, Percent of GDP","Annual","2001","5.404","Units"
"Armenia, Republic of","Gross national savings, Percent of GDP","Annual","2002","11.939","Units"
"Armenia, Republic of","Gross national savings, Percent of GDP","Annual","2003","18.211","Units"
"Armenia, Republic of","Gross national savings, Percent of GDP","Annual","2004","22.675","Units"
"Armenia, Republic of","Gross national savings, Percent of GDP","Annual","2005","27.938","Units"
"Armenia, Republic of","Gross national savings, Percent of GDP","Annual","2006","33.511","Units"
"Armenia, Republic of","Gross national savings, Percent of GDP","Annual","2007","30.426","Units"
"Armenia, Republic of","Gross national savings, Percent of GDP","Annual","2008","26.647","Units"
"Armenia, Republic of","Gross national savings, Percent of GDP","Annual","2009","18.186","Units"
"Armenia, Republic of","Gross national savings, Percent of GDP","Annual","2010","19.247","Units"
"Armenia, Republic of","Gross national savings, Percent of GDP","Annual","2011","16.840","Units"
"Armenia, Republic of","Gross national savings, Percent of GDP","Annual","2012","15.366","Units"
"Armenia, Republic of","Gross national savings, Percent of GDP","Annual","2013","14.856","Units"
"Armenia, Republic of","Gross national savings, Percent of GDP","Annual","2014","13.533","Units"
"Armenia, Republic of","Gross national savings, Percent of GDP","Annual","2015","18.069","Units"
"Armenia, Republic of","Gross national savings, Percent of GDP","Annual","2016","17.059","Units"
"Armenia, Republic of","Gross national savings, Percent of GDP","Annual","2017","17.161","Units"
"Armenia, Republic of","Gross national savings, Percent of GDP","Annual","2018","15.171","Units"
"Armenia, Republic of","Gross national savings, Percent of GDP","Annual","2019","10.352","Units"
"Armenia, Republic of","Gross national savings, Percent of GDP","Annual","2020","15.666","Units"
"Armenia, Republic of","Gross national savings, Percent of GDP","Annual","2021","19.567","Units"
"Armenia, Republic of","Gross national savings, Percent of GDP","Annual","2022","22.993","Units"
"Armenia, Republic of","Gross national savings, Percent of GDP","Annual","2023","20.171","Units"
"Armenia, Republic of","Gross national savings, Percent of GDP","Annual","2024","19.231","Units"
"Armenia, Republic of","Gross national savings, Percent of GDP","Annual","2025","18.442","Units"
"Armenia, Republic of","Gross national savings, Percent of GDP","Annual","2026","18.351","Units"
"Azerbaijan, Republic of","Gross national savings, Percent of GDP","Annual","1992","-11.204","Units"
"Azerbaijan, Republic of","Gross national savings, Percent of GDP","Annual","1993","10.587","Units"
"Azerbaijan, Republic of","Gross national savings, Percent of GDP","Annual","1994","-3.588","Units"
"Azerbaijan, Republic of","Gross national savings, Percent of GDP","Annual","1995","6.881","Units"
"Azerbaijan, Republic of","Gross national savings, Percent of GDP","Annual","1996","0.440","Units"
"Azerbaijan, Republic of","Gross national savings, Percent of GDP","Annual","1997","12.684","Units"
"Azerbaijan, Republic of","Gross national savings, Percent of GDP","Annual","1998","6.213","Units"
"Azerbaijan, Republic of","Gross national savings, Percent of GDP","Annual","1999","9.416","Units"
"Azerbaijan, Republic of","Gross national savings, Percent of GDP","Annual","2000","16.223","Units"
"Azerbaijan, Republic of","Gross national savings, Percent of GDP","Annual","2001","19.552","Units"
"Azerbaijan, Republic of","Gross national savings, Percent of GDP","Annual","2002","19.652","Units"
"Azerbaijan, Republic of","Gross national savings, Percent of GDP","Annual","2003","23.413","Units"
"Azerbaijan, Republic of","Gross national savings, Percent of GDP","Annual","2004","25.389","Units"
"Azerbaijan, Republic of","Gross national savings, Percent of GDP","Annual","2005","38.681","Units"
"Azerbaijan, Republic of","Gross national savings, Percent of GDP","Annual","2006","44.281","Units"
"Azerbaijan, Republic of","Gross national savings, Percent of GDP","Annual","2007","44.611","Units"
"Azerbaijan, Republic of","Gross national savings, Percent of GDP","Annual","2008","49.450","Units"
"Azerbaijan, Republic of","Gross national savings, Percent of GDP","Annual","2009","39.805","Units"
"Azerbaijan, Republic of","Gross national savings, Percent of GDP","Annual","2010","44.138","Units"
"Azerbaijan, Republic of","Gross national savings, Percent of GDP","Annual","2011","46.265","Units"
"Azerbaijan, Republic of","Gross national savings, Percent of GDP","Annual","2012","43.758","Units"
"Azerbaijan, Republic of","Gross national savings, Percent of GDP","Annual","2013","42.217","Units"
"Azerbaijan, Republic of","Gross national savings, Percent of GDP","Annual","2014","40.476","Units"
"Azerbaijan, Republic of","Gross national savings, Percent of GDP","Annual","2015","27.492","Units"
"Azerbaijan, Republic of","Gross national savings, Percent of GDP","Annual","2016","22.075","Units"
"Azerbaijan, Republic of","Gross national savings, Percent of GDP","Annual","2017","27.348","Units"
"Azerbaijan, Republic of","Gross national savings, Percent of GDP","Annual","2018","30.560","Units"
"Azerbaijan, Republic of","Gross national savings, Percent of GDP","Annual","2019","27.373","Units"
"Azerbaijan, Republic of","Gross national savings, Percent of GDP","Annual","2020","22.024","Units"
"Azerbaijan, Republic of","Gross national savings, Percent of GDP","Annual","2021","31.527","Units"
"Azerbaijan, Republic of","Gross national savings, Percent of GDP","Annual","2022","38.152","Units"
"Azerbaijan, Republic of","Gross national savings, Percent of GDP","Annual","2023","27.783","Units"
"Azerbaijan, Republic of","Gross national savings, Percent of GDP","Annual","2024","22.199","Units"
"Azerbaijan, Republic of","Gross national savings, Percent of GDP","Annual","2025","20.328","Units"
"Azerbaijan, Republic of","Gross national savings, Percent of GDP","Annual","2026","25.059","Units"
"Belarus, Republic of","Gross national savings, Percent of GDP","Annual","1993","19.445","Units"
"Belarus, Republic of","Gross national savings, Percent of GDP","Annual","1994","14.238","Units"
"Belarus, Republic of","Gross national savings, Percent of GDP","Annual","1995","20.407","Units"
"Belarus, Republic of","Gross national savings, Percent of GDP","Annual","1996","19.954","Units"
"Belarus, Republic of","Gross national savings, Percent of GDP","Annual","1997","20.713","Units"
"Belarus, Republic of","Gross national savings, Percent of GDP","Annual","1998","20.008","Units"
"Belarus, Republic of","Gross national savings, Percent of GDP","Annual","1999","22.117","Units"
"Belarus, Republic of","Gross national savings, Percent of GDP","Annual","2000","22.635","Units"
"Belarus, Republic of","Gross national savings, Percent of GDP","Annual","2001","20.896","Units"
"Belarus, Republic of","Gross national savings, Percent of GDP","Annual","2002","20.484","Units"
"Belarus, Republic of","Gross national savings, Percent of GDP","Annual","2003","22.191","Units"
"Belarus, Republic of","Gross national savings, Percent of GDP","Annual","2004","23.355","Units"
"Belarus, Republic of","Gross national savings, Percent of GDP","Annual","2005","29.602","Units"
"Belarus, Republic of","Gross national savings, Percent of GDP","Annual","2006","28.188","Units"
"Belarus, Republic of","Gross national savings, Percent of GDP","Annual","2007","27.270","Units"
"Belarus, Republic of","Gross national savings, Percent of GDP","Annual","2008","29.327","Units"
"Belarus, Republic of","Gross national savings, Percent of GDP","Annual","2009","24.805","Units"
"Belarus, Republic of","Gross national savings, Percent of GDP","Annual","2010","26.186","Units"
"Belarus, Republic of","Gross national savings, Percent of GDP","Annual","2011","28.984","Units"
"Belarus, Republic of","Gross national savings, Percent of GDP","Annual","2012","32.259","Units"
"Belarus, Republic of","Gross national savings, Percent of GDP","Annual","2013","28.775","Units"
"Belarus, Republic of","Gross national savings, Percent of GDP","Annual","2014","28.202","Units"
"Belarus, Republic of","Gross national savings, Percent of GDP","Annual","2015","25.784","Units"
"Belarus, Republic of","Gross national savings, Percent of GDP","Annual","2016","23.099","Units"
"Belarus, Republic of","Gross national savings, Percent of GDP","Annual","2017","26.290","Units"
"Belarus, Republic of","Gross national savings, Percent of GDP","Annual","2018","28.117","Units"
"Belarus, Republic of","Gross national savings, Percent of GDP","Annual","2019","27.216","Units"
"Belarus, Republic of","Gross national savings, Percent of GDP","Annual","2020","27.164","Units"
"Belarus, Republic of","Gross national savings, Percent of GDP","Annual","2021","28.068","Units"
"Belarus, Republic of","Gross national savings, Percent of GDP","Annual","2022","25.011","Units"
"Belarus, Republic of","Gross national savings, Percent of GDP","Annual","2023","23.119","Units"
"Belarus, Republic of","Gross national savings, Percent of GDP","Annual","2024","22.763","Units"
"Belarus, Republic of","Gross national savings, Percent of GDP","Annual","2025","22.224","Units"
"Belarus, Republic of","Gross national savings, Percent of GDP","Annual","2026","22.265","Units"
"Albania","Gross national savings, Percent of GDP","Annual","1980","27.121","Units"
"Albania","Gross national savings, Percent of GDP","Annual","1981","39.852","Units"
"Albania","Gross national savings, Percent of GDP","Annual","1982","41.023","Units"
"Albania","Gross national savings, Percent of GDP","Annual","1983","44.479","Units"
"Albania","Gross national savings, Percent of GDP","Annual","1984","46.845","Units"
"Albania","Gross national savings, Percent of GDP","Annual","1985","40.830","Units"
"Albania","Gross national savings, Percent of GDP","Annual","1986","40.314","Units"
"Albania","Gross national savings, Percent of GDP","Annual","1987","42.435","Units"
"Albania","Gross national savings, Percent of GDP","Annual","1988","40.026","Units"
"Albania","Gross national savings, Percent of GDP","Annual","1989","38.061","Units"
"Albania","Gross national savings, Percent of GDP","Annual","1990","41.016","Units"
"Albania","Gross national savings, Percent of GDP","Annual","1991","-8.026","Units"
"Albania","Gross national savings, Percent of GDP","Annual","1992","9.426","Units"
"Albania","Gross national savings, Percent of GDP","Annual","1993","23.388","Units"
"Albania","Gross national savings, Percent of GDP","Annual","1994","21.832","Units"
"Albania","Gross national savings, Percent of GDP","Annual","1995","21.481","Units"
"Albania","Gross national savings, Percent of GDP","Annual","1996","16.070","Units"
"Albania","Gross national savings, Percent of GDP","Annual","1997","10.200","Units"
"Albania","Gross national savings, Percent of GDP","Annual","1998","16.235","Units"
"Albania","Gross national savings, Percent of GDP","Annual","1999","17.803","Units"
"Albania","Gross national savings, Percent of GDP","Annual","2000","23.768","Units"
"Albania","Gross national savings, Percent of GDP","Annual","2001","28.703","Units"
"Albania","Gross national savings, Percent of GDP","Annual","2002","25.056","Units"
"Albania","Gross national savings, Percent of GDP","Annual","2003","26.156","Units"
"Albania","Gross national savings, Percent of GDP","Annual","2004","28.359","Units"
"Albania","Gross national savings, Percent of GDP","Annual","2005","27.784","Units"
"Albania","Gross national savings, Percent of GDP","Annual","2006","29.590","Units"
"Albania","Gross national savings, Percent of GDP","Annual","2007","23.837","Units"
"Albania","Gross national savings, Percent of GDP","Annual","2008","17.569","Units"
"Albania","Gross national savings, Percent of GDP","Annual","2009","16.654","Units"
"Albania","Gross national savings, Percent of GDP","Annual","2010","20.023","Units"
"Albania","Gross national savings, Percent of GDP","Annual","2011","20.254","Units"
"Albania","Gross national savings, Percent of GDP","Annual","2012","19.674","Units"
"Albania","Gross national savings, Percent of GDP","Annual","2013","16.827","Units"
"Albania","Gross national savings, Percent of GDP","Annual","2014","13.361","Units"
"Albania","Gross national savings, Percent of GDP","Annual","2015","15.804","Units"
"Albania","Gross national savings, Percent of GDP","Annual","2016","16.796","Units"
"Albania","Gross national savings, Percent of GDP","Annual","2017","17.085","Units"
"Albania","Gross national savings, Percent of GDP","Annual","2018","19.264","Units"
"Albania","Gross national savings, Percent of GDP","Annual","2019","17.123","Units"
"Albania","Gross national savings, Percent of GDP","Annual","2020","16.583","Units"
"Albania","Gross national savings, Percent of GDP","Annual","2021","19.565","Units"
"Albania","Gross national savings, Percent of GDP","Annual","2022","19.828","Units"
"Albania","Gross national savings, Percent of GDP","Annual","2023","23.087","Units"
"Albania","Gross national savings, Percent of GDP","Annual","2024","21.935","Units"
"Albania","Gross national savings, Percent of GDP","Annual","2025","21.921","Units"
"Albania","Gross national savings, Percent of GDP","Annual","2026","21.730","Units"
"Kazakhstan, Republic of","Gross national savings, Percent of GDP","Annual","1992","7.50239",""
"Kazakhstan, Republic of","Gross national savings, Percent of GDP","Annual","1993","14.100873",""
"Kazakhstan, Republic of","Gross national savings, Percent of GDP","Annual","1994","20.9034",""
"Kazakhstan, Republic of","Gross national savings, Percent of GDP","Annual","1995","22.03837",""
"Kazakhstan, Republic of","Gross national savings, Percent of GDP","Annual","1996","12.576744",""
"Kazakhstan, Republic of","Gross national savings, Percent of GDP","Annual","1997","11.992632",""
"Kazakhstan, Republic of","Gross national savings, Percent of GDP","Annual","1998","10.270641",""
"Kazakhstan, Republic of","Gross national savings, Percent of GDP","Annual","1999","16.762557",""
"Kazakhstan, Republic of","Gross national savings, Percent of GDP","Annual","2000","20.141688",""
"Kazakhstan, Republic of","Gross national savings, Percent of GDP","Annual","2001","20.603876",""
"Kazakhstan, Republic of","Gross national savings, Percent of GDP","Annual","2002","23.12992",""
"Kazakhstan, Republic of","Gross national savings, Percent of GDP","Annual","2003","24.819756",""
"Kazakhstan, Republic of","Gross national savings, Percent of GDP","Annual","2004","27.088307",""
"Kazakhstan, Republic of","Gross national savings, Percent of GDP","Annual","2005","31.597876",""
"Kazakhstan, Republic of","Gross national savings, Percent of GDP","Annual","2006","32.884829",""
"Kazakhstan, Republic of","Gross national savings, Percent of GDP","Annual","2007","30.979819",""
"Kazakhstan, Republic of","Gross national savings, Percent of GDP","Annual","2008","28.471101",""
"Kazakhstan, Republic of","Gross national savings, Percent of GDP","Annual","2009","29.298008",""
"Kazakhstan, Republic of","Gross national savings, Percent of GDP","Annual","2010","27.18216",""
"Kazakhstan, Republic of","Gross national savings, Percent of GDP","Annual","2011","30.30114",""
"Kazakhstan, Republic of","Gross national savings, Percent of GDP","Annual","2012","26.493371",""
"Kazakhstan, Republic of","Gross national savings, Percent of GDP","Annual","2013","26.482808",""
"Kazakhstan, Republic of","Gross national savings, Percent of GDP","Annual","2014","24.50181",""
"Kazakhstan, Republic of","Gross national savings, Percent of GDP","Annual","2015","22.495753",""
"Kazakhstan, Republic of","Gross national savings, Percent of GDP","Annual","2016","22.75424",""
"Kazakhstan, Republic of","Gross national savings, Percent of GDP","Annual","2017","24.298358",""
"Kazakhstan, Republic of","Gross national savings, Percent of GDP","Annual","2018","24.273714",""
"Kazakhstan, Republic of","Gross national savings, Percent of GDP","Annual","2019","23.75885",""
"Kazakhstan, Republic of","Gross national savings, Percent of GDP","Annual","2020","22.345233",""
"Kazakhstan, Republic of","Gross national savings, Percent of GDP","Annual","2021","25.174109",""
"Kazakhstan, Republic of","Gross national savings, Percent of GDP","Annual","2022","27.830235",""
"Kazakhstan, Republic of","Gross national savings, Percent of GDP","Annual","2023","24.564518",""
"Kazakhstan, Republic of","Gross national savings, Percent of GDP","Annual","2024","24.628904",""
"Kazakhstan, Republic of","Gross national savings, Percent of GDP","Annual","2025","24.518675",""
"Kazakhstan, Republic of","Gross national savings, Percent of GDP","Annual","2026","27.939294",""
"Georgia","Gross national savings, Percent of GDP","Annual","1994","-1.665","Units"
"Georgia","Gross national savings, Percent of GDP","Annual","1995","12.169","Units"
"Georgia","Gross national savings, Percent of GDP","Annual","1996","-59.014","Units"
"Georgia","Gross national savings, Percent of GDP","Annual","1997","-57.542","Units"
"Georgia","Gross national savings, Percent of GDP","Annual","1998","-60.579","Units"
"Georgia","Gross national savings, Percent of GDP","Annual","1999","-65.374","Units"
"Georgia","Gross national savings, Percent of GDP","Annual","2000","-76.451","Units"
"Georgia","Gross national savings, Percent of GDP","Annual","2001","-69.542","Units"
"Georgia","Gross national savings, Percent of GDP","Annual","2003","24.844","Units"
"Georgia","Gross national savings, Percent of GDP","Annual","2004","28.401","Units"
"Georgia","Gross national savings, Percent of GDP","Annual","2005","26.361","Units"
"Georgia","Gross national savings, Percent of GDP","Annual","2006","19.296","Units"
"Georgia","Gross national savings, Percent of GDP","Annual","2007","17.105","Units"
"Georgia","Gross national savings, Percent of GDP","Annual","2008","9.144","Units"
"Georgia","Gross national savings, Percent of GDP","Annual","2009","7.441","Units"
"Georgia","Gross national savings, Percent of GDP","Annual","2010","11.281","Units"
"Georgia","Gross national savings, Percent of GDP","Annual","2011","11.211","Units"
"Georgia","Gross national savings, Percent of GDP","Annual","2012","14.884","Units"
"Georgia","Gross national savings, Percent of GDP","Annual","2013","16.245","Units"
"Georgia","Gross national savings, Percent of GDP","Annual","2014","15.719","Units"
"Georgia","Gross national savings, Percent of GDP","Annual","2015","15.270","Units"
"Georgia","Gross national savings, Percent of GDP","Annual","2016","16.692","Units"
"Georgia","Gross national savings, Percent of GDP","Annual","2017","17.183","Units"
"Georgia","Gross national savings, Percent of GDP","Annual","2018","21.268","Units"
"Georgia","Gross national savings, Percent of GDP","Annual","2019","21.177","Units"
"Georgia","Gross national savings, Percent of GDP","Annual","2020","12.186","Units"
"Georgia","Gross national savings, Percent of GDP","Annual","2021","10.390","Units"
"Georgia","Gross national savings, Percent of GDP","Annual","2022","19.642","Units"
"Georgia","Gross national savings, Percent of GDP","Annual","2023","19.470","Units"
"Georgia","Gross national savings, Percent of GDP","Annual","2024","19.198","Units"
"Georgia","Gross national savings, Percent of GDP","Annual","2025","19.982","Units"
"Georgia","Gross national savings, Percent of GDP","Annual","2026","18.458","Units"
"Kyrgyz Republic","Gross national savings, Percent of GDP","Annual","1992","5.454897",""
"Kyrgyz Republic","Gross national savings, Percent of GDP","Annual","1993","-27.900508",""
"Kyrgyz Republic","Gross national savings, Percent of GDP","Annual","1994","-2.219782",""
"Kyrgyz Republic","Gross national savings, Percent of GDP","Annual","1995","2.088559",""
"Kyrgyz Republic","Gross national savings, Percent of GDP","Annual","1996","1.733813",""
"Kyrgyz Republic","Gross national savings, Percent of GDP","Annual","1997","13.629634",""
"Kyrgyz Republic","Gross national savings, Percent of GDP","Annual","1998","-7.110312",""
"Kyrgyz Republic","Gross national savings, Percent of GDP","Annual","1999","2.749545",""
"Kyrgyz Republic","Gross national savings, Percent of GDP","Annual","2000","15.446526",""
"Kyrgyz Republic","Gross national savings, Percent of GDP","Annual","2001","16.237041",""
"Kyrgyz Republic","Gross national savings, Percent of GDP","Annual","2002","20.21329",""
"Kyrgyz Republic","Gross national savings, Percent of GDP","Annual","2003","21.759043",""
"Kyrgyz Republic","Gross national savings, Percent of GDP","Annual","2004","20.370987",""
"Kyrgyz Republic","Gross national savings, Percent of GDP","Annual","2005","20.011176",""
"Kyrgyz Republic","Gross national savings, Percent of GDP","Annual","2006","21.323931",""
"Kyrgyz Republic","Gross national savings, Percent of GDP","Annual","2007","21.172322",""
"Kyrgyz Republic","Gross national savings, Percent of GDP","Annual","2008","14.779755",""
"Kyrgyz Republic","Gross national savings, Percent of GDP","Annual","2009","22.569482",""
"Kyrgyz Republic","Gross national savings, Percent of GDP","Annual","2010","20.439452",""
"Kyrgyz Republic","Gross national savings, Percent of GDP","Annual","2011","17.431426",""
"Kyrgyz Republic","Gross national savings, Percent of GDP","Annual","2012","19.172145",""
"Kyrgyz Republic","Gross national savings, Percent of GDP","Annual","2013","19.689072",""
"Kyrgyz Republic","Gross national savings, Percent of GDP","Annual","2014","19.404842",""
"Kyrgyz Republic","Gross national savings, Percent of GDP","Annual","2015","18.433223",""
"Kyrgyz Republic","Gross national savings, Percent of GDP","Annual","2016","19.9849",""
"Kyrgyz Republic","Gross national savings, Percent of GDP","Annual","2017","24.55438",""
"Kyrgyz Republic","Gross national savings, Percent of GDP","Annual","2018","15.743795",""
"Kyrgyz Republic","Gross national savings, Percent of GDP","Annual","2019","13.564169",""
"Kyrgyz Republic","Gross national savings, Percent of GDP","Annual","2020","21.946027",""
"Kyrgyz Republic","Gross national savings, Percent of GDP","Annual","2021","15.399923",""
"Kyrgyz Republic","Gross national savings, Percent of GDP","Annual","2022","-20.336392",""
"Kyrgyz Republic","Gross national savings, Percent of GDP","Annual","2023","-25.204863",""
"Kyrgyz Republic","Gross national savings, Percent of GDP","Annual","2024","-3.949331",""
"Kyrgyz Republic","Gross national savings, Percent of GDP","Annual","2025","-5.762021",""
"Kyrgyz Republic","Gross national savings, Percent of GDP","Annual","2026","10.445382",""
"Bulgaria","Gross national savings, Percent of GDP","Annual","1980","25.863","Units"
"Bulgaria","Gross national savings, Percent of GDP","Annual","1981","25.870","Units"
"Bulgaria","Gross national savings, Percent of GDP","Annual","1982","25.467","Units"
"Bulgaria","Gross national savings, Percent of GDP","Annual","1983","25.465","Units"
"Bulgaria","Gross national savings, Percent of GDP","Annual","1984","27.071","Units"
"Bulgaria","Gross national savings, Percent of GDP","Annual","1985","24.345","Units"
"Bulgaria","Gross national savings, Percent of GDP","Annual","1986","24.513","Units"
"Bulgaria","Gross national savings, Percent of GDP","Annual","1987","23.091","Units"
"Bulgaria","Gross national savings, Percent of GDP","Annual","1988","24.865","Units"
"Bulgaria","Gross national savings, Percent of GDP","Annual","1989","22.600","Units"
"Bulgaria","Gross national savings, Percent of GDP","Annual","1990","21.587","Units"
"Bulgaria","Gross national savings, Percent of GDP","Annual","1991","12.375","Units"
"Bulgaria","Gross national savings, Percent of GDP","Annual","1992","7.303","Units"
"Bulgaria","Gross national savings, Percent of GDP","Annual","1993","1.714","Units"
"Bulgaria","Gross national savings, Percent of GDP","Annual","1994","5.392","Units"
"Bulgaria","Gross national savings, Percent of GDP","Annual","1995","10.400","Units"
"Bulgaria","Gross national savings, Percent of GDP","Annual","1996","8.269","Units"
"Bulgaria","Gross national savings, Percent of GDP","Annual","1997","19.802","Units"
"Bulgaria","Gross national savings, Percent of GDP","Annual","1998","14.091","Units"
"Bulgaria","Gross national savings, Percent of GDP","Annual","1999","16.932","Units"
"Bulgaria","Gross national savings, Percent of GDP","Annual","2000","15.942","Units"
"Bulgaria","Gross national savings, Percent of GDP","Annual","2001","17.727","Units"
"Bulgaria","Gross national savings, Percent of GDP","Annual","2002","19.906","Units"
"Bulgaria","Gross national savings, Percent of GDP","Annual","2003","18.699","Units"
"Bulgaria","Gross national savings, Percent of GDP","Annual","2004","19.162","Units"
"Bulgaria","Gross national savings, Percent of GDP","Annual","2005","18.329","Units"
"Bulgaria","Gross national savings, Percent of GDP","Annual","2006","16.793","Units"
"Bulgaria","Gross national savings, Percent of GDP","Annual","2007","9.749","Units"
"Bulgaria","Gross national savings, Percent of GDP","Annual","2008","14.968","Units"
"Bulgaria","Gross national savings, Percent of GDP","Annual","2009","20.241","Units"
"Bulgaria","Gross national savings, Percent of GDP","Annual","2010","20.798","Units"
"Bulgaria","Gross national savings, Percent of GDP","Annual","2011","21.687","Units"
"Bulgaria","Gross national savings, Percent of GDP","Annual","2012","21.041","Units"
"Bulgaria","Gross national savings, Percent of GDP","Annual","2013","22.280","Units"
"Bulgaria","Gross national savings, Percent of GDP","Annual","2014","23.619","Units"
"Bulgaria","Gross national savings, Percent of GDP","Annual","2015","21.017","Units"
"Bulgaria","Gross national savings, Percent of GDP","Annual","2016","21.990","Units"
"Bulgaria","Gross national savings, Percent of GDP","Annual","2017","22.974","Units"
"Bulgaria","Gross national savings, Percent of GDP","Annual","2018","21.823","Units"
"Bulgaria","Gross national savings, Percent of GDP","Annual","2019","22.399","Units"
"Bulgaria","Gross national savings, Percent of GDP","Annual","2020","21.709","Units"
"Bulgaria","Gross national savings, Percent of GDP","Annual","2021","20.902","Units"
"Bulgaria","Gross national savings, Percent of GDP","Annual","2022","21.292","Units"
"Bulgaria","Gross national savings, Percent of GDP","Annual","2023","18.613","Units"
"Bulgaria","Gross national savings, Percent of GDP","Annual","2024","19.078","Units"
"Bulgaria","Gross national savings, Percent of GDP","Annual","2025","15.791","Units"
"Bulgaria","Gross national savings, Percent of GDP","Annual","2026","16.969","Units"
"Moldova, Republic of","Gross national savings, Percent of GDP","Annual","1992","55.288621",""
"Moldova, Republic of","Gross national savings, Percent of GDP","Annual","1993","37.918725",""
"Moldova, Republic of","Gross national savings, Percent of GDP","Annual","1994","28.259965",""
"Moldova, Republic of","Gross national savings, Percent of GDP","Annual","1995","19.006227",""
"Moldova, Republic of","Gross national savings, Percent of GDP","Annual","1996","12.921781",""
"Moldova, Republic of","Gross national savings, Percent of GDP","Annual","1997","9.55646",""
"Moldova, Republic of","Gross national savings, Percent of GDP","Annual","1998","6.145468",""
"Moldova, Republic of","Gross national savings, Percent of GDP","Annual","1999","17.090344",""
"Moldova, Republic of","Gross national savings, Percent of GDP","Annual","2000","17.989928",""
"Moldova, Republic of","Gross national savings, Percent of GDP","Annual","2001","21.473957",""
"Moldova, Republic of","Gross national savings, Percent of GDP","Annual","2002","20.468781",""
"Moldova, Republic of","Gross national savings, Percent of GDP","Annual","2003","16.607282",""
"Moldova, Republic of","Gross national savings, Percent of GDP","Annual","2004","24.583691",""
"Moldova, Republic of","Gross national savings, Percent of GDP","Annual","2005","23.269282",""
"Moldova, Republic of","Gross national savings, Percent of GDP","Annual","2006","21.410672",""
"Moldova, Republic of","Gross national savings, Percent of GDP","Annual","2007","22.857535",""
"Moldova, Republic of","Gross national savings, Percent of GDP","Annual","2008","23.115813",""
"Moldova, Republic of","Gross national savings, Percent of GDP","Annual","2009","14.219219",""
"Moldova, Republic of","Gross national savings, Percent of GDP","Annual","2010","16.699869",""
"Moldova, Republic of","Gross national savings, Percent of GDP","Annual","2011","13.927295",""
"Moldova, Republic of","Gross national savings, Percent of GDP","Annual","2012","16.807052",""
"Moldova, Republic of","Gross national savings, Percent of GDP","Annual","2013","19.774947",""
"Moldova, Republic of","Gross national savings, Percent of GDP","Annual","2014","17.738172",""
"Moldova, Republic of","Gross national savings, Percent of GDP","Annual","2015","18.11131",""
"Moldova, Republic of","Gross national savings, Percent of GDP","Annual","2016","18.373144",""
"Moldova, Republic of","Gross national savings, Percent of GDP","Annual","2017","16.101827",""
"Moldova, Republic of","Gross national savings, Percent of GDP","Annual","2018","15.821507",""
"Moldova, Republic of","Gross national savings, Percent of GDP","Annual","2019","15.682362",""
"Moldova, Republic of","Gross national savings, Percent of GDP","Annual","2020","16.174108",""
"Moldova, Republic of","Gross national savings, Percent of GDP","Annual","2021","14.448343",""
"Moldova, Republic of","Gross national savings, Percent of GDP","Annual","2022","10.205027",""
"Moldova, Republic of","Gross national savings, Percent of GDP","Annual","2023","9.022484",""
"Moldova, Republic of","Gross national savings, Percent of GDP","Annual","2024","4.613043",""
"Moldova, Republic of","Gross national savings, Percent of GDP","Annual","2025","5.056567",""
"Moldova, Republic of","Gross national savings, Percent of GDP","Annual","2026","2.643745",""
"Czech Republic","Gross national savings, Percent of GDP","Annual","1995","31.596","Units"
"Czech Republic","Gross national savings, Percent of GDP","Annual","1996","29.754","Units"
"Czech Republic","Gross national savings, Percent of GDP","Annual","1997","26.993","Units"
"Czech Republic","Gross national savings, Percent of GDP","Annual","1998","28.876","Units"
"Czech Republic","Gross national savings, Percent of GDP","Annual","1999","27.513","Units"
"Czech Republic","Gross national savings, Percent of GDP","Annual","2000","27.465","Units"
"Czech Republic","Gross national savings, Percent of GDP","Annual","2001","27.203","Units"
"Czech Republic","Gross national savings, Percent of GDP","Annual","2002","25.439","Units"
"Czech Republic","Gross national savings, Percent of GDP","Annual","2003","23.880","Units"
"Czech Republic","Gross national savings, Percent of GDP","Annual","2004","26.119","Units"
"Czech Republic","Gross national savings, Percent of GDP","Annual","2005","27.195","Units"
"Czech Republic","Gross national savings, Percent of GDP","Annual","2006","27.626","Units"
"Czech Republic","Gross national savings, Percent of GDP","Annual","2007","27.515","Units"
"Czech Republic","Gross national savings, Percent of GDP","Annual","2008","29.136","Units"
"Czech Republic","Gross national savings, Percent of GDP","Annual","2009","24.137","Units"
"Czech Republic","Gross national savings, Percent of GDP","Annual","2010","23.216","Units"
"Czech Republic","Gross national savings, Percent of GDP","Annual","2011","24.535","Units"
"Czech Republic","Gross national savings, Percent of GDP","Annual","2012","24.132","Units"
"Czech Republic","Gross national savings, Percent of GDP","Annual","2013","23.854","Units"
"Czech Republic","Gross national savings, Percent of GDP","Annual","2014","25.529","Units"
"Czech Republic","Gross national savings, Percent of GDP","Annual","2015","27.415","Units"
"Czech Republic","Gross national savings, Percent of GDP","Annual","2016","26.834","Units"
"Czech Republic","Gross national savings, Percent of GDP","Annual","2017","26.631","Units"
"Czech Republic","Gross national savings, Percent of GDP","Annual","2018","26.035","Units"
"Czech Republic","Gross national savings, Percent of GDP","Annual","2019","26.504","Units"
"Czech Republic","Gross national savings, Percent of GDP","Annual","2020","26.489","Units"
"Czech Republic","Gross national savings, Percent of GDP","Annual","2021","26.072","Units"
"Czech Republic","Gross national savings, Percent of GDP","Annual","2022","26.348","Units"
"Czech Republic","Gross national savings, Percent of GDP","Annual","2023","28.108","Units"
"Czech Republic","Gross national savings, Percent of GDP","Annual","2024","28.066","Units"
"Czech Republic","Gross national savings, Percent of GDP","Annual","2025","26.465","Units"
"Czech Republic","Gross national savings, Percent of GDP","Annual","2026","24.568","Units"
"Uzbekistan, Republic of","Gross national savings, Percent of GDP","Annual","1992","11.997","Units"
"Uzbekistan, Republic of","Gross national savings, Percent of GDP","Annual","1993","12.210","Units"
"Uzbekistan, Republic of","Gross national savings, Percent of GDP","Annual","1994","16.933","Units"
"Uzbekistan, Republic of","Gross national savings, Percent of GDP","Annual","1995","20.949","Units"
"Uzbekistan, Republic of","Gross national savings, Percent of GDP","Annual","1996","17.647","Units"
"Uzbekistan, Republic of","Gross national savings, Percent of GDP","Annual","1997","10.723","Units"
"Uzbekistan, Republic of","Gross national savings, Percent of GDP","Annual","1998","14.525","Units"
"Uzbekistan, Republic of","Gross national savings, Percent of GDP","Annual","1999","11.598","Units"
"Uzbekistan, Republic of","Gross national savings, Percent of GDP","Annual","2000","16.941","Units"
"Uzbekistan, Republic of","Gross national savings, Percent of GDP","Annual","2001","16.299","Units"
"Uzbekistan, Republic of","Gross national savings, Percent of GDP","Annual","2002","17.285","Units"
"Uzbekistan, Republic of","Gross national savings, Percent of GDP","Annual","2003","19.504","Units"
"Uzbekistan, Republic of","Gross national savings, Percent of GDP","Annual","2004","22.744","Units"
"Uzbekistan, Republic of","Gross national savings, Percent of GDP","Annual","2005","25.867","Units"
"Uzbekistan, Republic of","Gross national savings, Percent of GDP","Annual","2006","55.843","Units"
"Uzbekistan, Republic of","Gross national savings, Percent of GDP","Annual","2007","54.242","Units"
"Uzbekistan, Republic of","Gross national savings, Percent of GDP","Annual","2008","57.592","Units"
"Uzbekistan, Republic of","Gross national savings, Percent of GDP","Annual","2009","30.154","Units"
"Uzbekistan, Republic of","Gross national savings, Percent of GDP","Annual","2010","27.479","Units"
"Uzbekistan, Republic of","Gross national savings, Percent of GDP","Annual","2011","29.885","Units"
"Uzbekistan, Republic of","Gross national savings, Percent of GDP","Annual","2012","28.396","Units"
"Uzbekistan, Republic of","Gross national savings, Percent of GDP","Annual","2013","25.744","Units"
"Uzbekistan, Republic of","Gross national savings, Percent of GDP","Annual","2014","26.122","Units"
"Uzbekistan, Republic of","Gross national savings, Percent of GDP","Annual","2015","21.793","Units"
"Uzbekistan, Republic of","Gross national savings, Percent of GDP","Annual","2016","19.698","Units"
"Uzbekistan, Republic of","Gross national savings, Percent of GDP","Annual","2017","26.340","Units"
"Uzbekistan, Republic of","Gross national savings, Percent of GDP","Annual","2018","32.434","Units"
"Uzbekistan, Republic of","Gross national savings, Percent of GDP","Annual","2019","31.507","Units"
"Uzbekistan, Republic of","Gross national savings, Percent of GDP","Annual","2020","31.687","Units"
"Uzbekistan, Republic of","Gross national savings, Percent of GDP","Annual","2021","30.089","Units"
"Uzbekistan, Republic of","Gross national savings, Percent of GDP","Annual","2022","31.393","Units"
"Uzbekistan, Republic of","Gross national savings, Percent of GDP","Annual","2023","29.937","Units"
"Uzbekistan, Republic of","Gross national savings, Percent of GDP","Annual","2024","29.687","Units"
"Uzbekistan, Republic of","Gross national savings, Percent of GDP","Annual","2025","29.634","Units"
"Uzbekistan, Republic of","Gross national savings, Percent of GDP","Annual","2026","31.657","Units"
"China, People's Republic of","Gross national savings, Percent of GDP","Annual","1980","32.572","Units"
"China, People's Republic of","Gross national savings, Percent of GDP","Annual","1981","31.987","Units"
"China, People's Republic of","Gross national savings, Percent of GDP","Annual","1982","35.026","Units"
"China, People's Republic of","Gross national savings, Percent of GDP","Annual","1983","35.080","Units"
"China, People's Republic of","Gross national savings, Percent of GDP","Annual","1984","35.052","Units"
"China, People's Republic of","Gross national savings, Percent of GDP","Annual","1985","34.187","Units"
"China, People's Republic of","Gross national savings, Percent of GDP","Annual","1986","35.470","Units"
"China, People's Republic of","Gross national savings, Percent of GDP","Annual","1987","36.607","Units"
"China, People's Republic of","Gross national savings, Percent of GDP","Annual","1988","36.483","Units"
"China, People's Republic of","Gross national savings, Percent of GDP","Annual","1989","35.705","Units"
"China, People's Republic of","Gross national savings, Percent of GDP","Annual","1990","38.518","Units"
"China, People's Republic of","Gross national savings, Percent of GDP","Annual","1991","38.723","Units"
"China, People's Republic of","Gross national savings, Percent of GDP","Annual","1992","38.203","Units"
"China, People's Republic of","Gross national savings, Percent of GDP","Annual","1993","41.948","Units"
"China, People's Republic of","Gross national savings, Percent of GDP","Annual","1994","43.028","Units"
"China, People's Republic of","Gross national savings, Percent of GDP","Annual","1995","41.563","Units"
"China, People's Republic of","Gross national savings, Percent of GDP","Annual","1996","40.684","Units"
"China, People's Republic of","Gross national savings, Percent of GDP","Annual","1997","39.555","Units"
"China, People's Republic of","Gross national savings, Percent of GDP","Annual","1998","38.080","Units"
"China, People's Republic of","Gross national savings, Percent of GDP","Annual","1999","36.236","Units"
"China, People's Republic of","Gross national savings, Percent of GDP","Annual","2000","35.402","Units"
"China, People's Republic of","Gross national savings, Percent of GDP","Annual","2001","36.908","Units"
"China, People's Republic of","Gross national savings, Percent of GDP","Annual","2002","38.529","Units"
"China, People's Republic of","Gross national savings, Percent of GDP","Annual","2003","42.059","Units"
"China, People's Republic of","Gross national savings, Percent of GDP","Annual","2004","45.228","Units"
"China, People's Republic of","Gross national savings, Percent of GDP","Annual","2005","45.731","Units"
"China, People's Republic of","Gross national savings, Percent of GDP","Annual","2006","47.896","Units"
"China, People's Republic of","Gross national savings, Percent of GDP","Annual","2007","49.908","Units"
"China, People's Republic of","Gross national savings, Percent of GDP","Annual","2008","51.124","Units"
"China, People's Republic of","Gross national savings, Percent of GDP","Annual","2009","49.744","Units"
"China, People's Republic of","Gross national savings, Percent of GDP","Annual","2010","50.379","Units"
"China, People's Republic of","Gross national savings, Percent of GDP","Annual","2011","48.340","Units"
"China, People's Republic of","Gross national savings, Percent of GDP","Annual","2012","48.249","Units"
"China, People's Republic of","Gross national savings, Percent of GDP","Annual","2013","47.251","Units"
"China, People's Republic of","Gross national savings, Percent of GDP","Annual","2014","47.404","Units"
"China, People's Republic of","Gross national savings, Percent of GDP","Annual","2015","45.227","Units"
"China, People's Republic of","Gross national savings, Percent of GDP","Annual","2016","43.839","Units"
"China, People's Republic of","Gross national savings, Percent of GDP","Annual","2017","44.175","Units"
"China, People's Republic of","Gross national savings, Percent of GDP","Annual","2018","43.598","Units"
"China, People's Republic of","Gross national savings, Percent of GDP","Annual","2019","43.339","Units"
"China, People's Republic of","Gross national savings, Percent of GDP","Annual","2020","43.918","Units"
"China, People's Republic of","Gross national savings, Percent of GDP","Annual","2021","44.649","Units"
"China, People's Republic of","Gross national savings, Percent of GDP","Annual","2022","44.794","Units"
"China, People's Republic of","Gross national savings, Percent of GDP","Annual","2023","42.564","Units"
"China, People's Republic of","Gross national savings, Percent of GDP","Annual","2024","42.845","Units"
"China, People's Republic of","Gross national savings, Percent of GDP","Annual","2025","42.520","Units"
"China, People's Republic of","Gross national savings, Percent of GDP","Annual","2026","42.309","Units"
"Russian Federation","Gross national savings, Percent of GDP","Annual","1992","37.356","Units"
"Russian Federation","Gross national savings, Percent of GDP","Annual","1993","29.386","Units"
"Russian Federation","Gross national savings, Percent of GDP","Annual","1994","17.324","Units"
"Russian Federation","Gross national savings, Percent of GDP","Annual","1995","21.667","Units"
"Russian Federation","Gross national savings, Percent of GDP","Annual","1996","21.409","Units"
"Russian Federation","Gross national savings, Percent of GDP","Annual","1997","17.615","Units"
"Russian Federation","Gross national savings, Percent of GDP","Annual","1998","11.626","Units"
"Russian Federation","Gross national savings, Percent of GDP","Annual","1999","23.357","Units"
"Russian Federation","Gross national savings, Percent of GDP","Annual","2000","32.721","Units"
"Russian Federation","Gross national savings, Percent of GDP","Annual","2001","29.311","Units"
"Russian Federation","Gross national savings, Percent of GDP","Annual","2002","25.315","Units"
"Russian Federation","Gross national savings, Percent of GDP","Annual","2003","25.928","Units"
"Russian Federation","Gross national savings, Percent of GDP","Annual","2004","28.131","Units"
"Russian Federation","Gross national savings, Percent of GDP","Annual","2005","28.516","Units"
"Russian Federation","Gross national savings, Percent of GDP","Annual","2006","27.957","Units"
"Russian Federation","Gross national savings, Percent of GDP","Annual","2007","27.228","Units"
"Russian Federation","Gross national savings, Percent of GDP","Annual","2008","29.150","Units"
"Russian Federation","Gross national savings, Percent of GDP","Annual","2009","21.072","Units"
"Russian Federation","Gross national savings, Percent of GDP","Annual","2010","24.788","Units"
"Russian Federation","Gross national savings, Percent of GDP","Annual","2011","29.014","Units"
"Russian Federation","Gross national savings, Percent of GDP","Annual","2012","27.806","Units"
"Russian Federation","Gross national savings, Percent of GDP","Annual","2013","24.732","Units"
"Russian Federation","Gross national savings, Percent of GDP","Annual","2014","25.198","Units"
"Russian Federation","Gross national savings, Percent of GDP","Annual","2015","27.144","Units"
"Russian Federation","Gross national savings, Percent of GDP","Annual","2016","25.006","Units"
"Russian Federation","Gross national savings, Percent of GDP","Annual","2017","25.650","Units"
"Russian Federation","Gross national savings, Percent of GDP","Annual","2018","28.916","Units"
"Russian Federation","Gross national savings, Percent of GDP","Annual","2019","26.533","Units"
"Russian Federation","Gross national savings, Percent of GDP","Annual","2020","25.833","Units"
"Russian Federation","Gross national savings, Percent of GDP","Annual","2021","29.841","Units"
"Russian Federation","Gross national savings, Percent of GDP","Annual","2022","33.526","Units"
"Russian Federation","Gross national savings, Percent of GDP","Annual","2023","29.731","Units"
"Russian Federation","Gross national savings, Percent of GDP","Annual","2024","29.359","Units"
"Russian Federation","Gross national savings, Percent of GDP","Annual","2025","28.002","Units"
"Russian Federation","Gross national savings, Percent of GDP","Annual","2026","28.893","Units"
"Tajikistan, Republic of","Gross national savings, Percent of GDP","Annual","1992","7.101","Units"
"Tajikistan, Republic of","Gross national savings, Percent of GDP","Annual","1993","-3.803","Units"
"Tajikistan, Republic of","Gross national savings, Percent of GDP","Annual","1994","21.073","Units"
"Tajikistan, Republic of","Gross national savings, Percent of GDP","Annual","1995","8.286","Units"
"Tajikistan, Republic of","Gross national savings, Percent of GDP","Annual","1996","1.424","Units"
"Tajikistan, Republic of","Gross national savings, Percent of GDP","Annual","1997","2.131","Units"
"Tajikistan, Republic of","Gross national savings, Percent of GDP","Annual","1998","5.082","Units"
"Tajikistan, Republic of","Gross national savings, Percent of GDP","Annual","1999","7.651","Units"
"Tajikistan, Republic of","Gross national savings, Percent of GDP","Annual","2000","13.390","Units"
"Tajikistan, Republic of","Gross national savings, Percent of GDP","Annual","2001","8.712","Units"
"Tajikistan, Republic of","Gross national savings, Percent of GDP","Annual","2002","12.563","Units"
"Tajikistan, Republic of","Gross national savings, Percent of GDP","Annual","2003","13.299","Units"
"Tajikistan, Republic of","Gross national savings, Percent of GDP","Annual","2004","12.114","Units"
"Tajikistan, Republic of","Gross national savings, Percent of GDP","Annual","2005","1.975","Units"
"Tajikistan, Republic of","Gross national savings, Percent of GDP","Annual","2006","10.186","Units"
"Tajikistan, Republic of","Gross national savings, Percent of GDP","Annual","2007","-12.503","Units"
"Tajikistan, Republic of","Gross national savings, Percent of GDP","Annual","2008","-3.419","Units"
"Tajikistan, Republic of","Gross national savings, Percent of GDP","Annual","2009","1.727","Units"
"Tajikistan, Republic of","Gross national savings, Percent of GDP","Annual","2010","7.664","Units"
"Tajikistan, Republic of","Gross national savings, Percent of GDP","Annual","2011","11.727","Units"
"Tajikistan, Republic of","Gross national savings, Percent of GDP","Annual","2012","8.985","Units"
"Tajikistan, Republic of","Gross national savings, Percent of GDP","Annual","2013","6.772","Units"
"Tajikistan, Republic of","Gross national savings, Percent of GDP","Annual","2014","11.557","Units"
"Tajikistan, Republic of","Gross national savings, Percent of GDP","Annual","2015","12.105","Units"
"Tajikistan, Republic of","Gross national savings, Percent of GDP","Annual","2016","16.363","Units"
"Tajikistan, Republic of","Gross national savings, Percent of GDP","Annual","2017","25.762","Units"
"Tajikistan, Republic of","Gross national savings, Percent of GDP","Annual","2018","15.819","Units"
"Tajikistan, Republic of","Gross national savings, Percent of GDP","Annual","2019","15.878","Units"
"Tajikistan, Republic of","Gross national savings, Percent of GDP","Annual","2020","21.062","Units"
"Tajikistan, Republic of","Gross national savings, Percent of GDP","Annual","2021","24.993","Units"
"Tajikistan, Republic of","Gross national savings, Percent of GDP","Annual","2022","32.408","Units"
"Tajikistan, Republic of","Gross national savings, Percent of GDP","Annual","2023","23.208","Units"
"Tajikistan, Republic of","Gross national savings, Percent of GDP","Annual","2024","27.097","Units"
"Tajikistan, Republic of","Gross national savings, Percent of GDP","Annual","2025","38.814","Units"
"Tajikistan, Republic of","Gross national savings, Percent of GDP","Annual","2026","27.704","Units"
"Latvia, Republic of","Gross national savings, Percent of GDP","Annual","1992","18.791138",""
"Latvia, Republic of","Gross national savings, Percent of GDP","Annual","1993","16.551911",""
"Latvia, Republic of","Gross national savings, Percent of GDP","Annual","1994","17.139886",""
"Latvia, Republic of","Gross national savings, Percent of GDP","Annual","1995","13.045627",""
"Latvia, Republic of","Gross national savings, Percent of GDP","Annual","1996","10.933201",""
"Latvia, Republic of","Gross national savings, Percent of GDP","Annual","1997","14.339764",""
"Latvia, Republic of","Gross national savings, Percent of GDP","Annual","1998","14.307204",""
"Latvia, Republic of","Gross national savings, Percent of GDP","Annual","1999","21.859186",""
"Latvia, Republic of","Gross national savings, Percent of GDP","Annual","2000","20.140776",""
"Latvia, Republic of","Gross national savings, Percent of GDP","Annual","2001","20.633903",""
"Latvia, Republic of","Gross national savings, Percent of GDP","Annual","2002","21.933379",""
"Latvia, Republic of","Gross national savings, Percent of GDP","Annual","2003","22.863546",""
"Latvia, Republic of","Gross national savings, Percent of GDP","Annual","2004","21.592389",""
"Latvia, Republic of","Gross national savings, Percent of GDP","Annual","2005","24.096211",""
"Latvia, Republic of","Gross national savings, Percent of GDP","Annual","2006","19.898773",""
"Latvia, Republic of","Gross national savings, Percent of GDP","Annual","2007","21.856732",""
"Latvia, Republic of","Gross national savings, Percent of GDP","Annual","2008","24.098746",""
"Latvia, Republic of","Gross national savings, Percent of GDP","Annual","2009","31.083553",""
"Latvia, Republic of","Gross national savings, Percent of GDP","Annual","2010","22.663888",""
"Latvia, Republic of","Gross national savings, Percent of GDP","Annual","2011","23.254181",""
"Latvia, Republic of","Gross national savings, Percent of GDP","Annual","2012","24.768425",""
"Latvia, Republic of","Gross national savings, Percent of GDP","Annual","2013","22.406119",""
"Latvia, Republic of","Gross national savings, Percent of GDP","Annual","2014","23.20042",""
"Latvia, Republic of","Gross national savings, Percent of GDP","Annual","2015","24.044439",""
"Latvia, Republic of","Gross national savings, Percent of GDP","Annual","2016","23.535673",""
"Latvia, Republic of","Gross national savings, Percent of GDP","Annual","2017","24.184147",""
"Latvia, Republic of","Gross national savings, Percent of GDP","Annual","2018","23.48002",""
"Latvia, Republic of","Gross national savings, Percent of GDP","Annual","2019","23.165988",""
"Latvia, Republic of","Gross national savings, Percent of GDP","Annual","2020","25.19399",""
"Latvia, Republic of","Gross national savings, Percent of GDP","Annual","2021","21.655773",""
"Latvia, Republic of","Gross national savings, Percent of GDP","Annual","2022","19.200376",""
"Latvia, Republic of","Gross national savings, Percent of GDP","Annual","2023","20.872526",""
"Latvia, Republic of","Gross national savings, Percent of GDP","Annual","2024","19.914462",""
"Latvia, Republic of","Gross national savings, Percent of GDP","Annual","2025","21.504006",""
"Latvia, Republic of","Gross national savings, Percent of GDP","Annual","2026","21.483549",""
"Ukraine","Gross national savings, Percent of GDP","Annual","1992","31.564","Units"
"Ukraine","Gross national savings, Percent of GDP","Annual","1993","33.682","Units"
"Ukraine","Gross national savings, Percent of GDP","Annual","1994","32.167","Units"
"Ukraine","Gross national savings, Percent of GDP","Annual","1995","23.570","Units"
"Ukraine","Gross national savings, Percent of GDP","Annual","1996","20.014","Units"
"Ukraine","Gross national savings, Percent of GDP","Annual","1997","18.784","Units"
"Ukraine","Gross national savings, Percent of GDP","Annual","1998","17.723","Units"
"Ukraine","Gross national savings, Percent of GDP","Annual","1999","22.688","Units"
"Ukraine","Gross national savings, Percent of GDP","Annual","2000","24.378","Units"
"Ukraine","Gross national savings, Percent of GDP","Annual","2001","25.380","Units"
"Ukraine","Gross national savings, Percent of GDP","Annual","2002","27.409","Units"
"Ukraine","Gross national savings, Percent of GDP","Annual","2003","27.501","Units"
"Ukraine","Gross national savings, Percent of GDP","Annual","2004","31.374","Units"
"Ukraine","Gross national savings, Percent of GDP","Annual","2005","25.341","Units"
"Ukraine","Gross national savings, Percent of GDP","Annual","2006","23.098","Units"
"Ukraine","Gross national savings, Percent of GDP","Annual","2007","24.237","Units"
"Ukraine","Gross national savings, Percent of GDP","Annual","2008","20.612","Units"
"Ukraine","Gross national savings, Percent of GDP","Annual","2009","15.644","Units"
"Ukraine","Gross national savings, Percent of GDP","Annual","2010","16.235","Units"
"Ukraine","Gross national savings, Percent of GDP","Annual","2011","14.390","Units"
"Ukraine","Gross national savings, Percent of GDP","Annual","2012","11.775","Units"
"Ukraine","Gross national savings, Percent of GDP","Annual","2013","7.755","Units"
"Ukraine","Gross national savings, Percent of GDP","Annual","2014","9.565","Units"
"Ukraine","Gross national savings, Percent of GDP","Annual","2015","17.653","Units"
"Ukraine","Gross national savings, Percent of GDP","Annual","2016","20.231","Units"
"Ukraine","Gross national savings, Percent of GDP","Annual","2017","17.783","Units"
"Ukraine","Gross national savings, Percent of GDP","Annual","2018","15.315","Units"
"Ukraine","Gross national savings, Percent of GDP","Annual","2019","12.156","Units"
"Ukraine","Gross national savings, Percent of GDP","Annual","2020","11.645","Units"
"Ukraine","Gross national savings, Percent of GDP","Annual","2021","12.053","Units"
"Ukraine","Gross national savings, Percent of GDP","Annual","2022","16.636","Units"
"Ukraine","Gross national savings, Percent of GDP","Annual","2023","12.916","Units"
"Ukraine","Gross national savings, Percent of GDP","Annual","2024","11.263","Units"
"Ukraine","Gross national savings, Percent of GDP","Annual","2025","6.857","Units"
"Ukraine","Gross national savings, Percent of GDP","Annual","2026","3.267","Units"
"Slovak Republic","Gross national savings, Percent of GDP","Annual","1993","19.786","Units"
"Slovak Republic","Gross national savings, Percent of GDP","Annual","1994","25.363","Units"
"Slovak Republic","Gross national savings, Percent of GDP","Annual","1995","25.802","Units"
"Slovak Republic","Gross national savings, Percent of GDP","Annual","1996","23.728","Units"
"Slovak Republic","Gross national savings, Percent of GDP","Annual","1997","26.691","Units"
"Slovak Republic","Gross national savings, Percent of GDP","Annual","1998","25.478","Units"
"Slovak Republic","Gross national savings, Percent of GDP","Annual","1999","25.482","Units"
"Slovak Republic","Gross national savings, Percent of GDP","Annual","2000","24.781","Units"
"Slovak Republic","Gross national savings, Percent of GDP","Annual","2001","23.455","Units"
"Slovak Republic","Gross national savings, Percent of GDP","Annual","2002","23.247","Units"
"Slovak Republic","Gross national savings, Percent of GDP","Annual","2003","21.603","Units"
"Slovak Republic","Gross national savings, Percent of GDP","Annual","2004","21.672","Units"
"Slovak Republic","Gross national savings, Percent of GDP","Annual","2005","23.227","Units"
"Slovak Republic","Gross national savings, Percent of GDP","Annual","2006","22.331","Units"
"Slovak Republic","Gross national savings, Percent of GDP","Annual","2007","24.199","Units"
"Slovak Republic","Gross national savings, Percent of GDP","Annual","2008","22.933","Units"
"Slovak Republic","Gross national savings, Percent of GDP","Annual","2009","17.946","Units"
"Slovak Republic","Gross national savings, Percent of GDP","Annual","2010","20.701","Units"
"Slovak Republic","Gross national savings, Percent of GDP","Annual","2011","21.630","Units"
"Slovak Republic","Gross national savings, Percent of GDP","Annual","2012","22.400","Units"
"Slovak Republic","Gross national savings, Percent of GDP","Annual","2013","25.038","Units"
"Slovak Republic","Gross national savings, Percent of GDP","Annual","2014","24.550","Units"
"Slovak Republic","Gross national savings, Percent of GDP","Annual","2015","23.691","Units"
"Slovak Republic","Gross national savings, Percent of GDP","Annual","2016","23.091","Units"
"Slovak Republic","Gross national savings, Percent of GDP","Annual","2017","21.897","Units"
"Slovak Republic","Gross national savings, Percent of GDP","Annual","2018","22.552","Units"
"Slovak Republic","Gross national savings, Percent of GDP","Annual","2019","20.518","Units"
"Slovak Republic","Gross national savings, Percent of GDP","Annual","2020","19.733","Units"
"Slovak Republic","Gross national savings, Percent of GDP","Annual","2021","17.793","Units"
"Slovak Republic","Gross national savings, Percent of GDP","Annual","2022","13.658","Units"
"Slovak Republic","Gross national savings, Percent of GDP","Annual","2023","16.774","Units"
"Slovak Republic","Gross national savings, Percent of GDP","Annual","2024","15.498","Units"
"Slovak Republic","Gross national savings, Percent of GDP","Annual","2025","16.486","Units"
"Slovak Republic","Gross national savings, Percent of GDP","Annual","2026","17.751","Units"
"Estonia, Republic of","Gross national savings, Percent of GDP","Annual","1993","26.455","Units"
"Estonia, Republic of","Gross national savings, Percent of GDP","Annual","1994","19.485","Units"
"Estonia, Republic of","Gross national savings, Percent of GDP","Annual","1995","20.299","Units"
"Estonia, Republic of","Gross national savings, Percent of GDP","Annual","1996","19.815","Units"
"Estonia, Republic of","Gross national savings, Percent of GDP","Annual","1997","21.666","Units"
"Estonia, Republic of","Gross national savings, Percent of GDP","Annual","1998","21.912","Units"
"Estonia, Republic of","Gross national savings, Percent of GDP","Annual","1999","21.682","Units"
"Estonia, Republic of","Gross national savings, Percent of GDP","Annual","2000","23.065","Units"
"Estonia, Republic of","Gross national savings, Percent of GDP","Annual","2001","22.496","Units"
"Estonia, Republic of","Gross national savings, Percent of GDP","Annual","2002","21.867","Units"
"Estonia, Republic of","Gross national savings, Percent of GDP","Annual","2003","22.323","Units"
"Estonia, Republic of","Gross national savings, Percent of GDP","Annual","2004","22.728","Units"
"Estonia, Republic of","Gross national savings, Percent of GDP","Annual","2005","24.673","Units"
"Estonia, Republic of","Gross national savings, Percent of GDP","Annual","2006","24.901","Units"
"Estonia, Republic of","Gross national savings, Percent of GDP","Annual","2007","25.147","Units"
"Estonia, Republic of","Gross national savings, Percent of GDP","Annual","2008","22.976","Units"
"Estonia, Republic of","Gross national savings, Percent of GDP","Annual","2009","23.559","Units"
"Estonia, Republic of","Gross national savings, Percent of GDP","Annual","2010","23.372","Units"
"Estonia, Republic of","Gross national savings, Percent of GDP","Annual","2011","26.779","Units"
"Estonia, Republic of","Gross national savings, Percent of GDP","Annual","2012","27.201","Units"
"Estonia, Republic of","Gross national savings, Percent of GDP","Annual","2013","26.730","Units"
"Estonia, Republic of","Gross national savings, Percent of GDP","Annual","2014","27.311","Units"
"Estonia, Republic of","Gross national savings, Percent of GDP","Annual","2015","26.116","Units"
"Estonia, Republic of","Gross national savings, Percent of GDP","Annual","2016","25.680","Units"
"Estonia, Republic of","Gross national savings, Percent of GDP","Annual","2017","27.623","Units"
"Estonia, Republic of","Gross national savings, Percent of GDP","Annual","2018","28.404","Units"
"Estonia, Republic of","Gross national savings, Percent of GDP","Annual","2019","28.368","Units"
"Estonia, Republic of","Gross national savings, Percent of GDP","Annual","2020","27.127","Units"
"Estonia, Republic of","Gross national savings, Percent of GDP","Annual","2021","27.288","Units"
"Estonia, Republic of","Gross national savings, Percent of GDP","Annual","2022","24.810","Units"
"Estonia, Republic of","Gross national savings, Percent of GDP","Annual","2023","23.880","Units"
"Estonia, Republic of","Gross national savings, Percent of GDP","Annual","2024","23.308","Units"
"Estonia, Republic of","Gross national savings, Percent of GDP","Annual","2025","24.667","Units"
"Estonia, Republic of","Gross national savings, Percent of GDP","Annual","2026","22.462","Units"
"Croatia, Republic of","Gross national savings, Percent of GDP","Annual","1992","13.73963",""
"Croatia, Republic of","Gross national savings, Percent of GDP","Annual","1993","4.880397",""
"Croatia, Republic of","Gross national savings, Percent of GDP","Annual","1994","20.738218",""
"Croatia, Republic of","Gross national savings, Percent of GDP","Annual","1995","16.808145",""
"Croatia, Republic of","Gross national savings, Percent of GDP","Annual","1996","20.070773",""
"Croatia, Republic of","Gross national savings, Percent of GDP","Annual","1997","25.582993",""
"Croatia, Republic of","Gross national savings, Percent of GDP","Annual","1998","21.567015",""
"Croatia, Republic of","Gross national savings, Percent of GDP","Annual","1999","21.223364",""
"Croatia, Republic of","Gross national savings, Percent of GDP","Annual","2000","17.95502",""
"Croatia, Republic of","Gross national savings, Percent of GDP","Annual","2001","18.32078",""
"Croatia, Republic of","Gross national savings, Percent of GDP","Annual","2002","17.376846",""
"Croatia, Republic of","Gross national savings, Percent of GDP","Annual","2003","18.2883",""
"Croatia, Republic of","Gross national savings, Percent of GDP","Annual","2004","20.059763",""
"Croatia, Republic of","Gross national savings, Percent of GDP","Annual","2005","18.775809",""
"Croatia, Republic of","Gross national savings, Percent of GDP","Annual","2006","20.163847",""
"Croatia, Republic of","Gross national savings, Percent of GDP","Annual","2007","20.211276",""
"Croatia, Republic of","Gross national savings, Percent of GDP","Annual","2008","18.577535",""
"Croatia, Republic of","Gross national savings, Percent of GDP","Annual","2009","17.883393",""
"Croatia, Republic of","Gross national savings, Percent of GDP","Annual","2010","18.210569",""
"Croatia, Republic of","Gross national savings, Percent of GDP","Annual","2011","17.278764",""
"Croatia, Republic of","Gross national savings, Percent of GDP","Annual","2012","16.264148",""
"Croatia, Republic of","Gross national savings, Percent of GDP","Annual","2013","17.656458",""
"Croatia, Republic of","Gross national savings, Percent of GDP","Annual","2014","18.319515",""
"Croatia, Republic of","Gross national savings, Percent of GDP","Annual","2015","21.952313",""
"Croatia, Republic of","Gross national savings, Percent of GDP","Annual","2016","22.012362",""
"Croatia, Republic of","Gross national savings, Percent of GDP","Annual","2017","24.165963",""
"Croatia, Republic of","Gross national savings, Percent of GDP","Annual","2018","23.523757",""
"Croatia, Republic of","Gross national savings, Percent of GDP","Annual","2019","24.087457",""
"Croatia, Republic of","Gross national savings, Percent of GDP","Annual","2020","21.641147",""
"Croatia, Republic of","Gross national savings, Percent of GDP","Annual","2021","22.110585",""
"Croatia, Republic of","Gross national savings, Percent of GDP","Annual","2022","22.677996",""
"Croatia, Republic of","Gross national savings, Percent of GDP","Annual","2023","24.768838",""
"Croatia, Republic of","Gross national savings, Percent of GDP","Annual","2024","22.212258",""
"Croatia, Republic of","Gross national savings, Percent of GDP","Annual","2025","22.211033",""
"Croatia, Republic of","Gross national savings, Percent of GDP","Annual","2026","21.177476",""
"Serbia, Republic of","Gross national savings, Percent of GDP","Annual","1997","5.347","Units"
"Serbia, Republic of","Gross national savings, Percent of GDP","Annual","1998","3.692","Units"
"Serbia, Republic of","Gross national savings, Percent of GDP","Annual","1999","4.117","Units"
"Serbia, Republic of","Gross national savings, Percent of GDP","Annual","2000","7.356","Units"
"Serbia, Republic of","Gross national savings, Percent of GDP","Annual","2001","16.594","Units"
"Serbia, Republic of","Gross national savings, Percent of GDP","Annual","2002","13.844","Units"
"Serbia, Republic of","Gross national savings, Percent of GDP","Annual","2003","11.925","Units"
"Serbia, Republic of","Gross national savings, Percent of GDP","Annual","2004","12.652","Units"
"Serbia, Republic of","Gross national savings, Percent of GDP","Annual","2005","13.969","Units"
"Serbia, Republic of","Gross national savings, Percent of GDP","Annual","2006","12.872","Units"
"Serbia, Republic of","Gross national savings, Percent of GDP","Annual","2007","9.478","Units"
"Serbia, Republic of","Gross national savings, Percent of GDP","Annual","2008","6.790","Units"
"Serbia, Republic of","Gross national savings, Percent of GDP","Annual","2009","12.889","Units"
"Serbia, Republic of","Gross national savings, Percent of GDP","Annual","2010","11.553","Units"
"Serbia, Republic of","Gross national savings, Percent of GDP","Annual","2011","10.358","Units"
"Serbia, Republic of","Gross national savings, Percent of GDP","Annual","2012","8.444","Units"
"Serbia, Republic of","Gross national savings, Percent of GDP","Annual","2013","11.617","Units"
"Serbia, Republic of","Gross national savings, Percent of GDP","Annual","2014","11.118","Units"
"Serbia, Republic of","Gross national savings, Percent of GDP","Annual","2015","15.199","Units"
"Serbia, Republic of","Gross national savings, Percent of GDP","Annual","2016","15.351","Units"
"Serbia, Republic of","Gross national savings, Percent of GDP","Annual","2017","14.692","Units"
"Serbia, Republic of","Gross national savings, Percent of GDP","Annual","2018","17.856","Units"
"Serbia, Republic of","Gross national savings, Percent of GDP","Annual","2019","18.355","Units"
"Serbia, Republic of","Gross national savings, Percent of GDP","Annual","2020","20.163","Units"
"Serbia, Republic of","Gross national savings, Percent of GDP","Annual","2021","20.839","Units"
"Serbia, Republic of","Gross national savings, Percent of GDP","Annual","2022","19.867","Units"
"Serbia, Republic of","Gross national savings, Percent of GDP","Annual","2023","22.271","Units"
"Serbia, Republic of","Gross national savings, Percent of GDP","Annual","2024","20.477","Units"
"Serbia, Republic of","Gross national savings, Percent of GDP","Annual","2025","18.529","Units"
"Serbia, Republic of","Gross national savings, Percent of GDP","Annual","2026","18.100","Units"
"Montenegro","Gross national savings, Percent of GDP","Annual","2001","8.670554",""
"Montenegro","Gross national savings, Percent of GDP","Annual","2002","0.801675",""
"Montenegro","Gross national savings, Percent of GDP","Annual","2003","4.932685",""
"Montenegro","Gross national savings, Percent of GDP","Annual","2004","3.590041",""
"Montenegro","Gross national savings, Percent of GDP","Annual","2005","3.717208",""
"Montenegro","Gross national savings, Percent of GDP","Annual","2006","-7.223123",""
"Montenegro","Gross national savings, Percent of GDP","Annual","2007","-4.745199",""
"Montenegro","Gross national savings, Percent of GDP","Annual","2008","-8.541365",""
"Montenegro","Gross national savings, Percent of GDP","Annual","2009","-1.009263",""
"Montenegro","Gross national savings, Percent of GDP","Annual","2010","1.930152",""
"Montenegro","Gross national savings, Percent of GDP","Annual","2011","4.205388",""
"Montenegro","Gross national savings, Percent of GDP","Annual","2012","4.73508",""
"Montenegro","Gross national savings, Percent of GDP","Annual","2013","7.343403",""
"Montenegro","Gross national savings, Percent of GDP","Annual","2014","7.046433",""
"Montenegro","Gross national savings, Percent of GDP","Annual","2015","8.624426",""
"Montenegro","Gross national savings, Percent of GDP","Annual","2016","8.652175",""
"Montenegro","Gross national savings, Percent of GDP","Annual","2017","12.385738",""
"Montenegro","Gross national savings, Percent of GDP","Annual","2018","14.120176",""
"Montenegro","Gross national savings, Percent of GDP","Annual","2019","16.483416",""
"Montenegro","Gross national savings, Percent of GDP","Annual","2020","3.779323",""
"Montenegro","Gross national savings, Percent of GDP","Annual","2021","16.207961",""
"Montenegro","Gross national savings, Percent of GDP","Annual","2022","14.695845",""
"Montenegro","Gross national savings, Percent of GDP","Annual","2023","14.253209",""
"Montenegro","Gross national savings, Percent of GDP","Annual","2024","8.788873",""
"Montenegro","Gross national savings, Percent of GDP","Annual","2025","7.045821",""
"Montenegro","Gross national savings, Percent of GDP","Annual","2026","9.156087",""
"Hungary","Gross national savings, Percent of GDP","Annual","1980","27.381232",""
"Hungary","Gross national savings, Percent of GDP","Annual","1981","27.535629",""
"Hungary","Gross national savings, Percent of GDP","Annual","1982","27.163303",""
"Hungary","Gross national savings, Percent of GDP","Annual","1983","27.242037",""
"Hungary","Gross national savings, Percent of GDP","Annual","1984","23.372407",""
"Hungary","Gross national savings, Percent of GDP","Annual","1985","20.341822",""
"Hungary","Gross national savings, Percent of GDP","Annual","1986","19.024203",""
"Hungary","Gross national savings, Percent of GDP","Annual","1987","21.96577",""
"Hungary","Gross national savings, Percent of GDP","Annual","1988","21.47057",""
"Hungary","Gross national savings, Percent of GDP","Annual","1989","22.492907",""
"Hungary","Gross national savings, Percent of GDP","Annual","1990","24.826844",""
"Hungary","Gross national savings, Percent of GDP","Annual","1991","20.870986",""
"Hungary","Gross national savings, Percent of GDP","Annual","1992","16.235856",""
"Hungary","Gross national savings, Percent of GDP","Annual","1993","8.9668",""
"Hungary","Gross national savings, Percent of GDP","Annual","1994","13.213894",""
"Hungary","Gross national savings, Percent of GDP","Annual","1995","18.02786",""
"Hungary","Gross national savings, Percent of GDP","Annual","1996","21.580805",""
"Hungary","Gross national savings, Percent of GDP","Annual","1997","22.182508",""
"Hungary","Gross national savings, Percent of GDP","Annual","1998","22.174545",""
"Hungary","Gross national savings, Percent of GDP","Annual","1999","20.166028",""
"Hungary","Gross national savings, Percent of GDP","Annual","2000","21.068029",""
"Hungary","Gross national savings, Percent of GDP","Annual","2001","20.63712",""
"Hungary","Gross national savings, Percent of GDP","Annual","2002","18.353528",""
"Hungary","Gross national savings, Percent of GDP","Annual","2003","16.364561",""
"Hungary","Gross national savings, Percent of GDP","Annual","2004","18.087584",""
"Hungary","Gross national savings, Percent of GDP","Annual","2005","18.968891",""
"Hungary","Gross national savings, Percent of GDP","Annual","2006","19.096542",""
"Hungary","Gross national savings, Percent of GDP","Annual","2007","17.651481",""
"Hungary","Gross national savings, Percent of GDP","Annual","2008","17.717573",""
"Hungary","Gross national savings, Percent of GDP","Annual","2009","19.753867",""
"Hungary","Gross national savings, Percent of GDP","Annual","2010","21.00576",""
"Hungary","Gross national savings, Percent of GDP","Annual","2011","21.453851",""
"Hungary","Gross national savings, Percent of GDP","Annual","2012","21.468267",""
"Hungary","Gross national savings, Percent of GDP","Annual","2013","24.987529",""
"Hungary","Gross national savings, Percent of GDP","Annual","2014","25.280956",""
"Hungary","Gross national savings, Percent of GDP","Annual","2015","26.021857",""
"Hungary","Gross national savings, Percent of GDP","Annual","2016","26.403023",""
"Hungary","Gross national savings, Percent of GDP","Annual","2017","25.05798",""
"Hungary","Gross national savings, Percent of GDP","Annual","2018","27.333804",""
"Hungary","Gross national savings, Percent of GDP","Annual","2019","28.059156",""
"Hungary","Gross national savings, Percent of GDP","Annual","2020","26.339812",""
"Hungary","Gross national savings, Percent of GDP","Annual","2021","26.426225",""
"Hungary","Gross national savings, Percent of GDP","Annual","2022","25.284058",""
"Hungary","Gross national savings, Percent of GDP","Annual","2023","25.917001",""
"Hungary","Gross national savings, Percent of GDP","Annual","2024","24.943974",""
"Hungary","Gross national savings, Percent of GDP","Annual","2025","23.504983",""
"Hungary","Gross national savings, Percent of GDP","Annual","2026","23.015072",""
"Bosnia and Herzegovina","Gross national savings, Percent of GDP","Annual","1998","27.142","Units"
"Bosnia and Herzegovina","Gross national savings, Percent of GDP","Annual","1999","18.591","Units"
"Bosnia and Herzegovina","Gross national savings, Percent of GDP","Annual","2000","20.285","Units"
"Bosnia and Herzegovina","Gross national savings, Percent of GDP","Annual","2001","13.081","Units"
"Bosnia and Herzegovina","Gross national savings, Percent of GDP","Annual","2002","10.313","Units"
"Bosnia and Herzegovina","Gross national savings, Percent of GDP","Annual","2003","9.156","Units"
"Bosnia and Herzegovina","Gross national savings, Percent of GDP","Annual","2004","10.662","Units"
"Bosnia and Herzegovina","Gross national savings, Percent of GDP","Annual","2005","9.980","Units"
"Bosnia and Herzegovina","Gross national savings, Percent of GDP","Annual","2006","15.594","Units"
"Bosnia and Herzegovina","Gross national savings, Percent of GDP","Annual","2007","18.390","Units"
"Bosnia and Herzegovina","Gross national savings, Percent of GDP","Annual","2008","16.151","Units"
"Bosnia and Herzegovina","Gross national savings, Percent of GDP","Annual","2009","15.191","Units"
"Bosnia and Herzegovina","Gross national savings, Percent of GDP","Annual","2010","14.045","Units"
"Bosnia and Herzegovina","Gross national savings, Percent of GDP","Annual","2011","11.530","Units"
"Bosnia and Herzegovina","Gross national savings, Percent of GDP","Annual","2012","12.117","Units"
"Bosnia and Herzegovina","Gross national savings, Percent of GDP","Annual","2013","14.257","Units"
"Bosnia and Herzegovina","Gross national savings, Percent of GDP","Annual","2014","13.698","Units"
"Bosnia and Herzegovina","Gross national savings, Percent of GDP","Annual","2015","15.452","Units"
"Bosnia and Herzegovina","Gross national savings, Percent of GDP","Annual","2016","17.084","Units"
"Bosnia and Herzegovina","Gross national savings, Percent of GDP","Annual","2017","18.815","Units"
"Bosnia and Herzegovina","Gross national savings, Percent of GDP","Annual","2018","20.424","Units"
"Bosnia and Herzegovina","Gross national savings, Percent of GDP","Annual","2019","21.717","Units"
"Bosnia and Herzegovina","Gross national savings, Percent of GDP","Annual","2020","19.657","Units"
"Bosnia and Herzegovina","Gross national savings, Percent of GDP","Annual","2021","23.381","Units"
"Bosnia and Herzegovina","Gross national savings, Percent of GDP","Annual","2022","22.964","Units"
"Bosnia and Herzegovina","Gross national savings, Percent of GDP","Annual","2023","23.838","Units"
"Bosnia and Herzegovina","Gross national savings, Percent of GDP","Annual","2024","23.239","Units"
"Bosnia and Herzegovina","Gross national savings, Percent of GDP","Annual","2025","23.638","Units"
"Bosnia and Herzegovina","Gross national savings, Percent of GDP","Annual","2026","22.336","Units"
"Mongolia","Gross national savings, Percent of GDP","Annual","1980","24.47957",""
"Mongolia","Gross national savings, Percent of GDP","Annual","1981","35.827534",""
"Mongolia","Gross national savings, Percent of GDP","Annual","1982","31.027358",""
"Mongolia","Gross national savings, Percent of GDP","Annual","1983","24.623457",""
"Mongolia","Gross national savings, Percent of GDP","Annual","1984","19.580801",""
"Mongolia","Gross national savings, Percent of GDP","Annual","1985","24.468078",""
"Mongolia","Gross national savings, Percent of GDP","Annual","1986","20.341565",""
"Mongolia","Gross national savings, Percent of GDP","Annual","1987","18.268652",""
"Mongolia","Gross national savings, Percent of GDP","Annual","1988","17.26925",""
"Mongolia","Gross national savings, Percent of GDP","Annual","1989","12.782321",""
"Mongolia","Gross national savings, Percent of GDP","Annual","1990","13.843287",""
"Mongolia","Gross national savings, Percent of GDP","Annual","1991","18.305007",""
"Mongolia","Gross national savings, Percent of GDP","Annual","1992","20.992239",""
"Mongolia","Gross national savings, Percent of GDP","Annual","1993","24.329055",""
"Mongolia","Gross national savings, Percent of GDP","Annual","1994","22.397593",""
"Mongolia","Gross national savings, Percent of GDP","Annual","1995","24.782129",""
"Mongolia","Gross national savings, Percent of GDP","Annual","1996","21.439361",""
"Mongolia","Gross national savings, Percent of GDP","Annual","1997","29.477219",""
"Mongolia","Gross national savings, Percent of GDP","Annual","1998","17.830337",""
"Mongolia","Gross national savings, Percent of GDP","Annual","1999","18.658662",""
"Mongolia","Gross national savings, Percent of GDP","Annual","2000","16.842739",""
"Mongolia","Gross national savings, Percent of GDP","Annual","2001","13.259703",""
"Mongolia","Gross national savings, Percent of GDP","Annual","2002","11.477831",""
"Mongolia","Gross national savings, Percent of GDP","Annual","2003","20.200222",""
"Mongolia","Gross national savings, Percent of GDP","Annual","2004","28.903578",""
"Mongolia","Gross national savings, Percent of GDP","Annual","2005","40.996398",""
"Mongolia","Gross national savings, Percent of GDP","Annual","2006","46.785751",""
"Mongolia","Gross national savings, Percent of GDP","Annual","2007","42.761334",""
"Mongolia","Gross national savings, Percent of GDP","Annual","2008","31.282424",""
"Mongolia","Gross national savings, Percent of GDP","Annual","2009","26.914768",""
"Mongolia","Gross national savings, Percent of GDP","Annual","2010","29.763066",""
"Mongolia","Gross national savings, Percent of GDP","Annual","2011","14.805308",""
"Mongolia","Gross national savings, Percent of GDP","Annual","2012","12.073842",""
"Mongolia","Gross national savings, Percent of GDP","Annual","2013","15.668143",""
"Mongolia","Gross national savings, Percent of GDP","Annual","2014","19.354513",""
"Mongolia","Gross national savings, Percent of GDP","Annual","2015","16.351466",""
"Mongolia","Gross national savings, Percent of GDP","Annual","2016","16.35663",""
"Mongolia","Gross national savings, Percent of GDP","Annual","2017","17.342101",""
"Mongolia","Gross national savings, Percent of GDP","Annual","2018","22.669046",""
"Mongolia","Gross national savings, Percent of GDP","Annual","2019","20.375559",""
"Mongolia","Gross national savings, Percent of GDP","Annual","2020","17.316212",""
"Mongolia","Gross national savings, Percent of GDP","Annual","2021","22.925986",""
"Mongolia","Gross national savings, Percent of GDP","Annual","2022","28.897853",""
"Mongolia","Gross national savings, Percent of GDP","Annual","2023","34.497298",""
"Mongolia","Gross national savings, Percent of GDP","Annual","2024","25.099867",""
"Mongolia","Gross national savings, Percent of GDP","Annual","2025","22.77885",""
"Mongolia","Gross national savings, Percent of GDP","Annual","2026","21.701509",""
"Lithuania, Republic of","Gross national savings, Percent of GDP","Annual","1995","13.494622",""
"Lithuania, Republic of","Gross national savings, Percent of GDP","Annual","1996","12.359027",""
"Lithuania, Republic of","Gross national savings, Percent of GDP","Annual","1997","14.804668",""
"Lithuania, Republic of","Gross national savings, Percent of GDP","Annual","1998","12.703571",""
"Lithuania, Republic of","Gross national savings, Percent of GDP","Annual","1999","10.616626",""
"Lithuania, Republic of","Gross national savings, Percent of GDP","Annual","2000","13.239067",""
"Lithuania, Republic of","Gross national savings, Percent of GDP","Annual","2001","14.512336",""
"Lithuania, Republic of","Gross national savings, Percent of GDP","Annual","2002","15.546322",""
"Lithuania, Republic of","Gross national savings, Percent of GDP","Annual","2003","15.106199",""
"Lithuania, Republic of","Gross national savings, Percent of GDP","Annual","2004","15.058041",""
"Lithuania, Republic of","Gross national savings, Percent of GDP","Annual","2005","16.999471",""
"Lithuania, Republic of","Gross national savings, Percent of GDP","Annual","2006","16.170704",""
"Lithuania, Republic of","Gross national savings, Percent of GDP","Annual","2007","16.97107",""
"Lithuania, Republic of","Gross national savings, Percent of GDP","Annual","2008","15.02074",""
"Lithuania, Republic of","Gross national savings, Percent of GDP","Annual","2009","15.017587",""
"Lithuania, Republic of","Gross national savings, Percent of GDP","Annual","2010","18.155284",""
"Lithuania, Republic of","Gross national savings, Percent of GDP","Annual","2011","18.537981",""
"Lithuania, Republic of","Gross national savings, Percent of GDP","Annual","2012","18.922682",""
"Lithuania, Republic of","Gross national savings, Percent of GDP","Annual","2013","21.877063",""
"Lithuania, Republic of","Gross national savings, Percent of GDP","Annual","2014","23.838323",""
"Lithuania, Republic of","Gross national savings, Percent of GDP","Annual","2015","19.769304",""
"Lithuania, Republic of","Gross national savings, Percent of GDP","Annual","2016","19.958263",""
"Lithuania, Republic of","Gross national savings, Percent of GDP","Annual","2017","21.541222",""
"Lithuania, Republic of","Gross national savings, Percent of GDP","Annual","2018","22.702554",""
"Lithuania, Republic of","Gross national savings, Percent of GDP","Annual","2019","23.282084",""
"Lithuania, Republic of","Gross national savings, Percent of GDP","Annual","2020","23.852107",""
"Lithuania, Republic of","Gross national savings, Percent of GDP","Annual","2021","23.330535",""
"Lithuania, Republic of","Gross national savings, Percent of GDP","Annual","2022","21.68339",""
"Lithuania, Republic of","Gross national savings, Percent of GDP","Annual","2023","23.79933",""
"Lithuania, Republic of","Gross national savings, Percent of GDP","Annual","2024","23.849407",""
"Lithuania, Republic of","Gross national savings, Percent of GDP","Annual","2025","23.491805",""
"Lithuania, Republic of","Gross national savings, Percent of GDP","Annual","2026","23.578321",""
"Kosovo, Republic of","Gross national savings, Percent of GDP","Annual","2009","22.234739",""
"Kosovo, Republic of","Gross national savings, Percent of GDP","Annual","2010","20.460593",""
"Kosovo, Republic of","Gross national savings, Percent of GDP","Annual","2011","22.72209",""
"Kosovo, Republic of","Gross national savings, Percent of GDP","Annual","2012","25.744619",""
"Kosovo, Republic of","Gross national savings, Percent of GDP","Annual","2013","26.417662",""
"Kosovo, Republic of","Gross national savings, Percent of GDP","Annual","2014","20.758679",""
"Kosovo, Republic of","Gross national savings, Percent of GDP","Annual","2015","21.739589",""
"Kosovo, Republic of","Gross national savings, Percent of GDP","Annual","2016","25.585026",""
"Kosovo, Republic of","Gross national savings, Percent of GDP","Annual","2017","29.42832",""
"Kosovo, Republic of","Gross national savings, Percent of GDP","Annual","2018","28.676384",""
"Kosovo, Republic of","Gross national savings, Percent of GDP","Annual","2019","28.89716",""
"Kosovo, Republic of","Gross national savings, Percent of GDP","Annual","2020","26.404077",""
"Kosovo, Republic of","Gross national savings, Percent of GDP","Annual","2021","27.261578",""
"Kosovo, Republic of","Gross national savings, Percent of GDP","Annual","2022","25.829051",""
"Kosovo, Republic of","Gross national savings, Percent of GDP","Annual","2023","26.761027",""
"Kosovo, Republic of","Gross national savings, Percent of GDP","Annual","2024","25.236225",""
"Kosovo, Republic of","Gross national savings, Percent of GDP","Annual","2025","25.41705",""
"Kosovo, Republic of","Gross national savings, Percent of GDP","Annual","2026","23.871423",""
"Poland, Republic of","Gross national savings, Percent of GDP","Annual","1980","30.798","Units"
"Poland, Republic of","Gross national savings, Percent of GDP","Annual","1981","23.309","Units"
"Poland, Republic of","Gross national savings, Percent of GDP","Annual","1982","28.394","Units"
"Poland, Republic of","Gross national savings, Percent of GDP","Annual","1983","24.696","Units"
"Poland, Republic of","Gross national savings, Percent of GDP","Annual","1984","21.559","Units"
"Poland, Republic of","Gross national savings, Percent of GDP","Annual","1985","22.287","Units"
"Poland, Republic of","Gross national savings, Percent of GDP","Annual","1986","18.185","Units"
"Poland, Republic of","Gross national savings, Percent of GDP","Annual","1987","17.758","Units"
"Poland, Republic of","Gross national savings, Percent of GDP","Annual","1988","21.281","Units"
"Poland, Republic of","Gross national savings, Percent of GDP","Annual","1989","21.652","Units"
"Poland, Republic of","Gross national savings, Percent of GDP","Annual","1990","26.783","Units"
"Poland, Republic of","Gross national savings, Percent of GDP","Annual","1991","16.394","Units"
"Poland, Republic of","Gross national savings, Percent of GDP","Annual","1992","13.294","Units"
"Poland, Republic of","Gross national savings, Percent of GDP","Annual","1993","11.158","Units"
"Poland, Republic of","Gross national savings, Percent of GDP","Annual","1994","20.615","Units"
"Poland, Republic of","Gross national savings, Percent of GDP","Annual","1995","19.232","Units"
"Poland, Republic of","Gross national savings, Percent of GDP","Annual","1996","18.696","Units"
"Poland, Republic of","Gross national savings, Percent of GDP","Annual","1997","19.674","Units"
"Poland, Republic of","Gross national savings, Percent of GDP","Annual","1998","20.943","Units"
"Poland, Republic of","Gross national savings, Percent of GDP","Annual","1999","17.727","Units"
"Poland, Republic of","Gross national savings, Percent of GDP","Annual","2000","18.715","Units"
"Poland, Republic of","Gross national savings, Percent of GDP","Annual","2001","17.559","Units"
"Poland, Republic of","Gross national savings, Percent of GDP","Annual","2002","18.352","Units"
"Poland, Republic of","Gross national savings, Percent of GDP","Annual","2003","18.742","Units"
"Poland, Republic of","Gross national savings, Percent of GDP","Annual","2004","14.524","Units"
"Poland, Republic of","Gross national savings, Percent of GDP","Annual","2005","16.804","Units"
"Poland, Republic of","Gross national savings, Percent of GDP","Annual","2006","17.307","Units"
"Poland, Republic of","Gross national savings, Percent of GDP","Annual","2007","18.735","Units"
"Poland, Republic of","Gross national savings, Percent of GDP","Annual","2008","18.010","Units"
"Poland, Republic of","Gross national savings, Percent of GDP","Annual","2009","16.813","Units"
"Poland, Republic of","Gross national savings, Percent of GDP","Annual","2010","15.692","Units"
"Poland, Republic of","Gross national savings, Percent of GDP","Annual","2011","17.235","Units"
"Poland, Republic of","Gross national savings, Percent of GDP","Annual","2012","16.690","Units"
"Poland, Republic of","Gross national savings, Percent of GDP","Annual","2013","17.146","Units"
"Poland, Republic of","Gross national savings, Percent of GDP","Annual","2014","17.855","Units"
"Poland, Republic of","Gross national savings, Percent of GDP","Annual","2015","19.475","Units"
"Poland, Republic of","Gross national savings, Percent of GDP","Annual","2016","19.018","Units"
"Poland, Republic of","Gross national savings, Percent of GDP","Annual","2017","18.722","Units"
"Poland, Republic of","Gross national savings, Percent of GDP","Annual","2018","19.478","Units"
"Poland, Republic of","Gross national savings, Percent of GDP","Annual","2019","20.435","Units"
"Poland, Republic of","Gross national savings, Percent of GDP","Annual","2020","21.238","Units"
"Poland, Republic of","Gross national savings, Percent of GDP","Annual","2021","20.509","Units"
"Poland, Republic of","Gross national savings, Percent of GDP","Annual","2022","19.785","Units"
"Poland, Republic of","Gross national savings, Percent of GDP","Annual","2023","19.204","Units"
"Poland, Republic of","Gross national savings, Percent of GDP","Annual","2024","18.108","Units"
"Poland, Republic of","Gross national savings, Percent of GDP","Annual","2025","17.188","Units"
"Poland, Republic of","Gross national savings, Percent of GDP","Annual","2026","17.817","Units"
"North Macedonia, Republic of","Gross national savings, Percent of GDP","Annual","1992","4.34283",""
"North Macedonia, Republic of","Gross national savings, Percent of GDP","Annual","1993","2.048519",""
"North Macedonia, Republic of","Gross national savings, Percent of GDP","Annual","1994","3.024699",""
"North Macedonia, Republic of","Gross national savings, Percent of GDP","Annual","1995","14.494407",""
"North Macedonia, Republic of","Gross national savings, Percent of GDP","Annual","1996","13.226536",""
"North Macedonia, Republic of","Gross national savings, Percent of GDP","Annual","1997","12.935067",""
"North Macedonia, Republic of","Gross national savings, Percent of GDP","Annual","1998","14.140982",""
"North Macedonia, Republic of","Gross national savings, Percent of GDP","Annual","1999","16.201485",""
"North Macedonia, Republic of","Gross national savings, Percent of GDP","Annual","2000","19.370857",""
"North Macedonia, Republic of","Gross national savings, Percent of GDP","Annual","2001","10.990887",""
"North Macedonia, Republic of","Gross national savings, Percent of GDP","Annual","2002","10.608199",""
"North Macedonia, Republic of","Gross national savings, Percent of GDP","Annual","2003","14.058751",""
"North Macedonia, Republic of","Gross national savings, Percent of GDP","Annual","2004","13.142622",""
"North Macedonia, Republic of","Gross national savings, Percent of GDP","Annual","2005","17.411737",""
"North Macedonia, Republic of","Gross national savings, Percent of GDP","Annual","2006","20.981132",""
"North Macedonia, Republic of","Gross national savings, Percent of GDP","Annual","2007","16.801846",""
"North Macedonia, Republic of","Gross national savings, Percent of GDP","Annual","2008","15.201029",""
"North Macedonia, Republic of","Gross national savings, Percent of GDP","Annual","2009","18.987026",""
"North Macedonia, Republic of","Gross national savings, Percent of GDP","Annual","2010","22.443269",""
"North Macedonia, Republic of","Gross national savings, Percent of GDP","Annual","2011","24.404576",""
"North Macedonia, Republic of","Gross national savings, Percent of GDP","Annual","2012","25.763169",""
"North Macedonia, Republic of","Gross national savings, Percent of GDP","Annual","2013","27.161727",""
"North Macedonia, Republic of","Gross national savings, Percent of GDP","Annual","2014","29.938767",""
"North Macedonia, Republic of","Gross national savings, Percent of GDP","Annual","2015","28.651945",""
"North Macedonia, Republic of","Gross national savings, Percent of GDP","Annual","2016","29.895096",""
"North Macedonia, Republic of","Gross national savings, Percent of GDP","Annual","2017","31.493429",""
"North Macedonia, Republic of","Gross national savings, Percent of GDP","Annual","2018","32.536921",""
"North Macedonia, Republic of","Gross national savings, Percent of GDP","Annual","2019","31.287865",""
"North Macedonia, Republic of","Gross national savings, Percent of GDP","Annual","2020","26.987136",""
"North Macedonia, Republic of","Gross national savings, Percent of GDP","Annual","2021","29.441184",""
"North Macedonia, Republic of","Gross national savings, Percent of GDP","Annual","2022","29.965664",""
"North Macedonia, Republic of","Gross national savings, Percent of GDP","Annual","2023","29.968027",""
"North Macedonia, Republic of","Gross national savings, Percent of GDP","Annual","2024","28.436313",""
"North Macedonia, Republic of","Gross national savings, Percent of GDP","Annual","2025","27.369887",""
"North Macedonia, Republic of","Gross national savings, Percent of GDP","Annual","2026","28.968457",""
"Slovenia, Republic of","Gross national savings, Percent of GDP","Annual","1992","18.303","Units"
"Slovenia, Republic of","Gross national savings, Percent of GDP","Annual","1993","18.818","Units"
"Slovenia, Republic of","Gross national savings, Percent of GDP","Annual","1994","25.019","Units"
"Slovenia, Republic of","Gross national savings, Percent of GDP","Annual","1995","23.349","Units"
"Slovenia, Republic of","Gross national savings, Percent of GDP","Annual","1996","23.649","Units"
"Slovenia, Republic of","Gross national savings, Percent of GDP","Annual","1997","24.830","Units"
"Slovenia, Republic of","Gross national savings, Percent of GDP","Annual","1998","25.154","Units"
"Slovenia, Republic of","Gross national savings, Percent of GDP","Annual","1999","24.470","Units"
"Slovenia, Republic of","Gross national savings, Percent of GDP","Annual","2000","24.915","Units"
"Slovenia, Republic of","Gross national savings, Percent of GDP","Annual","2001","25.558","Units"
"Slovenia, Republic of","Gross national savings, Percent of GDP","Annual","2002","25.702","Units"
"Slovenia, Republic of","Gross national savings, Percent of GDP","Annual","2003","25.345","Units"
"Slovenia, Republic of","Gross national savings, Percent of GDP","Annual","2004","25.816","Units"
"Slovenia, Republic of","Gross national savings, Percent of GDP","Annual","2005","26.414","Units"
"Slovenia, Republic of","Gross national savings, Percent of GDP","Annual","2006","28.546","Units"
"Slovenia, Republic of","Gross national savings, Percent of GDP","Annual","2007","28.902","Units"
"Slovenia, Republic of","Gross national savings, Percent of GDP","Annual","2008","27.542","Units"
"Slovenia, Republic of","Gross national savings, Percent of GDP","Annual","2009","22.347","Units"
"Slovenia, Republic of","Gross national savings, Percent of GDP","Annual","2010","21.427","Units"
"Slovenia, Republic of","Gross national savings, Percent of GDP","Annual","2011","20.838","Units"
"Slovenia, Republic of","Gross national savings, Percent of GDP","Annual","2012","19.760","Units"
"Slovenia, Republic of","Gross national savings, Percent of GDP","Annual","2013","22.228","Units"
"Slovenia, Republic of","Gross national savings, Percent of GDP","Annual","2014","24.999","Units"
"Slovenia, Republic of","Gross national savings, Percent of GDP","Annual","2015","23.561","Units"
"Slovenia, Republic of","Gross national savings, Percent of GDP","Annual","2016","23.983","Units"
"Slovenia, Republic of","Gross national savings, Percent of GDP","Annual","2017","27.000","Units"
"Slovenia, Republic of","Gross national savings, Percent of GDP","Annual","2018","28.112","Units"
"Slovenia, Republic of","Gross national savings, Percent of GDP","Annual","2019","27.327","Units"
"Slovenia, Republic of","Gross national savings, Percent of GDP","Annual","2020","27.940","Units"
"Slovenia, Republic of","Gross national savings, Percent of GDP","Annual","2021","25.234","Units"
"Slovenia, Republic of","Gross national savings, Percent of GDP","Annual","2022","23.661","Units"
"Slovenia, Republic of","Gross national savings, Percent of GDP","Annual","2023","27.240","Units"
"Slovenia, Republic of","Gross national savings, Percent of GDP","Annual","2024","26.068","Units"
"Slovenia, Republic of","Gross national savings, Percent of GDP","Annual","2025","25.453","Units"
"Slovenia, Republic of","Gross national savings, Percent of GDP","Annual","2026","24.866","Units"
"Romania","Gross national savings, Percent of GDP","Annual","1980","16.178","Units"
"Romania","Gross national savings, Percent of GDP","Annual","1981","16.743","Units"
"Romania","Gross national savings, Percent of GDP","Annual","1982","19.445","Units"
"Romania","Gross national savings, Percent of GDP","Annual","1983","20.459","Units"
"Romania","Gross national savings, Percent of GDP","Annual","1984","21.655","Units"
"Romania","Gross national savings, Percent of GDP","Annual","1985","32.688","Units"
"Romania","Gross national savings, Percent of GDP","Annual","1986","34.045","Units"
"Romania","Gross national savings, Percent of GDP","Annual","1987","31.507","Units"
"Romania","Gross national savings, Percent of GDP","Annual","1988","28.105","Units"
"Romania","Gross national savings, Percent of GDP","Annual","1989","26.506","Units"
"Romania","Gross national savings, Percent of GDP","Annual","1990","25.246","Units"
"Romania","Gross national savings, Percent of GDP","Annual","1991","23.338","Units"
"Romania","Gross national savings, Percent of GDP","Annual","1992","23.415","Units"
"Romania","Gross national savings, Percent of GDP","Annual","1993","23.985","Units"
"Romania","Gross national savings, Percent of GDP","Annual","1994","22.861","Units"
"Romania","Gross national savings, Percent of GDP","Annual","1995","18.820","Units"
"Romania","Gross national savings, Percent of GDP","Annual","1996","18.275","Units"
"Romania","Gross national savings, Percent of GDP","Annual","1997","14.363","Units"
"Romania","Gross national savings, Percent of GDP","Annual","1998","10.572","Units"
"Romania","Gross national savings, Percent of GDP","Annual","1999","11.814","Units"
"Romania","Gross national savings, Percent of GDP","Annual","2000","17.074","Units"
"Romania","Gross national savings, Percent of GDP","Annual","2001","19.574","Units"
"Romania","Gross national savings, Percent of GDP","Annual","2002","19.498","Units"
"Romania","Gross national savings, Percent of GDP","Annual","2003","18.518","Units"
"Romania","Gross national savings, Percent of GDP","Annual","2004","16.637","Units"
"Romania","Gross national savings, Percent of GDP","Annual","2005","14.182","Units"
"Romania","Gross national savings, Percent of GDP","Annual","2006","16.963","Units"
"Romania","Gross national savings, Percent of GDP","Annual","2007","17.777","Units"
"Romania","Gross national savings, Percent of GDP","Annual","2008","21.638","Units"
"Romania","Gross national savings, Percent of GDP","Annual","2009","22.559","Units"
"Romania","Gross national savings, Percent of GDP","Annual","2010","22.060","Units"
"Romania","Gross national savings, Percent of GDP","Annual","2011","23.092","Units"
"Romania","Gross national savings, Percent of GDP","Annual","2012","22.081","Units"
"Romania","Gross national savings, Percent of GDP","Annual","2013","24.132","Units"
"Romania","Gross national savings, Percent of GDP","Annual","2014","24.905","Units"
"Romania","Gross national savings, Percent of GDP","Annual","2015","24.848","Units"
"Romania","Gross national savings, Percent of GDP","Annual","2016","21.580","Units"
"Romania","Gross national savings, Percent of GDP","Annual","2017","20.804","Units"
"Romania","Gross national savings, Percent of GDP","Annual","2018","18.407","Units"
"Romania","Gross national savings, Percent of GDP","Annual","2019","19.526","Units"
"Romania","Gross national savings, Percent of GDP","Annual","2020","19.235","Units"
"Romania","Gross national savings, Percent of GDP","Annual","2021","19.194","Units"
"Romania","Gross national savings, Percent of GDP","Annual","2022","17.506","Units"
"Romania","Gross national savings, Percent of GDP","Annual","2023","19.526","Units"
"Romania","Gross national savings, Percent of GDP","Annual","2024","16.838","Units"
"Romania","Gross national savings, Percent of GDP","Annual","2025","17.703","Units"
"Romania","Gross national savings, Percent of GDP","Annual","2026","21.679","Units"
"European Union (EU)","Gross national savings, Percent of GDP","Annual","1980","23.112","Units"
"European Union (EU)","Gross national savings, Percent of GDP","Annual","1981","21.070","Units"
"European Union (EU)","Gross national savings, Percent of GDP","Annual","1982","20.914","Units"
"European Union (EU)","Gross national savings, Percent of GDP","Annual","1983","21.011","Units"
"European Union (EU)","Gross national savings, Percent of GDP","Annual","1984","21.548","Units"
"European Union (EU)","Gross national savings, Percent of GDP","Annual","1985","21.617","Units"
"European Union (EU)","Gross national savings, Percent of GDP","Annual","1986","22.480","Units"
"European Union (EU)","Gross national savings, Percent of GDP","Annual","1987","21.969","Units"
"European Union (EU)","Gross national savings, Percent of GDP","Annual","1988","23.104","Units"
"European Union (EU)","Gross national savings, Percent of GDP","Annual","1989","23.544","Units"
"European Union (EU)","Gross national savings, Percent of GDP","Annual","1990","23.131","Units"
"European Union (EU)","Gross national savings, Percent of GDP","Annual","1991","22.516","Units"
"European Union (EU)","Gross national savings, Percent of GDP","Annual","1992","21.650","Units"
"European Union (EU)","Gross national savings, Percent of GDP","Annual","1993","21.089","Units"
"European Union (EU)","Gross national savings, Percent of GDP","Annual","1994","21.655","Units"
"European Union (EU)","Gross national savings, Percent of GDP","Annual","1995","22.529","Units"
"European Union (EU)","Gross national savings, Percent of GDP","Annual","1996","22.287","Units"
"European Union (EU)","Gross national savings, Percent of GDP","Annual","1997","22.974","Units"
"European Union (EU)","Gross national savings, Percent of GDP","Annual","1998","23.196","Units"
"European Union (EU)","Gross national savings, Percent of GDP","Annual","1999","23.186","Units"
"European Union (EU)","Gross national savings, Percent of GDP","Annual","2000","22.769","Units"
"European Union (EU)","Gross national savings, Percent of GDP","Annual","2001","22.788","Units"
"European Union (EU)","Gross national savings, Percent of GDP","Annual","2002","22.385","Units"
"European Union (EU)","Gross national savings, Percent of GDP","Annual","2003","22.132","Units"
"European Union (EU)","Gross national savings, Percent of GDP","Annual","2004","22.947","Units"
"European Union (EU)","Gross national savings, Percent of GDP","Annual","2005","22.638","Units"
"European Union (EU)","Gross national savings, Percent of GDP","Annual","2006","23.670","Units"
"European Union (EU)","Gross national savings, Percent of GDP","Annual","2007","24.125","Units"
"European Union (EU)","Gross national savings, Percent of GDP","Annual","2008","23.005","Units"
"European Union (EU)","Gross national savings, Percent of GDP","Annual","2009","20.849","Units"
"European Union (EU)","Gross national savings, Percent of GDP","Annual","2010","21.504","Units"
"European Union (EU)","Gross national savings, Percent of GDP","Annual","2011","22.360","Units"
"European Union (EU)","Gross national savings, Percent of GDP","Annual","2012","21.887","Units"
"European Union (EU)","Gross national savings, Percent of GDP","Annual","2013","22.411","Units"
"European Union (EU)","Gross national savings, Percent of GDP","Annual","2014","23.013","Units"
"European Union (EU)","Gross national savings, Percent of GDP","Annual","2015","23.592","Units"
"European Union (EU)","Gross national savings, Percent of GDP","Annual","2016","24.152","Units"
"European Union (EU)","Gross national savings, Percent of GDP","Annual","2017","24.564","Units"
"European Union (EU)","Gross national savings, Percent of GDP","Annual","2018","25.055","Units"
"European Union (EU)","Gross national savings, Percent of GDP","Annual","2019","25.414","Units"
"European Union (EU)","Gross national savings, Percent of GDP","Annual","2020","24.562","Units"
"European Union (EU)","Gross national savings, Percent of GDP","Annual","2021","26.340","Units"
"European Union (EU)","Gross national savings, Percent of GDP","Annual","2022","24.940","Units"
"European Union (EU)","Gross national savings, Percent of GDP","Annual","2023","25.102","Units"
"European Union (EU)","Gross national savings, Percent of GDP","Annual","2024","24.814","Units"
"European Union (EU)","Gross national savings, Percent of GDP","Annual","2025","24.366","Units"
"European Union (EU)","Gross national savings, Percent of GDP","Annual","2026","24.075","Units"
